TRACE::2026-01-15.12:17:26::SCWPlatform::Trying to open the hw design at C:/Users/CamLT/AX7010_Work/UltrasonicFPGA2021/delay-and-sum/delay_and_sum_plat/hw/Demodulator_128Ch_wrapper.xsa
TRACE::2026-01-15.12:17:26::SCWPlatform::DSA given C:/Users/CamLT/AX7010_Work/UltrasonicFPGA2021/delay-and-sum/delay_and_sum_plat/hw/Demodulator_128Ch_wrapper.xsa
TRACE::2026-01-15.12:17:26::SCWPlatform::DSA absoulate path C:/Users/CamLT/AX7010_Work/UltrasonicFPGA2021/delay-and-sum/delay_and_sum_plat/hw/Demodulator_128Ch_wrapper.xsa
TRACE::2026-01-15.12:17:26::SCWPlatform::DSA directory C:/Users/CamLT/AX7010_Work/UltrasonicFPGA2021/delay-and-sum/delay_and_sum_plat/hw
TRACE::2026-01-15.12:17:26::SCWPlatform:: Platform Path C:/Users/CamLT/AX7010_Work/UltrasonicFPGA2021/delay-and-sum/delay_and_sum_plat/hw/Demodulator_128Ch_wrapper.xsa
TRACE::2026-01-15.12:17:26::SCWPlatform:: Unique name xilinx:::0.0
TRACE::2026-01-15.12:17:26::SCWPlatform::Do not have an existing db opened. 
TRACE::2026-01-15.12:17:28::SCWPlatform::Opened new HwDB with name Demodulator_128Ch_wrappe_0
TRACE::2026-01-15.12:17:28::SCWWriter::formatted JSON is {
	"platformName":	"delay_and_sum_plat",
	"sprVersion":	"2.0",
	"mode":	"gui",
	"dsaType":	"Fixed",
	"platformDesc":	"delay_and_sum_plat",
	"platHandOff":	"C:/Users/CamLT/AX7010_Work/Demodulator_128Ch_wrapper.xsa",
	"platIntHandOff":	"<platformDir>/hw/Demodulator_128Ch_wrapper.xsa",
	"deviceType":	"zynq",
	"platIsPrebuiltAutogen":	"false",
	"platIsNoBootBsp":	"false",
	"hasFsblMakeHasChanges":	"false",
	"hasPmufwMakeHasChanges":	"false",
	"platPreBuiltFlag":	false,
	"platformSamplesDir":	""
}
TRACE::2026-01-15.12:17:28::SCWWriter::formatted JSON is {
	"platformName":	"delay_and_sum_plat",
	"sprVersion":	"2.0",
	"mode":	"gui",
	"dsaType":	"Fixed",
	"platformDesc":	"delay_and_sum_plat",
	"platHandOff":	"C:/Users/CamLT/AX7010_Work/Demodulator_128Ch_wrapper.xsa",
	"platIntHandOff":	"<platformDir>/hw/Demodulator_128Ch_wrapper.xsa",
	"deviceType":	"zynq",
	"platIsPrebuiltAutogen":	"false",
	"platIsNoBootBsp":	"false",
	"hasFsblMakeHasChanges":	"false",
	"hasPmufwMakeHasChanges":	"false",
	"platPreBuiltFlag":	false,
	"platformSamplesDir":	"",
	"platActiveSys":	"delay_and_sum_plat",
	"systems":	[{
			"systemName":	"delay_and_sum_plat",
			"systemDesc":	"delay_and_sum_plat",
			"sysIsBootAutoGen":	"true",
			"systemDispName":	"delay_and_sum_plat"
		}]
}
TRACE::2026-01-15.12:17:28::SCWPlatform::Boot application domains not present, creating them
TRACE::2026-01-15.12:17:28::SCWDomain::checking for install qemu data   : 
TRACE::2026-01-15.12:17:28::SCWDomain:: Using the QEMU Data from install at  : C:/Xilinx/Vitis/2021.1/data/emulation/platforms/zynq/sw/a9_standalone/qemu/
TRACE::2026-01-15.12:17:28::SCWDomain:: Using the QEMU args  from install at  : C:/Xilinx/Vitis/2021.1/data/emulation/platforms/zynq/sw/a9_standalone/qemu/qemu_args.txt
TRACE::2026-01-15.12:17:28::SCWPlatform::Trying to open the hw design at C:/Users/CamLT/AX7010_Work/UltrasonicFPGA2021/delay-and-sum/delay_and_sum_plat/hw/Demodulator_128Ch_wrapper.xsa
TRACE::2026-01-15.12:17:28::SCWPlatform::DSA given C:/Users/CamLT/AX7010_Work/UltrasonicFPGA2021/delay-and-sum/delay_and_sum_plat/hw/Demodulator_128Ch_wrapper.xsa
TRACE::2026-01-15.12:17:28::SCWPlatform::DSA absoulate path C:/Users/CamLT/AX7010_Work/UltrasonicFPGA2021/delay-and-sum/delay_and_sum_plat/hw/Demodulator_128Ch_wrapper.xsa
TRACE::2026-01-15.12:17:28::SCWPlatform::DSA directory C:/Users/CamLT/AX7010_Work/UltrasonicFPGA2021/delay-and-sum/delay_and_sum_plat/hw
TRACE::2026-01-15.12:17:28::SCWPlatform:: Platform Path C:/Users/CamLT/AX7010_Work/UltrasonicFPGA2021/delay-and-sum/delay_and_sum_plat/hw/Demodulator_128Ch_wrapper.xsa
TRACE::2026-01-15.12:17:28::SCWPlatform:: Unique name xilinx:::0.0
TRACE::2026-01-15.12:17:28::SCWPlatform::Trying to set the existing hwdb with name Demodulator_128Ch_wrappe_0
TRACE::2026-01-15.12:17:28::SCWPlatform::Opened existing hwdb Demodulator_128Ch_wrappe_0
TRACE::2026-01-15.12:17:28::SCWPlatform::Found the Hw Db part of the input DSA
TRACE::2026-01-15.12:17:28::SCWPlatform::Trying to open the hw design at C:/Users/CamLT/AX7010_Work/UltrasonicFPGA2021/delay-and-sum/delay_and_sum_plat/hw/Demodulator_128Ch_wrapper.xsa
TRACE::2026-01-15.12:17:28::SCWPlatform::DSA given C:/Users/CamLT/AX7010_Work/UltrasonicFPGA2021/delay-and-sum/delay_and_sum_plat/hw/Demodulator_128Ch_wrapper.xsa
TRACE::2026-01-15.12:17:28::SCWPlatform::DSA absoulate path C:/Users/CamLT/AX7010_Work/UltrasonicFPGA2021/delay-and-sum/delay_and_sum_plat/hw/Demodulator_128Ch_wrapper.xsa
TRACE::2026-01-15.12:17:28::SCWPlatform::DSA directory C:/Users/CamLT/AX7010_Work/UltrasonicFPGA2021/delay-and-sum/delay_and_sum_plat/hw
TRACE::2026-01-15.12:17:28::SCWPlatform:: Platform Path C:/Users/CamLT/AX7010_Work/UltrasonicFPGA2021/delay-and-sum/delay_and_sum_plat/hw/Demodulator_128Ch_wrapper.xsa
TRACE::2026-01-15.12:17:28::SCWPlatform:: Unique name xilinx:::0.0
TRACE::2026-01-15.12:17:28::SCWPlatform::Trying to set the existing hwdb with name Demodulator_128Ch_wrappe_0
TRACE::2026-01-15.12:17:28::SCWPlatform::Opened existing hwdb Demodulator_128Ch_wrappe_0
TRACE::2026-01-15.12:17:28::SCWPlatform::Found the Hw Db part of the input DSA
TRACE::2026-01-15.12:17:28::SCWPlatform::Trying to open the hw design at C:/Users/CamLT/AX7010_Work/UltrasonicFPGA2021/delay-and-sum/delay_and_sum_plat/hw/Demodulator_128Ch_wrapper.xsa
TRACE::2026-01-15.12:17:28::SCWPlatform::DSA given C:/Users/CamLT/AX7010_Work/UltrasonicFPGA2021/delay-and-sum/delay_and_sum_plat/hw/Demodulator_128Ch_wrapper.xsa
TRACE::2026-01-15.12:17:28::SCWPlatform::DSA absoulate path C:/Users/CamLT/AX7010_Work/UltrasonicFPGA2021/delay-and-sum/delay_and_sum_plat/hw/Demodulator_128Ch_wrapper.xsa
TRACE::2026-01-15.12:17:28::SCWPlatform::DSA directory C:/Users/CamLT/AX7010_Work/UltrasonicFPGA2021/delay-and-sum/delay_and_sum_plat/hw
TRACE::2026-01-15.12:17:28::SCWPlatform:: Platform Path C:/Users/CamLT/AX7010_Work/UltrasonicFPGA2021/delay-and-sum/delay_and_sum_plat/hw/Demodulator_128Ch_wrapper.xsa
TRACE::2026-01-15.12:17:28::SCWPlatform:: Unique name xilinx:::0.0
TRACE::2026-01-15.12:17:28::SCWPlatform::Trying to set the existing hwdb with name Demodulator_128Ch_wrappe_0
TRACE::2026-01-15.12:17:28::SCWPlatform::Opened existing hwdb Demodulator_128Ch_wrappe_0
TRACE::2026-01-15.12:17:28::SCWPlatform::Found the Hw Db part of the input DSA
TRACE::2026-01-15.12:17:28::SCWPlatform::Boot application domain added for zynq_fsbl
TRACE::2026-01-15.12:17:28::SCWPlatform::Generating the sources  .
TRACE::2026-01-15.12:17:28::SCWBDomain::Generating boot domain sources.
TRACE::2026-01-15.12:17:28::SCWBDomain:: Generating the zynq_fsbl Application.
TRACE::2026-01-15.12:17:28::SCWPlatform::Trying to open the hw design at C:/Users/CamLT/AX7010_Work/UltrasonicFPGA2021/delay-and-sum/delay_and_sum_plat/hw/Demodulator_128Ch_wrapper.xsa
TRACE::2026-01-15.12:17:28::SCWPlatform::DSA given C:/Users/CamLT/AX7010_Work/UltrasonicFPGA2021/delay-and-sum/delay_and_sum_plat/hw/Demodulator_128Ch_wrapper.xsa
TRACE::2026-01-15.12:17:28::SCWPlatform::DSA absoulate path C:/Users/CamLT/AX7010_Work/UltrasonicFPGA2021/delay-and-sum/delay_and_sum_plat/hw/Demodulator_128Ch_wrapper.xsa
TRACE::2026-01-15.12:17:28::SCWPlatform::DSA directory C:/Users/CamLT/AX7010_Work/UltrasonicFPGA2021/delay-and-sum/delay_and_sum_plat/hw
TRACE::2026-01-15.12:17:28::SCWPlatform:: Platform Path C:/Users/CamLT/AX7010_Work/UltrasonicFPGA2021/delay-and-sum/delay_and_sum_plat/hw/Demodulator_128Ch_wrapper.xsa
TRACE::2026-01-15.12:17:28::SCWPlatform:: Unique name xilinx:::0.0
TRACE::2026-01-15.12:17:28::SCWPlatform::Trying to set the existing hwdb with name Demodulator_128Ch_wrappe_0
TRACE::2026-01-15.12:17:28::SCWPlatform::Opened existing hwdb Demodulator_128Ch_wrappe_0
TRACE::2026-01-15.12:17:28::SCWPlatform::Found the Hw Db part of the input DSA
TRACE::2026-01-15.12:17:28::SCWMssOS::Checking the sw design at  C:/Users/CamLT/AX7010_Work/UltrasonicFPGA2021/delay-and-sum/delay_and_sum_plat/zynq_fsbl/zynq_fsbl_bsp/system.mss
TRACE::2026-01-15.12:17:28::SCWMssOS::DEBUG:  swdes dump  
TRACE::2026-01-15.12:17:28::SCWMssOS::No sw design opened at  C:/Users/CamLT/AX7010_Work/UltrasonicFPGA2021/delay-and-sum/delay_and_sum_plat/zynq_fsbl/zynq_fsbl_bsp/system.mss
TRACE::2026-01-15.12:17:28::SCWMssOS::mss does not exists at C:/Users/CamLT/AX7010_Work/UltrasonicFPGA2021/delay-and-sum/delay_and_sum_plat/zynq_fsbl/zynq_fsbl_bsp/system.mss
TRACE::2026-01-15.12:17:28::SCWMssOS::Creating sw design at  C:/Users/CamLT/AX7010_Work/UltrasonicFPGA2021/delay-and-sum/delay_and_sum_plat/zynq_fsbl/zynq_fsbl_bsp/system.mss
TRACE::2026-01-15.12:17:28::SCWMssOS::Adding the swdes entry, created swdb C:/Users/CamLT/AX7010_Work/UltrasonicFPGA2021/delay-and-sum/delay_and_sum_plat/zynq_fsbl/zynq_fsbl_bsp/system.mss with des name C:/Users/CamLT/AX7010_Work/UltrasonicFPGA2021/delay-and-sum/delay_and_sum_plat/zynq_fsbl/zynq_fsbl_bsp/system.mss
TRACE::2026-01-15.12:17:28::SCWMssOS::updating the scw layer changes to swdes at   C:/Users/CamLT/AX7010_Work/UltrasonicFPGA2021/delay-and-sum/delay_and_sum_plat/zynq_fsbl/zynq_fsbl_bsp/system.mss
TRACE::2026-01-15.12:17:28::SCWMssOS::Writing mss at C:/Users/CamLT/AX7010_Work/UltrasonicFPGA2021/delay-and-sum/delay_and_sum_plat/zynq_fsbl/zynq_fsbl_bsp/system.mss
TRACE::2026-01-15.12:17:28::SCWMssOS::Completed writing the mss file at C:/Users/CamLT/AX7010_Work/UltrasonicFPGA2021/delay-and-sum/delay_and_sum_plat/zynq_fsbl/zynq_fsbl_bsp
TRACE::2026-01-15.12:17:28::SCWMssOS::Picking up changes from newly written mss file into SCW Layer. 
TRACE::2026-01-15.12:17:28::SCWMssOS::Updated the changes from newly written mss file into SCW Layer. 
TRACE::2026-01-15.12:17:28::SCWBDomain::Completed writing the mss file at C:/Users/CamLT/AX7010_Work/UltrasonicFPGA2021/delay-and-sum/delay_and_sum_plat/zynq_fsbl/zynq_fsbl_bsp
TRACE::2026-01-15.12:17:35::SCWPlatform::Generating sources Done.
TRACE::2026-01-15.12:17:35::SCWPlatform::Trying to open the hw design at C:/Users/CamLT/AX7010_Work/UltrasonicFPGA2021/delay-and-sum/delay_and_sum_plat/hw/Demodulator_128Ch_wrapper.xsa
TRACE::2026-01-15.12:17:35::SCWPlatform::DSA given C:/Users/CamLT/AX7010_Work/UltrasonicFPGA2021/delay-and-sum/delay_and_sum_plat/hw/Demodulator_128Ch_wrapper.xsa
TRACE::2026-01-15.12:17:35::SCWPlatform::DSA absoulate path C:/Users/CamLT/AX7010_Work/UltrasonicFPGA2021/delay-and-sum/delay_and_sum_plat/hw/Demodulator_128Ch_wrapper.xsa
TRACE::2026-01-15.12:17:35::SCWPlatform::DSA directory C:/Users/CamLT/AX7010_Work/UltrasonicFPGA2021/delay-and-sum/delay_and_sum_plat/hw
TRACE::2026-01-15.12:17:35::SCWPlatform:: Platform Path C:/Users/CamLT/AX7010_Work/UltrasonicFPGA2021/delay-and-sum/delay_and_sum_plat/hw/Demodulator_128Ch_wrapper.xsa
TRACE::2026-01-15.12:17:35::SCWPlatform:: Unique name xilinx:::0.0
TRACE::2026-01-15.12:17:35::SCWPlatform::Trying to set the existing hwdb with name Demodulator_128Ch_wrappe_0
TRACE::2026-01-15.12:17:35::SCWPlatform::Opened existing hwdb Demodulator_128Ch_wrappe_0
TRACE::2026-01-15.12:17:35::SCWPlatform::Found the Hw Db part of the input DSA
TRACE::2026-01-15.12:17:35::SCWMssOS::Checking the sw design at  C:/Users/CamLT/AX7010_Work/UltrasonicFPGA2021/delay-and-sum/delay_and_sum_plat/zynq_fsbl/zynq_fsbl_bsp/system.mss
TRACE::2026-01-15.12:17:35::SCWMssOS::DEBUG:  swdes dump  
TRACE::2026-01-15.12:17:35::SCWMssOS::No sw design opened at  C:/Users/CamLT/AX7010_Work/UltrasonicFPGA2021/delay-and-sum/delay_and_sum_plat/zynq_fsbl/zynq_fsbl_bsp/system.mss
TRACE::2026-01-15.12:17:35::SCWMssOS::mss exists loading the mss file  C:/Users/CamLT/AX7010_Work/UltrasonicFPGA2021/delay-and-sum/delay_and_sum_plat/zynq_fsbl/zynq_fsbl_bsp/system.mss
TRACE::2026-01-15.12:17:35::SCWMssOS::Opened the sw design from mss  C:/Users/CamLT/AX7010_Work/UltrasonicFPGA2021/delay-and-sum/delay_and_sum_plat/zynq_fsbl/zynq_fsbl_bsp/system.mss
TRACE::2026-01-15.12:17:35::SCWMssOS::Adding the swdes entry C:/Users/CamLT/AX7010_Work/UltrasonicFPGA2021/delay-and-sum/delay_and_sum_plat/zynq_fsbl/zynq_fsbl_bsp/system.mss with des name system
TRACE::2026-01-15.12:17:35::SCWMssOS::updating the scw layer about changes
TRACE::2026-01-15.12:17:35::SCWMssOS::Opened the sw design.  C:/Users/CamLT/AX7010_Work/UltrasonicFPGA2021/delay-and-sum/delay_and_sum_plat/zynq_fsbl/zynq_fsbl_bsp/system.mss
TRACE::2026-01-15.12:17:35::SCWMssOS::Saving the mss changes C:/Users/CamLT/AX7010_Work/UltrasonicFPGA2021/delay-and-sum/delay_and_sum_plat/zynq_fsbl/zynq_fsbl_bsp/system.mss
TRACE::2026-01-15.12:17:35::SCWMssOS::Found a swdesign opened with the mssfile.
TRACE::2026-01-15.12:17:35::SCWMssOS::Completed writemss as part of save.
TRACE::2026-01-15.12:17:35::SCWMssOS::Commit changes completed.
TRACE::2026-01-15.12:17:35::SCWPlatform::Trying to open the hw design at C:/Users/CamLT/AX7010_Work/UltrasonicFPGA2021/delay-and-sum/delay_and_sum_plat/hw/Demodulator_128Ch_wrapper.xsa
TRACE::2026-01-15.12:17:35::SCWPlatform::DSA given C:/Users/CamLT/AX7010_Work/UltrasonicFPGA2021/delay-and-sum/delay_and_sum_plat/hw/Demodulator_128Ch_wrapper.xsa
TRACE::2026-01-15.12:17:35::SCWPlatform::DSA absoulate path C:/Users/CamLT/AX7010_Work/UltrasonicFPGA2021/delay-and-sum/delay_and_sum_plat/hw/Demodulator_128Ch_wrapper.xsa
TRACE::2026-01-15.12:17:35::SCWPlatform::DSA directory C:/Users/CamLT/AX7010_Work/UltrasonicFPGA2021/delay-and-sum/delay_and_sum_plat/hw
TRACE::2026-01-15.12:17:35::SCWPlatform:: Platform Path C:/Users/CamLT/AX7010_Work/UltrasonicFPGA2021/delay-and-sum/delay_and_sum_plat/hw/Demodulator_128Ch_wrapper.xsa
TRACE::2026-01-15.12:17:35::SCWPlatform:: Unique name xilinx:::0.0
TRACE::2026-01-15.12:17:35::SCWPlatform::Trying to set the existing hwdb with name Demodulator_128Ch_wrappe_0
TRACE::2026-01-15.12:17:35::SCWPlatform::Opened existing hwdb Demodulator_128Ch_wrappe_0
TRACE::2026-01-15.12:17:35::SCWPlatform::Found the Hw Db part of the input DSA
TRACE::2026-01-15.12:17:35::SCWMssOS::Checking the sw design at  C:/Users/CamLT/AX7010_Work/UltrasonicFPGA2021/delay-and-sum/delay_and_sum_plat/zynq_fsbl/zynq_fsbl_bsp/system.mss
TRACE::2026-01-15.12:17:35::SCWMssOS::DEBUG:  swdes dump  C:/Users/CamLT/AX7010_Work/UltrasonicFPGA2021/delay-and-sum/delay_and_sum_plat/zynq_fsbl/zynq_fsbl_bsp/system.mss|system||

TRACE::2026-01-15.12:17:35::SCWMssOS::Sw design exists and opened at  C:/Users/CamLT/AX7010_Work/UltrasonicFPGA2021/delay-and-sum/delay_and_sum_plat/zynq_fsbl/zynq_fsbl_bsp/system.mss
TRACE::2026-01-15.12:17:35::SCWPlatform::Trying to open the hw design at C:/Users/CamLT/AX7010_Work/UltrasonicFPGA2021/delay-and-sum/delay_and_sum_plat/hw/Demodulator_128Ch_wrapper.xsa
TRACE::2026-01-15.12:17:35::SCWPlatform::DSA given C:/Users/CamLT/AX7010_Work/UltrasonicFPGA2021/delay-and-sum/delay_and_sum_plat/hw/Demodulator_128Ch_wrapper.xsa
TRACE::2026-01-15.12:17:35::SCWPlatform::DSA absoulate path C:/Users/CamLT/AX7010_Work/UltrasonicFPGA2021/delay-and-sum/delay_and_sum_plat/hw/Demodulator_128Ch_wrapper.xsa
TRACE::2026-01-15.12:17:35::SCWPlatform::DSA directory C:/Users/CamLT/AX7010_Work/UltrasonicFPGA2021/delay-and-sum/delay_and_sum_plat/hw
TRACE::2026-01-15.12:17:35::SCWPlatform:: Platform Path C:/Users/CamLT/AX7010_Work/UltrasonicFPGA2021/delay-and-sum/delay_and_sum_plat/hw/Demodulator_128Ch_wrapper.xsa
TRACE::2026-01-15.12:17:35::SCWPlatform:: Unique name xilinx:::0.0
TRACE::2026-01-15.12:17:35::SCWPlatform::Trying to set the existing hwdb with name Demodulator_128Ch_wrappe_0
TRACE::2026-01-15.12:17:35::SCWPlatform::Opened existing hwdb Demodulator_128Ch_wrappe_0
TRACE::2026-01-15.12:17:35::SCWPlatform::Found the Hw Db part of the input DSA
TRACE::2026-01-15.12:17:35::SCWMssOS::Checking the sw design at  C:/Users/CamLT/AX7010_Work/UltrasonicFPGA2021/delay-and-sum/delay_and_sum_plat/zynq_fsbl/zynq_fsbl_bsp/system.mss
TRACE::2026-01-15.12:17:35::SCWMssOS::DEBUG:  swdes dump  C:/Users/CamLT/AX7010_Work/UltrasonicFPGA2021/delay-and-sum/delay_and_sum_plat/zynq_fsbl/zynq_fsbl_bsp/system.mss|system||

TRACE::2026-01-15.12:17:35::SCWMssOS::Sw design exists and opened at  C:/Users/CamLT/AX7010_Work/UltrasonicFPGA2021/delay-and-sum/delay_and_sum_plat/zynq_fsbl/zynq_fsbl_bsp/system.mss
TRACE::2026-01-15.12:17:35::SCWPlatform::Trying to open the hw design at C:/Users/CamLT/AX7010_Work/UltrasonicFPGA2021/delay-and-sum/delay_and_sum_plat/hw/Demodulator_128Ch_wrapper.xsa
TRACE::2026-01-15.12:17:35::SCWPlatform::DSA given C:/Users/CamLT/AX7010_Work/UltrasonicFPGA2021/delay-and-sum/delay_and_sum_plat/hw/Demodulator_128Ch_wrapper.xsa
TRACE::2026-01-15.12:17:35::SCWPlatform::DSA absoulate path C:/Users/CamLT/AX7010_Work/UltrasonicFPGA2021/delay-and-sum/delay_and_sum_plat/hw/Demodulator_128Ch_wrapper.xsa
TRACE::2026-01-15.12:17:35::SCWPlatform::DSA directory C:/Users/CamLT/AX7010_Work/UltrasonicFPGA2021/delay-and-sum/delay_and_sum_plat/hw
TRACE::2026-01-15.12:17:36::SCWPlatform:: Platform Path C:/Users/CamLT/AX7010_Work/UltrasonicFPGA2021/delay-and-sum/delay_and_sum_plat/hw/Demodulator_128Ch_wrapper.xsa
TRACE::2026-01-15.12:17:36::SCWPlatform:: Unique name xilinx:::0.0
TRACE::2026-01-15.12:17:36::SCWPlatform::Trying to set the existing hwdb with name Demodulator_128Ch_wrappe_0
TRACE::2026-01-15.12:17:36::SCWPlatform::Opened existing hwdb Demodulator_128Ch_wrappe_0
TRACE::2026-01-15.12:17:36::SCWPlatform::Found the Hw Db part of the input DSA
TRACE::2026-01-15.12:17:36::SCWMssOS::Checking the sw design at  C:/Users/CamLT/AX7010_Work/UltrasonicFPGA2021/delay-and-sum/delay_and_sum_plat/zynq_fsbl/zynq_fsbl_bsp/system.mss
TRACE::2026-01-15.12:17:36::SCWMssOS::DEBUG:  swdes dump  C:/Users/CamLT/AX7010_Work/UltrasonicFPGA2021/delay-and-sum/delay_and_sum_plat/zynq_fsbl/zynq_fsbl_bsp/system.mss|system||

TRACE::2026-01-15.12:17:36::SCWMssOS::Sw design exists and opened at  C:/Users/CamLT/AX7010_Work/UltrasonicFPGA2021/delay-and-sum/delay_and_sum_plat/zynq_fsbl/zynq_fsbl_bsp/system.mss
TRACE::2026-01-15.12:17:36::SCWWriter::formatted JSON is {
	"platformName":	"delay_and_sum_plat",
	"sprVersion":	"2.0",
	"mode":	"gui",
	"dsaType":	"Fixed",
	"platformDesc":	"delay_and_sum_plat",
	"platHandOff":	"C:/Users/CamLT/AX7010_Work/Demodulator_128Ch_wrapper.xsa",
	"platIntHandOff":	"<platformDir>/hw/Demodulator_128Ch_wrapper.xsa",
	"deviceType":	"zynq",
	"platIsPrebuiltAutogen":	"false",
	"platIsNoBootBsp":	"false",
	"platFsblTarget":	"ps7_cortexa9_0",
	"hasFsblMakeHasChanges":	"false",
	"hasPmufwMakeHasChanges":	"false",
	"fsblExtraCompilerFlags":	"-MMD -MP       -mcpu=cortex-a9 -mfpu=vfpv3 -mfloat-abi=hard ",
	"platPreBuiltFlag":	false,
	"platformSamplesDir":	"",
	"platActiveSys":	"delay_and_sum_plat",
	"systems":	[{
			"systemName":	"delay_and_sum_plat",
			"systemDesc":	"delay_and_sum_plat",
			"sysIsBootAutoGen":	"true",
			"systemDispName":	"delay_and_sum_plat",
			"sysActiveDom":	"zynq_fsbl",
			"sysDefaultDom":	"",
			"domains":	[{
					"domainName":	"zynq_fsbl",
					"domainDispName":	"zynq_fsbl",
					"domainDesc":	"FSBL Application BSP - Auto Generated.",
					"processors":	"ps7_cortexa9_0",
					"os":	"standalone",
					"sdxOs":	"standalone",
					"debugEnable":	"",
					"domRuntimes":	["cpp"],
					"swRepo":	"",
					"mssOsVer":	"7.5",
					"mssFile":	"",
					"md5Digest":	"8d3fc67baac38ac96da78567c4cbff96",
					"compatibleApp":	"zynq_fsbl",
					"domType":	"bootDomain",
					"arch":	"32-bit",
					"appSettings":	{
						"appCompilerFlags":	"",
						"appLinkerFlags":	""
					},
					"addedLibs":	["xilffs:4.5", "xilrsa:1.6"],
					"libOptions":	{
						"libsContainingOptions":	[]
					},
					"prebuiltLibs":	{
						"prebuiltIncPath":	[],
						"prebuiltLibPath":	[]
					},
					"isolation":	{
					}
				}]
		}]
}
TRACE::2026-01-15.12:17:36::SCWPlatform::Trying to open the hw design at C:/Users/CamLT/AX7010_Work/UltrasonicFPGA2021/delay-and-sum/delay_and_sum_plat/hw/Demodulator_128Ch_wrapper.xsa
TRACE::2026-01-15.12:17:36::SCWPlatform::DSA given C:/Users/CamLT/AX7010_Work/UltrasonicFPGA2021/delay-and-sum/delay_and_sum_plat/hw/Demodulator_128Ch_wrapper.xsa
TRACE::2026-01-15.12:17:36::SCWPlatform::DSA absoulate path C:/Users/CamLT/AX7010_Work/UltrasonicFPGA2021/delay-and-sum/delay_and_sum_plat/hw/Demodulator_128Ch_wrapper.xsa
TRACE::2026-01-15.12:17:36::SCWPlatform::DSA directory C:/Users/CamLT/AX7010_Work/UltrasonicFPGA2021/delay-and-sum/delay_and_sum_plat/hw
TRACE::2026-01-15.12:17:36::SCWPlatform:: Platform Path C:/Users/CamLT/AX7010_Work/UltrasonicFPGA2021/delay-and-sum/delay_and_sum_plat/hw/Demodulator_128Ch_wrapper.xsa
TRACE::2026-01-15.12:17:36::SCWPlatform:: Unique name xilinx:::0.0
TRACE::2026-01-15.12:17:36::SCWPlatform::Trying to set the existing hwdb with name Demodulator_128Ch_wrappe_0
TRACE::2026-01-15.12:17:36::SCWPlatform::Opened existing hwdb Demodulator_128Ch_wrappe_0
TRACE::2026-01-15.12:17:36::SCWPlatform::Found the Hw Db part of the input DSA
TRACE::2026-01-15.12:17:36::SCWPlatform::Trying to open the hw design at C:/Users/CamLT/AX7010_Work/UltrasonicFPGA2021/delay-and-sum/delay_and_sum_plat/hw/Demodulator_128Ch_wrapper.xsa
TRACE::2026-01-15.12:17:36::SCWPlatform::DSA given C:/Users/CamLT/AX7010_Work/UltrasonicFPGA2021/delay-and-sum/delay_and_sum_plat/hw/Demodulator_128Ch_wrapper.xsa
TRACE::2026-01-15.12:17:36::SCWPlatform::DSA absoulate path C:/Users/CamLT/AX7010_Work/UltrasonicFPGA2021/delay-and-sum/delay_and_sum_plat/hw/Demodulator_128Ch_wrapper.xsa
TRACE::2026-01-15.12:17:36::SCWPlatform::DSA directory C:/Users/CamLT/AX7010_Work/UltrasonicFPGA2021/delay-and-sum/delay_and_sum_plat/hw
TRACE::2026-01-15.12:17:36::SCWPlatform:: Platform Path C:/Users/CamLT/AX7010_Work/UltrasonicFPGA2021/delay-and-sum/delay_and_sum_plat/hw/Demodulator_128Ch_wrapper.xsa
TRACE::2026-01-15.12:17:36::SCWPlatform:: Unique name xilinx:::0.0
TRACE::2026-01-15.12:17:36::SCWPlatform::Trying to set the existing hwdb with name Demodulator_128Ch_wrappe_0
TRACE::2026-01-15.12:17:36::SCWPlatform::Opened existing hwdb Demodulator_128Ch_wrappe_0
TRACE::2026-01-15.12:17:36::SCWPlatform::Found the Hw Db part of the input DSA
TRACE::2026-01-15.12:17:36::SCWDomain::checking for install qemu data   : 
TRACE::2026-01-15.12:17:36::SCWDomain:: Using the QEMU Data from install at  : C:/Xilinx/Vitis/2021.1/data/emulation/platforms/zynq/sw/a9_standalone/qemu/
TRACE::2026-01-15.12:17:36::SCWDomain:: Using the QEMU args  from install at  : C:/Xilinx/Vitis/2021.1/data/emulation/platforms/zynq/sw/a9_standalone/qemu/qemu_args.txt
TRACE::2026-01-15.12:17:36::SCWPlatform::Trying to open the hw design at C:/Users/CamLT/AX7010_Work/UltrasonicFPGA2021/delay-and-sum/delay_and_sum_plat/hw/Demodulator_128Ch_wrapper.xsa
TRACE::2026-01-15.12:17:36::SCWPlatform::DSA given C:/Users/CamLT/AX7010_Work/UltrasonicFPGA2021/delay-and-sum/delay_and_sum_plat/hw/Demodulator_128Ch_wrapper.xsa
TRACE::2026-01-15.12:17:36::SCWPlatform::DSA absoulate path C:/Users/CamLT/AX7010_Work/UltrasonicFPGA2021/delay-and-sum/delay_and_sum_plat/hw/Demodulator_128Ch_wrapper.xsa
TRACE::2026-01-15.12:17:36::SCWPlatform::DSA directory C:/Users/CamLT/AX7010_Work/UltrasonicFPGA2021/delay-and-sum/delay_and_sum_plat/hw
TRACE::2026-01-15.12:17:36::SCWPlatform:: Platform Path C:/Users/CamLT/AX7010_Work/UltrasonicFPGA2021/delay-and-sum/delay_and_sum_plat/hw/Demodulator_128Ch_wrapper.xsa
TRACE::2026-01-15.12:17:36::SCWPlatform:: Unique name xilinx:::0.0
TRACE::2026-01-15.12:17:36::SCWPlatform::Trying to set the existing hwdb with name Demodulator_128Ch_wrappe_0
TRACE::2026-01-15.12:17:36::SCWPlatform::Opened existing hwdb Demodulator_128Ch_wrappe_0
TRACE::2026-01-15.12:17:36::SCWPlatform::Found the Hw Db part of the input DSA
TRACE::2026-01-15.12:17:36::SCWPlatform::Trying to open the hw design at C:/Users/CamLT/AX7010_Work/UltrasonicFPGA2021/delay-and-sum/delay_and_sum_plat/hw/Demodulator_128Ch_wrapper.xsa
TRACE::2026-01-15.12:17:36::SCWPlatform::DSA given C:/Users/CamLT/AX7010_Work/UltrasonicFPGA2021/delay-and-sum/delay_and_sum_plat/hw/Demodulator_128Ch_wrapper.xsa
TRACE::2026-01-15.12:17:36::SCWPlatform::DSA absoulate path C:/Users/CamLT/AX7010_Work/UltrasonicFPGA2021/delay-and-sum/delay_and_sum_plat/hw/Demodulator_128Ch_wrapper.xsa
TRACE::2026-01-15.12:17:36::SCWPlatform::DSA directory C:/Users/CamLT/AX7010_Work/UltrasonicFPGA2021/delay-and-sum/delay_and_sum_plat/hw
TRACE::2026-01-15.12:17:36::SCWPlatform:: Platform Path C:/Users/CamLT/AX7010_Work/UltrasonicFPGA2021/delay-and-sum/delay_and_sum_plat/hw/Demodulator_128Ch_wrapper.xsa
TRACE::2026-01-15.12:17:36::SCWPlatform:: Unique name xilinx:::0.0
TRACE::2026-01-15.12:17:36::SCWPlatform::Trying to set the existing hwdb with name Demodulator_128Ch_wrappe_0
TRACE::2026-01-15.12:17:36::SCWPlatform::Opened existing hwdb Demodulator_128Ch_wrappe_0
TRACE::2026-01-15.12:17:36::SCWPlatform::Found the Hw Db part of the input DSA
TRACE::2026-01-15.12:17:36::SCWPlatform::Trying to open the hw design at C:/Users/CamLT/AX7010_Work/UltrasonicFPGA2021/delay-and-sum/delay_and_sum_plat/hw/Demodulator_128Ch_wrapper.xsa
TRACE::2026-01-15.12:17:36::SCWPlatform::DSA given C:/Users/CamLT/AX7010_Work/UltrasonicFPGA2021/delay-and-sum/delay_and_sum_plat/hw/Demodulator_128Ch_wrapper.xsa
TRACE::2026-01-15.12:17:36::SCWPlatform::DSA absoulate path C:/Users/CamLT/AX7010_Work/UltrasonicFPGA2021/delay-and-sum/delay_and_sum_plat/hw/Demodulator_128Ch_wrapper.xsa
TRACE::2026-01-15.12:17:36::SCWPlatform::DSA directory C:/Users/CamLT/AX7010_Work/UltrasonicFPGA2021/delay-and-sum/delay_and_sum_plat/hw
TRACE::2026-01-15.12:17:36::SCWPlatform:: Platform Path C:/Users/CamLT/AX7010_Work/UltrasonicFPGA2021/delay-and-sum/delay_and_sum_plat/hw/Demodulator_128Ch_wrapper.xsa
TRACE::2026-01-15.12:17:36::SCWPlatform:: Unique name xilinx:::0.0
TRACE::2026-01-15.12:17:36::SCWPlatform::Trying to set the existing hwdb with name Demodulator_128Ch_wrappe_0
TRACE::2026-01-15.12:17:36::SCWPlatform::Opened existing hwdb Demodulator_128Ch_wrappe_0
TRACE::2026-01-15.12:17:36::SCWPlatform::Found the Hw Db part of the input DSA
TRACE::2026-01-15.12:17:36::SCWMssOS::Checking the sw design at  C:/Users/CamLT/AX7010_Work/UltrasonicFPGA2021/delay-and-sum/delay_and_sum_plat/ps7_cortexa9_0/standalone_domain/bsp/system.mss
TRACE::2026-01-15.12:17:36::SCWMssOS::DEBUG:  swdes dump  C:/Users/CamLT/AX7010_Work/UltrasonicFPGA2021/delay-and-sum/delay_and_sum_plat/zynq_fsbl/zynq_fsbl_bsp/system.mss|system||

TRACE::2026-01-15.12:17:36::SCWMssOS::No sw design opened at  C:/Users/CamLT/AX7010_Work/UltrasonicFPGA2021/delay-and-sum/delay_and_sum_plat/ps7_cortexa9_0/standalone_domain/bsp/system.mss
TRACE::2026-01-15.12:17:36::SCWMssOS::mss does not exists at C:/Users/CamLT/AX7010_Work/UltrasonicFPGA2021/delay-and-sum/delay_and_sum_plat/ps7_cortexa9_0/standalone_domain/bsp/system.mss
TRACE::2026-01-15.12:17:36::SCWMssOS::Creating sw design at  C:/Users/CamLT/AX7010_Work/UltrasonicFPGA2021/delay-and-sum/delay_and_sum_plat/ps7_cortexa9_0/standalone_domain/bsp/system.mss
TRACE::2026-01-15.12:17:36::SCWMssOS::Adding the swdes entry, created swdb C:/Users/CamLT/AX7010_Work/UltrasonicFPGA2021/delay-and-sum/delay_and_sum_plat/ps7_cortexa9_0/standalone_domain/bsp/system.mss with des name C:/Users/CamLT/AX7010_Work/UltrasonicFPGA2021/delay-and-sum/delay_and_sum_plat/ps7_cortexa9_0/standalone_domain/bsp/system.mss
TRACE::2026-01-15.12:17:36::SCWMssOS::updating the scw layer changes to swdes at   C:/Users/CamLT/AX7010_Work/UltrasonicFPGA2021/delay-and-sum/delay_and_sum_plat/ps7_cortexa9_0/standalone_domain/bsp/system.mss
TRACE::2026-01-15.12:17:36::SCWMssOS::Writing mss at C:/Users/CamLT/AX7010_Work/UltrasonicFPGA2021/delay-and-sum/delay_and_sum_plat/ps7_cortexa9_0/standalone_domain/bsp/system.mss
TRACE::2026-01-15.12:17:36::SCWMssOS::Completed writing the mss file at C:/Users/CamLT/AX7010_Work/UltrasonicFPGA2021/delay-and-sum/delay_and_sum_plat/ps7_cortexa9_0/standalone_domain/bsp
TRACE::2026-01-15.12:17:36::SCWMssOS::Picking up changes from newly written mss file into SCW Layer. 
TRACE::2026-01-15.12:17:36::SCWMssOS::Updated the changes from newly written mss file into SCW Layer. 
TRACE::2026-01-15.12:17:36::SCWMssOS::Completed writing the mss file at C:/Users/CamLT/AX7010_Work/UltrasonicFPGA2021/delay-and-sum/delay_and_sum_plat/ps7_cortexa9_0/standalone_domain/bsp
TRACE::2026-01-15.12:17:36::SCWMssOS::Forcing BSP Sources regeneration.
TRACE::2026-01-15.12:17:37::SCWMssOS::Saving the mss changes C:/Users/CamLT/AX7010_Work/UltrasonicFPGA2021/delay-and-sum/delay_and_sum_plat/zynq_fsbl/zynq_fsbl_bsp/system.mss
TRACE::2026-01-15.12:17:37::SCWMssOS::Found a swdesign opened with the mssfile.
TRACE::2026-01-15.12:17:37::SCWMssOS::Completed writemss as part of save.
TRACE::2026-01-15.12:17:37::SCWMssOS::Commit changes completed.
TRACE::2026-01-15.12:17:37::SCWMssOS::Saving the mss changes C:/Users/CamLT/AX7010_Work/UltrasonicFPGA2021/delay-and-sum/delay_and_sum_plat/ps7_cortexa9_0/standalone_domain/bsp/system.mss
TRACE::2026-01-15.12:17:37::SCWMssOS::Adding the swdes entry, mss present, able to open swdb C:/Users/CamLT/AX7010_Work/UltrasonicFPGA2021/delay-and-sum/delay_and_sum_plat/ps7_cortexa9_0/standalone_domain/bsp/system.mss with des name system_0
TRACE::2026-01-15.12:17:37::SCWMssOS::Writing the mss file completed C:/Users/CamLT/AX7010_Work/UltrasonicFPGA2021/delay-and-sum/delay_and_sum_plat/ps7_cortexa9_0/standalone_domain/bsp/system.mss
TRACE::2026-01-15.12:17:37::SCWMssOS::Commit changes completed.
TRACE::2026-01-15.12:17:37::SCWPlatform::Trying to open the hw design at C:/Users/CamLT/AX7010_Work/UltrasonicFPGA2021/delay-and-sum/delay_and_sum_plat/hw/Demodulator_128Ch_wrapper.xsa
TRACE::2026-01-15.12:17:37::SCWPlatform::DSA given C:/Users/CamLT/AX7010_Work/UltrasonicFPGA2021/delay-and-sum/delay_and_sum_plat/hw/Demodulator_128Ch_wrapper.xsa
TRACE::2026-01-15.12:17:37::SCWPlatform::DSA absoulate path C:/Users/CamLT/AX7010_Work/UltrasonicFPGA2021/delay-and-sum/delay_and_sum_plat/hw/Demodulator_128Ch_wrapper.xsa
TRACE::2026-01-15.12:17:37::SCWPlatform::DSA directory C:/Users/CamLT/AX7010_Work/UltrasonicFPGA2021/delay-and-sum/delay_and_sum_plat/hw
TRACE::2026-01-15.12:17:37::SCWPlatform:: Platform Path C:/Users/CamLT/AX7010_Work/UltrasonicFPGA2021/delay-and-sum/delay_and_sum_plat/hw/Demodulator_128Ch_wrapper.xsa
TRACE::2026-01-15.12:17:37::SCWPlatform:: Unique name xilinx:::0.0
TRACE::2026-01-15.12:17:37::SCWPlatform::Trying to set the existing hwdb with name Demodulator_128Ch_wrappe_0
TRACE::2026-01-15.12:17:37::SCWPlatform::Opened existing hwdb Demodulator_128Ch_wrappe_0
TRACE::2026-01-15.12:17:37::SCWPlatform::Found the Hw Db part of the input DSA
TRACE::2026-01-15.12:17:37::SCWMssOS::Checking the sw design at  C:/Users/CamLT/AX7010_Work/UltrasonicFPGA2021/delay-and-sum/delay_and_sum_plat/zynq_fsbl/zynq_fsbl_bsp/system.mss
TRACE::2026-01-15.12:17:37::SCWMssOS::DEBUG:  swdes dump  C:/Users/CamLT/AX7010_Work/UltrasonicFPGA2021/delay-and-sum/delay_and_sum_plat/ps7_cortexa9_0/standalone_domain/bsp/system.mss|system_0||
C:/Users/CamLT/AX7010_Work/UltrasonicFPGA2021/delay-and-sum/delay_and_sum_plat/zynq_fsbl/zynq_fsbl_bsp/system.mss|system||

TRACE::2026-01-15.12:17:37::SCWMssOS::Sw design exists and opened at  C:/Users/CamLT/AX7010_Work/UltrasonicFPGA2021/delay-and-sum/delay_and_sum_plat/zynq_fsbl/zynq_fsbl_bsp/system.mss
TRACE::2026-01-15.12:17:37::SCWPlatform::Trying to open the hw design at C:/Users/CamLT/AX7010_Work/UltrasonicFPGA2021/delay-and-sum/delay_and_sum_plat/hw/Demodulator_128Ch_wrapper.xsa
TRACE::2026-01-15.12:17:37::SCWPlatform::DSA given C:/Users/CamLT/AX7010_Work/UltrasonicFPGA2021/delay-and-sum/delay_and_sum_plat/hw/Demodulator_128Ch_wrapper.xsa
TRACE::2026-01-15.12:17:37::SCWPlatform::DSA absoulate path C:/Users/CamLT/AX7010_Work/UltrasonicFPGA2021/delay-and-sum/delay_and_sum_plat/hw/Demodulator_128Ch_wrapper.xsa
TRACE::2026-01-15.12:17:37::SCWPlatform::DSA directory C:/Users/CamLT/AX7010_Work/UltrasonicFPGA2021/delay-and-sum/delay_and_sum_plat/hw
TRACE::2026-01-15.12:17:37::SCWPlatform:: Platform Path C:/Users/CamLT/AX7010_Work/UltrasonicFPGA2021/delay-and-sum/delay_and_sum_plat/hw/Demodulator_128Ch_wrapper.xsa
TRACE::2026-01-15.12:17:37::SCWPlatform:: Unique name xilinx:::0.0
TRACE::2026-01-15.12:17:37::SCWPlatform::Trying to set the existing hwdb with name Demodulator_128Ch_wrappe_0
TRACE::2026-01-15.12:17:37::SCWPlatform::Opened existing hwdb Demodulator_128Ch_wrappe_0
TRACE::2026-01-15.12:17:37::SCWPlatform::Found the Hw Db part of the input DSA
TRACE::2026-01-15.12:17:37::SCWMssOS::Checking the sw design at  C:/Users/CamLT/AX7010_Work/UltrasonicFPGA2021/delay-and-sum/delay_and_sum_plat/zynq_fsbl/zynq_fsbl_bsp/system.mss
TRACE::2026-01-15.12:17:37::SCWMssOS::DEBUG:  swdes dump  C:/Users/CamLT/AX7010_Work/UltrasonicFPGA2021/delay-and-sum/delay_and_sum_plat/ps7_cortexa9_0/standalone_domain/bsp/system.mss|system_0||
C:/Users/CamLT/AX7010_Work/UltrasonicFPGA2021/delay-and-sum/delay_and_sum_plat/zynq_fsbl/zynq_fsbl_bsp/system.mss|system||

TRACE::2026-01-15.12:17:37::SCWMssOS::Sw design exists and opened at  C:/Users/CamLT/AX7010_Work/UltrasonicFPGA2021/delay-and-sum/delay_and_sum_plat/zynq_fsbl/zynq_fsbl_bsp/system.mss
TRACE::2026-01-15.12:17:37::SCWPlatform::Trying to open the hw design at C:/Users/CamLT/AX7010_Work/UltrasonicFPGA2021/delay-and-sum/delay_and_sum_plat/hw/Demodulator_128Ch_wrapper.xsa
TRACE::2026-01-15.12:17:37::SCWPlatform::DSA given C:/Users/CamLT/AX7010_Work/UltrasonicFPGA2021/delay-and-sum/delay_and_sum_plat/hw/Demodulator_128Ch_wrapper.xsa
TRACE::2026-01-15.12:17:37::SCWPlatform::DSA absoulate path C:/Users/CamLT/AX7010_Work/UltrasonicFPGA2021/delay-and-sum/delay_and_sum_plat/hw/Demodulator_128Ch_wrapper.xsa
TRACE::2026-01-15.12:17:37::SCWPlatform::DSA directory C:/Users/CamLT/AX7010_Work/UltrasonicFPGA2021/delay-and-sum/delay_and_sum_plat/hw
TRACE::2026-01-15.12:17:37::SCWPlatform:: Platform Path C:/Users/CamLT/AX7010_Work/UltrasonicFPGA2021/delay-and-sum/delay_and_sum_plat/hw/Demodulator_128Ch_wrapper.xsa
TRACE::2026-01-15.12:17:37::SCWPlatform:: Unique name xilinx:::0.0
TRACE::2026-01-15.12:17:37::SCWPlatform::Trying to set the existing hwdb with name Demodulator_128Ch_wrappe_0
TRACE::2026-01-15.12:17:37::SCWPlatform::Opened existing hwdb Demodulator_128Ch_wrappe_0
TRACE::2026-01-15.12:17:37::SCWPlatform::Found the Hw Db part of the input DSA
TRACE::2026-01-15.12:17:37::SCWMssOS::Checking the sw design at  C:/Users/CamLT/AX7010_Work/UltrasonicFPGA2021/delay-and-sum/delay_and_sum_plat/zynq_fsbl/zynq_fsbl_bsp/system.mss
TRACE::2026-01-15.12:17:37::SCWMssOS::DEBUG:  swdes dump  C:/Users/CamLT/AX7010_Work/UltrasonicFPGA2021/delay-and-sum/delay_and_sum_plat/ps7_cortexa9_0/standalone_domain/bsp/system.mss|system_0||
C:/Users/CamLT/AX7010_Work/UltrasonicFPGA2021/delay-and-sum/delay_and_sum_plat/zynq_fsbl/zynq_fsbl_bsp/system.mss|system||

TRACE::2026-01-15.12:17:37::SCWMssOS::Sw design exists and opened at  C:/Users/CamLT/AX7010_Work/UltrasonicFPGA2021/delay-and-sum/delay_and_sum_plat/zynq_fsbl/zynq_fsbl_bsp/system.mss
TRACE::2026-01-15.12:17:37::SCWPlatform::Trying to open the hw design at C:/Users/CamLT/AX7010_Work/UltrasonicFPGA2021/delay-and-sum/delay_and_sum_plat/hw/Demodulator_128Ch_wrapper.xsa
TRACE::2026-01-15.12:17:37::SCWPlatform::DSA given C:/Users/CamLT/AX7010_Work/UltrasonicFPGA2021/delay-and-sum/delay_and_sum_plat/hw/Demodulator_128Ch_wrapper.xsa
TRACE::2026-01-15.12:17:37::SCWPlatform::DSA absoulate path C:/Users/CamLT/AX7010_Work/UltrasonicFPGA2021/delay-and-sum/delay_and_sum_plat/hw/Demodulator_128Ch_wrapper.xsa
TRACE::2026-01-15.12:17:37::SCWPlatform::DSA directory C:/Users/CamLT/AX7010_Work/UltrasonicFPGA2021/delay-and-sum/delay_and_sum_plat/hw
TRACE::2026-01-15.12:17:37::SCWPlatform:: Platform Path C:/Users/CamLT/AX7010_Work/UltrasonicFPGA2021/delay-and-sum/delay_and_sum_plat/hw/Demodulator_128Ch_wrapper.xsa
TRACE::2026-01-15.12:17:37::SCWPlatform:: Unique name xilinx:::0.0
TRACE::2026-01-15.12:17:37::SCWPlatform::Trying to set the existing hwdb with name Demodulator_128Ch_wrappe_0
TRACE::2026-01-15.12:17:37::SCWPlatform::Opened existing hwdb Demodulator_128Ch_wrappe_0
TRACE::2026-01-15.12:17:37::SCWPlatform::Found the Hw Db part of the input DSA
TRACE::2026-01-15.12:17:37::SCWMssOS::Checking the sw design at  C:/Users/CamLT/AX7010_Work/UltrasonicFPGA2021/delay-and-sum/delay_and_sum_plat/ps7_cortexa9_0/standalone_domain/bsp/system.mss
TRACE::2026-01-15.12:17:37::SCWMssOS::DEBUG:  swdes dump  C:/Users/CamLT/AX7010_Work/UltrasonicFPGA2021/delay-and-sum/delay_and_sum_plat/ps7_cortexa9_0/standalone_domain/bsp/system.mss|system_0||
C:/Users/CamLT/AX7010_Work/UltrasonicFPGA2021/delay-and-sum/delay_and_sum_plat/zynq_fsbl/zynq_fsbl_bsp/system.mss|system||

TRACE::2026-01-15.12:17:37::SCWMssOS::Sw design exists and opened at  C:/Users/CamLT/AX7010_Work/UltrasonicFPGA2021/delay-and-sum/delay_and_sum_plat/ps7_cortexa9_0/standalone_domain/bsp/system.mss
TRACE::2026-01-15.12:17:37::SCWPlatform::Trying to open the hw design at C:/Users/CamLT/AX7010_Work/UltrasonicFPGA2021/delay-and-sum/delay_and_sum_plat/hw/Demodulator_128Ch_wrapper.xsa
TRACE::2026-01-15.12:17:37::SCWPlatform::DSA given C:/Users/CamLT/AX7010_Work/UltrasonicFPGA2021/delay-and-sum/delay_and_sum_plat/hw/Demodulator_128Ch_wrapper.xsa
TRACE::2026-01-15.12:17:37::SCWPlatform::DSA absoulate path C:/Users/CamLT/AX7010_Work/UltrasonicFPGA2021/delay-and-sum/delay_and_sum_plat/hw/Demodulator_128Ch_wrapper.xsa
TRACE::2026-01-15.12:17:37::SCWPlatform::DSA directory C:/Users/CamLT/AX7010_Work/UltrasonicFPGA2021/delay-and-sum/delay_and_sum_plat/hw
TRACE::2026-01-15.12:17:37::SCWPlatform:: Platform Path C:/Users/CamLT/AX7010_Work/UltrasonicFPGA2021/delay-and-sum/delay_and_sum_plat/hw/Demodulator_128Ch_wrapper.xsa
TRACE::2026-01-15.12:17:37::SCWPlatform:: Unique name xilinx:::0.0
TRACE::2026-01-15.12:17:37::SCWPlatform::Trying to set the existing hwdb with name Demodulator_128Ch_wrappe_0
TRACE::2026-01-15.12:17:37::SCWPlatform::Opened existing hwdb Demodulator_128Ch_wrappe_0
TRACE::2026-01-15.12:17:37::SCWPlatform::Found the Hw Db part of the input DSA
TRACE::2026-01-15.12:17:37::SCWMssOS::Checking the sw design at  C:/Users/CamLT/AX7010_Work/UltrasonicFPGA2021/delay-and-sum/delay_and_sum_plat/ps7_cortexa9_0/standalone_domain/bsp/system.mss
TRACE::2026-01-15.12:17:37::SCWMssOS::DEBUG:  swdes dump  C:/Users/CamLT/AX7010_Work/UltrasonicFPGA2021/delay-and-sum/delay_and_sum_plat/ps7_cortexa9_0/standalone_domain/bsp/system.mss|system_0||
C:/Users/CamLT/AX7010_Work/UltrasonicFPGA2021/delay-and-sum/delay_and_sum_plat/zynq_fsbl/zynq_fsbl_bsp/system.mss|system||

TRACE::2026-01-15.12:17:37::SCWMssOS::Sw design exists and opened at  C:/Users/CamLT/AX7010_Work/UltrasonicFPGA2021/delay-and-sum/delay_and_sum_plat/ps7_cortexa9_0/standalone_domain/bsp/system.mss
TRACE::2026-01-15.12:17:37::SCWPlatform::Trying to open the hw design at C:/Users/CamLT/AX7010_Work/UltrasonicFPGA2021/delay-and-sum/delay_and_sum_plat/hw/Demodulator_128Ch_wrapper.xsa
TRACE::2026-01-15.12:17:37::SCWPlatform::DSA given C:/Users/CamLT/AX7010_Work/UltrasonicFPGA2021/delay-and-sum/delay_and_sum_plat/hw/Demodulator_128Ch_wrapper.xsa
TRACE::2026-01-15.12:17:37::SCWPlatform::DSA absoulate path C:/Users/CamLT/AX7010_Work/UltrasonicFPGA2021/delay-and-sum/delay_and_sum_plat/hw/Demodulator_128Ch_wrapper.xsa
TRACE::2026-01-15.12:17:37::SCWPlatform::DSA directory C:/Users/CamLT/AX7010_Work/UltrasonicFPGA2021/delay-and-sum/delay_and_sum_plat/hw
TRACE::2026-01-15.12:17:37::SCWPlatform:: Platform Path C:/Users/CamLT/AX7010_Work/UltrasonicFPGA2021/delay-and-sum/delay_and_sum_plat/hw/Demodulator_128Ch_wrapper.xsa
TRACE::2026-01-15.12:17:37::SCWPlatform:: Unique name xilinx:::0.0
TRACE::2026-01-15.12:17:37::SCWPlatform::Trying to set the existing hwdb with name Demodulator_128Ch_wrappe_0
TRACE::2026-01-15.12:17:37::SCWPlatform::Opened existing hwdb Demodulator_128Ch_wrappe_0
TRACE::2026-01-15.12:17:37::SCWPlatform::Found the Hw Db part of the input DSA
TRACE::2026-01-15.12:17:37::SCWMssOS::Checking the sw design at  C:/Users/CamLT/AX7010_Work/UltrasonicFPGA2021/delay-and-sum/delay_and_sum_plat/ps7_cortexa9_0/standalone_domain/bsp/system.mss
TRACE::2026-01-15.12:17:37::SCWMssOS::DEBUG:  swdes dump  C:/Users/CamLT/AX7010_Work/UltrasonicFPGA2021/delay-and-sum/delay_and_sum_plat/ps7_cortexa9_0/standalone_domain/bsp/system.mss|system_0||
C:/Users/CamLT/AX7010_Work/UltrasonicFPGA2021/delay-and-sum/delay_and_sum_plat/zynq_fsbl/zynq_fsbl_bsp/system.mss|system||

TRACE::2026-01-15.12:17:37::SCWMssOS::Sw design exists and opened at  C:/Users/CamLT/AX7010_Work/UltrasonicFPGA2021/delay-and-sum/delay_and_sum_plat/ps7_cortexa9_0/standalone_domain/bsp/system.mss
TRACE::2026-01-15.12:17:37::SCWWriter::formatted JSON is {
	"platformName":	"delay_and_sum_plat",
	"sprVersion":	"2.0",
	"mode":	"gui",
	"dsaType":	"Fixed",
	"platformDesc":	"delay_and_sum_plat",
	"platHandOff":	"C:/Users/CamLT/AX7010_Work/Demodulator_128Ch_wrapper.xsa",
	"platIntHandOff":	"<platformDir>/hw/Demodulator_128Ch_wrapper.xsa",
	"deviceType":	"zynq",
	"platIsPrebuiltAutogen":	"false",
	"platIsNoBootBsp":	"false",
	"platFsblTarget":	"ps7_cortexa9_0",
	"hasFsblMakeHasChanges":	"false",
	"hasPmufwMakeHasChanges":	"false",
	"fsblExtraCompilerFlags":	"-MMD -MP       -mcpu=cortex-a9 -mfpu=vfpv3 -mfloat-abi=hard ",
	"platPreBuiltFlag":	false,
	"platformSamplesDir":	"",
	"platActiveSys":	"delay_and_sum_plat",
	"systems":	[{
			"systemName":	"delay_and_sum_plat",
			"systemDesc":	"delay_and_sum_plat",
			"sysIsBootAutoGen":	"true",
			"systemDispName":	"delay_and_sum_plat",
			"sysActiveDom":	"standalone_domain",
			"sysDefaultDom":	"standalone_domain",
			"domains":	[{
					"domainName":	"zynq_fsbl",
					"domainDispName":	"zynq_fsbl",
					"domainDesc":	"FSBL Application BSP - Auto Generated.",
					"processors":	"ps7_cortexa9_0",
					"os":	"standalone",
					"sdxOs":	"standalone",
					"debugEnable":	"",
					"domRuntimes":	["cpp"],
					"swRepo":	"",
					"mssOsVer":	"7.5",
					"mssFile":	"",
					"md5Digest":	"8d3fc67baac38ac96da78567c4cbff96",
					"compatibleApp":	"zynq_fsbl",
					"domType":	"bootDomain",
					"arch":	"32-bit",
					"appSettings":	{
						"appCompilerFlags":	"",
						"appLinkerFlags":	""
					},
					"addedLibs":	["xilffs:4.5", "xilrsa:1.6"],
					"libOptions":	{
						"libsContainingOptions":	[]
					},
					"prebuiltLibs":	{
						"prebuiltIncPath":	[],
						"prebuiltLibPath":	[]
					},
					"isolation":	{
					}
				}, {
					"domainName":	"standalone_domain",
					"domainDispName":	"standalone_domain",
					"domainDesc":	"standalone_domain",
					"processors":	"ps7_cortexa9_0",
					"os":	"standalone",
					"sdxOs":	"standalone",
					"qemuArgs":	"C:/Xilinx/Vitis/2021.1/data/emulation/platforms/zynq/sw/a9_standalone/qemu/qemu_args.txt",
					"qemuData":	"C:/Xilinx/Vitis/2021.1/data/emulation/platforms/zynq/sw/a9_standalone/qemu/",
					"debugEnable":	"False",
					"domRuntimes":	["cpp"],
					"swRepo":	"",
					"mssOsVer":	"7.5",
					"mssFile":	"",
					"md5Digest":	"e1314fc24394511c64ca9c8e839a63cb",
					"compatibleApp":	"",
					"domType":	"mssDomain",
					"appSettings":	{
						"appCompilerFlags":	"",
						"appLinkerFlags":	""
					},
					"addedLibs":	[],
					"libOptions":	{
						"libsContainingOptions":	[]
					},
					"prebuiltLibs":	{
						"prebuiltIncPath":	[],
						"prebuiltLibPath":	[]
					},
					"isolation":	{
					}
				}]
		}]
}
LOG::2026-01-15.12:17:37::SCWPlatform::Started generating the artifacts platform delay_and_sum_plat
TRACE::2026-01-15.12:17:37::SCWPlatform::Sanity checking of platform is completed
LOG::2026-01-15.12:17:37::SCWPlatform::Started generating the artifacts for system configuration delay_and_sum_plat
LOG::2026-01-15.12:17:37::SCWSystem::Checking the domain zynq_fsbl
LOG::2026-01-15.12:17:37::SCWSystem::Doing application build for :  zynq_fsbl
TRACE::2026-01-15.12:17:37::SCWBDomain::Not a forced makefile updation, No changes are present. 
TRACE::2026-01-15.12:17:37::SCWDomain::Skipping the build for domain :  zynq_fsbl
LOG::2026-01-15.12:17:37::SCWSystem::Checking the domain standalone_domain
LOG::2026-01-15.12:17:37::SCWSystem::Not a boot domain 
LOG::2026-01-15.12:17:37::SCWSystem::Started Processing the domain standalone_domain
TRACE::2026-01-15.12:17:37::SCWDomain::Generating domain artifcats
TRACE::2026-01-15.12:17:37::SCWMssOS::Generating standalone artifcats
TRACE::2026-01-15.12:17:37::SCWMssOS::Copying the qemu file from  C:/Xilinx/Vitis/2021.1/data/emulation/platforms/zynq/sw/a9_standalone/qemu/qemu_args.txt To C:/Users/CamLT/AX7010_Work/UltrasonicFPGA2021/delay-and-sum/delay_and_sum_plat/export/delay_and_sum_plat/sw/delay_and_sum_plat/qemu/
TRACE::2026-01-15.12:17:37::SCWMssOS::Copying the qemu file from  C:/Xilinx/Vitis/2021.1/data/emulation/platforms/zynq/sw/a9_standalone/qemu/qemu_args.txt To C:/Users/CamLT/AX7010_Work/UltrasonicFPGA2021/delay-and-sum/delay_and_sum_plat/export/delay_and_sum_plat/sw/delay_and_sum_plat/standalone_domain/qemu/
TRACE::2026-01-15.12:17:37::SCWMssOS:: Copying the user libraries. 
TRACE::2026-01-15.12:17:37::SCWPlatform::Trying to open the hw design at C:/Users/CamLT/AX7010_Work/UltrasonicFPGA2021/delay-and-sum/delay_and_sum_plat/hw/Demodulator_128Ch_wrapper.xsa
TRACE::2026-01-15.12:17:37::SCWPlatform::DSA given C:/Users/CamLT/AX7010_Work/UltrasonicFPGA2021/delay-and-sum/delay_and_sum_plat/hw/Demodulator_128Ch_wrapper.xsa
TRACE::2026-01-15.12:17:37::SCWPlatform::DSA absoulate path C:/Users/CamLT/AX7010_Work/UltrasonicFPGA2021/delay-and-sum/delay_and_sum_plat/hw/Demodulator_128Ch_wrapper.xsa
TRACE::2026-01-15.12:17:37::SCWPlatform::DSA directory C:/Users/CamLT/AX7010_Work/UltrasonicFPGA2021/delay-and-sum/delay_and_sum_plat/hw
TRACE::2026-01-15.12:17:37::SCWPlatform:: Platform Path C:/Users/CamLT/AX7010_Work/UltrasonicFPGA2021/delay-and-sum/delay_and_sum_plat/hw/Demodulator_128Ch_wrapper.xsa
TRACE::2026-01-15.12:17:37::SCWPlatform:: Unique name xilinx:::0.0
TRACE::2026-01-15.12:17:37::SCWPlatform::Trying to set the existing hwdb with name Demodulator_128Ch_wrappe_0
TRACE::2026-01-15.12:17:37::SCWPlatform::Opened existing hwdb Demodulator_128Ch_wrappe_0
TRACE::2026-01-15.12:17:37::SCWPlatform::Found the Hw Db part of the input DSA
TRACE::2026-01-15.12:17:37::SCWMssOS::Checking the sw design at  C:/Users/CamLT/AX7010_Work/UltrasonicFPGA2021/delay-and-sum/delay_and_sum_plat/ps7_cortexa9_0/standalone_domain/bsp/system.mss
TRACE::2026-01-15.12:17:37::SCWMssOS::DEBUG:  swdes dump  C:/Users/CamLT/AX7010_Work/UltrasonicFPGA2021/delay-and-sum/delay_and_sum_plat/ps7_cortexa9_0/standalone_domain/bsp/system.mss|system_0||
C:/Users/CamLT/AX7010_Work/UltrasonicFPGA2021/delay-and-sum/delay_and_sum_plat/zynq_fsbl/zynq_fsbl_bsp/system.mss|system||

TRACE::2026-01-15.12:17:37::SCWMssOS::Sw design exists and opened at  C:/Users/CamLT/AX7010_Work/UltrasonicFPGA2021/delay-and-sum/delay_and_sum_plat/ps7_cortexa9_0/standalone_domain/bsp/system.mss
TRACE::2026-01-15.12:17:37::SCWMssOS::Completed writing the mss file at C:/Users/CamLT/AX7010_Work/UltrasonicFPGA2021/delay-and-sum/delay_and_sum_plat/ps7_cortexa9_0/standalone_domain/bsp
TRACE::2026-01-15.12:17:37::SCWMssOS::Mss edits present, copying mssfile into export location C:/Users/CamLT/AX7010_Work/UltrasonicFPGA2021/delay-and-sum/delay_and_sum_plat/ps7_cortexa9_0/standalone_domain/bsp/system.mss
TRACE::2026-01-15.12:17:37::SCWMssOS::bsp generated is upto date with the mss file. Skipping bsp generation.
TRACE::2026-01-15.12:17:37::SCWMssOS::BSP is already built. skipping the bsp build ... 
TRACE::2026-01-15.12:17:37::SCWDomain::Skipping the build for domain :  standalone_domain
TRACE::2026-01-15.12:17:37::SCWMssOS::skipping the bsp build ... 
TRACE::2026-01-15.12:17:37::SCWMssOS::Copying to export directory.
TRACE::2026-01-15.12:17:37::SCWMssOS:: Checking if to create the Supporting Applications
TRACE::2026-01-15.12:17:37::SCWMssOS:: No Linux domain exists, trying to generate FSBL 
TRACE::2026-01-15.12:17:37::SCWMssOS:: Completed Standalone Artifacts creation 
LOG::2026-01-15.12:17:37::SCWSystem::Completed Processing the domain standalone_domain
LOG::2026-01-15.12:17:37::SCWSystem::Completed Processing the sysconfig delay_and_sum_plat
LOG::2026-01-15.12:17:37::SCWPlatform::Completed generating the artifacts for system configuration delay_and_sum_plat
TRACE::2026-01-15.12:17:37::SCWPlatform::Started preparing the platform 
TRACE::2026-01-15.12:17:37::SCWSystem::Writing the bif file for system config delay_and_sum_plat
TRACE::2026-01-15.12:17:37::SCWSystem::dir created 
TRACE::2026-01-15.12:17:37::SCWSystem::Writing the bif 
TRACE::2026-01-15.12:17:37::SCWPlatform::Started writing the spfm file 
TRACE::2026-01-15.12:17:37::SCWPlatform::Started writing the xpfm file 
TRACE::2026-01-15.12:17:37::SCWPlatform::Completed generating the platform
TRACE::2026-01-15.12:17:37::SCWMssOS::Saving the mss changes C:/Users/CamLT/AX7010_Work/UltrasonicFPGA2021/delay-and-sum/delay_and_sum_plat/zynq_fsbl/zynq_fsbl_bsp/system.mss
TRACE::2026-01-15.12:17:37::SCWMssOS::Found a swdesign opened with the mssfile.
TRACE::2026-01-15.12:17:37::SCWMssOS::Completed writemss as part of save.
TRACE::2026-01-15.12:17:37::SCWMssOS::Commit changes completed.
TRACE::2026-01-15.12:17:37::SCWMssOS::Saving the mss changes C:/Users/CamLT/AX7010_Work/UltrasonicFPGA2021/delay-and-sum/delay_and_sum_plat/ps7_cortexa9_0/standalone_domain/bsp/system.mss
TRACE::2026-01-15.12:17:37::SCWMssOS::Found a swdesign opened with the mssfile.
TRACE::2026-01-15.12:17:37::SCWMssOS::Completed writemss as part of save.
TRACE::2026-01-15.12:17:37::SCWMssOS::Commit changes completed.
TRACE::2026-01-15.12:17:37::SCWPlatform::Trying to open the hw design at C:/Users/CamLT/AX7010_Work/UltrasonicFPGA2021/delay-and-sum/delay_and_sum_plat/hw/Demodulator_128Ch_wrapper.xsa
TRACE::2026-01-15.12:17:37::SCWPlatform::DSA given C:/Users/CamLT/AX7010_Work/UltrasonicFPGA2021/delay-and-sum/delay_and_sum_plat/hw/Demodulator_128Ch_wrapper.xsa
TRACE::2026-01-15.12:17:37::SCWPlatform::DSA absoulate path C:/Users/CamLT/AX7010_Work/UltrasonicFPGA2021/delay-and-sum/delay_and_sum_plat/hw/Demodulator_128Ch_wrapper.xsa
TRACE::2026-01-15.12:17:37::SCWPlatform::DSA directory C:/Users/CamLT/AX7010_Work/UltrasonicFPGA2021/delay-and-sum/delay_and_sum_plat/hw
TRACE::2026-01-15.12:17:37::SCWPlatform:: Platform Path C:/Users/CamLT/AX7010_Work/UltrasonicFPGA2021/delay-and-sum/delay_and_sum_plat/hw/Demodulator_128Ch_wrapper.xsa
TRACE::2026-01-15.12:17:37::SCWPlatform:: Unique name xilinx:::0.0
TRACE::2026-01-15.12:17:37::SCWPlatform::Trying to set the existing hwdb with name Demodulator_128Ch_wrappe_0
TRACE::2026-01-15.12:17:37::SCWPlatform::Opened existing hwdb Demodulator_128Ch_wrappe_0
TRACE::2026-01-15.12:17:37::SCWPlatform::Found the Hw Db part of the input DSA
TRACE::2026-01-15.12:17:37::SCWMssOS::Checking the sw design at  C:/Users/CamLT/AX7010_Work/UltrasonicFPGA2021/delay-and-sum/delay_and_sum_plat/zynq_fsbl/zynq_fsbl_bsp/system.mss
TRACE::2026-01-15.12:17:37::SCWMssOS::DEBUG:  swdes dump  C:/Users/CamLT/AX7010_Work/UltrasonicFPGA2021/delay-and-sum/delay_and_sum_plat/ps7_cortexa9_0/standalone_domain/bsp/system.mss|system_0||
C:/Users/CamLT/AX7010_Work/UltrasonicFPGA2021/delay-and-sum/delay_and_sum_plat/zynq_fsbl/zynq_fsbl_bsp/system.mss|system||

TRACE::2026-01-15.12:17:37::SCWMssOS::Sw design exists and opened at  C:/Users/CamLT/AX7010_Work/UltrasonicFPGA2021/delay-and-sum/delay_and_sum_plat/zynq_fsbl/zynq_fsbl_bsp/system.mss
TRACE::2026-01-15.12:17:37::SCWPlatform::Trying to open the hw design at C:/Users/CamLT/AX7010_Work/UltrasonicFPGA2021/delay-and-sum/delay_and_sum_plat/hw/Demodulator_128Ch_wrapper.xsa
TRACE::2026-01-15.12:17:37::SCWPlatform::DSA given C:/Users/CamLT/AX7010_Work/UltrasonicFPGA2021/delay-and-sum/delay_and_sum_plat/hw/Demodulator_128Ch_wrapper.xsa
TRACE::2026-01-15.12:17:37::SCWPlatform::DSA absoulate path C:/Users/CamLT/AX7010_Work/UltrasonicFPGA2021/delay-and-sum/delay_and_sum_plat/hw/Demodulator_128Ch_wrapper.xsa
TRACE::2026-01-15.12:17:37::SCWPlatform::DSA directory C:/Users/CamLT/AX7010_Work/UltrasonicFPGA2021/delay-and-sum/delay_and_sum_plat/hw
TRACE::2026-01-15.12:17:37::SCWPlatform:: Platform Path C:/Users/CamLT/AX7010_Work/UltrasonicFPGA2021/delay-and-sum/delay_and_sum_plat/hw/Demodulator_128Ch_wrapper.xsa
TRACE::2026-01-15.12:17:37::SCWPlatform:: Unique name xilinx:::0.0
TRACE::2026-01-15.12:17:37::SCWPlatform::Trying to set the existing hwdb with name Demodulator_128Ch_wrappe_0
TRACE::2026-01-15.12:17:37::SCWPlatform::Opened existing hwdb Demodulator_128Ch_wrappe_0
TRACE::2026-01-15.12:17:37::SCWPlatform::Found the Hw Db part of the input DSA
TRACE::2026-01-15.12:17:37::SCWMssOS::Checking the sw design at  C:/Users/CamLT/AX7010_Work/UltrasonicFPGA2021/delay-and-sum/delay_and_sum_plat/zynq_fsbl/zynq_fsbl_bsp/system.mss
TRACE::2026-01-15.12:17:37::SCWMssOS::DEBUG:  swdes dump  C:/Users/CamLT/AX7010_Work/UltrasonicFPGA2021/delay-and-sum/delay_and_sum_plat/ps7_cortexa9_0/standalone_domain/bsp/system.mss|system_0||
C:/Users/CamLT/AX7010_Work/UltrasonicFPGA2021/delay-and-sum/delay_and_sum_plat/zynq_fsbl/zynq_fsbl_bsp/system.mss|system||

TRACE::2026-01-15.12:17:37::SCWMssOS::Sw design exists and opened at  C:/Users/CamLT/AX7010_Work/UltrasonicFPGA2021/delay-and-sum/delay_and_sum_plat/zynq_fsbl/zynq_fsbl_bsp/system.mss
TRACE::2026-01-15.12:17:37::SCWPlatform::Trying to open the hw design at C:/Users/CamLT/AX7010_Work/UltrasonicFPGA2021/delay-and-sum/delay_and_sum_plat/hw/Demodulator_128Ch_wrapper.xsa
TRACE::2026-01-15.12:17:37::SCWPlatform::DSA given C:/Users/CamLT/AX7010_Work/UltrasonicFPGA2021/delay-and-sum/delay_and_sum_plat/hw/Demodulator_128Ch_wrapper.xsa
TRACE::2026-01-15.12:17:37::SCWPlatform::DSA absoulate path C:/Users/CamLT/AX7010_Work/UltrasonicFPGA2021/delay-and-sum/delay_and_sum_plat/hw/Demodulator_128Ch_wrapper.xsa
TRACE::2026-01-15.12:17:37::SCWPlatform::DSA directory C:/Users/CamLT/AX7010_Work/UltrasonicFPGA2021/delay-and-sum/delay_and_sum_plat/hw
TRACE::2026-01-15.12:17:37::SCWPlatform:: Platform Path C:/Users/CamLT/AX7010_Work/UltrasonicFPGA2021/delay-and-sum/delay_and_sum_plat/hw/Demodulator_128Ch_wrapper.xsa
TRACE::2026-01-15.12:17:37::SCWPlatform:: Unique name xilinx:::0.0
TRACE::2026-01-15.12:17:37::SCWPlatform::Trying to set the existing hwdb with name Demodulator_128Ch_wrappe_0
TRACE::2026-01-15.12:17:37::SCWPlatform::Opened existing hwdb Demodulator_128Ch_wrappe_0
TRACE::2026-01-15.12:17:37::SCWPlatform::Found the Hw Db part of the input DSA
TRACE::2026-01-15.12:17:37::SCWMssOS::Checking the sw design at  C:/Users/CamLT/AX7010_Work/UltrasonicFPGA2021/delay-and-sum/delay_and_sum_plat/zynq_fsbl/zynq_fsbl_bsp/system.mss
TRACE::2026-01-15.12:17:37::SCWMssOS::DEBUG:  swdes dump  C:/Users/CamLT/AX7010_Work/UltrasonicFPGA2021/delay-and-sum/delay_and_sum_plat/ps7_cortexa9_0/standalone_domain/bsp/system.mss|system_0||
C:/Users/CamLT/AX7010_Work/UltrasonicFPGA2021/delay-and-sum/delay_and_sum_plat/zynq_fsbl/zynq_fsbl_bsp/system.mss|system||

TRACE::2026-01-15.12:17:37::SCWMssOS::Sw design exists and opened at  C:/Users/CamLT/AX7010_Work/UltrasonicFPGA2021/delay-and-sum/delay_and_sum_plat/zynq_fsbl/zynq_fsbl_bsp/system.mss
TRACE::2026-01-15.12:17:37::SCWPlatform::Trying to open the hw design at C:/Users/CamLT/AX7010_Work/UltrasonicFPGA2021/delay-and-sum/delay_and_sum_plat/hw/Demodulator_128Ch_wrapper.xsa
TRACE::2026-01-15.12:17:37::SCWPlatform::DSA given C:/Users/CamLT/AX7010_Work/UltrasonicFPGA2021/delay-and-sum/delay_and_sum_plat/hw/Demodulator_128Ch_wrapper.xsa
TRACE::2026-01-15.12:17:37::SCWPlatform::DSA absoulate path C:/Users/CamLT/AX7010_Work/UltrasonicFPGA2021/delay-and-sum/delay_and_sum_plat/hw/Demodulator_128Ch_wrapper.xsa
TRACE::2026-01-15.12:17:37::SCWPlatform::DSA directory C:/Users/CamLT/AX7010_Work/UltrasonicFPGA2021/delay-and-sum/delay_and_sum_plat/hw
TRACE::2026-01-15.12:17:37::SCWPlatform:: Platform Path C:/Users/CamLT/AX7010_Work/UltrasonicFPGA2021/delay-and-sum/delay_and_sum_plat/hw/Demodulator_128Ch_wrapper.xsa
TRACE::2026-01-15.12:17:37::SCWPlatform:: Unique name xilinx:::0.0
TRACE::2026-01-15.12:17:37::SCWPlatform::Trying to set the existing hwdb with name Demodulator_128Ch_wrappe_0
TRACE::2026-01-15.12:17:37::SCWPlatform::Opened existing hwdb Demodulator_128Ch_wrappe_0
TRACE::2026-01-15.12:17:37::SCWPlatform::Found the Hw Db part of the input DSA
TRACE::2026-01-15.12:17:37::SCWMssOS::Checking the sw design at  C:/Users/CamLT/AX7010_Work/UltrasonicFPGA2021/delay-and-sum/delay_and_sum_plat/ps7_cortexa9_0/standalone_domain/bsp/system.mss
TRACE::2026-01-15.12:17:37::SCWMssOS::DEBUG:  swdes dump  C:/Users/CamLT/AX7010_Work/UltrasonicFPGA2021/delay-and-sum/delay_and_sum_plat/ps7_cortexa9_0/standalone_domain/bsp/system.mss|system_0||
C:/Users/CamLT/AX7010_Work/UltrasonicFPGA2021/delay-and-sum/delay_and_sum_plat/zynq_fsbl/zynq_fsbl_bsp/system.mss|system||

TRACE::2026-01-15.12:17:37::SCWMssOS::Sw design exists and opened at  C:/Users/CamLT/AX7010_Work/UltrasonicFPGA2021/delay-and-sum/delay_and_sum_plat/ps7_cortexa9_0/standalone_domain/bsp/system.mss
TRACE::2026-01-15.12:17:37::SCWPlatform::Trying to open the hw design at C:/Users/CamLT/AX7010_Work/UltrasonicFPGA2021/delay-and-sum/delay_and_sum_plat/hw/Demodulator_128Ch_wrapper.xsa
TRACE::2026-01-15.12:17:37::SCWPlatform::DSA given C:/Users/CamLT/AX7010_Work/UltrasonicFPGA2021/delay-and-sum/delay_and_sum_plat/hw/Demodulator_128Ch_wrapper.xsa
TRACE::2026-01-15.12:17:37::SCWPlatform::DSA absoulate path C:/Users/CamLT/AX7010_Work/UltrasonicFPGA2021/delay-and-sum/delay_and_sum_plat/hw/Demodulator_128Ch_wrapper.xsa
TRACE::2026-01-15.12:17:37::SCWPlatform::DSA directory C:/Users/CamLT/AX7010_Work/UltrasonicFPGA2021/delay-and-sum/delay_and_sum_plat/hw
TRACE::2026-01-15.12:17:37::SCWPlatform:: Platform Path C:/Users/CamLT/AX7010_Work/UltrasonicFPGA2021/delay-and-sum/delay_and_sum_plat/hw/Demodulator_128Ch_wrapper.xsa
TRACE::2026-01-15.12:17:37::SCWPlatform:: Unique name xilinx:::0.0
TRACE::2026-01-15.12:17:37::SCWPlatform::Trying to set the existing hwdb with name Demodulator_128Ch_wrappe_0
TRACE::2026-01-15.12:17:37::SCWPlatform::Opened existing hwdb Demodulator_128Ch_wrappe_0
TRACE::2026-01-15.12:17:37::SCWPlatform::Found the Hw Db part of the input DSA
TRACE::2026-01-15.12:17:37::SCWMssOS::Checking the sw design at  C:/Users/CamLT/AX7010_Work/UltrasonicFPGA2021/delay-and-sum/delay_and_sum_plat/ps7_cortexa9_0/standalone_domain/bsp/system.mss
TRACE::2026-01-15.12:17:37::SCWMssOS::DEBUG:  swdes dump  C:/Users/CamLT/AX7010_Work/UltrasonicFPGA2021/delay-and-sum/delay_and_sum_plat/ps7_cortexa9_0/standalone_domain/bsp/system.mss|system_0||
C:/Users/CamLT/AX7010_Work/UltrasonicFPGA2021/delay-and-sum/delay_and_sum_plat/zynq_fsbl/zynq_fsbl_bsp/system.mss|system||

TRACE::2026-01-15.12:17:37::SCWMssOS::Sw design exists and opened at  C:/Users/CamLT/AX7010_Work/UltrasonicFPGA2021/delay-and-sum/delay_and_sum_plat/ps7_cortexa9_0/standalone_domain/bsp/system.mss
TRACE::2026-01-15.12:17:37::SCWPlatform::Trying to open the hw design at C:/Users/CamLT/AX7010_Work/UltrasonicFPGA2021/delay-and-sum/delay_and_sum_plat/hw/Demodulator_128Ch_wrapper.xsa
TRACE::2026-01-15.12:17:37::SCWPlatform::DSA given C:/Users/CamLT/AX7010_Work/UltrasonicFPGA2021/delay-and-sum/delay_and_sum_plat/hw/Demodulator_128Ch_wrapper.xsa
TRACE::2026-01-15.12:17:37::SCWPlatform::DSA absoulate path C:/Users/CamLT/AX7010_Work/UltrasonicFPGA2021/delay-and-sum/delay_and_sum_plat/hw/Demodulator_128Ch_wrapper.xsa
TRACE::2026-01-15.12:17:37::SCWPlatform::DSA directory C:/Users/CamLT/AX7010_Work/UltrasonicFPGA2021/delay-and-sum/delay_and_sum_plat/hw
TRACE::2026-01-15.12:17:37::SCWPlatform:: Platform Path C:/Users/CamLT/AX7010_Work/UltrasonicFPGA2021/delay-and-sum/delay_and_sum_plat/hw/Demodulator_128Ch_wrapper.xsa
TRACE::2026-01-15.12:17:37::SCWPlatform:: Unique name xilinx:::0.0
TRACE::2026-01-15.12:17:37::SCWPlatform::Trying to set the existing hwdb with name Demodulator_128Ch_wrappe_0
TRACE::2026-01-15.12:17:37::SCWPlatform::Opened existing hwdb Demodulator_128Ch_wrappe_0
TRACE::2026-01-15.12:17:37::SCWPlatform::Found the Hw Db part of the input DSA
TRACE::2026-01-15.12:17:37::SCWMssOS::Checking the sw design at  C:/Users/CamLT/AX7010_Work/UltrasonicFPGA2021/delay-and-sum/delay_and_sum_plat/ps7_cortexa9_0/standalone_domain/bsp/system.mss
TRACE::2026-01-15.12:17:37::SCWMssOS::DEBUG:  swdes dump  C:/Users/CamLT/AX7010_Work/UltrasonicFPGA2021/delay-and-sum/delay_and_sum_plat/ps7_cortexa9_0/standalone_domain/bsp/system.mss|system_0||
C:/Users/CamLT/AX7010_Work/UltrasonicFPGA2021/delay-and-sum/delay_and_sum_plat/zynq_fsbl/zynq_fsbl_bsp/system.mss|system||

TRACE::2026-01-15.12:17:37::SCWMssOS::Sw design exists and opened at  C:/Users/CamLT/AX7010_Work/UltrasonicFPGA2021/delay-and-sum/delay_and_sum_plat/ps7_cortexa9_0/standalone_domain/bsp/system.mss
TRACE::2026-01-15.12:17:37::SCWWriter::formatted JSON is {
	"platformName":	"delay_and_sum_plat",
	"sprVersion":	"2.0",
	"mode":	"gui",
	"dsaType":	"Fixed",
	"platformDesc":	"delay_and_sum_plat",
	"platHandOff":	"C:/Users/CamLT/AX7010_Work/Demodulator_128Ch_wrapper.xsa",
	"platIntHandOff":	"<platformDir>/hw/Demodulator_128Ch_wrapper.xsa",
	"deviceType":	"zynq",
	"platIsPrebuiltAutogen":	"false",
	"platIsNoBootBsp":	"false",
	"platFsblTarget":	"ps7_cortexa9_0",
	"hasFsblMakeHasChanges":	"false",
	"hasPmufwMakeHasChanges":	"false",
	"fsblExtraCompilerFlags":	"-MMD -MP       -mcpu=cortex-a9 -mfpu=vfpv3 -mfloat-abi=hard ",
	"platPreBuiltFlag":	false,
	"platformSamplesDir":	"",
	"platActiveSys":	"delay_and_sum_plat",
	"systems":	[{
			"systemName":	"delay_and_sum_plat",
			"systemDesc":	"delay_and_sum_plat",
			"sysIsBootAutoGen":	"true",
			"systemDispName":	"delay_and_sum_plat",
			"sysActiveDom":	"standalone_domain",
			"sysDefaultDom":	"standalone_domain",
			"domains":	[{
					"domainName":	"zynq_fsbl",
					"domainDispName":	"zynq_fsbl",
					"domainDesc":	"FSBL Application BSP - Auto Generated.",
					"processors":	"ps7_cortexa9_0",
					"os":	"standalone",
					"sdxOs":	"standalone",
					"debugEnable":	"",
					"domRuntimes":	["cpp"],
					"swRepo":	"",
					"mssOsVer":	"7.5",
					"mssFile":	"",
					"md5Digest":	"8d3fc67baac38ac96da78567c4cbff96",
					"compatibleApp":	"zynq_fsbl",
					"domType":	"bootDomain",
					"arch":	"32-bit",
					"appSettings":	{
						"appCompilerFlags":	"",
						"appLinkerFlags":	""
					},
					"addedLibs":	["xilffs:4.5", "xilrsa:1.6"],
					"libOptions":	{
						"libsContainingOptions":	[]
					},
					"prebuiltLibs":	{
						"prebuiltIncPath":	[],
						"prebuiltLibPath":	[]
					},
					"isolation":	{
					}
				}, {
					"domainName":	"standalone_domain",
					"domainDispName":	"standalone_domain",
					"domainDesc":	"standalone_domain",
					"processors":	"ps7_cortexa9_0",
					"os":	"standalone",
					"sdxOs":	"standalone",
					"qemuArgs":	"C:/Xilinx/Vitis/2021.1/data/emulation/platforms/zynq/sw/a9_standalone/qemu/qemu_args.txt",
					"qemuData":	"C:/Xilinx/Vitis/2021.1/data/emulation/platforms/zynq/sw/a9_standalone/qemu/",
					"debugEnable":	"False",
					"domRuntimes":	["cpp"],
					"swRepo":	"",
					"mssOsVer":	"7.5",
					"mssFile":	"",
					"md5Digest":	"e1314fc24394511c64ca9c8e839a63cb",
					"compatibleApp":	"",
					"domType":	"mssDomain",
					"appSettings":	{
						"appCompilerFlags":	"",
						"appLinkerFlags":	""
					},
					"addedLibs":	[],
					"libOptions":	{
						"libsContainingOptions":	[]
					},
					"prebuiltLibs":	{
						"prebuiltIncPath":	[],
						"prebuiltLibPath":	[]
					},
					"isolation":	{
					}
				}]
		}]
}
KEYINFO::2026-01-15.12:17:37::SCWPlatform::updated the xpfm file.
TRACE::2026-01-15.12:17:37::SCWPlatform::Trying to open the hw design at C:/Users/CamLT/AX7010_Work/UltrasonicFPGA2021/delay-and-sum/delay_and_sum_plat/hw/Demodulator_128Ch_wrapper.xsa
TRACE::2026-01-15.12:17:37::SCWPlatform::DSA given C:/Users/CamLT/AX7010_Work/UltrasonicFPGA2021/delay-and-sum/delay_and_sum_plat/hw/Demodulator_128Ch_wrapper.xsa
TRACE::2026-01-15.12:17:37::SCWPlatform::DSA absoulate path C:/Users/CamLT/AX7010_Work/UltrasonicFPGA2021/delay-and-sum/delay_and_sum_plat/hw/Demodulator_128Ch_wrapper.xsa
TRACE::2026-01-15.12:17:37::SCWPlatform::DSA directory C:/Users/CamLT/AX7010_Work/UltrasonicFPGA2021/delay-and-sum/delay_and_sum_plat/hw
TRACE::2026-01-15.12:17:37::SCWPlatform:: Platform Path C:/Users/CamLT/AX7010_Work/UltrasonicFPGA2021/delay-and-sum/delay_and_sum_plat/hw/Demodulator_128Ch_wrapper.xsa
TRACE::2026-01-15.12:17:37::SCWPlatform:: Unique name xilinx:::0.0
TRACE::2026-01-15.12:17:37::SCWPlatform::Trying to set the existing hwdb with name Demodulator_128Ch_wrappe_0
TRACE::2026-01-15.12:17:37::SCWPlatform::Opened existing hwdb Demodulator_128Ch_wrappe_0
TRACE::2026-01-15.12:17:37::SCWPlatform::Found the Hw Db part of the input DSA
TRACE::2026-01-15.12:17:37::SCWMssOS::Checking the sw design at  C:/Users/CamLT/AX7010_Work/UltrasonicFPGA2021/delay-and-sum/delay_and_sum_plat/ps7_cortexa9_0/standalone_domain/bsp/system.mss
TRACE::2026-01-15.12:17:37::SCWMssOS::DEBUG:  swdes dump  C:/Users/CamLT/AX7010_Work/UltrasonicFPGA2021/delay-and-sum/delay_and_sum_plat/ps7_cortexa9_0/standalone_domain/bsp/system.mss|system_0||
C:/Users/CamLT/AX7010_Work/UltrasonicFPGA2021/delay-and-sum/delay_and_sum_plat/zynq_fsbl/zynq_fsbl_bsp/system.mss|system||

TRACE::2026-01-15.12:17:37::SCWMssOS::Sw design exists and opened at  C:/Users/CamLT/AX7010_Work/UltrasonicFPGA2021/delay-and-sum/delay_and_sum_plat/ps7_cortexa9_0/standalone_domain/bsp/system.mss
TRACE::2026-01-15.12:17:37::SCWMssOS::Saving the mss changes C:/Users/CamLT/AX7010_Work/UltrasonicFPGA2021/delay-and-sum/delay_and_sum_plat/zynq_fsbl/zynq_fsbl_bsp/system.mss
TRACE::2026-01-15.12:17:37::SCWMssOS::Found a swdesign opened with the mssfile.
TRACE::2026-01-15.12:17:37::SCWMssOS::Completed writemss as part of save.
TRACE::2026-01-15.12:17:37::SCWMssOS::Commit changes completed.
TRACE::2026-01-15.12:17:37::SCWMssOS::Saving the mss changes C:/Users/CamLT/AX7010_Work/UltrasonicFPGA2021/delay-and-sum/delay_and_sum_plat/ps7_cortexa9_0/standalone_domain/bsp/system.mss
TRACE::2026-01-15.12:17:37::SCWMssOS::Found a swdesign opened with the mssfile.
TRACE::2026-01-15.12:17:37::SCWMssOS::Completed writemss as part of save.
TRACE::2026-01-15.12:17:37::SCWMssOS::Commit changes completed.
TRACE::2026-01-15.12:17:37::SCWPlatform::Trying to open the hw design at C:/Users/CamLT/AX7010_Work/UltrasonicFPGA2021/delay-and-sum/delay_and_sum_plat/hw/Demodulator_128Ch_wrapper.xsa
TRACE::2026-01-15.12:17:37::SCWPlatform::DSA given C:/Users/CamLT/AX7010_Work/UltrasonicFPGA2021/delay-and-sum/delay_and_sum_plat/hw/Demodulator_128Ch_wrapper.xsa
TRACE::2026-01-15.12:17:37::SCWPlatform::DSA absoulate path C:/Users/CamLT/AX7010_Work/UltrasonicFPGA2021/delay-and-sum/delay_and_sum_plat/hw/Demodulator_128Ch_wrapper.xsa
TRACE::2026-01-15.12:17:37::SCWPlatform::DSA directory C:/Users/CamLT/AX7010_Work/UltrasonicFPGA2021/delay-and-sum/delay_and_sum_plat/hw
TRACE::2026-01-15.12:17:37::SCWPlatform:: Platform Path C:/Users/CamLT/AX7010_Work/UltrasonicFPGA2021/delay-and-sum/delay_and_sum_plat/hw/Demodulator_128Ch_wrapper.xsa
TRACE::2026-01-15.12:17:37::SCWPlatform:: Unique name xilinx:::0.0
TRACE::2026-01-15.12:17:37::SCWPlatform::Trying to set the existing hwdb with name Demodulator_128Ch_wrappe_0
TRACE::2026-01-15.12:17:37::SCWPlatform::Opened existing hwdb Demodulator_128Ch_wrappe_0
TRACE::2026-01-15.12:17:37::SCWPlatform::Found the Hw Db part of the input DSA
TRACE::2026-01-15.12:17:37::SCWMssOS::Checking the sw design at  C:/Users/CamLT/AX7010_Work/UltrasonicFPGA2021/delay-and-sum/delay_and_sum_plat/zynq_fsbl/zynq_fsbl_bsp/system.mss
TRACE::2026-01-15.12:17:37::SCWMssOS::DEBUG:  swdes dump  C:/Users/CamLT/AX7010_Work/UltrasonicFPGA2021/delay-and-sum/delay_and_sum_plat/ps7_cortexa9_0/standalone_domain/bsp/system.mss|system_0||
C:/Users/CamLT/AX7010_Work/UltrasonicFPGA2021/delay-and-sum/delay_and_sum_plat/zynq_fsbl/zynq_fsbl_bsp/system.mss|system||

TRACE::2026-01-15.12:17:37::SCWMssOS::Sw design exists and opened at  C:/Users/CamLT/AX7010_Work/UltrasonicFPGA2021/delay-and-sum/delay_and_sum_plat/zynq_fsbl/zynq_fsbl_bsp/system.mss
TRACE::2026-01-15.12:17:37::SCWPlatform::Trying to open the hw design at C:/Users/CamLT/AX7010_Work/UltrasonicFPGA2021/delay-and-sum/delay_and_sum_plat/hw/Demodulator_128Ch_wrapper.xsa
TRACE::2026-01-15.12:17:37::SCWPlatform::DSA given C:/Users/CamLT/AX7010_Work/UltrasonicFPGA2021/delay-and-sum/delay_and_sum_plat/hw/Demodulator_128Ch_wrapper.xsa
TRACE::2026-01-15.12:17:37::SCWPlatform::DSA absoulate path C:/Users/CamLT/AX7010_Work/UltrasonicFPGA2021/delay-and-sum/delay_and_sum_plat/hw/Demodulator_128Ch_wrapper.xsa
TRACE::2026-01-15.12:17:37::SCWPlatform::DSA directory C:/Users/CamLT/AX7010_Work/UltrasonicFPGA2021/delay-and-sum/delay_and_sum_plat/hw
TRACE::2026-01-15.12:17:37::SCWPlatform:: Platform Path C:/Users/CamLT/AX7010_Work/UltrasonicFPGA2021/delay-and-sum/delay_and_sum_plat/hw/Demodulator_128Ch_wrapper.xsa
TRACE::2026-01-15.12:17:37::SCWPlatform:: Unique name xilinx:::0.0
TRACE::2026-01-15.12:17:37::SCWPlatform::Trying to set the existing hwdb with name Demodulator_128Ch_wrappe_0
TRACE::2026-01-15.12:17:37::SCWPlatform::Opened existing hwdb Demodulator_128Ch_wrappe_0
TRACE::2026-01-15.12:17:37::SCWPlatform::Found the Hw Db part of the input DSA
TRACE::2026-01-15.12:17:37::SCWMssOS::Checking the sw design at  C:/Users/CamLT/AX7010_Work/UltrasonicFPGA2021/delay-and-sum/delay_and_sum_plat/zynq_fsbl/zynq_fsbl_bsp/system.mss
TRACE::2026-01-15.12:17:37::SCWMssOS::DEBUG:  swdes dump  C:/Users/CamLT/AX7010_Work/UltrasonicFPGA2021/delay-and-sum/delay_and_sum_plat/ps7_cortexa9_0/standalone_domain/bsp/system.mss|system_0||
C:/Users/CamLT/AX7010_Work/UltrasonicFPGA2021/delay-and-sum/delay_and_sum_plat/zynq_fsbl/zynq_fsbl_bsp/system.mss|system||

TRACE::2026-01-15.12:17:37::SCWMssOS::Sw design exists and opened at  C:/Users/CamLT/AX7010_Work/UltrasonicFPGA2021/delay-and-sum/delay_and_sum_plat/zynq_fsbl/zynq_fsbl_bsp/system.mss
TRACE::2026-01-15.12:17:37::SCWPlatform::Trying to open the hw design at C:/Users/CamLT/AX7010_Work/UltrasonicFPGA2021/delay-and-sum/delay_and_sum_plat/hw/Demodulator_128Ch_wrapper.xsa
TRACE::2026-01-15.12:17:37::SCWPlatform::DSA given C:/Users/CamLT/AX7010_Work/UltrasonicFPGA2021/delay-and-sum/delay_and_sum_plat/hw/Demodulator_128Ch_wrapper.xsa
TRACE::2026-01-15.12:17:37::SCWPlatform::DSA absoulate path C:/Users/CamLT/AX7010_Work/UltrasonicFPGA2021/delay-and-sum/delay_and_sum_plat/hw/Demodulator_128Ch_wrapper.xsa
TRACE::2026-01-15.12:17:37::SCWPlatform::DSA directory C:/Users/CamLT/AX7010_Work/UltrasonicFPGA2021/delay-and-sum/delay_and_sum_plat/hw
TRACE::2026-01-15.12:17:37::SCWPlatform:: Platform Path C:/Users/CamLT/AX7010_Work/UltrasonicFPGA2021/delay-and-sum/delay_and_sum_plat/hw/Demodulator_128Ch_wrapper.xsa
TRACE::2026-01-15.12:17:37::SCWPlatform:: Unique name xilinx:::0.0
TRACE::2026-01-15.12:17:37::SCWPlatform::Trying to set the existing hwdb with name Demodulator_128Ch_wrappe_0
TRACE::2026-01-15.12:17:37::SCWPlatform::Opened existing hwdb Demodulator_128Ch_wrappe_0
TRACE::2026-01-15.12:17:37::SCWPlatform::Found the Hw Db part of the input DSA
TRACE::2026-01-15.12:17:37::SCWMssOS::Checking the sw design at  C:/Users/CamLT/AX7010_Work/UltrasonicFPGA2021/delay-and-sum/delay_and_sum_plat/zynq_fsbl/zynq_fsbl_bsp/system.mss
TRACE::2026-01-15.12:17:37::SCWMssOS::DEBUG:  swdes dump  C:/Users/CamLT/AX7010_Work/UltrasonicFPGA2021/delay-and-sum/delay_and_sum_plat/ps7_cortexa9_0/standalone_domain/bsp/system.mss|system_0||
C:/Users/CamLT/AX7010_Work/UltrasonicFPGA2021/delay-and-sum/delay_and_sum_plat/zynq_fsbl/zynq_fsbl_bsp/system.mss|system||

TRACE::2026-01-15.12:17:37::SCWMssOS::Sw design exists and opened at  C:/Users/CamLT/AX7010_Work/UltrasonicFPGA2021/delay-and-sum/delay_and_sum_plat/zynq_fsbl/zynq_fsbl_bsp/system.mss
TRACE::2026-01-15.12:17:37::SCWPlatform::Trying to open the hw design at C:/Users/CamLT/AX7010_Work/UltrasonicFPGA2021/delay-and-sum/delay_and_sum_plat/hw/Demodulator_128Ch_wrapper.xsa
TRACE::2026-01-15.12:17:37::SCWPlatform::DSA given C:/Users/CamLT/AX7010_Work/UltrasonicFPGA2021/delay-and-sum/delay_and_sum_plat/hw/Demodulator_128Ch_wrapper.xsa
TRACE::2026-01-15.12:17:37::SCWPlatform::DSA absoulate path C:/Users/CamLT/AX7010_Work/UltrasonicFPGA2021/delay-and-sum/delay_and_sum_plat/hw/Demodulator_128Ch_wrapper.xsa
TRACE::2026-01-15.12:17:37::SCWPlatform::DSA directory C:/Users/CamLT/AX7010_Work/UltrasonicFPGA2021/delay-and-sum/delay_and_sum_plat/hw
TRACE::2026-01-15.12:17:37::SCWPlatform:: Platform Path C:/Users/CamLT/AX7010_Work/UltrasonicFPGA2021/delay-and-sum/delay_and_sum_plat/hw/Demodulator_128Ch_wrapper.xsa
TRACE::2026-01-15.12:17:37::SCWPlatform:: Unique name xilinx:::0.0
TRACE::2026-01-15.12:17:37::SCWPlatform::Trying to set the existing hwdb with name Demodulator_128Ch_wrappe_0
TRACE::2026-01-15.12:17:37::SCWPlatform::Opened existing hwdb Demodulator_128Ch_wrappe_0
TRACE::2026-01-15.12:17:37::SCWPlatform::Found the Hw Db part of the input DSA
TRACE::2026-01-15.12:17:37::SCWMssOS::Checking the sw design at  C:/Users/CamLT/AX7010_Work/UltrasonicFPGA2021/delay-and-sum/delay_and_sum_plat/ps7_cortexa9_0/standalone_domain/bsp/system.mss
TRACE::2026-01-15.12:17:37::SCWMssOS::DEBUG:  swdes dump  C:/Users/CamLT/AX7010_Work/UltrasonicFPGA2021/delay-and-sum/delay_and_sum_plat/ps7_cortexa9_0/standalone_domain/bsp/system.mss|system_0||
C:/Users/CamLT/AX7010_Work/UltrasonicFPGA2021/delay-and-sum/delay_and_sum_plat/zynq_fsbl/zynq_fsbl_bsp/system.mss|system||

TRACE::2026-01-15.12:17:37::SCWMssOS::Sw design exists and opened at  C:/Users/CamLT/AX7010_Work/UltrasonicFPGA2021/delay-and-sum/delay_and_sum_plat/ps7_cortexa9_0/standalone_domain/bsp/system.mss
TRACE::2026-01-15.12:17:37::SCWPlatform::Trying to open the hw design at C:/Users/CamLT/AX7010_Work/UltrasonicFPGA2021/delay-and-sum/delay_and_sum_plat/hw/Demodulator_128Ch_wrapper.xsa
TRACE::2026-01-15.12:17:37::SCWPlatform::DSA given C:/Users/CamLT/AX7010_Work/UltrasonicFPGA2021/delay-and-sum/delay_and_sum_plat/hw/Demodulator_128Ch_wrapper.xsa
TRACE::2026-01-15.12:17:37::SCWPlatform::DSA absoulate path C:/Users/CamLT/AX7010_Work/UltrasonicFPGA2021/delay-and-sum/delay_and_sum_plat/hw/Demodulator_128Ch_wrapper.xsa
TRACE::2026-01-15.12:17:37::SCWPlatform::DSA directory C:/Users/CamLT/AX7010_Work/UltrasonicFPGA2021/delay-and-sum/delay_and_sum_plat/hw
TRACE::2026-01-15.12:17:37::SCWPlatform:: Platform Path C:/Users/CamLT/AX7010_Work/UltrasonicFPGA2021/delay-and-sum/delay_and_sum_plat/hw/Demodulator_128Ch_wrapper.xsa
TRACE::2026-01-15.12:17:37::SCWPlatform:: Unique name xilinx:::0.0
TRACE::2026-01-15.12:17:37::SCWPlatform::Trying to set the existing hwdb with name Demodulator_128Ch_wrappe_0
TRACE::2026-01-15.12:17:37::SCWPlatform::Opened existing hwdb Demodulator_128Ch_wrappe_0
TRACE::2026-01-15.12:17:37::SCWPlatform::Found the Hw Db part of the input DSA
TRACE::2026-01-15.12:17:37::SCWMssOS::Checking the sw design at  C:/Users/CamLT/AX7010_Work/UltrasonicFPGA2021/delay-and-sum/delay_and_sum_plat/ps7_cortexa9_0/standalone_domain/bsp/system.mss
TRACE::2026-01-15.12:17:37::SCWMssOS::DEBUG:  swdes dump  C:/Users/CamLT/AX7010_Work/UltrasonicFPGA2021/delay-and-sum/delay_and_sum_plat/ps7_cortexa9_0/standalone_domain/bsp/system.mss|system_0||
C:/Users/CamLT/AX7010_Work/UltrasonicFPGA2021/delay-and-sum/delay_and_sum_plat/zynq_fsbl/zynq_fsbl_bsp/system.mss|system||

TRACE::2026-01-15.12:17:37::SCWMssOS::Sw design exists and opened at  C:/Users/CamLT/AX7010_Work/UltrasonicFPGA2021/delay-and-sum/delay_and_sum_plat/ps7_cortexa9_0/standalone_domain/bsp/system.mss
TRACE::2026-01-15.12:17:37::SCWPlatform::Trying to open the hw design at C:/Users/CamLT/AX7010_Work/UltrasonicFPGA2021/delay-and-sum/delay_and_sum_plat/hw/Demodulator_128Ch_wrapper.xsa
TRACE::2026-01-15.12:17:37::SCWPlatform::DSA given C:/Users/CamLT/AX7010_Work/UltrasonicFPGA2021/delay-and-sum/delay_and_sum_plat/hw/Demodulator_128Ch_wrapper.xsa
TRACE::2026-01-15.12:17:37::SCWPlatform::DSA absoulate path C:/Users/CamLT/AX7010_Work/UltrasonicFPGA2021/delay-and-sum/delay_and_sum_plat/hw/Demodulator_128Ch_wrapper.xsa
TRACE::2026-01-15.12:17:37::SCWPlatform::DSA directory C:/Users/CamLT/AX7010_Work/UltrasonicFPGA2021/delay-and-sum/delay_and_sum_plat/hw
TRACE::2026-01-15.12:17:37::SCWPlatform:: Platform Path C:/Users/CamLT/AX7010_Work/UltrasonicFPGA2021/delay-and-sum/delay_and_sum_plat/hw/Demodulator_128Ch_wrapper.xsa
TRACE::2026-01-15.12:17:37::SCWPlatform:: Unique name xilinx:::0.0
TRACE::2026-01-15.12:17:37::SCWPlatform::Trying to set the existing hwdb with name Demodulator_128Ch_wrappe_0
TRACE::2026-01-15.12:17:37::SCWPlatform::Opened existing hwdb Demodulator_128Ch_wrappe_0
TRACE::2026-01-15.12:17:37::SCWPlatform::Found the Hw Db part of the input DSA
TRACE::2026-01-15.12:17:37::SCWMssOS::Checking the sw design at  C:/Users/CamLT/AX7010_Work/UltrasonicFPGA2021/delay-and-sum/delay_and_sum_plat/ps7_cortexa9_0/standalone_domain/bsp/system.mss
TRACE::2026-01-15.12:17:37::SCWMssOS::DEBUG:  swdes dump  C:/Users/CamLT/AX7010_Work/UltrasonicFPGA2021/delay-and-sum/delay_and_sum_plat/ps7_cortexa9_0/standalone_domain/bsp/system.mss|system_0||
C:/Users/CamLT/AX7010_Work/UltrasonicFPGA2021/delay-and-sum/delay_and_sum_plat/zynq_fsbl/zynq_fsbl_bsp/system.mss|system||

TRACE::2026-01-15.12:17:37::SCWMssOS::Sw design exists and opened at  C:/Users/CamLT/AX7010_Work/UltrasonicFPGA2021/delay-and-sum/delay_and_sum_plat/ps7_cortexa9_0/standalone_domain/bsp/system.mss
TRACE::2026-01-15.12:17:37::SCWWriter::formatted JSON is {
	"platformName":	"delay_and_sum_plat",
	"sprVersion":	"2.0",
	"mode":	"gui",
	"dsaType":	"Fixed",
	"platformDesc":	"delay_and_sum_plat",
	"platHandOff":	"C:/Users/CamLT/AX7010_Work/Demodulator_128Ch_wrapper.xsa",
	"platIntHandOff":	"<platformDir>/hw/Demodulator_128Ch_wrapper.xsa",
	"deviceType":	"zynq",
	"platIsPrebuiltAutogen":	"false",
	"platIsNoBootBsp":	"false",
	"platFsblTarget":	"ps7_cortexa9_0",
	"hasFsblMakeHasChanges":	"false",
	"hasPmufwMakeHasChanges":	"false",
	"fsblExtraCompilerFlags":	"-MMD -MP       -mcpu=cortex-a9 -mfpu=vfpv3 -mfloat-abi=hard ",
	"platPreBuiltFlag":	false,
	"platformSamplesDir":	"",
	"platActiveSys":	"delay_and_sum_plat",
	"systems":	[{
			"systemName":	"delay_and_sum_plat",
			"systemDesc":	"delay_and_sum_plat",
			"sysIsBootAutoGen":	"true",
			"systemDispName":	"delay_and_sum_plat",
			"sysActiveDom":	"standalone_domain",
			"sysDefaultDom":	"standalone_domain",
			"domains":	[{
					"domainName":	"zynq_fsbl",
					"domainDispName":	"zynq_fsbl",
					"domainDesc":	"FSBL Application BSP - Auto Generated.",
					"processors":	"ps7_cortexa9_0",
					"os":	"standalone",
					"sdxOs":	"standalone",
					"debugEnable":	"",
					"domRuntimes":	["cpp"],
					"swRepo":	"",
					"mssOsVer":	"7.5",
					"mssFile":	"",
					"md5Digest":	"8d3fc67baac38ac96da78567c4cbff96",
					"compatibleApp":	"zynq_fsbl",
					"domType":	"bootDomain",
					"arch":	"32-bit",
					"appSettings":	{
						"appCompilerFlags":	"",
						"appLinkerFlags":	""
					},
					"addedLibs":	["xilffs:4.5", "xilrsa:1.6"],
					"libOptions":	{
						"libsContainingOptions":	[]
					},
					"prebuiltLibs":	{
						"prebuiltIncPath":	[],
						"prebuiltLibPath":	[]
					},
					"isolation":	{
					}
				}, {
					"domainName":	"standalone_domain",
					"domainDispName":	"standalone_domain",
					"domainDesc":	"standalone_domain",
					"processors":	"ps7_cortexa9_0",
					"os":	"standalone",
					"sdxOs":	"standalone",
					"qemuArgs":	"C:/Xilinx/Vitis/2021.1/data/emulation/platforms/zynq/sw/a9_standalone/qemu/qemu_args.txt",
					"qemuData":	"C:/Xilinx/Vitis/2021.1/data/emulation/platforms/zynq/sw/a9_standalone/qemu/",
					"debugEnable":	"False",
					"domRuntimes":	["cpp"],
					"swRepo":	"",
					"mssOsVer":	"7.5",
					"mssFile":	"",
					"md5Digest":	"e1314fc24394511c64ca9c8e839a63cb",
					"compatibleApp":	"",
					"domType":	"mssDomain",
					"appSettings":	{
						"appCompilerFlags":	"",
						"appLinkerFlags":	""
					},
					"addedLibs":	[],
					"libOptions":	{
						"libsContainingOptions":	[]
					},
					"prebuiltLibs":	{
						"prebuiltIncPath":	[],
						"prebuiltLibPath":	[]
					},
					"isolation":	{
					}
				}]
		}]
}
TRACE::2026-01-15.12:17:37::SCWPlatform::Trying to open the hw design at C:/Users/CamLT/AX7010_Work/UltrasonicFPGA2021/delay-and-sum/delay_and_sum_plat/hw/Demodulator_128Ch_wrapper.xsa
TRACE::2026-01-15.12:17:37::SCWPlatform::DSA given C:/Users/CamLT/AX7010_Work/UltrasonicFPGA2021/delay-and-sum/delay_and_sum_plat/hw/Demodulator_128Ch_wrapper.xsa
TRACE::2026-01-15.12:17:37::SCWPlatform::DSA absoulate path C:/Users/CamLT/AX7010_Work/UltrasonicFPGA2021/delay-and-sum/delay_and_sum_plat/hw/Demodulator_128Ch_wrapper.xsa
TRACE::2026-01-15.12:17:37::SCWPlatform::DSA directory C:/Users/CamLT/AX7010_Work/UltrasonicFPGA2021/delay-and-sum/delay_and_sum_plat/hw
TRACE::2026-01-15.12:17:37::SCWPlatform:: Platform Path C:/Users/CamLT/AX7010_Work/UltrasonicFPGA2021/delay-and-sum/delay_and_sum_plat/hw/Demodulator_128Ch_wrapper.xsa
TRACE::2026-01-15.12:17:37::SCWPlatform:: Unique name xilinx:::0.0
TRACE::2026-01-15.12:17:37::SCWPlatform::Trying to set the existing hwdb with name Demodulator_128Ch_wrappe_0
TRACE::2026-01-15.12:17:37::SCWPlatform::Opened existing hwdb Demodulator_128Ch_wrappe_0
TRACE::2026-01-15.12:17:37::SCWPlatform::Found the Hw Db part of the input DSA
TRACE::2026-01-15.12:17:37::SCWMssOS::Checking the sw design at  C:/Users/CamLT/AX7010_Work/UltrasonicFPGA2021/delay-and-sum/delay_and_sum_plat/ps7_cortexa9_0/standalone_domain/bsp/system.mss
TRACE::2026-01-15.12:17:37::SCWMssOS::DEBUG:  swdes dump  C:/Users/CamLT/AX7010_Work/UltrasonicFPGA2021/delay-and-sum/delay_and_sum_plat/ps7_cortexa9_0/standalone_domain/bsp/system.mss|system_0||
C:/Users/CamLT/AX7010_Work/UltrasonicFPGA2021/delay-and-sum/delay_and_sum_plat/zynq_fsbl/zynq_fsbl_bsp/system.mss|system||

TRACE::2026-01-15.12:17:37::SCWMssOS::Sw design exists and opened at  C:/Users/CamLT/AX7010_Work/UltrasonicFPGA2021/delay-and-sum/delay_and_sum_plat/ps7_cortexa9_0/standalone_domain/bsp/system.mss
TRACE::2026-01-15.12:17:37::SCWPlatform::Trying to open the hw design at C:/Users/CamLT/AX7010_Work/UltrasonicFPGA2021/delay-and-sum/delay_and_sum_plat/hw/Demodulator_128Ch_wrapper.xsa
TRACE::2026-01-15.12:17:37::SCWPlatform::DSA given C:/Users/CamLT/AX7010_Work/UltrasonicFPGA2021/delay-and-sum/delay_and_sum_plat/hw/Demodulator_128Ch_wrapper.xsa
TRACE::2026-01-15.12:17:37::SCWPlatform::DSA absoulate path C:/Users/CamLT/AX7010_Work/UltrasonicFPGA2021/delay-and-sum/delay_and_sum_plat/hw/Demodulator_128Ch_wrapper.xsa
TRACE::2026-01-15.12:17:37::SCWPlatform::DSA directory C:/Users/CamLT/AX7010_Work/UltrasonicFPGA2021/delay-and-sum/delay_and_sum_plat/hw
TRACE::2026-01-15.12:17:37::SCWPlatform:: Platform Path C:/Users/CamLT/AX7010_Work/UltrasonicFPGA2021/delay-and-sum/delay_and_sum_plat/hw/Demodulator_128Ch_wrapper.xsa
TRACE::2026-01-15.12:17:37::SCWPlatform:: Unique name xilinx:::0.0
TRACE::2026-01-15.12:17:37::SCWPlatform::Trying to set the existing hwdb with name Demodulator_128Ch_wrappe_0
TRACE::2026-01-15.12:17:37::SCWPlatform::Opened existing hwdb Demodulator_128Ch_wrappe_0
TRACE::2026-01-15.12:17:37::SCWPlatform::Found the Hw Db part of the input DSA
TRACE::2026-01-15.12:17:37::SCWMssOS::Checking the sw design at  C:/Users/CamLT/AX7010_Work/UltrasonicFPGA2021/delay-and-sum/delay_and_sum_plat/ps7_cortexa9_0/standalone_domain/bsp/system.mss
TRACE::2026-01-15.12:17:37::SCWMssOS::DEBUG:  swdes dump  C:/Users/CamLT/AX7010_Work/UltrasonicFPGA2021/delay-and-sum/delay_and_sum_plat/ps7_cortexa9_0/standalone_domain/bsp/system.mss|system_0||
C:/Users/CamLT/AX7010_Work/UltrasonicFPGA2021/delay-and-sum/delay_and_sum_plat/zynq_fsbl/zynq_fsbl_bsp/system.mss|system||

TRACE::2026-01-15.12:17:37::SCWMssOS::Sw design exists and opened at  C:/Users/CamLT/AX7010_Work/UltrasonicFPGA2021/delay-and-sum/delay_and_sum_plat/ps7_cortexa9_0/standalone_domain/bsp/system.mss
TRACE::2026-01-15.12:17:37::SCWPlatform::Trying to open the hw design at C:/Users/CamLT/AX7010_Work/UltrasonicFPGA2021/delay-and-sum/delay_and_sum_plat/hw/Demodulator_128Ch_wrapper.xsa
TRACE::2026-01-15.12:17:37::SCWPlatform::DSA given C:/Users/CamLT/AX7010_Work/UltrasonicFPGA2021/delay-and-sum/delay_and_sum_plat/hw/Demodulator_128Ch_wrapper.xsa
TRACE::2026-01-15.12:17:37::SCWPlatform::DSA absoulate path C:/Users/CamLT/AX7010_Work/UltrasonicFPGA2021/delay-and-sum/delay_and_sum_plat/hw/Demodulator_128Ch_wrapper.xsa
TRACE::2026-01-15.12:17:37::SCWPlatform::DSA directory C:/Users/CamLT/AX7010_Work/UltrasonicFPGA2021/delay-and-sum/delay_and_sum_plat/hw
TRACE::2026-01-15.12:17:37::SCWPlatform:: Platform Path C:/Users/CamLT/AX7010_Work/UltrasonicFPGA2021/delay-and-sum/delay_and_sum_plat/hw/Demodulator_128Ch_wrapper.xsa
TRACE::2026-01-15.12:17:37::SCWPlatform:: Unique name xilinx:::0.0
TRACE::2026-01-15.12:17:37::SCWPlatform::Trying to set the existing hwdb with name Demodulator_128Ch_wrappe_0
TRACE::2026-01-15.12:17:37::SCWPlatform::Opened existing hwdb Demodulator_128Ch_wrappe_0
TRACE::2026-01-15.12:17:37::SCWPlatform::Found the Hw Db part of the input DSA
TRACE::2026-01-15.12:17:37::SCWMssOS::Checking the sw design at  C:/Users/CamLT/AX7010_Work/UltrasonicFPGA2021/delay-and-sum/delay_and_sum_plat/ps7_cortexa9_0/standalone_domain/bsp/system.mss
TRACE::2026-01-15.12:17:37::SCWMssOS::DEBUG:  swdes dump  C:/Users/CamLT/AX7010_Work/UltrasonicFPGA2021/delay-and-sum/delay_and_sum_plat/ps7_cortexa9_0/standalone_domain/bsp/system.mss|system_0||
C:/Users/CamLT/AX7010_Work/UltrasonicFPGA2021/delay-and-sum/delay_and_sum_plat/zynq_fsbl/zynq_fsbl_bsp/system.mss|system||

TRACE::2026-01-15.12:17:37::SCWMssOS::Sw design exists and opened at  C:/Users/CamLT/AX7010_Work/UltrasonicFPGA2021/delay-and-sum/delay_and_sum_plat/ps7_cortexa9_0/standalone_domain/bsp/system.mss
TRACE::2026-01-15.12:17:37::SCWMssOS::Saving the mss changes C:/Users/CamLT/AX7010_Work/UltrasonicFPGA2021/delay-and-sum/delay_and_sum_plat/zynq_fsbl/zynq_fsbl_bsp/system.mss
TRACE::2026-01-15.12:17:37::SCWMssOS::Found a swdesign opened with the mssfile.
TRACE::2026-01-15.12:17:37::SCWMssOS::Completed writemss as part of save.
TRACE::2026-01-15.12:17:37::SCWMssOS::Commit changes completed.
TRACE::2026-01-15.12:17:37::SCWMssOS::Saving the mss changes C:/Users/CamLT/AX7010_Work/UltrasonicFPGA2021/delay-and-sum/delay_and_sum_plat/ps7_cortexa9_0/standalone_domain/bsp/system.mss
TRACE::2026-01-15.12:17:37::SCWMssOS::Found a swdesign opened with the mssfile.
TRACE::2026-01-15.12:17:37::SCWMssOS::Completed writemss as part of save.
TRACE::2026-01-15.12:17:37::SCWMssOS::Commit changes completed.
TRACE::2026-01-15.12:17:37::SCWPlatform::Trying to open the hw design at C:/Users/CamLT/AX7010_Work/UltrasonicFPGA2021/delay-and-sum/delay_and_sum_plat/hw/Demodulator_128Ch_wrapper.xsa
TRACE::2026-01-15.12:17:37::SCWPlatform::DSA given C:/Users/CamLT/AX7010_Work/UltrasonicFPGA2021/delay-and-sum/delay_and_sum_plat/hw/Demodulator_128Ch_wrapper.xsa
TRACE::2026-01-15.12:17:37::SCWPlatform::DSA absoulate path C:/Users/CamLT/AX7010_Work/UltrasonicFPGA2021/delay-and-sum/delay_and_sum_plat/hw/Demodulator_128Ch_wrapper.xsa
TRACE::2026-01-15.12:17:37::SCWPlatform::DSA directory C:/Users/CamLT/AX7010_Work/UltrasonicFPGA2021/delay-and-sum/delay_and_sum_plat/hw
TRACE::2026-01-15.12:17:37::SCWPlatform:: Platform Path C:/Users/CamLT/AX7010_Work/UltrasonicFPGA2021/delay-and-sum/delay_and_sum_plat/hw/Demodulator_128Ch_wrapper.xsa
TRACE::2026-01-15.12:17:37::SCWPlatform:: Unique name xilinx:::0.0
TRACE::2026-01-15.12:17:37::SCWPlatform::Trying to set the existing hwdb with name Demodulator_128Ch_wrappe_0
TRACE::2026-01-15.12:17:37::SCWPlatform::Opened existing hwdb Demodulator_128Ch_wrappe_0
TRACE::2026-01-15.12:17:37::SCWPlatform::Found the Hw Db part of the input DSA
TRACE::2026-01-15.12:17:37::SCWMssOS::Checking the sw design at  C:/Users/CamLT/AX7010_Work/UltrasonicFPGA2021/delay-and-sum/delay_and_sum_plat/zynq_fsbl/zynq_fsbl_bsp/system.mss
TRACE::2026-01-15.12:17:37::SCWMssOS::DEBUG:  swdes dump  C:/Users/CamLT/AX7010_Work/UltrasonicFPGA2021/delay-and-sum/delay_and_sum_plat/ps7_cortexa9_0/standalone_domain/bsp/system.mss|system_0||
C:/Users/CamLT/AX7010_Work/UltrasonicFPGA2021/delay-and-sum/delay_and_sum_plat/zynq_fsbl/zynq_fsbl_bsp/system.mss|system||

TRACE::2026-01-15.12:17:37::SCWMssOS::Sw design exists and opened at  C:/Users/CamLT/AX7010_Work/UltrasonicFPGA2021/delay-and-sum/delay_and_sum_plat/zynq_fsbl/zynq_fsbl_bsp/system.mss
TRACE::2026-01-15.12:17:37::SCWPlatform::Trying to open the hw design at C:/Users/CamLT/AX7010_Work/UltrasonicFPGA2021/delay-and-sum/delay_and_sum_plat/hw/Demodulator_128Ch_wrapper.xsa
TRACE::2026-01-15.12:17:37::SCWPlatform::DSA given C:/Users/CamLT/AX7010_Work/UltrasonicFPGA2021/delay-and-sum/delay_and_sum_plat/hw/Demodulator_128Ch_wrapper.xsa
TRACE::2026-01-15.12:17:37::SCWPlatform::DSA absoulate path C:/Users/CamLT/AX7010_Work/UltrasonicFPGA2021/delay-and-sum/delay_and_sum_plat/hw/Demodulator_128Ch_wrapper.xsa
TRACE::2026-01-15.12:17:37::SCWPlatform::DSA directory C:/Users/CamLT/AX7010_Work/UltrasonicFPGA2021/delay-and-sum/delay_and_sum_plat/hw
TRACE::2026-01-15.12:17:37::SCWPlatform:: Platform Path C:/Users/CamLT/AX7010_Work/UltrasonicFPGA2021/delay-and-sum/delay_and_sum_plat/hw/Demodulator_128Ch_wrapper.xsa
TRACE::2026-01-15.12:17:37::SCWPlatform:: Unique name xilinx:::0.0
TRACE::2026-01-15.12:17:37::SCWPlatform::Trying to set the existing hwdb with name Demodulator_128Ch_wrappe_0
TRACE::2026-01-15.12:17:37::SCWPlatform::Opened existing hwdb Demodulator_128Ch_wrappe_0
TRACE::2026-01-15.12:17:37::SCWPlatform::Found the Hw Db part of the input DSA
TRACE::2026-01-15.12:17:37::SCWMssOS::Checking the sw design at  C:/Users/CamLT/AX7010_Work/UltrasonicFPGA2021/delay-and-sum/delay_and_sum_plat/zynq_fsbl/zynq_fsbl_bsp/system.mss
TRACE::2026-01-15.12:17:37::SCWMssOS::DEBUG:  swdes dump  C:/Users/CamLT/AX7010_Work/UltrasonicFPGA2021/delay-and-sum/delay_and_sum_plat/ps7_cortexa9_0/standalone_domain/bsp/system.mss|system_0||
C:/Users/CamLT/AX7010_Work/UltrasonicFPGA2021/delay-and-sum/delay_and_sum_plat/zynq_fsbl/zynq_fsbl_bsp/system.mss|system||

TRACE::2026-01-15.12:17:37::SCWMssOS::Sw design exists and opened at  C:/Users/CamLT/AX7010_Work/UltrasonicFPGA2021/delay-and-sum/delay_and_sum_plat/zynq_fsbl/zynq_fsbl_bsp/system.mss
TRACE::2026-01-15.12:17:37::SCWPlatform::Trying to open the hw design at C:/Users/CamLT/AX7010_Work/UltrasonicFPGA2021/delay-and-sum/delay_and_sum_plat/hw/Demodulator_128Ch_wrapper.xsa
TRACE::2026-01-15.12:17:37::SCWPlatform::DSA given C:/Users/CamLT/AX7010_Work/UltrasonicFPGA2021/delay-and-sum/delay_and_sum_plat/hw/Demodulator_128Ch_wrapper.xsa
TRACE::2026-01-15.12:17:37::SCWPlatform::DSA absoulate path C:/Users/CamLT/AX7010_Work/UltrasonicFPGA2021/delay-and-sum/delay_and_sum_plat/hw/Demodulator_128Ch_wrapper.xsa
TRACE::2026-01-15.12:17:37::SCWPlatform::DSA directory C:/Users/CamLT/AX7010_Work/UltrasonicFPGA2021/delay-and-sum/delay_and_sum_plat/hw
TRACE::2026-01-15.12:17:37::SCWPlatform:: Platform Path C:/Users/CamLT/AX7010_Work/UltrasonicFPGA2021/delay-and-sum/delay_and_sum_plat/hw/Demodulator_128Ch_wrapper.xsa
TRACE::2026-01-15.12:17:37::SCWPlatform:: Unique name xilinx:::0.0
TRACE::2026-01-15.12:17:37::SCWPlatform::Trying to set the existing hwdb with name Demodulator_128Ch_wrappe_0
TRACE::2026-01-15.12:17:37::SCWPlatform::Opened existing hwdb Demodulator_128Ch_wrappe_0
TRACE::2026-01-15.12:17:37::SCWPlatform::Found the Hw Db part of the input DSA
TRACE::2026-01-15.12:17:37::SCWMssOS::Checking the sw design at  C:/Users/CamLT/AX7010_Work/UltrasonicFPGA2021/delay-and-sum/delay_and_sum_plat/zynq_fsbl/zynq_fsbl_bsp/system.mss
TRACE::2026-01-15.12:17:37::SCWMssOS::DEBUG:  swdes dump  C:/Users/CamLT/AX7010_Work/UltrasonicFPGA2021/delay-and-sum/delay_and_sum_plat/ps7_cortexa9_0/standalone_domain/bsp/system.mss|system_0||
C:/Users/CamLT/AX7010_Work/UltrasonicFPGA2021/delay-and-sum/delay_and_sum_plat/zynq_fsbl/zynq_fsbl_bsp/system.mss|system||

TRACE::2026-01-15.12:17:37::SCWMssOS::Sw design exists and opened at  C:/Users/CamLT/AX7010_Work/UltrasonicFPGA2021/delay-and-sum/delay_and_sum_plat/zynq_fsbl/zynq_fsbl_bsp/system.mss
TRACE::2026-01-15.12:17:37::SCWPlatform::Trying to open the hw design at C:/Users/CamLT/AX7010_Work/UltrasonicFPGA2021/delay-and-sum/delay_and_sum_plat/hw/Demodulator_128Ch_wrapper.xsa
TRACE::2026-01-15.12:17:37::SCWPlatform::DSA given C:/Users/CamLT/AX7010_Work/UltrasonicFPGA2021/delay-and-sum/delay_and_sum_plat/hw/Demodulator_128Ch_wrapper.xsa
TRACE::2026-01-15.12:17:37::SCWPlatform::DSA absoulate path C:/Users/CamLT/AX7010_Work/UltrasonicFPGA2021/delay-and-sum/delay_and_sum_plat/hw/Demodulator_128Ch_wrapper.xsa
TRACE::2026-01-15.12:17:37::SCWPlatform::DSA directory C:/Users/CamLT/AX7010_Work/UltrasonicFPGA2021/delay-and-sum/delay_and_sum_plat/hw
TRACE::2026-01-15.12:17:37::SCWPlatform:: Platform Path C:/Users/CamLT/AX7010_Work/UltrasonicFPGA2021/delay-and-sum/delay_and_sum_plat/hw/Demodulator_128Ch_wrapper.xsa
TRACE::2026-01-15.12:17:37::SCWPlatform:: Unique name xilinx:::0.0
TRACE::2026-01-15.12:17:37::SCWPlatform::Trying to set the existing hwdb with name Demodulator_128Ch_wrappe_0
TRACE::2026-01-15.12:17:37::SCWPlatform::Opened existing hwdb Demodulator_128Ch_wrappe_0
TRACE::2026-01-15.12:17:37::SCWPlatform::Found the Hw Db part of the input DSA
TRACE::2026-01-15.12:17:37::SCWMssOS::Checking the sw design at  C:/Users/CamLT/AX7010_Work/UltrasonicFPGA2021/delay-and-sum/delay_and_sum_plat/ps7_cortexa9_0/standalone_domain/bsp/system.mss
TRACE::2026-01-15.12:17:37::SCWMssOS::DEBUG:  swdes dump  C:/Users/CamLT/AX7010_Work/UltrasonicFPGA2021/delay-and-sum/delay_and_sum_plat/ps7_cortexa9_0/standalone_domain/bsp/system.mss|system_0||
C:/Users/CamLT/AX7010_Work/UltrasonicFPGA2021/delay-and-sum/delay_and_sum_plat/zynq_fsbl/zynq_fsbl_bsp/system.mss|system||

TRACE::2026-01-15.12:17:37::SCWMssOS::Sw design exists and opened at  C:/Users/CamLT/AX7010_Work/UltrasonicFPGA2021/delay-and-sum/delay_and_sum_plat/ps7_cortexa9_0/standalone_domain/bsp/system.mss
TRACE::2026-01-15.12:17:37::SCWPlatform::Trying to open the hw design at C:/Users/CamLT/AX7010_Work/UltrasonicFPGA2021/delay-and-sum/delay_and_sum_plat/hw/Demodulator_128Ch_wrapper.xsa
TRACE::2026-01-15.12:17:37::SCWPlatform::DSA given C:/Users/CamLT/AX7010_Work/UltrasonicFPGA2021/delay-and-sum/delay_and_sum_plat/hw/Demodulator_128Ch_wrapper.xsa
TRACE::2026-01-15.12:17:37::SCWPlatform::DSA absoulate path C:/Users/CamLT/AX7010_Work/UltrasonicFPGA2021/delay-and-sum/delay_and_sum_plat/hw/Demodulator_128Ch_wrapper.xsa
TRACE::2026-01-15.12:17:37::SCWPlatform::DSA directory C:/Users/CamLT/AX7010_Work/UltrasonicFPGA2021/delay-and-sum/delay_and_sum_plat/hw
TRACE::2026-01-15.12:17:37::SCWPlatform:: Platform Path C:/Users/CamLT/AX7010_Work/UltrasonicFPGA2021/delay-and-sum/delay_and_sum_plat/hw/Demodulator_128Ch_wrapper.xsa
TRACE::2026-01-15.12:17:37::SCWPlatform:: Unique name xilinx:::0.0
TRACE::2026-01-15.12:17:37::SCWPlatform::Trying to set the existing hwdb with name Demodulator_128Ch_wrappe_0
TRACE::2026-01-15.12:17:37::SCWPlatform::Opened existing hwdb Demodulator_128Ch_wrappe_0
TRACE::2026-01-15.12:17:37::SCWPlatform::Found the Hw Db part of the input DSA
TRACE::2026-01-15.12:17:37::SCWMssOS::Checking the sw design at  C:/Users/CamLT/AX7010_Work/UltrasonicFPGA2021/delay-and-sum/delay_and_sum_plat/ps7_cortexa9_0/standalone_domain/bsp/system.mss
TRACE::2026-01-15.12:17:37::SCWMssOS::DEBUG:  swdes dump  C:/Users/CamLT/AX7010_Work/UltrasonicFPGA2021/delay-and-sum/delay_and_sum_plat/ps7_cortexa9_0/standalone_domain/bsp/system.mss|system_0||
C:/Users/CamLT/AX7010_Work/UltrasonicFPGA2021/delay-and-sum/delay_and_sum_plat/zynq_fsbl/zynq_fsbl_bsp/system.mss|system||

TRACE::2026-01-15.12:17:37::SCWMssOS::Sw design exists and opened at  C:/Users/CamLT/AX7010_Work/UltrasonicFPGA2021/delay-and-sum/delay_and_sum_plat/ps7_cortexa9_0/standalone_domain/bsp/system.mss
TRACE::2026-01-15.12:17:37::SCWPlatform::Trying to open the hw design at C:/Users/CamLT/AX7010_Work/UltrasonicFPGA2021/delay-and-sum/delay_and_sum_plat/hw/Demodulator_128Ch_wrapper.xsa
TRACE::2026-01-15.12:17:37::SCWPlatform::DSA given C:/Users/CamLT/AX7010_Work/UltrasonicFPGA2021/delay-and-sum/delay_and_sum_plat/hw/Demodulator_128Ch_wrapper.xsa
TRACE::2026-01-15.12:17:37::SCWPlatform::DSA absoulate path C:/Users/CamLT/AX7010_Work/UltrasonicFPGA2021/delay-and-sum/delay_and_sum_plat/hw/Demodulator_128Ch_wrapper.xsa
TRACE::2026-01-15.12:17:37::SCWPlatform::DSA directory C:/Users/CamLT/AX7010_Work/UltrasonicFPGA2021/delay-and-sum/delay_and_sum_plat/hw
TRACE::2026-01-15.12:17:37::SCWPlatform:: Platform Path C:/Users/CamLT/AX7010_Work/UltrasonicFPGA2021/delay-and-sum/delay_and_sum_plat/hw/Demodulator_128Ch_wrapper.xsa
TRACE::2026-01-15.12:17:37::SCWPlatform:: Unique name xilinx:::0.0
TRACE::2026-01-15.12:17:37::SCWPlatform::Trying to set the existing hwdb with name Demodulator_128Ch_wrappe_0
TRACE::2026-01-15.12:17:37::SCWPlatform::Opened existing hwdb Demodulator_128Ch_wrappe_0
TRACE::2026-01-15.12:17:37::SCWPlatform::Found the Hw Db part of the input DSA
TRACE::2026-01-15.12:17:37::SCWMssOS::Checking the sw design at  C:/Users/CamLT/AX7010_Work/UltrasonicFPGA2021/delay-and-sum/delay_and_sum_plat/ps7_cortexa9_0/standalone_domain/bsp/system.mss
TRACE::2026-01-15.12:17:37::SCWMssOS::DEBUG:  swdes dump  C:/Users/CamLT/AX7010_Work/UltrasonicFPGA2021/delay-and-sum/delay_and_sum_plat/ps7_cortexa9_0/standalone_domain/bsp/system.mss|system_0||
C:/Users/CamLT/AX7010_Work/UltrasonicFPGA2021/delay-and-sum/delay_and_sum_plat/zynq_fsbl/zynq_fsbl_bsp/system.mss|system||

TRACE::2026-01-15.12:17:37::SCWMssOS::Sw design exists and opened at  C:/Users/CamLT/AX7010_Work/UltrasonicFPGA2021/delay-and-sum/delay_and_sum_plat/ps7_cortexa9_0/standalone_domain/bsp/system.mss
TRACE::2026-01-15.12:17:37::SCWWriter::formatted JSON is {
	"platformName":	"delay_and_sum_plat",
	"sprVersion":	"2.0",
	"mode":	"gui",
	"dsaType":	"Fixed",
	"platformDesc":	"delay_and_sum_plat",
	"platHandOff":	"C:/Users/CamLT/AX7010_Work/Demodulator_128Ch_wrapper.xsa",
	"platIntHandOff":	"<platformDir>/hw/Demodulator_128Ch_wrapper.xsa",
	"deviceType":	"zynq",
	"platIsPrebuiltAutogen":	"false",
	"platIsNoBootBsp":	"false",
	"platFsblTarget":	"ps7_cortexa9_0",
	"hasFsblMakeHasChanges":	"false",
	"hasPmufwMakeHasChanges":	"false",
	"fsblExtraCompilerFlags":	"-MMD -MP       -mcpu=cortex-a9 -mfpu=vfpv3 -mfloat-abi=hard ",
	"platPreBuiltFlag":	false,
	"platformSamplesDir":	"",
	"platActiveSys":	"delay_and_sum_plat",
	"systems":	[{
			"systemName":	"delay_and_sum_plat",
			"systemDesc":	"delay_and_sum_plat",
			"sysIsBootAutoGen":	"true",
			"systemDispName":	"delay_and_sum_plat",
			"sysActiveDom":	"standalone_domain",
			"sysDefaultDom":	"standalone_domain",
			"domains":	[{
					"domainName":	"zynq_fsbl",
					"domainDispName":	"zynq_fsbl",
					"domainDesc":	"FSBL Application BSP - Auto Generated.",
					"processors":	"ps7_cortexa9_0",
					"os":	"standalone",
					"sdxOs":	"standalone",
					"debugEnable":	"",
					"domRuntimes":	["cpp"],
					"swRepo":	"",
					"mssOsVer":	"7.5",
					"mssFile":	"",
					"md5Digest":	"8d3fc67baac38ac96da78567c4cbff96",
					"compatibleApp":	"zynq_fsbl",
					"domType":	"bootDomain",
					"arch":	"32-bit",
					"appSettings":	{
						"appCompilerFlags":	"",
						"appLinkerFlags":	""
					},
					"addedLibs":	["xilffs:4.5", "xilrsa:1.6"],
					"libOptions":	{
						"libsContainingOptions":	[]
					},
					"prebuiltLibs":	{
						"prebuiltIncPath":	[],
						"prebuiltLibPath":	[]
					},
					"isolation":	{
					}
				}, {
					"domainName":	"standalone_domain",
					"domainDispName":	"standalone on ps7_cortexa9_0",
					"domainDesc":	"standalone_domain",
					"processors":	"ps7_cortexa9_0",
					"os":	"standalone",
					"sdxOs":	"standalone",
					"qemuArgs":	"C:/Xilinx/Vitis/2021.1/data/emulation/platforms/zynq/sw/a9_standalone/qemu/qemu_args.txt",
					"qemuData":	"C:/Xilinx/Vitis/2021.1/data/emulation/platforms/zynq/sw/a9_standalone/qemu/",
					"debugEnable":	"False",
					"domRuntimes":	["cpp"],
					"swRepo":	"",
					"mssOsVer":	"7.5",
					"mssFile":	"",
					"md5Digest":	"e1314fc24394511c64ca9c8e839a63cb",
					"compatibleApp":	"",
					"domType":	"mssDomain",
					"appSettings":	{
						"appCompilerFlags":	"",
						"appLinkerFlags":	""
					},
					"addedLibs":	[],
					"libOptions":	{
						"libsContainingOptions":	[]
					},
					"prebuiltLibs":	{
						"prebuiltIncPath":	[],
						"prebuiltLibPath":	[]
					},
					"isolation":	{
					}
				}]
		}]
}
TRACE::2026-01-15.12:17:37::SCWMssOS::Saving the mss changes C:/Users/CamLT/AX7010_Work/UltrasonicFPGA2021/delay-and-sum/delay_and_sum_plat/zynq_fsbl/zynq_fsbl_bsp/system.mss
TRACE::2026-01-15.12:17:37::SCWMssOS::Found a swdesign opened with the mssfile.
TRACE::2026-01-15.12:17:37::SCWMssOS::Completed writemss as part of save.
TRACE::2026-01-15.12:17:37::SCWMssOS::Commit changes completed.
TRACE::2026-01-15.12:17:37::SCWMssOS::Saving the mss changes C:/Users/CamLT/AX7010_Work/UltrasonicFPGA2021/delay-and-sum/delay_and_sum_plat/ps7_cortexa9_0/standalone_domain/bsp/system.mss
TRACE::2026-01-15.12:17:37::SCWMssOS::Found a swdesign opened with the mssfile.
TRACE::2026-01-15.12:17:37::SCWMssOS::Completed writemss as part of save.
TRACE::2026-01-15.12:17:37::SCWMssOS::Commit changes completed.
TRACE::2026-01-15.12:17:37::SCWPlatform::Trying to open the hw design at C:/Users/CamLT/AX7010_Work/UltrasonicFPGA2021/delay-and-sum/delay_and_sum_plat/hw/Demodulator_128Ch_wrapper.xsa
TRACE::2026-01-15.12:17:37::SCWPlatform::DSA given C:/Users/CamLT/AX7010_Work/UltrasonicFPGA2021/delay-and-sum/delay_and_sum_plat/hw/Demodulator_128Ch_wrapper.xsa
TRACE::2026-01-15.12:17:37::SCWPlatform::DSA absoulate path C:/Users/CamLT/AX7010_Work/UltrasonicFPGA2021/delay-and-sum/delay_and_sum_plat/hw/Demodulator_128Ch_wrapper.xsa
TRACE::2026-01-15.12:17:37::SCWPlatform::DSA directory C:/Users/CamLT/AX7010_Work/UltrasonicFPGA2021/delay-and-sum/delay_and_sum_plat/hw
TRACE::2026-01-15.12:17:37::SCWPlatform:: Platform Path C:/Users/CamLT/AX7010_Work/UltrasonicFPGA2021/delay-and-sum/delay_and_sum_plat/hw/Demodulator_128Ch_wrapper.xsa
TRACE::2026-01-15.12:17:37::SCWPlatform:: Unique name xilinx:::0.0
TRACE::2026-01-15.12:17:37::SCWPlatform::Trying to set the existing hwdb with name Demodulator_128Ch_wrappe_0
TRACE::2026-01-15.12:17:37::SCWPlatform::Opened existing hwdb Demodulator_128Ch_wrappe_0
TRACE::2026-01-15.12:17:37::SCWPlatform::Found the Hw Db part of the input DSA
TRACE::2026-01-15.12:17:37::SCWMssOS::Checking the sw design at  C:/Users/CamLT/AX7010_Work/UltrasonicFPGA2021/delay-and-sum/delay_and_sum_plat/zynq_fsbl/zynq_fsbl_bsp/system.mss
TRACE::2026-01-15.12:17:37::SCWMssOS::DEBUG:  swdes dump  C:/Users/CamLT/AX7010_Work/UltrasonicFPGA2021/delay-and-sum/delay_and_sum_plat/ps7_cortexa9_0/standalone_domain/bsp/system.mss|system_0||
C:/Users/CamLT/AX7010_Work/UltrasonicFPGA2021/delay-and-sum/delay_and_sum_plat/zynq_fsbl/zynq_fsbl_bsp/system.mss|system||

TRACE::2026-01-15.12:17:37::SCWMssOS::Sw design exists and opened at  C:/Users/CamLT/AX7010_Work/UltrasonicFPGA2021/delay-and-sum/delay_and_sum_plat/zynq_fsbl/zynq_fsbl_bsp/system.mss
TRACE::2026-01-15.12:17:37::SCWPlatform::Trying to open the hw design at C:/Users/CamLT/AX7010_Work/UltrasonicFPGA2021/delay-and-sum/delay_and_sum_plat/hw/Demodulator_128Ch_wrapper.xsa
TRACE::2026-01-15.12:17:37::SCWPlatform::DSA given C:/Users/CamLT/AX7010_Work/UltrasonicFPGA2021/delay-and-sum/delay_and_sum_plat/hw/Demodulator_128Ch_wrapper.xsa
TRACE::2026-01-15.12:17:37::SCWPlatform::DSA absoulate path C:/Users/CamLT/AX7010_Work/UltrasonicFPGA2021/delay-and-sum/delay_and_sum_plat/hw/Demodulator_128Ch_wrapper.xsa
TRACE::2026-01-15.12:17:37::SCWPlatform::DSA directory C:/Users/CamLT/AX7010_Work/UltrasonicFPGA2021/delay-and-sum/delay_and_sum_plat/hw
TRACE::2026-01-15.12:17:37::SCWPlatform:: Platform Path C:/Users/CamLT/AX7010_Work/UltrasonicFPGA2021/delay-and-sum/delay_and_sum_plat/hw/Demodulator_128Ch_wrapper.xsa
TRACE::2026-01-15.12:17:37::SCWPlatform:: Unique name xilinx:::0.0
TRACE::2026-01-15.12:17:37::SCWPlatform::Trying to set the existing hwdb with name Demodulator_128Ch_wrappe_0
TRACE::2026-01-15.12:17:37::SCWPlatform::Opened existing hwdb Demodulator_128Ch_wrappe_0
TRACE::2026-01-15.12:17:37::SCWPlatform::Found the Hw Db part of the input DSA
TRACE::2026-01-15.12:17:37::SCWMssOS::Checking the sw design at  C:/Users/CamLT/AX7010_Work/UltrasonicFPGA2021/delay-and-sum/delay_and_sum_plat/zynq_fsbl/zynq_fsbl_bsp/system.mss
TRACE::2026-01-15.12:17:37::SCWMssOS::DEBUG:  swdes dump  C:/Users/CamLT/AX7010_Work/UltrasonicFPGA2021/delay-and-sum/delay_and_sum_plat/ps7_cortexa9_0/standalone_domain/bsp/system.mss|system_0||
C:/Users/CamLT/AX7010_Work/UltrasonicFPGA2021/delay-and-sum/delay_and_sum_plat/zynq_fsbl/zynq_fsbl_bsp/system.mss|system||

TRACE::2026-01-15.12:17:37::SCWMssOS::Sw design exists and opened at  C:/Users/CamLT/AX7010_Work/UltrasonicFPGA2021/delay-and-sum/delay_and_sum_plat/zynq_fsbl/zynq_fsbl_bsp/system.mss
TRACE::2026-01-15.12:17:37::SCWPlatform::Trying to open the hw design at C:/Users/CamLT/AX7010_Work/UltrasonicFPGA2021/delay-and-sum/delay_and_sum_plat/hw/Demodulator_128Ch_wrapper.xsa
TRACE::2026-01-15.12:17:37::SCWPlatform::DSA given C:/Users/CamLT/AX7010_Work/UltrasonicFPGA2021/delay-and-sum/delay_and_sum_plat/hw/Demodulator_128Ch_wrapper.xsa
TRACE::2026-01-15.12:17:37::SCWPlatform::DSA absoulate path C:/Users/CamLT/AX7010_Work/UltrasonicFPGA2021/delay-and-sum/delay_and_sum_plat/hw/Demodulator_128Ch_wrapper.xsa
TRACE::2026-01-15.12:17:37::SCWPlatform::DSA directory C:/Users/CamLT/AX7010_Work/UltrasonicFPGA2021/delay-and-sum/delay_and_sum_plat/hw
TRACE::2026-01-15.12:17:37::SCWPlatform:: Platform Path C:/Users/CamLT/AX7010_Work/UltrasonicFPGA2021/delay-and-sum/delay_and_sum_plat/hw/Demodulator_128Ch_wrapper.xsa
TRACE::2026-01-15.12:17:37::SCWPlatform:: Unique name xilinx:::0.0
TRACE::2026-01-15.12:17:37::SCWPlatform::Trying to set the existing hwdb with name Demodulator_128Ch_wrappe_0
TRACE::2026-01-15.12:17:37::SCWPlatform::Opened existing hwdb Demodulator_128Ch_wrappe_0
TRACE::2026-01-15.12:17:37::SCWPlatform::Found the Hw Db part of the input DSA
TRACE::2026-01-15.12:17:37::SCWMssOS::Checking the sw design at  C:/Users/CamLT/AX7010_Work/UltrasonicFPGA2021/delay-and-sum/delay_and_sum_plat/zynq_fsbl/zynq_fsbl_bsp/system.mss
TRACE::2026-01-15.12:17:37::SCWMssOS::DEBUG:  swdes dump  C:/Users/CamLT/AX7010_Work/UltrasonicFPGA2021/delay-and-sum/delay_and_sum_plat/ps7_cortexa9_0/standalone_domain/bsp/system.mss|system_0||
C:/Users/CamLT/AX7010_Work/UltrasonicFPGA2021/delay-and-sum/delay_and_sum_plat/zynq_fsbl/zynq_fsbl_bsp/system.mss|system||

TRACE::2026-01-15.12:17:37::SCWMssOS::Sw design exists and opened at  C:/Users/CamLT/AX7010_Work/UltrasonicFPGA2021/delay-and-sum/delay_and_sum_plat/zynq_fsbl/zynq_fsbl_bsp/system.mss
TRACE::2026-01-15.12:17:37::SCWPlatform::Trying to open the hw design at C:/Users/CamLT/AX7010_Work/UltrasonicFPGA2021/delay-and-sum/delay_and_sum_plat/hw/Demodulator_128Ch_wrapper.xsa
TRACE::2026-01-15.12:17:37::SCWPlatform::DSA given C:/Users/CamLT/AX7010_Work/UltrasonicFPGA2021/delay-and-sum/delay_and_sum_plat/hw/Demodulator_128Ch_wrapper.xsa
TRACE::2026-01-15.12:17:37::SCWPlatform::DSA absoulate path C:/Users/CamLT/AX7010_Work/UltrasonicFPGA2021/delay-and-sum/delay_and_sum_plat/hw/Demodulator_128Ch_wrapper.xsa
TRACE::2026-01-15.12:17:37::SCWPlatform::DSA directory C:/Users/CamLT/AX7010_Work/UltrasonicFPGA2021/delay-and-sum/delay_and_sum_plat/hw
TRACE::2026-01-15.12:17:37::SCWPlatform:: Platform Path C:/Users/CamLT/AX7010_Work/UltrasonicFPGA2021/delay-and-sum/delay_and_sum_plat/hw/Demodulator_128Ch_wrapper.xsa
TRACE::2026-01-15.12:17:37::SCWPlatform:: Unique name xilinx:::0.0
TRACE::2026-01-15.12:17:37::SCWPlatform::Trying to set the existing hwdb with name Demodulator_128Ch_wrappe_0
TRACE::2026-01-15.12:17:37::SCWPlatform::Opened existing hwdb Demodulator_128Ch_wrappe_0
TRACE::2026-01-15.12:17:37::SCWPlatform::Found the Hw Db part of the input DSA
TRACE::2026-01-15.12:17:37::SCWMssOS::Checking the sw design at  C:/Users/CamLT/AX7010_Work/UltrasonicFPGA2021/delay-and-sum/delay_and_sum_plat/ps7_cortexa9_0/standalone_domain/bsp/system.mss
TRACE::2026-01-15.12:17:37::SCWMssOS::DEBUG:  swdes dump  C:/Users/CamLT/AX7010_Work/UltrasonicFPGA2021/delay-and-sum/delay_and_sum_plat/ps7_cortexa9_0/standalone_domain/bsp/system.mss|system_0||
C:/Users/CamLT/AX7010_Work/UltrasonicFPGA2021/delay-and-sum/delay_and_sum_plat/zynq_fsbl/zynq_fsbl_bsp/system.mss|system||

TRACE::2026-01-15.12:17:37::SCWMssOS::Sw design exists and opened at  C:/Users/CamLT/AX7010_Work/UltrasonicFPGA2021/delay-and-sum/delay_and_sum_plat/ps7_cortexa9_0/standalone_domain/bsp/system.mss
TRACE::2026-01-15.12:17:37::SCWPlatform::Trying to open the hw design at C:/Users/CamLT/AX7010_Work/UltrasonicFPGA2021/delay-and-sum/delay_and_sum_plat/hw/Demodulator_128Ch_wrapper.xsa
TRACE::2026-01-15.12:17:37::SCWPlatform::DSA given C:/Users/CamLT/AX7010_Work/UltrasonicFPGA2021/delay-and-sum/delay_and_sum_plat/hw/Demodulator_128Ch_wrapper.xsa
TRACE::2026-01-15.12:17:37::SCWPlatform::DSA absoulate path C:/Users/CamLT/AX7010_Work/UltrasonicFPGA2021/delay-and-sum/delay_and_sum_plat/hw/Demodulator_128Ch_wrapper.xsa
TRACE::2026-01-15.12:17:37::SCWPlatform::DSA directory C:/Users/CamLT/AX7010_Work/UltrasonicFPGA2021/delay-and-sum/delay_and_sum_plat/hw
TRACE::2026-01-15.12:17:37::SCWPlatform:: Platform Path C:/Users/CamLT/AX7010_Work/UltrasonicFPGA2021/delay-and-sum/delay_and_sum_plat/hw/Demodulator_128Ch_wrapper.xsa
TRACE::2026-01-15.12:17:37::SCWPlatform:: Unique name xilinx:::0.0
TRACE::2026-01-15.12:17:37::SCWPlatform::Trying to set the existing hwdb with name Demodulator_128Ch_wrappe_0
TRACE::2026-01-15.12:17:37::SCWPlatform::Opened existing hwdb Demodulator_128Ch_wrappe_0
TRACE::2026-01-15.12:17:37::SCWPlatform::Found the Hw Db part of the input DSA
TRACE::2026-01-15.12:17:37::SCWMssOS::Checking the sw design at  C:/Users/CamLT/AX7010_Work/UltrasonicFPGA2021/delay-and-sum/delay_and_sum_plat/ps7_cortexa9_0/standalone_domain/bsp/system.mss
TRACE::2026-01-15.12:17:37::SCWMssOS::DEBUG:  swdes dump  C:/Users/CamLT/AX7010_Work/UltrasonicFPGA2021/delay-and-sum/delay_and_sum_plat/ps7_cortexa9_0/standalone_domain/bsp/system.mss|system_0||
C:/Users/CamLT/AX7010_Work/UltrasonicFPGA2021/delay-and-sum/delay_and_sum_plat/zynq_fsbl/zynq_fsbl_bsp/system.mss|system||

TRACE::2026-01-15.12:17:37::SCWMssOS::Sw design exists and opened at  C:/Users/CamLT/AX7010_Work/UltrasonicFPGA2021/delay-and-sum/delay_and_sum_plat/ps7_cortexa9_0/standalone_domain/bsp/system.mss
TRACE::2026-01-15.12:17:37::SCWPlatform::Trying to open the hw design at C:/Users/CamLT/AX7010_Work/UltrasonicFPGA2021/delay-and-sum/delay_and_sum_plat/hw/Demodulator_128Ch_wrapper.xsa
TRACE::2026-01-15.12:17:37::SCWPlatform::DSA given C:/Users/CamLT/AX7010_Work/UltrasonicFPGA2021/delay-and-sum/delay_and_sum_plat/hw/Demodulator_128Ch_wrapper.xsa
TRACE::2026-01-15.12:17:37::SCWPlatform::DSA absoulate path C:/Users/CamLT/AX7010_Work/UltrasonicFPGA2021/delay-and-sum/delay_and_sum_plat/hw/Demodulator_128Ch_wrapper.xsa
TRACE::2026-01-15.12:17:37::SCWPlatform::DSA directory C:/Users/CamLT/AX7010_Work/UltrasonicFPGA2021/delay-and-sum/delay_and_sum_plat/hw
TRACE::2026-01-15.12:17:37::SCWPlatform:: Platform Path C:/Users/CamLT/AX7010_Work/UltrasonicFPGA2021/delay-and-sum/delay_and_sum_plat/hw/Demodulator_128Ch_wrapper.xsa
TRACE::2026-01-15.12:17:37::SCWPlatform:: Unique name xilinx:::0.0
TRACE::2026-01-15.12:17:37::SCWPlatform::Trying to set the existing hwdb with name Demodulator_128Ch_wrappe_0
TRACE::2026-01-15.12:17:37::SCWPlatform::Opened existing hwdb Demodulator_128Ch_wrappe_0
TRACE::2026-01-15.12:17:37::SCWPlatform::Found the Hw Db part of the input DSA
TRACE::2026-01-15.12:17:37::SCWMssOS::Checking the sw design at  C:/Users/CamLT/AX7010_Work/UltrasonicFPGA2021/delay-and-sum/delay_and_sum_plat/ps7_cortexa9_0/standalone_domain/bsp/system.mss
TRACE::2026-01-15.12:17:37::SCWMssOS::DEBUG:  swdes dump  C:/Users/CamLT/AX7010_Work/UltrasonicFPGA2021/delay-and-sum/delay_and_sum_plat/ps7_cortexa9_0/standalone_domain/bsp/system.mss|system_0||
C:/Users/CamLT/AX7010_Work/UltrasonicFPGA2021/delay-and-sum/delay_and_sum_plat/zynq_fsbl/zynq_fsbl_bsp/system.mss|system||

TRACE::2026-01-15.12:17:37::SCWMssOS::Sw design exists and opened at  C:/Users/CamLT/AX7010_Work/UltrasonicFPGA2021/delay-and-sum/delay_and_sum_plat/ps7_cortexa9_0/standalone_domain/bsp/system.mss
TRACE::2026-01-15.12:17:37::SCWWriter::formatted JSON is {
	"platformName":	"delay_and_sum_plat",
	"sprVersion":	"2.0",
	"mode":	"gui",
	"dsaType":	"Fixed",
	"platformDesc":	"delay_and_sum_plat",
	"platHandOff":	"C:/Users/CamLT/AX7010_Work/Demodulator_128Ch_wrapper.xsa",
	"platIntHandOff":	"<platformDir>/hw/Demodulator_128Ch_wrapper.xsa",
	"deviceType":	"zynq",
	"platIsPrebuiltAutogen":	"false",
	"platIsNoBootBsp":	"false",
	"platFsblTarget":	"ps7_cortexa9_0",
	"hasFsblMakeHasChanges":	"false",
	"hasPmufwMakeHasChanges":	"false",
	"fsblExtraCompilerFlags":	"-MMD -MP       -mcpu=cortex-a9 -mfpu=vfpv3 -mfloat-abi=hard ",
	"platPreBuiltFlag":	false,
	"platformSamplesDir":	"",
	"platActiveSys":	"delay_and_sum_plat",
	"systems":	[{
			"systemName":	"delay_and_sum_plat",
			"systemDesc":	"delay_and_sum_plat",
			"sysIsBootAutoGen":	"true",
			"systemDispName":	"delay_and_sum_plat",
			"sysActiveDom":	"standalone_domain",
			"sysDefaultDom":	"standalone_domain",
			"domains":	[{
					"domainName":	"zynq_fsbl",
					"domainDispName":	"zynq_fsbl",
					"domainDesc":	"FSBL Application BSP - Auto Generated.",
					"processors":	"ps7_cortexa9_0",
					"os":	"standalone",
					"sdxOs":	"standalone",
					"debugEnable":	"",
					"domRuntimes":	["cpp"],
					"swRepo":	"",
					"mssOsVer":	"7.5",
					"mssFile":	"",
					"md5Digest":	"8d3fc67baac38ac96da78567c4cbff96",
					"compatibleApp":	"zynq_fsbl",
					"domType":	"bootDomain",
					"arch":	"32-bit",
					"appSettings":	{
						"appCompilerFlags":	"",
						"appLinkerFlags":	""
					},
					"addedLibs":	["xilffs:4.5", "xilrsa:1.6"],
					"libOptions":	{
						"libsContainingOptions":	[]
					},
					"prebuiltLibs":	{
						"prebuiltIncPath":	[],
						"prebuiltLibPath":	[]
					},
					"isolation":	{
					}
				}, {
					"domainName":	"standalone_domain",
					"domainDispName":	"standalone on ps7_cortexa9_0",
					"domainDesc":	"standalone_domain",
					"processors":	"ps7_cortexa9_0",
					"os":	"standalone",
					"sdxOs":	"standalone",
					"qemuArgs":	"C:/Xilinx/Vitis/2021.1/data/emulation/platforms/zynq/sw/a9_standalone/qemu/qemu_args.txt",
					"qemuData":	"C:/Xilinx/Vitis/2021.1/data/emulation/platforms/zynq/sw/a9_standalone/qemu/",
					"debugEnable":	"False",
					"domRuntimes":	["cpp"],
					"swRepo":	"",
					"mssOsVer":	"7.5",
					"mssFile":	"",
					"md5Digest":	"e1314fc24394511c64ca9c8e839a63cb",
					"compatibleApp":	"",
					"domType":	"mssDomain",
					"appSettings":	{
						"appCompilerFlags":	"",
						"appLinkerFlags":	""
					},
					"addedLibs":	[],
					"libOptions":	{
						"libsContainingOptions":	[]
					},
					"prebuiltLibs":	{
						"prebuiltIncPath":	[],
						"prebuiltLibPath":	[]
					},
					"isolation":	{
					}
				}]
		}]
}
TRACE::2026-01-15.12:17:37::SCWPlatform::Clearing the existing platform
TRACE::2026-01-15.12:17:37::SCWSystem::Clearing the existing sysconfig
TRACE::2026-01-15.12:17:37::SCWBDomain::clearing the fsbl build
TRACE::2026-01-15.12:17:37::SCWMssOS::Removing the swdes entry for  C:/Users/CamLT/AX7010_Work/UltrasonicFPGA2021/delay-and-sum/delay_and_sum_plat/zynq_fsbl/zynq_fsbl_bsp/system.mss
TRACE::2026-01-15.12:17:37::SCWMssOS::Removing the swdes entry for  C:/Users/CamLT/AX7010_Work/UltrasonicFPGA2021/delay-and-sum/delay_and_sum_plat/ps7_cortexa9_0/standalone_domain/bsp/system.mss
TRACE::2026-01-15.12:17:37::SCWSystem::Clearing the domains completed.
TRACE::2026-01-15.12:17:37::SCWPlatform::Clearing the opened hw db.
TRACE::2026-01-15.12:17:37::SCWPlatform::DSA given C:/Users/CamLT/AX7010_Work/UltrasonicFPGA2021/delay-and-sum/delay_and_sum_plat/hw/Demodulator_128Ch_wrapper.xsa
TRACE::2026-01-15.12:17:37::SCWPlatform::DSA absoulate path C:/Users/CamLT/AX7010_Work/UltrasonicFPGA2021/delay-and-sum/delay_and_sum_plat/hw/Demodulator_128Ch_wrapper.xsa
TRACE::2026-01-15.12:17:37::SCWPlatform:: Platform location is C:/Users/CamLT/AX7010_Work/UltrasonicFPGA2021/delay-and-sum/delay_and_sum_plat/hw
TRACE::2026-01-15.12:17:37::SCWPlatform:: Platform Path C:/Users/CamLT/AX7010_Work/UltrasonicFPGA2021/delay-and-sum/delay_and_sum_plat/hw/Demodulator_128Ch_wrapper.xsa
TRACE::2026-01-15.12:17:37::SCWPlatform:: Unique name xilinx:::0.0
TRACE::2026-01-15.12:17:37::SCWPlatform::Removing the HwDB with name C:/Users/CamLT/AX7010_Work/UltrasonicFPGA2021/delay-and-sum/delay_and_sum_plat/hw/Demodulator_128Ch_wrapper.xsa
TRACE::2026-01-15.12:17:37::SCWPlatform::Trying to open the hw design at C:/Users/CamLT/AX7010_Work/UltrasonicFPGA2021/delay-and-sum/delay_and_sum_plat/hw/Demodulator_128Ch_wrapper.xsa
TRACE::2026-01-15.12:17:37::SCWPlatform::DSA given C:/Users/CamLT/AX7010_Work/UltrasonicFPGA2021/delay-and-sum/delay_and_sum_plat/hw/Demodulator_128Ch_wrapper.xsa
TRACE::2026-01-15.12:17:37::SCWPlatform::DSA absoulate path C:/Users/CamLT/AX7010_Work/UltrasonicFPGA2021/delay-and-sum/delay_and_sum_plat/hw/Demodulator_128Ch_wrapper.xsa
TRACE::2026-01-15.12:17:37::SCWPlatform::DSA directory C:/Users/CamLT/AX7010_Work/UltrasonicFPGA2021/delay-and-sum/delay_and_sum_plat/hw
TRACE::2026-01-15.12:17:37::SCWPlatform:: Platform Path C:/Users/CamLT/AX7010_Work/UltrasonicFPGA2021/delay-and-sum/delay_and_sum_plat/hw/Demodulator_128Ch_wrapper.xsa
TRACE::2026-01-15.12:17:37::SCWPlatform:: Unique name xilinx:::0.0
TRACE::2026-01-15.12:17:37::SCWPlatform::Do not have an existing db opened. 
TRACE::2026-01-15.12:17:40::SCWPlatform::Opened new HwDB with name Demodulator_128Ch_wrappe_1
TRACE::2026-01-15.12:17:40::SCWReader::Active system found as  delay_and_sum_plat
TRACE::2026-01-15.12:17:40::SCWReader::Handling sysconfig delay_and_sum_plat
TRACE::2026-01-15.12:17:40::SCWDomain::checking for install qemu data   : 
TRACE::2026-01-15.12:17:40::SCWDomain:: Using the QEMU Data from install at  : C:/Xilinx/Vitis/2021.1/data/emulation/platforms/zynq/sw/a9_standalone/qemu/
TRACE::2026-01-15.12:17:40::SCWDomain:: Using the QEMU args  from install at  : C:/Xilinx/Vitis/2021.1/data/emulation/platforms/zynq/sw/a9_standalone/qemu/qemu_args.txt
TRACE::2026-01-15.12:17:40::SCWPlatform::Trying to open the hw design at C:/Users/CamLT/AX7010_Work/UltrasonicFPGA2021/delay-and-sum/delay_and_sum_plat/hw/Demodulator_128Ch_wrapper.xsa
TRACE::2026-01-15.12:17:40::SCWPlatform::DSA given C:/Users/CamLT/AX7010_Work/UltrasonicFPGA2021/delay-and-sum/delay_and_sum_plat/hw/Demodulator_128Ch_wrapper.xsa
TRACE::2026-01-15.12:17:40::SCWPlatform::DSA absoulate path C:/Users/CamLT/AX7010_Work/UltrasonicFPGA2021/delay-and-sum/delay_and_sum_plat/hw/Demodulator_128Ch_wrapper.xsa
TRACE::2026-01-15.12:17:40::SCWPlatform::DSA directory C:/Users/CamLT/AX7010_Work/UltrasonicFPGA2021/delay-and-sum/delay_and_sum_plat/hw
TRACE::2026-01-15.12:17:40::SCWPlatform:: Platform Path C:/Users/CamLT/AX7010_Work/UltrasonicFPGA2021/delay-and-sum/delay_and_sum_plat/hw/Demodulator_128Ch_wrapper.xsa
TRACE::2026-01-15.12:17:40::SCWPlatform:: Unique name xilinx:::0.0
TRACE::2026-01-15.12:17:40::SCWPlatform::Trying to set the existing hwdb with name Demodulator_128Ch_wrappe_1
TRACE::2026-01-15.12:17:40::SCWPlatform::Opened existing hwdb Demodulator_128Ch_wrappe_1
TRACE::2026-01-15.12:17:40::SCWPlatform::Found the Hw Db part of the input DSA
TRACE::2026-01-15.12:17:40::SCWPlatform::Trying to open the hw design at C:/Users/CamLT/AX7010_Work/UltrasonicFPGA2021/delay-and-sum/delay_and_sum_plat/hw/Demodulator_128Ch_wrapper.xsa
TRACE::2026-01-15.12:17:40::SCWPlatform::DSA given C:/Users/CamLT/AX7010_Work/UltrasonicFPGA2021/delay-and-sum/delay_and_sum_plat/hw/Demodulator_128Ch_wrapper.xsa
TRACE::2026-01-15.12:17:40::SCWPlatform::DSA absoulate path C:/Users/CamLT/AX7010_Work/UltrasonicFPGA2021/delay-and-sum/delay_and_sum_plat/hw/Demodulator_128Ch_wrapper.xsa
TRACE::2026-01-15.12:17:40::SCWPlatform::DSA directory C:/Users/CamLT/AX7010_Work/UltrasonicFPGA2021/delay-and-sum/delay_and_sum_plat/hw
TRACE::2026-01-15.12:17:40::SCWPlatform:: Platform Path C:/Users/CamLT/AX7010_Work/UltrasonicFPGA2021/delay-and-sum/delay_and_sum_plat/hw/Demodulator_128Ch_wrapper.xsa
TRACE::2026-01-15.12:17:40::SCWPlatform:: Unique name xilinx:::0.0
TRACE::2026-01-15.12:17:40::SCWPlatform::Trying to set the existing hwdb with name Demodulator_128Ch_wrappe_1
TRACE::2026-01-15.12:17:40::SCWPlatform::Opened existing hwdb Demodulator_128Ch_wrappe_1
TRACE::2026-01-15.12:17:40::SCWPlatform::Found the Hw Db part of the input DSA
TRACE::2026-01-15.12:17:40::SCWPlatform::Trying to open the hw design at C:/Users/CamLT/AX7010_Work/UltrasonicFPGA2021/delay-and-sum/delay_and_sum_plat/hw/Demodulator_128Ch_wrapper.xsa
TRACE::2026-01-15.12:17:40::SCWPlatform::DSA given C:/Users/CamLT/AX7010_Work/UltrasonicFPGA2021/delay-and-sum/delay_and_sum_plat/hw/Demodulator_128Ch_wrapper.xsa
TRACE::2026-01-15.12:17:40::SCWPlatform::DSA absoulate path C:/Users/CamLT/AX7010_Work/UltrasonicFPGA2021/delay-and-sum/delay_and_sum_plat/hw/Demodulator_128Ch_wrapper.xsa
TRACE::2026-01-15.12:17:40::SCWPlatform::DSA directory C:/Users/CamLT/AX7010_Work/UltrasonicFPGA2021/delay-and-sum/delay_and_sum_plat/hw
TRACE::2026-01-15.12:17:40::SCWPlatform:: Platform Path C:/Users/CamLT/AX7010_Work/UltrasonicFPGA2021/delay-and-sum/delay_and_sum_plat/hw/Demodulator_128Ch_wrapper.xsa
TRACE::2026-01-15.12:17:40::SCWPlatform:: Unique name xilinx:::0.0
TRACE::2026-01-15.12:17:40::SCWPlatform::Trying to set the existing hwdb with name Demodulator_128Ch_wrappe_1
TRACE::2026-01-15.12:17:40::SCWPlatform::Opened existing hwdb Demodulator_128Ch_wrappe_1
TRACE::2026-01-15.12:17:40::SCWPlatform::Found the Hw Db part of the input DSA
TRACE::2026-01-15.12:17:40::SCWReader::Boot application domain added for zynq_fsbl
TRACE::2026-01-15.12:17:40::SCWPlatform::Trying to open the hw design at C:/Users/CamLT/AX7010_Work/UltrasonicFPGA2021/delay-and-sum/delay_and_sum_plat/hw/Demodulator_128Ch_wrapper.xsa
TRACE::2026-01-15.12:17:40::SCWPlatform::DSA given C:/Users/CamLT/AX7010_Work/UltrasonicFPGA2021/delay-and-sum/delay_and_sum_plat/hw/Demodulator_128Ch_wrapper.xsa
TRACE::2026-01-15.12:17:40::SCWPlatform::DSA absoulate path C:/Users/CamLT/AX7010_Work/UltrasonicFPGA2021/delay-and-sum/delay_and_sum_plat/hw/Demodulator_128Ch_wrapper.xsa
TRACE::2026-01-15.12:17:40::SCWPlatform::DSA directory C:/Users/CamLT/AX7010_Work/UltrasonicFPGA2021/delay-and-sum/delay_and_sum_plat/hw
TRACE::2026-01-15.12:17:40::SCWPlatform:: Platform Path C:/Users/CamLT/AX7010_Work/UltrasonicFPGA2021/delay-and-sum/delay_and_sum_plat/hw/Demodulator_128Ch_wrapper.xsa
TRACE::2026-01-15.12:17:40::SCWPlatform:: Unique name xilinx:::0.0
TRACE::2026-01-15.12:17:40::SCWPlatform::Trying to set the existing hwdb with name Demodulator_128Ch_wrappe_1
TRACE::2026-01-15.12:17:40::SCWPlatform::Opened existing hwdb Demodulator_128Ch_wrappe_1
TRACE::2026-01-15.12:17:40::SCWPlatform::Found the Hw Db part of the input DSA
TRACE::2026-01-15.12:17:40::SCWMssOS::Checking the sw design at  C:/Users/CamLT/AX7010_Work/UltrasonicFPGA2021/delay-and-sum/delay_and_sum_plat/zynq_fsbl/zynq_fsbl_bsp/system.mss
TRACE::2026-01-15.12:17:40::SCWMssOS::DEBUG:  swdes dump  
TRACE::2026-01-15.12:17:40::SCWMssOS::No sw design opened at  C:/Users/CamLT/AX7010_Work/UltrasonicFPGA2021/delay-and-sum/delay_and_sum_plat/zynq_fsbl/zynq_fsbl_bsp/system.mss
TRACE::2026-01-15.12:17:40::SCWMssOS::mss exists loading the mss file  C:/Users/CamLT/AX7010_Work/UltrasonicFPGA2021/delay-and-sum/delay_and_sum_plat/zynq_fsbl/zynq_fsbl_bsp/system.mss
TRACE::2026-01-15.12:17:40::SCWMssOS::Opened the sw design from mss  C:/Users/CamLT/AX7010_Work/UltrasonicFPGA2021/delay-and-sum/delay_and_sum_plat/zynq_fsbl/zynq_fsbl_bsp/system.mss
TRACE::2026-01-15.12:17:40::SCWMssOS::Adding the swdes entry C:/Users/CamLT/AX7010_Work/UltrasonicFPGA2021/delay-and-sum/delay_and_sum_plat/zynq_fsbl/zynq_fsbl_bsp/system.mss with des name system
TRACE::2026-01-15.12:17:40::SCWMssOS::updating the scw layer about changes
TRACE::2026-01-15.12:17:40::SCWMssOS::Opened the sw design.  C:/Users/CamLT/AX7010_Work/UltrasonicFPGA2021/delay-and-sum/delay_and_sum_plat/zynq_fsbl/zynq_fsbl_bsp/system.mss
TRACE::2026-01-15.12:17:40::SCWPlatform::Trying to open the hw design at C:/Users/CamLT/AX7010_Work/UltrasonicFPGA2021/delay-and-sum/delay_and_sum_plat/hw/Demodulator_128Ch_wrapper.xsa
TRACE::2026-01-15.12:17:40::SCWPlatform::DSA given C:/Users/CamLT/AX7010_Work/UltrasonicFPGA2021/delay-and-sum/delay_and_sum_plat/hw/Demodulator_128Ch_wrapper.xsa
TRACE::2026-01-15.12:17:40::SCWPlatform::DSA absoulate path C:/Users/CamLT/AX7010_Work/UltrasonicFPGA2021/delay-and-sum/delay_and_sum_plat/hw/Demodulator_128Ch_wrapper.xsa
TRACE::2026-01-15.12:17:40::SCWPlatform::DSA directory C:/Users/CamLT/AX7010_Work/UltrasonicFPGA2021/delay-and-sum/delay_and_sum_plat/hw
TRACE::2026-01-15.12:17:40::SCWPlatform:: Platform Path C:/Users/CamLT/AX7010_Work/UltrasonicFPGA2021/delay-and-sum/delay_and_sum_plat/hw/Demodulator_128Ch_wrapper.xsa
TRACE::2026-01-15.12:17:40::SCWPlatform:: Unique name xilinx:::0.0
TRACE::2026-01-15.12:17:40::SCWPlatform::Trying to set the existing hwdb with name Demodulator_128Ch_wrappe_1
TRACE::2026-01-15.12:17:40::SCWPlatform::Opened existing hwdb Demodulator_128Ch_wrappe_1
TRACE::2026-01-15.12:17:40::SCWPlatform::Found the Hw Db part of the input DSA
TRACE::2026-01-15.12:17:40::SCWMssOS::Checking the sw design at  C:/Users/CamLT/AX7010_Work/UltrasonicFPGA2021/delay-and-sum/delay_and_sum_plat/zynq_fsbl/zynq_fsbl_bsp/system.mss
TRACE::2026-01-15.12:17:40::SCWMssOS::DEBUG:  swdes dump  C:/Users/CamLT/AX7010_Work/UltrasonicFPGA2021/delay-and-sum/delay_and_sum_plat/zynq_fsbl/zynq_fsbl_bsp/system.mss|system||

TRACE::2026-01-15.12:17:40::SCWMssOS::Sw design exists and opened at  C:/Users/CamLT/AX7010_Work/UltrasonicFPGA2021/delay-and-sum/delay_and_sum_plat/zynq_fsbl/zynq_fsbl_bsp/system.mss
TRACE::2026-01-15.12:17:40::SCWMssOS:: library already available in sw design:  xilffs:4.5
TRACE::2026-01-15.12:17:40::SCWPlatform::Trying to open the hw design at C:/Users/CamLT/AX7010_Work/UltrasonicFPGA2021/delay-and-sum/delay_and_sum_plat/hw/Demodulator_128Ch_wrapper.xsa
TRACE::2026-01-15.12:17:40::SCWPlatform::DSA given C:/Users/CamLT/AX7010_Work/UltrasonicFPGA2021/delay-and-sum/delay_and_sum_plat/hw/Demodulator_128Ch_wrapper.xsa
TRACE::2026-01-15.12:17:40::SCWPlatform::DSA absoulate path C:/Users/CamLT/AX7010_Work/UltrasonicFPGA2021/delay-and-sum/delay_and_sum_plat/hw/Demodulator_128Ch_wrapper.xsa
TRACE::2026-01-15.12:17:40::SCWPlatform::DSA directory C:/Users/CamLT/AX7010_Work/UltrasonicFPGA2021/delay-and-sum/delay_and_sum_plat/hw
TRACE::2026-01-15.12:17:40::SCWPlatform:: Platform Path C:/Users/CamLT/AX7010_Work/UltrasonicFPGA2021/delay-and-sum/delay_and_sum_plat/hw/Demodulator_128Ch_wrapper.xsa
TRACE::2026-01-15.12:17:40::SCWPlatform:: Unique name xilinx:::0.0
TRACE::2026-01-15.12:17:40::SCWPlatform::Trying to set the existing hwdb with name Demodulator_128Ch_wrappe_1
TRACE::2026-01-15.12:17:40::SCWPlatform::Opened existing hwdb Demodulator_128Ch_wrappe_1
TRACE::2026-01-15.12:17:40::SCWPlatform::Found the Hw Db part of the input DSA
TRACE::2026-01-15.12:17:40::SCWMssOS::Checking the sw design at  C:/Users/CamLT/AX7010_Work/UltrasonicFPGA2021/delay-and-sum/delay_and_sum_plat/zynq_fsbl/zynq_fsbl_bsp/system.mss
TRACE::2026-01-15.12:17:40::SCWMssOS::DEBUG:  swdes dump  C:/Users/CamLT/AX7010_Work/UltrasonicFPGA2021/delay-and-sum/delay_and_sum_plat/zynq_fsbl/zynq_fsbl_bsp/system.mss|system||

TRACE::2026-01-15.12:17:40::SCWMssOS::Sw design exists and opened at  C:/Users/CamLT/AX7010_Work/UltrasonicFPGA2021/delay-and-sum/delay_and_sum_plat/zynq_fsbl/zynq_fsbl_bsp/system.mss
TRACE::2026-01-15.12:17:40::SCWMssOS:: library already available in sw design:  xilrsa:1.6
TRACE::2026-01-15.12:17:40::SCWMssOS::Saving the mss changes C:/Users/CamLT/AX7010_Work/UltrasonicFPGA2021/delay-and-sum/delay_and_sum_plat/zynq_fsbl/zynq_fsbl_bsp/system.mss
TRACE::2026-01-15.12:17:40::SCWMssOS::Found a swdesign opened with the mssfile.
TRACE::2026-01-15.12:17:40::SCWMssOS::Completed writemss as part of save.
TRACE::2026-01-15.12:17:40::SCWMssOS::Commit changes completed.
TRACE::2026-01-15.12:17:40::SCWReader::Adding prebuilt librarypaths as   
TRACE::2026-01-15.12:17:40::SCWReader::Adding prebuilt incpaths  as   
TRACE::2026-01-15.12:17:40::SCWPlatform::Trying to open the hw design at C:/Users/CamLT/AX7010_Work/UltrasonicFPGA2021/delay-and-sum/delay_and_sum_plat/hw/Demodulator_128Ch_wrapper.xsa
TRACE::2026-01-15.12:17:40::SCWPlatform::DSA given C:/Users/CamLT/AX7010_Work/UltrasonicFPGA2021/delay-and-sum/delay_and_sum_plat/hw/Demodulator_128Ch_wrapper.xsa
TRACE::2026-01-15.12:17:40::SCWPlatform::DSA absoulate path C:/Users/CamLT/AX7010_Work/UltrasonicFPGA2021/delay-and-sum/delay_and_sum_plat/hw/Demodulator_128Ch_wrapper.xsa
TRACE::2026-01-15.12:17:40::SCWPlatform::DSA directory C:/Users/CamLT/AX7010_Work/UltrasonicFPGA2021/delay-and-sum/delay_and_sum_plat/hw
TRACE::2026-01-15.12:17:40::SCWPlatform:: Platform Path C:/Users/CamLT/AX7010_Work/UltrasonicFPGA2021/delay-and-sum/delay_and_sum_plat/hw/Demodulator_128Ch_wrapper.xsa
TRACE::2026-01-15.12:17:40::SCWPlatform:: Unique name xilinx:::0.0
TRACE::2026-01-15.12:17:40::SCWPlatform::Trying to set the existing hwdb with name Demodulator_128Ch_wrappe_1
TRACE::2026-01-15.12:17:40::SCWPlatform::Opened existing hwdb Demodulator_128Ch_wrappe_1
TRACE::2026-01-15.12:17:40::SCWPlatform::Found the Hw Db part of the input DSA
TRACE::2026-01-15.12:17:40::SCWMssOS::Checking the sw design at  C:/Users/CamLT/AX7010_Work/UltrasonicFPGA2021/delay-and-sum/delay_and_sum_plat/zynq_fsbl/zynq_fsbl_bsp/system.mss
TRACE::2026-01-15.12:17:40::SCWMssOS::DEBUG:  swdes dump  C:/Users/CamLT/AX7010_Work/UltrasonicFPGA2021/delay-and-sum/delay_and_sum_plat/zynq_fsbl/zynq_fsbl_bsp/system.mss|system||

TRACE::2026-01-15.12:17:40::SCWMssOS::Sw design exists and opened at  C:/Users/CamLT/AX7010_Work/UltrasonicFPGA2021/delay-and-sum/delay_and_sum_plat/zynq_fsbl/zynq_fsbl_bsp/system.mss
TRACE::2026-01-15.12:17:40::SCWReader::No isolation master present  
TRACE::2026-01-15.12:17:40::SCWDomain::checking for install qemu data   : 
TRACE::2026-01-15.12:17:40::SCWDomain:: Using the QEMU Data from install at  : C:/Xilinx/Vitis/2021.1/data/emulation/platforms/zynq/sw/a9_standalone/qemu/
TRACE::2026-01-15.12:17:40::SCWDomain:: Using the QEMU args  from install at  : C:/Xilinx/Vitis/2021.1/data/emulation/platforms/zynq/sw/a9_standalone/qemu/qemu_args.txt
TRACE::2026-01-15.12:17:40::SCWPlatform::Trying to open the hw design at C:/Users/CamLT/AX7010_Work/UltrasonicFPGA2021/delay-and-sum/delay_and_sum_plat/hw/Demodulator_128Ch_wrapper.xsa
TRACE::2026-01-15.12:17:40::SCWPlatform::DSA given C:/Users/CamLT/AX7010_Work/UltrasonicFPGA2021/delay-and-sum/delay_and_sum_plat/hw/Demodulator_128Ch_wrapper.xsa
TRACE::2026-01-15.12:17:40::SCWPlatform::DSA absoulate path C:/Users/CamLT/AX7010_Work/UltrasonicFPGA2021/delay-and-sum/delay_and_sum_plat/hw/Demodulator_128Ch_wrapper.xsa
TRACE::2026-01-15.12:17:40::SCWPlatform::DSA directory C:/Users/CamLT/AX7010_Work/UltrasonicFPGA2021/delay-and-sum/delay_and_sum_plat/hw
TRACE::2026-01-15.12:17:40::SCWPlatform:: Platform Path C:/Users/CamLT/AX7010_Work/UltrasonicFPGA2021/delay-and-sum/delay_and_sum_plat/hw/Demodulator_128Ch_wrapper.xsa
TRACE::2026-01-15.12:17:40::SCWPlatform:: Unique name xilinx:::0.0
TRACE::2026-01-15.12:17:40::SCWPlatform::Trying to set the existing hwdb with name Demodulator_128Ch_wrappe_1
TRACE::2026-01-15.12:17:40::SCWPlatform::Opened existing hwdb Demodulator_128Ch_wrappe_1
TRACE::2026-01-15.12:17:40::SCWPlatform::Found the Hw Db part of the input DSA
TRACE::2026-01-15.12:17:40::SCWPlatform::Trying to open the hw design at C:/Users/CamLT/AX7010_Work/UltrasonicFPGA2021/delay-and-sum/delay_and_sum_plat/hw/Demodulator_128Ch_wrapper.xsa
TRACE::2026-01-15.12:17:40::SCWPlatform::DSA given C:/Users/CamLT/AX7010_Work/UltrasonicFPGA2021/delay-and-sum/delay_and_sum_plat/hw/Demodulator_128Ch_wrapper.xsa
TRACE::2026-01-15.12:17:40::SCWPlatform::DSA absoulate path C:/Users/CamLT/AX7010_Work/UltrasonicFPGA2021/delay-and-sum/delay_and_sum_plat/hw/Demodulator_128Ch_wrapper.xsa
TRACE::2026-01-15.12:17:40::SCWPlatform::DSA directory C:/Users/CamLT/AX7010_Work/UltrasonicFPGA2021/delay-and-sum/delay_and_sum_plat/hw
TRACE::2026-01-15.12:17:40::SCWPlatform:: Platform Path C:/Users/CamLT/AX7010_Work/UltrasonicFPGA2021/delay-and-sum/delay_and_sum_plat/hw/Demodulator_128Ch_wrapper.xsa
TRACE::2026-01-15.12:17:40::SCWPlatform:: Unique name xilinx:::0.0
TRACE::2026-01-15.12:17:40::SCWPlatform::Trying to set the existing hwdb with name Demodulator_128Ch_wrappe_1
TRACE::2026-01-15.12:17:40::SCWPlatform::Opened existing hwdb Demodulator_128Ch_wrappe_1
TRACE::2026-01-15.12:17:40::SCWPlatform::Found the Hw Db part of the input DSA
TRACE::2026-01-15.12:17:40::SCWPlatform::Trying to open the hw design at C:/Users/CamLT/AX7010_Work/UltrasonicFPGA2021/delay-and-sum/delay_and_sum_plat/hw/Demodulator_128Ch_wrapper.xsa
TRACE::2026-01-15.12:17:40::SCWPlatform::DSA given C:/Users/CamLT/AX7010_Work/UltrasonicFPGA2021/delay-and-sum/delay_and_sum_plat/hw/Demodulator_128Ch_wrapper.xsa
TRACE::2026-01-15.12:17:40::SCWPlatform::DSA absoulate path C:/Users/CamLT/AX7010_Work/UltrasonicFPGA2021/delay-and-sum/delay_and_sum_plat/hw/Demodulator_128Ch_wrapper.xsa
TRACE::2026-01-15.12:17:40::SCWPlatform::DSA directory C:/Users/CamLT/AX7010_Work/UltrasonicFPGA2021/delay-and-sum/delay_and_sum_plat/hw
TRACE::2026-01-15.12:17:40::SCWPlatform:: Platform Path C:/Users/CamLT/AX7010_Work/UltrasonicFPGA2021/delay-and-sum/delay_and_sum_plat/hw/Demodulator_128Ch_wrapper.xsa
TRACE::2026-01-15.12:17:40::SCWPlatform:: Unique name xilinx:::0.0
TRACE::2026-01-15.12:17:40::SCWPlatform::Trying to set the existing hwdb with name Demodulator_128Ch_wrappe_1
TRACE::2026-01-15.12:17:40::SCWPlatform::Opened existing hwdb Demodulator_128Ch_wrappe_1
TRACE::2026-01-15.12:17:40::SCWPlatform::Found the Hw Db part of the input DSA
TRACE::2026-01-15.12:17:40::SCWMssOS::Checking the sw design at  C:/Users/CamLT/AX7010_Work/UltrasonicFPGA2021/delay-and-sum/delay_and_sum_plat/ps7_cortexa9_0/standalone_domain/bsp/system.mss
TRACE::2026-01-15.12:17:40::SCWMssOS::DEBUG:  swdes dump  C:/Users/CamLT/AX7010_Work/UltrasonicFPGA2021/delay-and-sum/delay_and_sum_plat/zynq_fsbl/zynq_fsbl_bsp/system.mss|system||

TRACE::2026-01-15.12:17:40::SCWMssOS::No sw design opened at  C:/Users/CamLT/AX7010_Work/UltrasonicFPGA2021/delay-and-sum/delay_and_sum_plat/ps7_cortexa9_0/standalone_domain/bsp/system.mss
TRACE::2026-01-15.12:17:40::SCWMssOS::mss exists loading the mss file  C:/Users/CamLT/AX7010_Work/UltrasonicFPGA2021/delay-and-sum/delay_and_sum_plat/ps7_cortexa9_0/standalone_domain/bsp/system.mss
TRACE::2026-01-15.12:17:40::SCWMssOS::Opened the sw design from mss  C:/Users/CamLT/AX7010_Work/UltrasonicFPGA2021/delay-and-sum/delay_and_sum_plat/ps7_cortexa9_0/standalone_domain/bsp/system.mss
TRACE::2026-01-15.12:17:40::SCWMssOS::Adding the swdes entry C:/Users/CamLT/AX7010_Work/UltrasonicFPGA2021/delay-and-sum/delay_and_sum_plat/ps7_cortexa9_0/standalone_domain/bsp/system.mss with des name system_0
TRACE::2026-01-15.12:17:40::SCWMssOS::updating the scw layer about changes
TRACE::2026-01-15.12:17:40::SCWMssOS::Opened the sw design.  C:/Users/CamLT/AX7010_Work/UltrasonicFPGA2021/delay-and-sum/delay_and_sum_plat/ps7_cortexa9_0/standalone_domain/bsp/system.mss
TRACE::2026-01-15.12:17:40::SCWMssOS::Saving the mss changes C:/Users/CamLT/AX7010_Work/UltrasonicFPGA2021/delay-and-sum/delay_and_sum_plat/ps7_cortexa9_0/standalone_domain/bsp/system.mss
TRACE::2026-01-15.12:17:40::SCWMssOS::Found a swdesign opened with the mssfile.
TRACE::2026-01-15.12:17:40::SCWMssOS::Completed writemss as part of save.
TRACE::2026-01-15.12:17:40::SCWMssOS::Commit changes completed.
TRACE::2026-01-15.12:17:40::SCWReader::Adding prebuilt librarypaths as   
TRACE::2026-01-15.12:17:40::SCWReader::Adding prebuilt incpaths  as   
TRACE::2026-01-15.12:17:40::SCWPlatform::Trying to open the hw design at C:/Users/CamLT/AX7010_Work/UltrasonicFPGA2021/delay-and-sum/delay_and_sum_plat/hw/Demodulator_128Ch_wrapper.xsa
TRACE::2026-01-15.12:17:40::SCWPlatform::DSA given C:/Users/CamLT/AX7010_Work/UltrasonicFPGA2021/delay-and-sum/delay_and_sum_plat/hw/Demodulator_128Ch_wrapper.xsa
TRACE::2026-01-15.12:17:40::SCWPlatform::DSA absoulate path C:/Users/CamLT/AX7010_Work/UltrasonicFPGA2021/delay-and-sum/delay_and_sum_plat/hw/Demodulator_128Ch_wrapper.xsa
TRACE::2026-01-15.12:17:40::SCWPlatform::DSA directory C:/Users/CamLT/AX7010_Work/UltrasonicFPGA2021/delay-and-sum/delay_and_sum_plat/hw
TRACE::2026-01-15.12:17:40::SCWPlatform:: Platform Path C:/Users/CamLT/AX7010_Work/UltrasonicFPGA2021/delay-and-sum/delay_and_sum_plat/hw/Demodulator_128Ch_wrapper.xsa
TRACE::2026-01-15.12:17:40::SCWPlatform:: Unique name xilinx:::0.0
TRACE::2026-01-15.12:17:40::SCWPlatform::Trying to set the existing hwdb with name Demodulator_128Ch_wrappe_1
TRACE::2026-01-15.12:17:40::SCWPlatform::Opened existing hwdb Demodulator_128Ch_wrappe_1
TRACE::2026-01-15.12:17:40::SCWPlatform::Found the Hw Db part of the input DSA
TRACE::2026-01-15.12:17:40::SCWMssOS::Checking the sw design at  C:/Users/CamLT/AX7010_Work/UltrasonicFPGA2021/delay-and-sum/delay_and_sum_plat/ps7_cortexa9_0/standalone_domain/bsp/system.mss
TRACE::2026-01-15.12:17:40::SCWMssOS::DEBUG:  swdes dump  C:/Users/CamLT/AX7010_Work/UltrasonicFPGA2021/delay-and-sum/delay_and_sum_plat/ps7_cortexa9_0/standalone_domain/bsp/system.mss|system_0||
C:/Users/CamLT/AX7010_Work/UltrasonicFPGA2021/delay-and-sum/delay_and_sum_plat/zynq_fsbl/zynq_fsbl_bsp/system.mss|system||

TRACE::2026-01-15.12:17:40::SCWMssOS::Sw design exists and opened at  C:/Users/CamLT/AX7010_Work/UltrasonicFPGA2021/delay-and-sum/delay_and_sum_plat/ps7_cortexa9_0/standalone_domain/bsp/system.mss
TRACE::2026-01-15.12:17:40::SCWReader::No isolation master present  
TRACE::2026-01-15.12:17:53::SCWPlatform::Trying to open the hw design at C:/Users/CamLT/AX7010_Work/UltrasonicFPGA2021/delay-and-sum/delay_and_sum_plat/hw/Demodulator_128Ch_wrapper.xsa
TRACE::2026-01-15.12:17:53::SCWPlatform::DSA given C:/Users/CamLT/AX7010_Work/UltrasonicFPGA2021/delay-and-sum/delay_and_sum_plat/hw/Demodulator_128Ch_wrapper.xsa
TRACE::2026-01-15.12:17:53::SCWPlatform::DSA absoulate path C:/Users/CamLT/AX7010_Work/UltrasonicFPGA2021/delay-and-sum/delay_and_sum_plat/hw/Demodulator_128Ch_wrapper.xsa
TRACE::2026-01-15.12:17:53::SCWPlatform::DSA directory C:/Users/CamLT/AX7010_Work/UltrasonicFPGA2021/delay-and-sum/delay_and_sum_plat/hw
TRACE::2026-01-15.12:17:53::SCWPlatform:: Platform Path C:/Users/CamLT/AX7010_Work/UltrasonicFPGA2021/delay-and-sum/delay_and_sum_plat/hw/Demodulator_128Ch_wrapper.xsa
TRACE::2026-01-15.12:17:53::SCWPlatform:: Unique name xilinx:::0.0
TRACE::2026-01-15.12:17:53::SCWPlatform::Trying to set the existing hwdb with name Demodulator_128Ch_wrappe_1
TRACE::2026-01-15.12:17:53::SCWPlatform::Opened existing hwdb Demodulator_128Ch_wrappe_1
TRACE::2026-01-15.12:17:53::SCWPlatform::Found the Hw Db part of the input DSA
TRACE::2026-01-15.12:17:53::SCWMssOS::Checking the sw design at  C:/Users/CamLT/AX7010_Work/UltrasonicFPGA2021/delay-and-sum/delay_and_sum_plat/zynq_fsbl/zynq_fsbl_bsp/system.mss
TRACE::2026-01-15.12:17:53::SCWMssOS::DEBUG:  swdes dump  C:/Users/CamLT/AX7010_Work/UltrasonicFPGA2021/delay-and-sum/delay_and_sum_plat/ps7_cortexa9_0/standalone_domain/bsp/system.mss|system_0||
C:/Users/CamLT/AX7010_Work/UltrasonicFPGA2021/delay-and-sum/delay_and_sum_plat/zynq_fsbl/zynq_fsbl_bsp/system.mss|system||

TRACE::2026-01-15.12:17:53::SCWMssOS::Sw design exists and opened at  C:/Users/CamLT/AX7010_Work/UltrasonicFPGA2021/delay-and-sum/delay_and_sum_plat/zynq_fsbl/zynq_fsbl_bsp/system.mss
TRACE::2026-01-15.12:17:53::SCWMssOS::In reload Mss file.
TRACE::2026-01-15.12:17:53::SCWPlatform::Trying to open the hw design at C:/Users/CamLT/AX7010_Work/UltrasonicFPGA2021/delay-and-sum/delay_and_sum_plat/hw/Demodulator_128Ch_wrapper.xsa
TRACE::2026-01-15.12:17:53::SCWPlatform::DSA given C:/Users/CamLT/AX7010_Work/UltrasonicFPGA2021/delay-and-sum/delay_and_sum_plat/hw/Demodulator_128Ch_wrapper.xsa
TRACE::2026-01-15.12:17:53::SCWPlatform::DSA absoulate path C:/Users/CamLT/AX7010_Work/UltrasonicFPGA2021/delay-and-sum/delay_and_sum_plat/hw/Demodulator_128Ch_wrapper.xsa
TRACE::2026-01-15.12:17:53::SCWPlatform::DSA directory C:/Users/CamLT/AX7010_Work/UltrasonicFPGA2021/delay-and-sum/delay_and_sum_plat/hw
TRACE::2026-01-15.12:17:53::SCWPlatform:: Platform Path C:/Users/CamLT/AX7010_Work/UltrasonicFPGA2021/delay-and-sum/delay_and_sum_plat/hw/Demodulator_128Ch_wrapper.xsa
TRACE::2026-01-15.12:17:53::SCWPlatform:: Unique name xilinx:::0.0
TRACE::2026-01-15.12:17:53::SCWPlatform::Trying to set the existing hwdb with name Demodulator_128Ch_wrappe_1
TRACE::2026-01-15.12:17:53::SCWPlatform::Opened existing hwdb Demodulator_128Ch_wrappe_1
TRACE::2026-01-15.12:17:53::SCWPlatform::Found the Hw Db part of the input DSA
TRACE::2026-01-15.12:17:53::SCWMssOS::Checking the sw design at  C:/Users/CamLT/AX7010_Work/UltrasonicFPGA2021/delay-and-sum/delay_and_sum_plat/zynq_fsbl/zynq_fsbl_bsp/system.mss
TRACE::2026-01-15.12:17:53::SCWMssOS::DEBUG:  swdes dump  C:/Users/CamLT/AX7010_Work/UltrasonicFPGA2021/delay-and-sum/delay_and_sum_plat/ps7_cortexa9_0/standalone_domain/bsp/system.mss|system_0||

TRACE::2026-01-15.12:17:53::SCWMssOS::No sw design opened at  C:/Users/CamLT/AX7010_Work/UltrasonicFPGA2021/delay-and-sum/delay_and_sum_plat/zynq_fsbl/zynq_fsbl_bsp/system.mss
TRACE::2026-01-15.12:17:53::SCWMssOS::mss exists loading the mss file  C:/Users/CamLT/AX7010_Work/UltrasonicFPGA2021/delay-and-sum/delay_and_sum_plat/zynq_fsbl/zynq_fsbl_bsp/system.mss
TRACE::2026-01-15.12:17:53::SCWMssOS::Opened the sw design from mss  C:/Users/CamLT/AX7010_Work/UltrasonicFPGA2021/delay-and-sum/delay_and_sum_plat/zynq_fsbl/zynq_fsbl_bsp/system.mss
TRACE::2026-01-15.12:17:53::SCWMssOS::Adding the swdes entry C:/Users/CamLT/AX7010_Work/UltrasonicFPGA2021/delay-and-sum/delay_and_sum_plat/zynq_fsbl/zynq_fsbl_bsp/system.mss with des name system
TRACE::2026-01-15.12:17:53::SCWMssOS::updating the scw layer about changes
TRACE::2026-01-15.12:17:53::SCWMssOS::Opened the sw design.  C:/Users/CamLT/AX7010_Work/UltrasonicFPGA2021/delay-and-sum/delay_and_sum_plat/zynq_fsbl/zynq_fsbl_bsp/system.mss
TRACE::2026-01-15.12:17:53::SCWPlatform::Trying to open the hw design at C:/Users/CamLT/AX7010_Work/UltrasonicFPGA2021/delay-and-sum/delay_and_sum_plat/hw/Demodulator_128Ch_wrapper.xsa
TRACE::2026-01-15.12:17:53::SCWPlatform::DSA given C:/Users/CamLT/AX7010_Work/UltrasonicFPGA2021/delay-and-sum/delay_and_sum_plat/hw/Demodulator_128Ch_wrapper.xsa
TRACE::2026-01-15.12:17:53::SCWPlatform::DSA absoulate path C:/Users/CamLT/AX7010_Work/UltrasonicFPGA2021/delay-and-sum/delay_and_sum_plat/hw/Demodulator_128Ch_wrapper.xsa
TRACE::2026-01-15.12:17:53::SCWPlatform::DSA directory C:/Users/CamLT/AX7010_Work/UltrasonicFPGA2021/delay-and-sum/delay_and_sum_plat/hw
TRACE::2026-01-15.12:17:53::SCWPlatform:: Platform Path C:/Users/CamLT/AX7010_Work/UltrasonicFPGA2021/delay-and-sum/delay_and_sum_plat/hw/Demodulator_128Ch_wrapper.xsa
TRACE::2026-01-15.12:17:53::SCWPlatform:: Unique name xilinx:::0.0
TRACE::2026-01-15.12:17:53::SCWPlatform::Trying to set the existing hwdb with name Demodulator_128Ch_wrappe_1
TRACE::2026-01-15.12:17:53::SCWPlatform::Opened existing hwdb Demodulator_128Ch_wrappe_1
TRACE::2026-01-15.12:17:53::SCWPlatform::Found the Hw Db part of the input DSA
TRACE::2026-01-15.12:17:53::SCWMssOS::Checking the sw design at  C:/Users/CamLT/AX7010_Work/UltrasonicFPGA2021/delay-and-sum/delay_and_sum_plat/zynq_fsbl/zynq_fsbl_bsp/system.mss
TRACE::2026-01-15.12:17:53::SCWMssOS::DEBUG:  swdes dump  C:/Users/CamLT/AX7010_Work/UltrasonicFPGA2021/delay-and-sum/delay_and_sum_plat/ps7_cortexa9_0/standalone_domain/bsp/system.mss|system_0||
C:/Users/CamLT/AX7010_Work/UltrasonicFPGA2021/delay-and-sum/delay_and_sum_plat/zynq_fsbl/zynq_fsbl_bsp/system.mss|system||

TRACE::2026-01-15.12:17:53::SCWMssOS::Sw design exists and opened at  C:/Users/CamLT/AX7010_Work/UltrasonicFPGA2021/delay-and-sum/delay_and_sum_plat/zynq_fsbl/zynq_fsbl_bsp/system.mss
TRACE::2026-01-15.12:17:53::SCWMssOS:: library already available in sw design:  xilffs:4.5
TRACE::2026-01-15.12:17:53::SCWPlatform::Trying to open the hw design at C:/Users/CamLT/AX7010_Work/UltrasonicFPGA2021/delay-and-sum/delay_and_sum_plat/hw/Demodulator_128Ch_wrapper.xsa
TRACE::2026-01-15.12:17:53::SCWPlatform::DSA given C:/Users/CamLT/AX7010_Work/UltrasonicFPGA2021/delay-and-sum/delay_and_sum_plat/hw/Demodulator_128Ch_wrapper.xsa
TRACE::2026-01-15.12:17:53::SCWPlatform::DSA absoulate path C:/Users/CamLT/AX7010_Work/UltrasonicFPGA2021/delay-and-sum/delay_and_sum_plat/hw/Demodulator_128Ch_wrapper.xsa
TRACE::2026-01-15.12:17:53::SCWPlatform::DSA directory C:/Users/CamLT/AX7010_Work/UltrasonicFPGA2021/delay-and-sum/delay_and_sum_plat/hw
TRACE::2026-01-15.12:17:53::SCWPlatform:: Platform Path C:/Users/CamLT/AX7010_Work/UltrasonicFPGA2021/delay-and-sum/delay_and_sum_plat/hw/Demodulator_128Ch_wrapper.xsa
TRACE::2026-01-15.12:17:53::SCWPlatform:: Unique name xilinx:::0.0
TRACE::2026-01-15.12:17:53::SCWPlatform::Trying to set the existing hwdb with name Demodulator_128Ch_wrappe_1
TRACE::2026-01-15.12:17:53::SCWPlatform::Opened existing hwdb Demodulator_128Ch_wrappe_1
TRACE::2026-01-15.12:17:53::SCWPlatform::Found the Hw Db part of the input DSA
TRACE::2026-01-15.12:17:53::SCWMssOS::Checking the sw design at  C:/Users/CamLT/AX7010_Work/UltrasonicFPGA2021/delay-and-sum/delay_and_sum_plat/zynq_fsbl/zynq_fsbl_bsp/system.mss
TRACE::2026-01-15.12:17:53::SCWMssOS::DEBUG:  swdes dump  C:/Users/CamLT/AX7010_Work/UltrasonicFPGA2021/delay-and-sum/delay_and_sum_plat/ps7_cortexa9_0/standalone_domain/bsp/system.mss|system_0||
C:/Users/CamLT/AX7010_Work/UltrasonicFPGA2021/delay-and-sum/delay_and_sum_plat/zynq_fsbl/zynq_fsbl_bsp/system.mss|system||

TRACE::2026-01-15.12:17:53::SCWMssOS::Sw design exists and opened at  C:/Users/CamLT/AX7010_Work/UltrasonicFPGA2021/delay-and-sum/delay_and_sum_plat/zynq_fsbl/zynq_fsbl_bsp/system.mss
TRACE::2026-01-15.12:17:53::SCWMssOS:: library already available in sw design:  xilrsa:1.6
TRACE::2026-01-15.12:17:53::SCWMssOS::Saving the mss changes C:/Users/CamLT/AX7010_Work/UltrasonicFPGA2021/delay-and-sum/delay_and_sum_plat/zynq_fsbl/zynq_fsbl_bsp/system.mss
TRACE::2026-01-15.12:17:53::SCWMssOS::Found a swdesign opened with the mssfile.
TRACE::2026-01-15.12:17:53::SCWMssOS::Completed writemss as part of save.
TRACE::2026-01-15.12:17:53::SCWMssOS::Commit changes completed.
TRACE::2026-01-15.12:17:53::SCWPlatform::Trying to open the hw design at C:/Users/CamLT/AX7010_Work/UltrasonicFPGA2021/delay-and-sum/delay_and_sum_plat/hw/Demodulator_128Ch_wrapper.xsa
TRACE::2026-01-15.12:17:53::SCWPlatform::DSA given C:/Users/CamLT/AX7010_Work/UltrasonicFPGA2021/delay-and-sum/delay_and_sum_plat/hw/Demodulator_128Ch_wrapper.xsa
TRACE::2026-01-15.12:17:53::SCWPlatform::DSA absoulate path C:/Users/CamLT/AX7010_Work/UltrasonicFPGA2021/delay-and-sum/delay_and_sum_plat/hw/Demodulator_128Ch_wrapper.xsa
TRACE::2026-01-15.12:17:53::SCWPlatform::DSA directory C:/Users/CamLT/AX7010_Work/UltrasonicFPGA2021/delay-and-sum/delay_and_sum_plat/hw
TRACE::2026-01-15.12:17:53::SCWPlatform:: Platform Path C:/Users/CamLT/AX7010_Work/UltrasonicFPGA2021/delay-and-sum/delay_and_sum_plat/hw/Demodulator_128Ch_wrapper.xsa
TRACE::2026-01-15.12:17:53::SCWPlatform:: Unique name xilinx:::0.0
TRACE::2026-01-15.12:17:53::SCWPlatform::Trying to set the existing hwdb with name Demodulator_128Ch_wrappe_1
TRACE::2026-01-15.12:17:53::SCWPlatform::Opened existing hwdb Demodulator_128Ch_wrappe_1
TRACE::2026-01-15.12:17:53::SCWPlatform::Found the Hw Db part of the input DSA
TRACE::2026-01-15.12:17:53::SCWMssOS::Checking the sw design at  C:/Users/CamLT/AX7010_Work/UltrasonicFPGA2021/delay-and-sum/delay_and_sum_plat/zynq_fsbl/zynq_fsbl_bsp/system.mss
TRACE::2026-01-15.12:17:53::SCWMssOS::DEBUG:  swdes dump  C:/Users/CamLT/AX7010_Work/UltrasonicFPGA2021/delay-and-sum/delay_and_sum_plat/ps7_cortexa9_0/standalone_domain/bsp/system.mss|system_0||
C:/Users/CamLT/AX7010_Work/UltrasonicFPGA2021/delay-and-sum/delay_and_sum_plat/zynq_fsbl/zynq_fsbl_bsp/system.mss|system||

TRACE::2026-01-15.12:17:53::SCWMssOS::Sw design exists and opened at  C:/Users/CamLT/AX7010_Work/UltrasonicFPGA2021/delay-and-sum/delay_and_sum_plat/zynq_fsbl/zynq_fsbl_bsp/system.mss
TRACE::2026-01-15.12:17:53::SCWMssOS::Removing the swdes entry for  C:/Users/CamLT/AX7010_Work/UltrasonicFPGA2021/delay-and-sum/delay_and_sum_plat/zynq_fsbl/zynq_fsbl_bsp/system.mss
TRACE::2026-01-15.12:17:54::SCWPlatform::Trying to open the hw design at C:/Users/CamLT/AX7010_Work/UltrasonicFPGA2021/delay-and-sum/delay_and_sum_plat/hw/Demodulator_128Ch_wrapper.xsa
TRACE::2026-01-15.12:17:54::SCWPlatform::DSA given C:/Users/CamLT/AX7010_Work/UltrasonicFPGA2021/delay-and-sum/delay_and_sum_plat/hw/Demodulator_128Ch_wrapper.xsa
TRACE::2026-01-15.12:17:54::SCWPlatform::DSA absoulate path C:/Users/CamLT/AX7010_Work/UltrasonicFPGA2021/delay-and-sum/delay_and_sum_plat/hw/Demodulator_128Ch_wrapper.xsa
TRACE::2026-01-15.12:17:54::SCWPlatform::DSA directory C:/Users/CamLT/AX7010_Work/UltrasonicFPGA2021/delay-and-sum/delay_and_sum_plat/hw
TRACE::2026-01-15.12:17:54::SCWPlatform:: Platform Path C:/Users/CamLT/AX7010_Work/UltrasonicFPGA2021/delay-and-sum/delay_and_sum_plat/hw/Demodulator_128Ch_wrapper.xsa
TRACE::2026-01-15.12:17:54::SCWPlatform:: Unique name xilinx:::0.0
TRACE::2026-01-15.12:17:54::SCWPlatform::Trying to set the existing hwdb with name Demodulator_128Ch_wrappe_1
TRACE::2026-01-15.12:17:54::SCWPlatform::Opened existing hwdb Demodulator_128Ch_wrappe_1
TRACE::2026-01-15.12:17:54::SCWPlatform::Found the Hw Db part of the input DSA
TRACE::2026-01-15.12:17:54::SCWMssOS::Checking the sw design at  C:/Users/CamLT/AX7010_Work/UltrasonicFPGA2021/delay-and-sum/delay_and_sum_plat/zynq_fsbl/zynq_fsbl_bsp/system.mss
TRACE::2026-01-15.12:17:54::SCWMssOS::DEBUG:  swdes dump  C:/Users/CamLT/AX7010_Work/UltrasonicFPGA2021/delay-and-sum/delay_and_sum_plat/ps7_cortexa9_0/standalone_domain/bsp/system.mss|system_0||

TRACE::2026-01-15.12:17:54::SCWMssOS::No sw design opened at  C:/Users/CamLT/AX7010_Work/UltrasonicFPGA2021/delay-and-sum/delay_and_sum_plat/zynq_fsbl/zynq_fsbl_bsp/system.mss
TRACE::2026-01-15.12:17:54::SCWMssOS::mss exists loading the mss file  C:/Users/CamLT/AX7010_Work/UltrasonicFPGA2021/delay-and-sum/delay_and_sum_plat/zynq_fsbl/zynq_fsbl_bsp/system.mss
TRACE::2026-01-15.12:17:54::SCWMssOS::Opened the sw design from mss  C:/Users/CamLT/AX7010_Work/UltrasonicFPGA2021/delay-and-sum/delay_and_sum_plat/zynq_fsbl/zynq_fsbl_bsp/system.mss
TRACE::2026-01-15.12:17:54::SCWMssOS::Adding the swdes entry C:/Users/CamLT/AX7010_Work/UltrasonicFPGA2021/delay-and-sum/delay_and_sum_plat/zynq_fsbl/zynq_fsbl_bsp/system.mss with des name system
TRACE::2026-01-15.12:17:54::SCWMssOS::updating the scw layer about changes
TRACE::2026-01-15.12:17:54::SCWMssOS::Opened the sw design.  C:/Users/CamLT/AX7010_Work/UltrasonicFPGA2021/delay-and-sum/delay_and_sum_plat/zynq_fsbl/zynq_fsbl_bsp/system.mss
TRACE::2026-01-15.12:17:57::SCWPlatform::Trying to open the hw design at C:/Users/CamLT/AX7010_Work/UltrasonicFPGA2021/delay-and-sum/delay_and_sum_plat/hw/Demodulator_128Ch_wrapper.xsa
TRACE::2026-01-15.12:17:57::SCWPlatform::DSA given C:/Users/CamLT/AX7010_Work/UltrasonicFPGA2021/delay-and-sum/delay_and_sum_plat/hw/Demodulator_128Ch_wrapper.xsa
TRACE::2026-01-15.12:17:57::SCWPlatform::DSA absoulate path C:/Users/CamLT/AX7010_Work/UltrasonicFPGA2021/delay-and-sum/delay_and_sum_plat/hw/Demodulator_128Ch_wrapper.xsa
TRACE::2026-01-15.12:17:57::SCWPlatform::DSA directory C:/Users/CamLT/AX7010_Work/UltrasonicFPGA2021/delay-and-sum/delay_and_sum_plat/hw
TRACE::2026-01-15.12:17:57::SCWPlatform:: Platform Path C:/Users/CamLT/AX7010_Work/UltrasonicFPGA2021/delay-and-sum/delay_and_sum_plat/hw/Demodulator_128Ch_wrapper.xsa
TRACE::2026-01-15.12:17:57::SCWPlatform:: Unique name xilinx:::0.0
TRACE::2026-01-15.12:17:57::SCWPlatform::Trying to set the existing hwdb with name Demodulator_128Ch_wrappe_1
TRACE::2026-01-15.12:17:57::SCWPlatform::Opened existing hwdb Demodulator_128Ch_wrappe_1
TRACE::2026-01-15.12:17:57::SCWPlatform::Found the Hw Db part of the input DSA
TRACE::2026-01-15.12:17:57::SCWMssOS::Checking the sw design at  C:/Users/CamLT/AX7010_Work/UltrasonicFPGA2021/delay-and-sum/delay_and_sum_plat/zynq_fsbl/zynq_fsbl_bsp/system.mss
TRACE::2026-01-15.12:17:57::SCWMssOS::DEBUG:  swdes dump  C:/Users/CamLT/AX7010_Work/UltrasonicFPGA2021/delay-and-sum/delay_and_sum_plat/ps7_cortexa9_0/standalone_domain/bsp/system.mss|system_0||
C:/Users/CamLT/AX7010_Work/UltrasonicFPGA2021/delay-and-sum/delay_and_sum_plat/zynq_fsbl/zynq_fsbl_bsp/system.mss|system||

TRACE::2026-01-15.12:17:57::SCWMssOS::Sw design exists and opened at  C:/Users/CamLT/AX7010_Work/UltrasonicFPGA2021/delay-and-sum/delay_and_sum_plat/zynq_fsbl/zynq_fsbl_bsp/system.mss
TRACE::2026-01-15.12:17:57::SCWMssOS::Adding Library:  lwip211:1.5
TRACE::2026-01-15.12:17:57::SCWMssOS::Added Library:  lwip211
TRACE::2026-01-15.12:17:57::SCWPlatform::Trying to open the hw design at C:/Users/CamLT/AX7010_Work/UltrasonicFPGA2021/delay-and-sum/delay_and_sum_plat/hw/Demodulator_128Ch_wrapper.xsa
TRACE::2026-01-15.12:17:57::SCWPlatform::DSA given C:/Users/CamLT/AX7010_Work/UltrasonicFPGA2021/delay-and-sum/delay_and_sum_plat/hw/Demodulator_128Ch_wrapper.xsa
TRACE::2026-01-15.12:17:57::SCWPlatform::DSA absoulate path C:/Users/CamLT/AX7010_Work/UltrasonicFPGA2021/delay-and-sum/delay_and_sum_plat/hw/Demodulator_128Ch_wrapper.xsa
TRACE::2026-01-15.12:17:57::SCWPlatform::DSA directory C:/Users/CamLT/AX7010_Work/UltrasonicFPGA2021/delay-and-sum/delay_and_sum_plat/hw
TRACE::2026-01-15.12:17:57::SCWPlatform:: Platform Path C:/Users/CamLT/AX7010_Work/UltrasonicFPGA2021/delay-and-sum/delay_and_sum_plat/hw/Demodulator_128Ch_wrapper.xsa
TRACE::2026-01-15.12:17:57::SCWPlatform:: Unique name xilinx:::0.0
TRACE::2026-01-15.12:17:57::SCWPlatform::Trying to set the existing hwdb with name Demodulator_128Ch_wrappe_1
TRACE::2026-01-15.12:17:57::SCWPlatform::Opened existing hwdb Demodulator_128Ch_wrappe_1
TRACE::2026-01-15.12:17:57::SCWPlatform::Found the Hw Db part of the input DSA
TRACE::2026-01-15.12:17:57::SCWMssOS::Checking the sw design at  C:/Users/CamLT/AX7010_Work/UltrasonicFPGA2021/delay-and-sum/delay_and_sum_plat/zynq_fsbl/zynq_fsbl_bsp/system.mss
TRACE::2026-01-15.12:17:57::SCWMssOS::DEBUG:  swdes dump  C:/Users/CamLT/AX7010_Work/UltrasonicFPGA2021/delay-and-sum/delay_and_sum_plat/ps7_cortexa9_0/standalone_domain/bsp/system.mss|system_0||
C:/Users/CamLT/AX7010_Work/UltrasonicFPGA2021/delay-and-sum/delay_and_sum_plat/zynq_fsbl/zynq_fsbl_bsp/system.mss|system||

TRACE::2026-01-15.12:17:57::SCWMssOS::Sw design exists and opened at  C:/Users/CamLT/AX7010_Work/UltrasonicFPGA2021/delay-and-sum/delay_and_sum_plat/zynq_fsbl/zynq_fsbl_bsp/system.mss
TRACE::2026-01-15.12:17:59::SCWMssOS::Saving the mss changes C:/Users/CamLT/AX7010_Work/UltrasonicFPGA2021/delay-and-sum/delay_and_sum_plat/zynq_fsbl/zynq_fsbl_bsp/system.mss
TRACE::2026-01-15.12:17:59::SCWMssOS::Found a swdesign opened with the mssfile.
TRACE::2026-01-15.12:17:59::SCWMssOS::Completed writemss as part of save.
TRACE::2026-01-15.12:17:59::SCWMssOS::Commit changes completed.
TRACE::2026-01-15.12:17:59::SCWMssOS::Saving the mss changes C:/Users/CamLT/AX7010_Work/UltrasonicFPGA2021/delay-and-sum/delay_and_sum_plat/ps7_cortexa9_0/standalone_domain/bsp/system.mss
TRACE::2026-01-15.12:17:59::SCWMssOS::Found a swdesign opened with the mssfile.
TRACE::2026-01-15.12:17:59::SCWMssOS::Completed writemss as part of save.
TRACE::2026-01-15.12:17:59::SCWMssOS::Commit changes completed.
TRACE::2026-01-15.12:17:59::SCWPlatform::Trying to open the hw design at C:/Users/CamLT/AX7010_Work/UltrasonicFPGA2021/delay-and-sum/delay_and_sum_plat/hw/Demodulator_128Ch_wrapper.xsa
TRACE::2026-01-15.12:17:59::SCWPlatform::DSA given C:/Users/CamLT/AX7010_Work/UltrasonicFPGA2021/delay-and-sum/delay_and_sum_plat/hw/Demodulator_128Ch_wrapper.xsa
TRACE::2026-01-15.12:17:59::SCWPlatform::DSA absoulate path C:/Users/CamLT/AX7010_Work/UltrasonicFPGA2021/delay-and-sum/delay_and_sum_plat/hw/Demodulator_128Ch_wrapper.xsa
TRACE::2026-01-15.12:17:59::SCWPlatform::DSA directory C:/Users/CamLT/AX7010_Work/UltrasonicFPGA2021/delay-and-sum/delay_and_sum_plat/hw
TRACE::2026-01-15.12:17:59::SCWPlatform:: Platform Path C:/Users/CamLT/AX7010_Work/UltrasonicFPGA2021/delay-and-sum/delay_and_sum_plat/hw/Demodulator_128Ch_wrapper.xsa
TRACE::2026-01-15.12:17:59::SCWPlatform:: Unique name xilinx:::0.0
TRACE::2026-01-15.12:17:59::SCWPlatform::Trying to set the existing hwdb with name Demodulator_128Ch_wrappe_1
TRACE::2026-01-15.12:17:59::SCWPlatform::Opened existing hwdb Demodulator_128Ch_wrappe_1
TRACE::2026-01-15.12:17:59::SCWPlatform::Found the Hw Db part of the input DSA
TRACE::2026-01-15.12:17:59::SCWMssOS::Checking the sw design at  C:/Users/CamLT/AX7010_Work/UltrasonicFPGA2021/delay-and-sum/delay_and_sum_plat/zynq_fsbl/zynq_fsbl_bsp/system.mss
TRACE::2026-01-15.12:17:59::SCWMssOS::DEBUG:  swdes dump  C:/Users/CamLT/AX7010_Work/UltrasonicFPGA2021/delay-and-sum/delay_and_sum_plat/ps7_cortexa9_0/standalone_domain/bsp/system.mss|system_0||
C:/Users/CamLT/AX7010_Work/UltrasonicFPGA2021/delay-and-sum/delay_and_sum_plat/zynq_fsbl/zynq_fsbl_bsp/system.mss|system||

TRACE::2026-01-15.12:17:59::SCWMssOS::Sw design exists and opened at  C:/Users/CamLT/AX7010_Work/UltrasonicFPGA2021/delay-and-sum/delay_and_sum_plat/zynq_fsbl/zynq_fsbl_bsp/system.mss
TRACE::2026-01-15.12:17:59::SCWPlatform::Trying to open the hw design at C:/Users/CamLT/AX7010_Work/UltrasonicFPGA2021/delay-and-sum/delay_and_sum_plat/hw/Demodulator_128Ch_wrapper.xsa
TRACE::2026-01-15.12:17:59::SCWPlatform::DSA given C:/Users/CamLT/AX7010_Work/UltrasonicFPGA2021/delay-and-sum/delay_and_sum_plat/hw/Demodulator_128Ch_wrapper.xsa
TRACE::2026-01-15.12:17:59::SCWPlatform::DSA absoulate path C:/Users/CamLT/AX7010_Work/UltrasonicFPGA2021/delay-and-sum/delay_and_sum_plat/hw/Demodulator_128Ch_wrapper.xsa
TRACE::2026-01-15.12:17:59::SCWPlatform::DSA directory C:/Users/CamLT/AX7010_Work/UltrasonicFPGA2021/delay-and-sum/delay_and_sum_plat/hw
TRACE::2026-01-15.12:17:59::SCWPlatform:: Platform Path C:/Users/CamLT/AX7010_Work/UltrasonicFPGA2021/delay-and-sum/delay_and_sum_plat/hw/Demodulator_128Ch_wrapper.xsa
TRACE::2026-01-15.12:17:59::SCWPlatform:: Unique name xilinx:::0.0
TRACE::2026-01-15.12:17:59::SCWPlatform::Trying to set the existing hwdb with name Demodulator_128Ch_wrappe_1
TRACE::2026-01-15.12:17:59::SCWPlatform::Opened existing hwdb Demodulator_128Ch_wrappe_1
TRACE::2026-01-15.12:17:59::SCWPlatform::Found the Hw Db part of the input DSA
TRACE::2026-01-15.12:17:59::SCWMssOS::Checking the sw design at  C:/Users/CamLT/AX7010_Work/UltrasonicFPGA2021/delay-and-sum/delay_and_sum_plat/ps7_cortexa9_0/standalone_domain/bsp/system.mss
TRACE::2026-01-15.12:17:59::SCWMssOS::DEBUG:  swdes dump  C:/Users/CamLT/AX7010_Work/UltrasonicFPGA2021/delay-and-sum/delay_and_sum_plat/ps7_cortexa9_0/standalone_domain/bsp/system.mss|system_0||
C:/Users/CamLT/AX7010_Work/UltrasonicFPGA2021/delay-and-sum/delay_and_sum_plat/zynq_fsbl/zynq_fsbl_bsp/system.mss|system||

TRACE::2026-01-15.12:17:59::SCWMssOS::Sw design exists and opened at  C:/Users/CamLT/AX7010_Work/UltrasonicFPGA2021/delay-and-sum/delay_and_sum_plat/ps7_cortexa9_0/standalone_domain/bsp/system.mss
TRACE::2026-01-15.12:17:59::SCWWriter::formatted JSON is {
	"platformName":	"delay_and_sum_plat",
	"sprVersion":	"2.0",
	"mode":	"gui",
	"dsaType":	"Fixed",
	"platformDesc":	"delay_and_sum_plat",
	"platHandOff":	"C:/Users/CamLT/AX7010_Work/Demodulator_128Ch_wrapper.xsa",
	"platIntHandOff":	"<platformDir>/hw/Demodulator_128Ch_wrapper.xsa",
	"deviceType":	"zynq",
	"platIsPrebuiltAutogen":	"false",
	"platIsNoBootBsp":	"false",
	"hasFsblMakeHasChanges":	"false",
	"hasPmufwMakeHasChanges":	"false",
	"fsblExtraCompilerFlags":	"-MMD -MP       -mcpu=cortex-a9 -mfpu=vfpv3 -mfloat-abi=hard ",
	"platPreBuiltFlag":	false,
	"platformSamplesDir":	"",
	"platActiveSys":	"delay_and_sum_plat",
	"systems":	[{
			"systemName":	"delay_and_sum_plat",
			"systemDesc":	"delay_and_sum_plat",
			"sysIsBootAutoGen":	"true",
			"systemDispName":	"delay_and_sum_plat",
			"sysActiveDom":	"zynq_fsbl",
			"sysDefaultDom":	"standalone_domain",
			"domains":	[{
					"domainName":	"zynq_fsbl",
					"domainDispName":	"zynq_fsbl",
					"domainDesc":	"FSBL Application BSP - Auto Generated.",
					"processors":	"ps7_cortexa9_0",
					"os":	"standalone",
					"sdxOs":	"standalone",
					"debugEnable":	"",
					"domRuntimes":	["cpp"],
					"swRepo":	"",
					"mssOsVer":	"7.5",
					"mssFile":	"",
					"md5Digest":	"8d3fc67baac38ac96da78567c4cbff96",
					"compatibleApp":	"zynq_fsbl",
					"domType":	"bootDomain",
					"arch":	"32-bit",
					"appSettings":	{
						"appCompilerFlags":	"",
						"appLinkerFlags":	""
					},
					"addedLibs":	["xilffs:4.5", "xilrsa:1.6", "lwip211:1.5"],
					"libOptions":	{
						"libsContainingOptions":	[]
					},
					"prebuiltLibs":	{
						"prebuiltIncPath":	[],
						"prebuiltLibPath":	[]
					},
					"isolation":	{
					}
				}, {
					"domainName":	"standalone_domain",
					"domainDispName":	"standalone on ps7_cortexa9_0",
					"domainDesc":	"standalone_domain",
					"processors":	"ps7_cortexa9_0",
					"os":	"standalone",
					"sdxOs":	"standalone",
					"qemuArgs":	"C:/Xilinx/Vitis/2021.1/data/emulation/platforms/zynq/sw/a9_standalone/qemu/qemu_args.txt",
					"qemuData":	"C:/Xilinx/Vitis/2021.1/data/emulation/platforms/zynq/sw/a9_standalone/qemu/",
					"debugEnable":	"False",
					"domRuntimes":	["cpp"],
					"swRepo":	"",
					"mssOsVer":	"7.5",
					"mssFile":	"",
					"md5Digest":	"e1314fc24394511c64ca9c8e839a63cb",
					"compatibleApp":	"",
					"domType":	"mssDomain",
					"appSettings":	{
						"appCompilerFlags":	"",
						"appLinkerFlags":	""
					},
					"addedLibs":	[],
					"libOptions":	{
						"libsContainingOptions":	[]
					},
					"prebuiltLibs":	{
						"prebuiltIncPath":	[],
						"prebuiltLibPath":	[]
					},
					"isolation":	{
					}
				}]
		}]
}
TRACE::2026-01-15.12:17:59::SCWMssOS::Saving the mss changes C:/Users/CamLT/AX7010_Work/UltrasonicFPGA2021/delay-and-sum/delay_and_sum_plat/zynq_fsbl/zynq_fsbl_bsp/system.mss
TRACE::2026-01-15.12:17:59::SCWMssOS::Found a swdesign opened with the mssfile.
TRACE::2026-01-15.12:17:59::SCWMssOS::Completed writemss as part of save.
TRACE::2026-01-15.12:17:59::SCWMssOS::Commit changes completed.
TRACE::2026-01-15.12:17:59::SCWPlatform::Trying to open the hw design at C:/Users/CamLT/AX7010_Work/UltrasonicFPGA2021/delay-and-sum/delay_and_sum_plat/hw/Demodulator_128Ch_wrapper.xsa
TRACE::2026-01-15.12:17:59::SCWPlatform::DSA given C:/Users/CamLT/AX7010_Work/UltrasonicFPGA2021/delay-and-sum/delay_and_sum_plat/hw/Demodulator_128Ch_wrapper.xsa
TRACE::2026-01-15.12:17:59::SCWPlatform::DSA absoulate path C:/Users/CamLT/AX7010_Work/UltrasonicFPGA2021/delay-and-sum/delay_and_sum_plat/hw/Demodulator_128Ch_wrapper.xsa
TRACE::2026-01-15.12:17:59::SCWPlatform::DSA directory C:/Users/CamLT/AX7010_Work/UltrasonicFPGA2021/delay-and-sum/delay_and_sum_plat/hw
TRACE::2026-01-15.12:17:59::SCWPlatform:: Platform Path C:/Users/CamLT/AX7010_Work/UltrasonicFPGA2021/delay-and-sum/delay_and_sum_plat/hw/Demodulator_128Ch_wrapper.xsa
TRACE::2026-01-15.12:17:59::SCWPlatform:: Unique name xilinx:::0.0
TRACE::2026-01-15.12:17:59::SCWPlatform::Trying to set the existing hwdb with name Demodulator_128Ch_wrappe_1
TRACE::2026-01-15.12:17:59::SCWPlatform::Opened existing hwdb Demodulator_128Ch_wrappe_1
TRACE::2026-01-15.12:17:59::SCWPlatform::Found the Hw Db part of the input DSA
TRACE::2026-01-15.12:17:59::SCWMssOS::Checking the sw design at  C:/Users/CamLT/AX7010_Work/UltrasonicFPGA2021/delay-and-sum/delay_and_sum_plat/zynq_fsbl/zynq_fsbl_bsp/system.mss
TRACE::2026-01-15.12:17:59::SCWMssOS::DEBUG:  swdes dump  C:/Users/CamLT/AX7010_Work/UltrasonicFPGA2021/delay-and-sum/delay_and_sum_plat/ps7_cortexa9_0/standalone_domain/bsp/system.mss|system_0||
C:/Users/CamLT/AX7010_Work/UltrasonicFPGA2021/delay-and-sum/delay_and_sum_plat/zynq_fsbl/zynq_fsbl_bsp/system.mss|system||

TRACE::2026-01-15.12:17:59::SCWMssOS::Sw design exists and opened at  C:/Users/CamLT/AX7010_Work/UltrasonicFPGA2021/delay-and-sum/delay_and_sum_plat/zynq_fsbl/zynq_fsbl_bsp/system.mss
TRACE::2026-01-15.12:17:59::SCWMssOS::Removing the swdes entry for  C:/Users/CamLT/AX7010_Work/UltrasonicFPGA2021/delay-and-sum/delay_and_sum_plat/zynq_fsbl/zynq_fsbl_bsp/system.mss
TRACE::2026-01-15.12:18:00::SCWMssOS::In reload Mss file.
TRACE::2026-01-15.12:18:00::SCWPlatform::Trying to open the hw design at C:/Users/CamLT/AX7010_Work/UltrasonicFPGA2021/delay-and-sum/delay_and_sum_plat/hw/Demodulator_128Ch_wrapper.xsa
TRACE::2026-01-15.12:18:00::SCWPlatform::DSA given C:/Users/CamLT/AX7010_Work/UltrasonicFPGA2021/delay-and-sum/delay_and_sum_plat/hw/Demodulator_128Ch_wrapper.xsa
TRACE::2026-01-15.12:18:00::SCWPlatform::DSA absoulate path C:/Users/CamLT/AX7010_Work/UltrasonicFPGA2021/delay-and-sum/delay_and_sum_plat/hw/Demodulator_128Ch_wrapper.xsa
TRACE::2026-01-15.12:18:00::SCWPlatform::DSA directory C:/Users/CamLT/AX7010_Work/UltrasonicFPGA2021/delay-and-sum/delay_and_sum_plat/hw
TRACE::2026-01-15.12:18:00::SCWPlatform:: Platform Path C:/Users/CamLT/AX7010_Work/UltrasonicFPGA2021/delay-and-sum/delay_and_sum_plat/hw/Demodulator_128Ch_wrapper.xsa
TRACE::2026-01-15.12:18:00::SCWPlatform:: Unique name xilinx:::0.0
TRACE::2026-01-15.12:18:00::SCWPlatform::Trying to set the existing hwdb with name Demodulator_128Ch_wrappe_1
TRACE::2026-01-15.12:18:00::SCWPlatform::Opened existing hwdb Demodulator_128Ch_wrappe_1
TRACE::2026-01-15.12:18:00::SCWPlatform::Found the Hw Db part of the input DSA
TRACE::2026-01-15.12:18:00::SCWMssOS::Checking the sw design at  C:/Users/CamLT/AX7010_Work/UltrasonicFPGA2021/delay-and-sum/delay_and_sum_plat/zynq_fsbl/zynq_fsbl_bsp/system.mss
TRACE::2026-01-15.12:18:00::SCWMssOS::DEBUG:  swdes dump  C:/Users/CamLT/AX7010_Work/UltrasonicFPGA2021/delay-and-sum/delay_and_sum_plat/ps7_cortexa9_0/standalone_domain/bsp/system.mss|system_0||

TRACE::2026-01-15.12:18:00::SCWMssOS::No sw design opened at  C:/Users/CamLT/AX7010_Work/UltrasonicFPGA2021/delay-and-sum/delay_and_sum_plat/zynq_fsbl/zynq_fsbl_bsp/system.mss
TRACE::2026-01-15.12:18:00::SCWMssOS::mss exists loading the mss file  C:/Users/CamLT/AX7010_Work/UltrasonicFPGA2021/delay-and-sum/delay_and_sum_plat/zynq_fsbl/zynq_fsbl_bsp/system.mss
TRACE::2026-01-15.12:18:00::SCWMssOS::Opened the sw design from mss  C:/Users/CamLT/AX7010_Work/UltrasonicFPGA2021/delay-and-sum/delay_and_sum_plat/zynq_fsbl/zynq_fsbl_bsp/system.mss
TRACE::2026-01-15.12:18:00::SCWMssOS::Adding the swdes entry C:/Users/CamLT/AX7010_Work/UltrasonicFPGA2021/delay-and-sum/delay_and_sum_plat/zynq_fsbl/zynq_fsbl_bsp/system.mss with des name system
TRACE::2026-01-15.12:18:00::SCWMssOS::updating the scw layer about changes
TRACE::2026-01-15.12:18:00::SCWMssOS::Opened the sw design.  C:/Users/CamLT/AX7010_Work/UltrasonicFPGA2021/delay-and-sum/delay_and_sum_plat/zynq_fsbl/zynq_fsbl_bsp/system.mss
TRACE::2026-01-15.12:18:00::SCWPlatform::Trying to open the hw design at C:/Users/CamLT/AX7010_Work/UltrasonicFPGA2021/delay-and-sum/delay_and_sum_plat/hw/Demodulator_128Ch_wrapper.xsa
TRACE::2026-01-15.12:18:00::SCWPlatform::DSA given C:/Users/CamLT/AX7010_Work/UltrasonicFPGA2021/delay-and-sum/delay_and_sum_plat/hw/Demodulator_128Ch_wrapper.xsa
TRACE::2026-01-15.12:18:00::SCWPlatform::DSA absoulate path C:/Users/CamLT/AX7010_Work/UltrasonicFPGA2021/delay-and-sum/delay_and_sum_plat/hw/Demodulator_128Ch_wrapper.xsa
TRACE::2026-01-15.12:18:00::SCWPlatform::DSA directory C:/Users/CamLT/AX7010_Work/UltrasonicFPGA2021/delay-and-sum/delay_and_sum_plat/hw
TRACE::2026-01-15.12:18:00::SCWPlatform:: Platform Path C:/Users/CamLT/AX7010_Work/UltrasonicFPGA2021/delay-and-sum/delay_and_sum_plat/hw/Demodulator_128Ch_wrapper.xsa
TRACE::2026-01-15.12:18:00::SCWPlatform:: Unique name xilinx:::0.0
TRACE::2026-01-15.12:18:00::SCWPlatform::Trying to set the existing hwdb with name Demodulator_128Ch_wrappe_1
TRACE::2026-01-15.12:18:00::SCWPlatform::Opened existing hwdb Demodulator_128Ch_wrappe_1
TRACE::2026-01-15.12:18:00::SCWPlatform::Found the Hw Db part of the input DSA
TRACE::2026-01-15.12:18:00::SCWMssOS::Checking the sw design at  C:/Users/CamLT/AX7010_Work/UltrasonicFPGA2021/delay-and-sum/delay_and_sum_plat/zynq_fsbl/zynq_fsbl_bsp/system.mss
TRACE::2026-01-15.12:18:00::SCWMssOS::DEBUG:  swdes dump  C:/Users/CamLT/AX7010_Work/UltrasonicFPGA2021/delay-and-sum/delay_and_sum_plat/ps7_cortexa9_0/standalone_domain/bsp/system.mss|system_0||
C:/Users/CamLT/AX7010_Work/UltrasonicFPGA2021/delay-and-sum/delay_and_sum_plat/zynq_fsbl/zynq_fsbl_bsp/system.mss|system||

TRACE::2026-01-15.12:18:00::SCWMssOS::Sw design exists and opened at  C:/Users/CamLT/AX7010_Work/UltrasonicFPGA2021/delay-and-sum/delay_and_sum_plat/zynq_fsbl/zynq_fsbl_bsp/system.mss
TRACE::2026-01-15.12:18:00::SCWMssOS:: library already available in sw design:  xilffs:4.5
TRACE::2026-01-15.12:18:00::SCWPlatform::Trying to open the hw design at C:/Users/CamLT/AX7010_Work/UltrasonicFPGA2021/delay-and-sum/delay_and_sum_plat/hw/Demodulator_128Ch_wrapper.xsa
TRACE::2026-01-15.12:18:00::SCWPlatform::DSA given C:/Users/CamLT/AX7010_Work/UltrasonicFPGA2021/delay-and-sum/delay_and_sum_plat/hw/Demodulator_128Ch_wrapper.xsa
TRACE::2026-01-15.12:18:00::SCWPlatform::DSA absoulate path C:/Users/CamLT/AX7010_Work/UltrasonicFPGA2021/delay-and-sum/delay_and_sum_plat/hw/Demodulator_128Ch_wrapper.xsa
TRACE::2026-01-15.12:18:00::SCWPlatform::DSA directory C:/Users/CamLT/AX7010_Work/UltrasonicFPGA2021/delay-and-sum/delay_and_sum_plat/hw
TRACE::2026-01-15.12:18:00::SCWPlatform:: Platform Path C:/Users/CamLT/AX7010_Work/UltrasonicFPGA2021/delay-and-sum/delay_and_sum_plat/hw/Demodulator_128Ch_wrapper.xsa
TRACE::2026-01-15.12:18:00::SCWPlatform:: Unique name xilinx:::0.0
TRACE::2026-01-15.12:18:00::SCWPlatform::Trying to set the existing hwdb with name Demodulator_128Ch_wrappe_1
TRACE::2026-01-15.12:18:00::SCWPlatform::Opened existing hwdb Demodulator_128Ch_wrappe_1
TRACE::2026-01-15.12:18:00::SCWPlatform::Found the Hw Db part of the input DSA
TRACE::2026-01-15.12:18:00::SCWMssOS::Checking the sw design at  C:/Users/CamLT/AX7010_Work/UltrasonicFPGA2021/delay-and-sum/delay_and_sum_plat/zynq_fsbl/zynq_fsbl_bsp/system.mss
TRACE::2026-01-15.12:18:00::SCWMssOS::DEBUG:  swdes dump  C:/Users/CamLT/AX7010_Work/UltrasonicFPGA2021/delay-and-sum/delay_and_sum_plat/ps7_cortexa9_0/standalone_domain/bsp/system.mss|system_0||
C:/Users/CamLT/AX7010_Work/UltrasonicFPGA2021/delay-and-sum/delay_and_sum_plat/zynq_fsbl/zynq_fsbl_bsp/system.mss|system||

TRACE::2026-01-15.12:18:00::SCWMssOS::Sw design exists and opened at  C:/Users/CamLT/AX7010_Work/UltrasonicFPGA2021/delay-and-sum/delay_and_sum_plat/zynq_fsbl/zynq_fsbl_bsp/system.mss
TRACE::2026-01-15.12:18:00::SCWMssOS:: library already available in sw design:  xilrsa:1.6
TRACE::2026-01-15.12:18:00::SCWPlatform::Trying to open the hw design at C:/Users/CamLT/AX7010_Work/UltrasonicFPGA2021/delay-and-sum/delay_and_sum_plat/hw/Demodulator_128Ch_wrapper.xsa
TRACE::2026-01-15.12:18:00::SCWPlatform::DSA given C:/Users/CamLT/AX7010_Work/UltrasonicFPGA2021/delay-and-sum/delay_and_sum_plat/hw/Demodulator_128Ch_wrapper.xsa
TRACE::2026-01-15.12:18:00::SCWPlatform::DSA absoulate path C:/Users/CamLT/AX7010_Work/UltrasonicFPGA2021/delay-and-sum/delay_and_sum_plat/hw/Demodulator_128Ch_wrapper.xsa
TRACE::2026-01-15.12:18:00::SCWPlatform::DSA directory C:/Users/CamLT/AX7010_Work/UltrasonicFPGA2021/delay-and-sum/delay_and_sum_plat/hw
TRACE::2026-01-15.12:18:00::SCWPlatform:: Platform Path C:/Users/CamLT/AX7010_Work/UltrasonicFPGA2021/delay-and-sum/delay_and_sum_plat/hw/Demodulator_128Ch_wrapper.xsa
TRACE::2026-01-15.12:18:00::SCWPlatform:: Unique name xilinx:::0.0
TRACE::2026-01-15.12:18:00::SCWPlatform::Trying to set the existing hwdb with name Demodulator_128Ch_wrappe_1
TRACE::2026-01-15.12:18:00::SCWPlatform::Opened existing hwdb Demodulator_128Ch_wrappe_1
TRACE::2026-01-15.12:18:00::SCWPlatform::Found the Hw Db part of the input DSA
TRACE::2026-01-15.12:18:00::SCWMssOS::Checking the sw design at  C:/Users/CamLT/AX7010_Work/UltrasonicFPGA2021/delay-and-sum/delay_and_sum_plat/zynq_fsbl/zynq_fsbl_bsp/system.mss
TRACE::2026-01-15.12:18:00::SCWMssOS::DEBUG:  swdes dump  C:/Users/CamLT/AX7010_Work/UltrasonicFPGA2021/delay-and-sum/delay_and_sum_plat/ps7_cortexa9_0/standalone_domain/bsp/system.mss|system_0||
C:/Users/CamLT/AX7010_Work/UltrasonicFPGA2021/delay-and-sum/delay_and_sum_plat/zynq_fsbl/zynq_fsbl_bsp/system.mss|system||

TRACE::2026-01-15.12:18:00::SCWMssOS::Sw design exists and opened at  C:/Users/CamLT/AX7010_Work/UltrasonicFPGA2021/delay-and-sum/delay_and_sum_plat/zynq_fsbl/zynq_fsbl_bsp/system.mss
TRACE::2026-01-15.12:18:00::SCWMssOS:: library already available in sw design:  lwip211:1.5
TRACE::2026-01-15.12:18:00::SCWMssOS::Saving the mss changes C:/Users/CamLT/AX7010_Work/UltrasonicFPGA2021/delay-and-sum/delay_and_sum_plat/zynq_fsbl/zynq_fsbl_bsp/system.mss
TRACE::2026-01-15.12:18:00::SCWMssOS::Found a swdesign opened with the mssfile.
TRACE::2026-01-15.12:18:00::SCWMssOS::Completed writemss as part of save.
TRACE::2026-01-15.12:18:00::SCWMssOS::Commit changes completed.
TRACE::2026-01-15.12:18:00::SCWPlatform::Trying to open the hw design at C:/Users/CamLT/AX7010_Work/UltrasonicFPGA2021/delay-and-sum/delay_and_sum_plat/hw/Demodulator_128Ch_wrapper.xsa
TRACE::2026-01-15.12:18:00::SCWPlatform::DSA given C:/Users/CamLT/AX7010_Work/UltrasonicFPGA2021/delay-and-sum/delay_and_sum_plat/hw/Demodulator_128Ch_wrapper.xsa
TRACE::2026-01-15.12:18:00::SCWPlatform::DSA absoulate path C:/Users/CamLT/AX7010_Work/UltrasonicFPGA2021/delay-and-sum/delay_and_sum_plat/hw/Demodulator_128Ch_wrapper.xsa
TRACE::2026-01-15.12:18:00::SCWPlatform::DSA directory C:/Users/CamLT/AX7010_Work/UltrasonicFPGA2021/delay-and-sum/delay_and_sum_plat/hw
TRACE::2026-01-15.12:18:00::SCWPlatform:: Platform Path C:/Users/CamLT/AX7010_Work/UltrasonicFPGA2021/delay-and-sum/delay_and_sum_plat/hw/Demodulator_128Ch_wrapper.xsa
TRACE::2026-01-15.12:18:00::SCWPlatform:: Unique name xilinx:::0.0
TRACE::2026-01-15.12:18:00::SCWPlatform::Trying to set the existing hwdb with name Demodulator_128Ch_wrappe_1
TRACE::2026-01-15.12:18:00::SCWPlatform::Opened existing hwdb Demodulator_128Ch_wrappe_1
TRACE::2026-01-15.12:18:00::SCWPlatform::Found the Hw Db part of the input DSA
TRACE::2026-01-15.12:18:00::SCWMssOS::Checking the sw design at  C:/Users/CamLT/AX7010_Work/UltrasonicFPGA2021/delay-and-sum/delay_and_sum_plat/zynq_fsbl/zynq_fsbl_bsp/system.mss
TRACE::2026-01-15.12:18:00::SCWMssOS::DEBUG:  swdes dump  C:/Users/CamLT/AX7010_Work/UltrasonicFPGA2021/delay-and-sum/delay_and_sum_plat/ps7_cortexa9_0/standalone_domain/bsp/system.mss|system_0||
C:/Users/CamLT/AX7010_Work/UltrasonicFPGA2021/delay-and-sum/delay_and_sum_plat/zynq_fsbl/zynq_fsbl_bsp/system.mss|system||

TRACE::2026-01-15.12:18:00::SCWMssOS::Sw design exists and opened at  C:/Users/CamLT/AX7010_Work/UltrasonicFPGA2021/delay-and-sum/delay_and_sum_plat/zynq_fsbl/zynq_fsbl_bsp/system.mss
TRACE::2026-01-15.12:18:00::SCWMssOS::Removing the swdes entry for  C:/Users/CamLT/AX7010_Work/UltrasonicFPGA2021/delay-and-sum/delay_and_sum_plat/zynq_fsbl/zynq_fsbl_bsp/system.mss
TRACE::2026-01-15.12:18:00::SCWPlatform::Trying to open the hw design at C:/Users/CamLT/AX7010_Work/UltrasonicFPGA2021/delay-and-sum/delay_and_sum_plat/hw/Demodulator_128Ch_wrapper.xsa
TRACE::2026-01-15.12:18:00::SCWPlatform::DSA given C:/Users/CamLT/AX7010_Work/UltrasonicFPGA2021/delay-and-sum/delay_and_sum_plat/hw/Demodulator_128Ch_wrapper.xsa
TRACE::2026-01-15.12:18:00::SCWPlatform::DSA absoulate path C:/Users/CamLT/AX7010_Work/UltrasonicFPGA2021/delay-and-sum/delay_and_sum_plat/hw/Demodulator_128Ch_wrapper.xsa
TRACE::2026-01-15.12:18:00::SCWPlatform::DSA directory C:/Users/CamLT/AX7010_Work/UltrasonicFPGA2021/delay-and-sum/delay_and_sum_plat/hw
TRACE::2026-01-15.12:18:00::SCWPlatform:: Platform Path C:/Users/CamLT/AX7010_Work/UltrasonicFPGA2021/delay-and-sum/delay_and_sum_plat/hw/Demodulator_128Ch_wrapper.xsa
TRACE::2026-01-15.12:18:00::SCWPlatform:: Unique name xilinx:::0.0
TRACE::2026-01-15.12:18:00::SCWPlatform::Trying to set the existing hwdb with name Demodulator_128Ch_wrappe_1
TRACE::2026-01-15.12:18:00::SCWPlatform::Opened existing hwdb Demodulator_128Ch_wrappe_1
TRACE::2026-01-15.12:18:00::SCWPlatform::Found the Hw Db part of the input DSA
TRACE::2026-01-15.12:18:00::SCWMssOS::Checking the sw design at  C:/Users/CamLT/AX7010_Work/UltrasonicFPGA2021/delay-and-sum/delay_and_sum_plat/zynq_fsbl/zynq_fsbl_bsp/system.mss
TRACE::2026-01-15.12:18:00::SCWMssOS::DEBUG:  swdes dump  C:/Users/CamLT/AX7010_Work/UltrasonicFPGA2021/delay-and-sum/delay_and_sum_plat/ps7_cortexa9_0/standalone_domain/bsp/system.mss|system_0||

TRACE::2026-01-15.12:18:00::SCWMssOS::No sw design opened at  C:/Users/CamLT/AX7010_Work/UltrasonicFPGA2021/delay-and-sum/delay_and_sum_plat/zynq_fsbl/zynq_fsbl_bsp/system.mss
TRACE::2026-01-15.12:18:00::SCWMssOS::mss exists loading the mss file  C:/Users/CamLT/AX7010_Work/UltrasonicFPGA2021/delay-and-sum/delay_and_sum_plat/zynq_fsbl/zynq_fsbl_bsp/system.mss
TRACE::2026-01-15.12:18:00::SCWMssOS::Opened the sw design from mss  C:/Users/CamLT/AX7010_Work/UltrasonicFPGA2021/delay-and-sum/delay_and_sum_plat/zynq_fsbl/zynq_fsbl_bsp/system.mss
TRACE::2026-01-15.12:18:00::SCWMssOS::Adding the swdes entry C:/Users/CamLT/AX7010_Work/UltrasonicFPGA2021/delay-and-sum/delay_and_sum_plat/zynq_fsbl/zynq_fsbl_bsp/system.mss with des name system
TRACE::2026-01-15.12:18:00::SCWMssOS::updating the scw layer about changes
TRACE::2026-01-15.12:18:00::SCWMssOS::Opened the sw design.  C:/Users/CamLT/AX7010_Work/UltrasonicFPGA2021/delay-and-sum/delay_and_sum_plat/zynq_fsbl/zynq_fsbl_bsp/system.mss
TRACE::2026-01-15.12:18:00::SCWBDomain::Completed writing the mss file at C:/Users/CamLT/AX7010_Work/UltrasonicFPGA2021/delay-and-sum/delay_and_sum_plat/zynq_fsbl/zynq_fsbl_bsp
TRACE::2026-01-15.12:18:00::SCWBDomain::Forcing BSP Sources regeneration.
TRACE::2026-01-15.12:18:02::SCWBDomain::Updating the makefile used for building the Application zynq_fsbl
TRACE::2026-01-15.12:18:02::SCWPlatform::Trying to open the hw design at C:/Users/CamLT/AX7010_Work/UltrasonicFPGA2021/delay-and-sum/delay_and_sum_plat/hw/Demodulator_128Ch_wrapper.xsa
TRACE::2026-01-15.12:18:02::SCWPlatform::DSA given C:/Users/CamLT/AX7010_Work/UltrasonicFPGA2021/delay-and-sum/delay_and_sum_plat/hw/Demodulator_128Ch_wrapper.xsa
TRACE::2026-01-15.12:18:02::SCWPlatform::DSA absoulate path C:/Users/CamLT/AX7010_Work/UltrasonicFPGA2021/delay-and-sum/delay_and_sum_plat/hw/Demodulator_128Ch_wrapper.xsa
TRACE::2026-01-15.12:18:02::SCWPlatform::DSA directory C:/Users/CamLT/AX7010_Work/UltrasonicFPGA2021/delay-and-sum/delay_and_sum_plat/hw
TRACE::2026-01-15.12:18:02::SCWPlatform:: Platform Path C:/Users/CamLT/AX7010_Work/UltrasonicFPGA2021/delay-and-sum/delay_and_sum_plat/hw/Demodulator_128Ch_wrapper.xsa
TRACE::2026-01-15.12:18:02::SCWPlatform:: Unique name xilinx:::0.0
TRACE::2026-01-15.12:18:02::SCWPlatform::Trying to set the existing hwdb with name Demodulator_128Ch_wrappe_1
TRACE::2026-01-15.12:18:02::SCWPlatform::Opened existing hwdb Demodulator_128Ch_wrappe_1
TRACE::2026-01-15.12:18:02::SCWPlatform::Found the Hw Db part of the input DSA
TRACE::2026-01-15.12:18:02::SCWMssOS::Checking the sw design at  C:/Users/CamLT/AX7010_Work/UltrasonicFPGA2021/delay-and-sum/delay_and_sum_plat/zynq_fsbl/zynq_fsbl_bsp/system.mss
TRACE::2026-01-15.12:18:02::SCWMssOS::DEBUG:  swdes dump  C:/Users/CamLT/AX7010_Work/UltrasonicFPGA2021/delay-and-sum/delay_and_sum_plat/ps7_cortexa9_0/standalone_domain/bsp/system.mss|system_0||

TRACE::2026-01-15.12:18:02::SCWMssOS::No sw design opened at  C:/Users/CamLT/AX7010_Work/UltrasonicFPGA2021/delay-and-sum/delay_and_sum_plat/zynq_fsbl/zynq_fsbl_bsp/system.mss
TRACE::2026-01-15.12:18:02::SCWMssOS::mss exists loading the mss file  C:/Users/CamLT/AX7010_Work/UltrasonicFPGA2021/delay-and-sum/delay_and_sum_plat/zynq_fsbl/zynq_fsbl_bsp/system.mss
TRACE::2026-01-15.12:18:02::SCWMssOS::Opened the sw design from mss  C:/Users/CamLT/AX7010_Work/UltrasonicFPGA2021/delay-and-sum/delay_and_sum_plat/zynq_fsbl/zynq_fsbl_bsp/system.mss
TRACE::2026-01-15.12:18:02::SCWMssOS::Adding the swdes entry C:/Users/CamLT/AX7010_Work/UltrasonicFPGA2021/delay-and-sum/delay_and_sum_plat/zynq_fsbl/zynq_fsbl_bsp/system.mss with des name system
TRACE::2026-01-15.12:18:02::SCWMssOS::updating the scw layer about changes
TRACE::2026-01-15.12:18:02::SCWMssOS::Opened the sw design.  C:/Users/CamLT/AX7010_Work/UltrasonicFPGA2021/delay-and-sum/delay_and_sum_plat/zynq_fsbl/zynq_fsbl_bsp/system.mss
TRACE::2026-01-15.12:18:07::SCWBDomain::removing the temporary location in _platform.
TRACE::2026-01-15.12:18:07::SCWBDomain::Makefile is Updated.
TRACE::2026-01-15.12:18:07::SCWBDomain::doing clean.
TRACE::2026-01-15.12:18:07::SCWBDomain::System Command Ran  C:&  cd  C:/Users/CamLT/AX7010_Work/UltrasonicFPGA2021/delay-and-sum/delay_and_sum_plat/zynq_fsbl & make clean
TRACE::2026-01-15.12:18:07::SCWBDomain::rm -rf  sd.o  nand.o  nor.o  image_mover.o  md5.o  fsbl_hooks.o  main.o  rsa.o  qspi.o  ps7_init.o  pcap.o  fsbl_handoff.o zynq
TRACE::2026-01-15.12:18:07::SCWBDomain::_fsbl_bsp/ps7_cortexa9_0/lib/libxil.a fsbl.elf *.o

TRACE::2026-01-15.12:18:09::SCWPlatform::Trying to open the hw design at C:/Users/CamLT/AX7010_Work/UltrasonicFPGA2021/delay-and-sum/delay_and_sum_plat/hw/Demodulator_128Ch_wrapper.xsa
TRACE::2026-01-15.12:18:09::SCWPlatform::DSA given C:/Users/CamLT/AX7010_Work/UltrasonicFPGA2021/delay-and-sum/delay_and_sum_plat/hw/Demodulator_128Ch_wrapper.xsa
TRACE::2026-01-15.12:18:09::SCWPlatform::DSA absoulate path C:/Users/CamLT/AX7010_Work/UltrasonicFPGA2021/delay-and-sum/delay_and_sum_plat/hw/Demodulator_128Ch_wrapper.xsa
TRACE::2026-01-15.12:18:09::SCWPlatform::DSA directory C:/Users/CamLT/AX7010_Work/UltrasonicFPGA2021/delay-and-sum/delay_and_sum_plat/hw
TRACE::2026-01-15.12:18:09::SCWPlatform:: Platform Path C:/Users/CamLT/AX7010_Work/UltrasonicFPGA2021/delay-and-sum/delay_and_sum_plat/hw/Demodulator_128Ch_wrapper.xsa
TRACE::2026-01-15.12:18:09::SCWPlatform:: Unique name xilinx:::0.0
TRACE::2026-01-15.12:18:09::SCWPlatform::Trying to set the existing hwdb with name Demodulator_128Ch_wrappe_1
TRACE::2026-01-15.12:18:09::SCWPlatform::Opened existing hwdb Demodulator_128Ch_wrappe_1
TRACE::2026-01-15.12:18:09::SCWPlatform::Found the Hw Db part of the input DSA
TRACE::2026-01-15.12:18:09::SCWMssOS::Checking the sw design at  C:/Users/CamLT/AX7010_Work/UltrasonicFPGA2021/delay-and-sum/delay_and_sum_plat/ps7_cortexa9_0/standalone_domain/bsp/system.mss
TRACE::2026-01-15.12:18:09::SCWMssOS::DEBUG:  swdes dump  C:/Users/CamLT/AX7010_Work/UltrasonicFPGA2021/delay-and-sum/delay_and_sum_plat/ps7_cortexa9_0/standalone_domain/bsp/system.mss|system_0||
C:/Users/CamLT/AX7010_Work/UltrasonicFPGA2021/delay-and-sum/delay_and_sum_plat/zynq_fsbl/zynq_fsbl_bsp/system.mss|system||

TRACE::2026-01-15.12:18:09::SCWMssOS::Sw design exists and opened at  C:/Users/CamLT/AX7010_Work/UltrasonicFPGA2021/delay-and-sum/delay_and_sum_plat/ps7_cortexa9_0/standalone_domain/bsp/system.mss
TRACE::2026-01-15.12:18:10::SCWMssOS::In reload Mss file.
TRACE::2026-01-15.12:18:10::SCWPlatform::Trying to open the hw design at C:/Users/CamLT/AX7010_Work/UltrasonicFPGA2021/delay-and-sum/delay_and_sum_plat/hw/Demodulator_128Ch_wrapper.xsa
TRACE::2026-01-15.12:18:10::SCWPlatform::DSA given C:/Users/CamLT/AX7010_Work/UltrasonicFPGA2021/delay-and-sum/delay_and_sum_plat/hw/Demodulator_128Ch_wrapper.xsa
TRACE::2026-01-15.12:18:10::SCWPlatform::DSA absoulate path C:/Users/CamLT/AX7010_Work/UltrasonicFPGA2021/delay-and-sum/delay_and_sum_plat/hw/Demodulator_128Ch_wrapper.xsa
TRACE::2026-01-15.12:18:10::SCWPlatform::DSA directory C:/Users/CamLT/AX7010_Work/UltrasonicFPGA2021/delay-and-sum/delay_and_sum_plat/hw
TRACE::2026-01-15.12:18:10::SCWPlatform:: Platform Path C:/Users/CamLT/AX7010_Work/UltrasonicFPGA2021/delay-and-sum/delay_and_sum_plat/hw/Demodulator_128Ch_wrapper.xsa
TRACE::2026-01-15.12:18:10::SCWPlatform:: Unique name xilinx:::0.0
TRACE::2026-01-15.12:18:10::SCWPlatform::Trying to set the existing hwdb with name Demodulator_128Ch_wrappe_1
TRACE::2026-01-15.12:18:10::SCWPlatform::Opened existing hwdb Demodulator_128Ch_wrappe_1
TRACE::2026-01-15.12:18:10::SCWPlatform::Found the Hw Db part of the input DSA
TRACE::2026-01-15.12:18:10::SCWMssOS::Checking the sw design at  C:/Users/CamLT/AX7010_Work/UltrasonicFPGA2021/delay-and-sum/delay_and_sum_plat/ps7_cortexa9_0/standalone_domain/bsp/system.mss
TRACE::2026-01-15.12:18:10::SCWMssOS::DEBUG:  swdes dump  C:/Users/CamLT/AX7010_Work/UltrasonicFPGA2021/delay-and-sum/delay_and_sum_plat/zynq_fsbl/zynq_fsbl_bsp/system.mss|system||

TRACE::2026-01-15.12:18:10::SCWMssOS::No sw design opened at  C:/Users/CamLT/AX7010_Work/UltrasonicFPGA2021/delay-and-sum/delay_and_sum_plat/ps7_cortexa9_0/standalone_domain/bsp/system.mss
TRACE::2026-01-15.12:18:10::SCWMssOS::mss exists loading the mss file  C:/Users/CamLT/AX7010_Work/UltrasonicFPGA2021/delay-and-sum/delay_and_sum_plat/ps7_cortexa9_0/standalone_domain/bsp/system.mss
TRACE::2026-01-15.12:18:10::SCWMssOS::Opened the sw design from mss  C:/Users/CamLT/AX7010_Work/UltrasonicFPGA2021/delay-and-sum/delay_and_sum_plat/ps7_cortexa9_0/standalone_domain/bsp/system.mss
TRACE::2026-01-15.12:18:10::SCWMssOS::Adding the swdes entry C:/Users/CamLT/AX7010_Work/UltrasonicFPGA2021/delay-and-sum/delay_and_sum_plat/ps7_cortexa9_0/standalone_domain/bsp/system.mss with des name system
TRACE::2026-01-15.12:18:10::SCWMssOS::updating the scw layer about changes
TRACE::2026-01-15.12:18:10::SCWMssOS::Opened the sw design.  C:/Users/CamLT/AX7010_Work/UltrasonicFPGA2021/delay-and-sum/delay_and_sum_plat/ps7_cortexa9_0/standalone_domain/bsp/system.mss
TRACE::2026-01-15.12:18:10::SCWMssOS::Saving the mss changes C:/Users/CamLT/AX7010_Work/UltrasonicFPGA2021/delay-and-sum/delay_and_sum_plat/ps7_cortexa9_0/standalone_domain/bsp/system.mss
TRACE::2026-01-15.12:18:10::SCWMssOS::Found a swdesign opened with the mssfile.
TRACE::2026-01-15.12:18:10::SCWMssOS::Completed writemss as part of save.
TRACE::2026-01-15.12:18:10::SCWMssOS::Commit changes completed.
TRACE::2026-01-15.12:18:10::SCWPlatform::Trying to open the hw design at C:/Users/CamLT/AX7010_Work/UltrasonicFPGA2021/delay-and-sum/delay_and_sum_plat/hw/Demodulator_128Ch_wrapper.xsa
TRACE::2026-01-15.12:18:10::SCWPlatform::DSA given C:/Users/CamLT/AX7010_Work/UltrasonicFPGA2021/delay-and-sum/delay_and_sum_plat/hw/Demodulator_128Ch_wrapper.xsa
TRACE::2026-01-15.12:18:10::SCWPlatform::DSA absoulate path C:/Users/CamLT/AX7010_Work/UltrasonicFPGA2021/delay-and-sum/delay_and_sum_plat/hw/Demodulator_128Ch_wrapper.xsa
TRACE::2026-01-15.12:18:10::SCWPlatform::DSA directory C:/Users/CamLT/AX7010_Work/UltrasonicFPGA2021/delay-and-sum/delay_and_sum_plat/hw
TRACE::2026-01-15.12:18:10::SCWPlatform:: Platform Path C:/Users/CamLT/AX7010_Work/UltrasonicFPGA2021/delay-and-sum/delay_and_sum_plat/hw/Demodulator_128Ch_wrapper.xsa
TRACE::2026-01-15.12:18:10::SCWPlatform:: Unique name xilinx:::0.0
TRACE::2026-01-15.12:18:10::SCWPlatform::Trying to set the existing hwdb with name Demodulator_128Ch_wrappe_1
TRACE::2026-01-15.12:18:10::SCWPlatform::Opened existing hwdb Demodulator_128Ch_wrappe_1
TRACE::2026-01-15.12:18:10::SCWPlatform::Found the Hw Db part of the input DSA
TRACE::2026-01-15.12:18:10::SCWMssOS::Checking the sw design at  C:/Users/CamLT/AX7010_Work/UltrasonicFPGA2021/delay-and-sum/delay_and_sum_plat/ps7_cortexa9_0/standalone_domain/bsp/system.mss
TRACE::2026-01-15.12:18:10::SCWMssOS::DEBUG:  swdes dump  C:/Users/CamLT/AX7010_Work/UltrasonicFPGA2021/delay-and-sum/delay_and_sum_plat/ps7_cortexa9_0/standalone_domain/bsp/system.mss|system||

TRACE::2026-01-15.12:18:10::SCWMssOS::Sw design exists and opened at  C:/Users/CamLT/AX7010_Work/UltrasonicFPGA2021/delay-and-sum/delay_and_sum_plat/ps7_cortexa9_0/standalone_domain/bsp/system.mss
TRACE::2026-01-15.12:18:10::SCWMssOS::Removing the swdes entry for  C:/Users/CamLT/AX7010_Work/UltrasonicFPGA2021/delay-and-sum/delay_and_sum_plat/ps7_cortexa9_0/standalone_domain/bsp/system.mss
TRACE::2026-01-15.12:18:11::SCWPlatform::Trying to open the hw design at C:/Users/CamLT/AX7010_Work/UltrasonicFPGA2021/delay-and-sum/delay_and_sum_plat/hw/Demodulator_128Ch_wrapper.xsa
TRACE::2026-01-15.12:18:11::SCWPlatform::DSA given C:/Users/CamLT/AX7010_Work/UltrasonicFPGA2021/delay-and-sum/delay_and_sum_plat/hw/Demodulator_128Ch_wrapper.xsa
TRACE::2026-01-15.12:18:11::SCWPlatform::DSA absoulate path C:/Users/CamLT/AX7010_Work/UltrasonicFPGA2021/delay-and-sum/delay_and_sum_plat/hw/Demodulator_128Ch_wrapper.xsa
TRACE::2026-01-15.12:18:11::SCWPlatform::DSA directory C:/Users/CamLT/AX7010_Work/UltrasonicFPGA2021/delay-and-sum/delay_and_sum_plat/hw
TRACE::2026-01-15.12:18:11::SCWPlatform:: Platform Path C:/Users/CamLT/AX7010_Work/UltrasonicFPGA2021/delay-and-sum/delay_and_sum_plat/hw/Demodulator_128Ch_wrapper.xsa
TRACE::2026-01-15.12:18:11::SCWPlatform:: Unique name xilinx:::0.0
TRACE::2026-01-15.12:18:11::SCWPlatform::Trying to set the existing hwdb with name Demodulator_128Ch_wrappe_1
TRACE::2026-01-15.12:18:11::SCWPlatform::Opened existing hwdb Demodulator_128Ch_wrappe_1
TRACE::2026-01-15.12:18:11::SCWPlatform::Found the Hw Db part of the input DSA
TRACE::2026-01-15.12:18:11::SCWMssOS::Checking the sw design at  C:/Users/CamLT/AX7010_Work/UltrasonicFPGA2021/delay-and-sum/delay_and_sum_plat/ps7_cortexa9_0/standalone_domain/bsp/system.mss
TRACE::2026-01-15.12:18:11::SCWMssOS::DEBUG:  swdes dump  
TRACE::2026-01-15.12:18:11::SCWMssOS::No sw design opened at  C:/Users/CamLT/AX7010_Work/UltrasonicFPGA2021/delay-and-sum/delay_and_sum_plat/ps7_cortexa9_0/standalone_domain/bsp/system.mss
TRACE::2026-01-15.12:18:11::SCWMssOS::mss exists loading the mss file  C:/Users/CamLT/AX7010_Work/UltrasonicFPGA2021/delay-and-sum/delay_and_sum_plat/ps7_cortexa9_0/standalone_domain/bsp/system.mss
TRACE::2026-01-15.12:18:11::SCWMssOS::Opened the sw design from mss  C:/Users/CamLT/AX7010_Work/UltrasonicFPGA2021/delay-and-sum/delay_and_sum_plat/ps7_cortexa9_0/standalone_domain/bsp/system.mss
TRACE::2026-01-15.12:18:11::SCWMssOS::Adding the swdes entry C:/Users/CamLT/AX7010_Work/UltrasonicFPGA2021/delay-and-sum/delay_and_sum_plat/ps7_cortexa9_0/standalone_domain/bsp/system.mss with des name system
TRACE::2026-01-15.12:18:11::SCWMssOS::updating the scw layer about changes
TRACE::2026-01-15.12:18:11::SCWMssOS::Opened the sw design.  C:/Users/CamLT/AX7010_Work/UltrasonicFPGA2021/delay-and-sum/delay_and_sum_plat/ps7_cortexa9_0/standalone_domain/bsp/system.mss
TRACE::2026-01-15.12:18:13::SCWPlatform::Trying to open the hw design at C:/Users/CamLT/AX7010_Work/UltrasonicFPGA2021/delay-and-sum/delay_and_sum_plat/hw/Demodulator_128Ch_wrapper.xsa
TRACE::2026-01-15.12:18:13::SCWPlatform::DSA given C:/Users/CamLT/AX7010_Work/UltrasonicFPGA2021/delay-and-sum/delay_and_sum_plat/hw/Demodulator_128Ch_wrapper.xsa
TRACE::2026-01-15.12:18:13::SCWPlatform::DSA absoulate path C:/Users/CamLT/AX7010_Work/UltrasonicFPGA2021/delay-and-sum/delay_and_sum_plat/hw/Demodulator_128Ch_wrapper.xsa
TRACE::2026-01-15.12:18:13::SCWPlatform::DSA directory C:/Users/CamLT/AX7010_Work/UltrasonicFPGA2021/delay-and-sum/delay_and_sum_plat/hw
TRACE::2026-01-15.12:18:13::SCWPlatform:: Platform Path C:/Users/CamLT/AX7010_Work/UltrasonicFPGA2021/delay-and-sum/delay_and_sum_plat/hw/Demodulator_128Ch_wrapper.xsa
TRACE::2026-01-15.12:18:13::SCWPlatform:: Unique name xilinx:::0.0
TRACE::2026-01-15.12:18:13::SCWPlatform::Trying to set the existing hwdb with name Demodulator_128Ch_wrappe_1
TRACE::2026-01-15.12:18:13::SCWPlatform::Opened existing hwdb Demodulator_128Ch_wrappe_1
TRACE::2026-01-15.12:18:13::SCWPlatform::Found the Hw Db part of the input DSA
TRACE::2026-01-15.12:18:13::SCWMssOS::Checking the sw design at  C:/Users/CamLT/AX7010_Work/UltrasonicFPGA2021/delay-and-sum/delay_and_sum_plat/ps7_cortexa9_0/standalone_domain/bsp/system.mss
TRACE::2026-01-15.12:18:13::SCWMssOS::DEBUG:  swdes dump  C:/Users/CamLT/AX7010_Work/UltrasonicFPGA2021/delay-and-sum/delay_and_sum_plat/ps7_cortexa9_0/standalone_domain/bsp/system.mss|system||

TRACE::2026-01-15.12:18:13::SCWMssOS::Sw design exists and opened at  C:/Users/CamLT/AX7010_Work/UltrasonicFPGA2021/delay-and-sum/delay_and_sum_plat/ps7_cortexa9_0/standalone_domain/bsp/system.mss
TRACE::2026-01-15.12:18:13::SCWMssOS::Adding Library:  lwip211:1.5
TRACE::2026-01-15.12:18:13::SCWMssOS::Added Library:  lwip211
TRACE::2026-01-15.12:18:13::SCWPlatform::Trying to open the hw design at C:/Users/CamLT/AX7010_Work/UltrasonicFPGA2021/delay-and-sum/delay_and_sum_plat/hw/Demodulator_128Ch_wrapper.xsa
TRACE::2026-01-15.12:18:13::SCWPlatform::DSA given C:/Users/CamLT/AX7010_Work/UltrasonicFPGA2021/delay-and-sum/delay_and_sum_plat/hw/Demodulator_128Ch_wrapper.xsa
TRACE::2026-01-15.12:18:13::SCWPlatform::DSA absoulate path C:/Users/CamLT/AX7010_Work/UltrasonicFPGA2021/delay-and-sum/delay_and_sum_plat/hw/Demodulator_128Ch_wrapper.xsa
TRACE::2026-01-15.12:18:13::SCWPlatform::DSA directory C:/Users/CamLT/AX7010_Work/UltrasonicFPGA2021/delay-and-sum/delay_and_sum_plat/hw
TRACE::2026-01-15.12:18:13::SCWPlatform:: Platform Path C:/Users/CamLT/AX7010_Work/UltrasonicFPGA2021/delay-and-sum/delay_and_sum_plat/hw/Demodulator_128Ch_wrapper.xsa
TRACE::2026-01-15.12:18:13::SCWPlatform:: Unique name xilinx:::0.0
TRACE::2026-01-15.12:18:13::SCWPlatform::Trying to set the existing hwdb with name Demodulator_128Ch_wrappe_1
TRACE::2026-01-15.12:18:13::SCWPlatform::Opened existing hwdb Demodulator_128Ch_wrappe_1
TRACE::2026-01-15.12:18:13::SCWPlatform::Found the Hw Db part of the input DSA
TRACE::2026-01-15.12:18:13::SCWMssOS::Checking the sw design at  C:/Users/CamLT/AX7010_Work/UltrasonicFPGA2021/delay-and-sum/delay_and_sum_plat/ps7_cortexa9_0/standalone_domain/bsp/system.mss
TRACE::2026-01-15.12:18:13::SCWMssOS::DEBUG:  swdes dump  C:/Users/CamLT/AX7010_Work/UltrasonicFPGA2021/delay-and-sum/delay_and_sum_plat/ps7_cortexa9_0/standalone_domain/bsp/system.mss|system||

TRACE::2026-01-15.12:18:13::SCWMssOS::Sw design exists and opened at  C:/Users/CamLT/AX7010_Work/UltrasonicFPGA2021/delay-and-sum/delay_and_sum_plat/ps7_cortexa9_0/standalone_domain/bsp/system.mss
TRACE::2026-01-15.12:18:19::SCWMssOS::Saving the mss changes C:/Users/CamLT/AX7010_Work/UltrasonicFPGA2021/delay-and-sum/delay_and_sum_plat/zynq_fsbl/zynq_fsbl_bsp/system.mss
TRACE::2026-01-15.12:18:19::SCWMssOS::Adding the swdes entry, mss present, able to open swdb C:/Users/CamLT/AX7010_Work/UltrasonicFPGA2021/delay-and-sum/delay_and_sum_plat/zynq_fsbl/zynq_fsbl_bsp/system.mss with des name system_0
TRACE::2026-01-15.12:18:19::SCWMssOS::Writing the mss file completed C:/Users/CamLT/AX7010_Work/UltrasonicFPGA2021/delay-and-sum/delay_and_sum_plat/zynq_fsbl/zynq_fsbl_bsp/system.mss
TRACE::2026-01-15.12:18:19::SCWMssOS::Commit changes completed.
TRACE::2026-01-15.12:18:19::SCWMssOS::Saving the mss changes C:/Users/CamLT/AX7010_Work/UltrasonicFPGA2021/delay-and-sum/delay_and_sum_plat/ps7_cortexa9_0/standalone_domain/bsp/system.mss
TRACE::2026-01-15.12:18:19::SCWMssOS::Found a swdesign opened with the mssfile.
TRACE::2026-01-15.12:18:19::SCWMssOS::Completed writemss as part of save.
TRACE::2026-01-15.12:18:19::SCWMssOS::Commit changes completed.
TRACE::2026-01-15.12:18:19::SCWPlatform::Trying to open the hw design at C:/Users/CamLT/AX7010_Work/UltrasonicFPGA2021/delay-and-sum/delay_and_sum_plat/hw/Demodulator_128Ch_wrapper.xsa
TRACE::2026-01-15.12:18:19::SCWPlatform::DSA given C:/Users/CamLT/AX7010_Work/UltrasonicFPGA2021/delay-and-sum/delay_and_sum_plat/hw/Demodulator_128Ch_wrapper.xsa
TRACE::2026-01-15.12:18:19::SCWPlatform::DSA absoulate path C:/Users/CamLT/AX7010_Work/UltrasonicFPGA2021/delay-and-sum/delay_and_sum_plat/hw/Demodulator_128Ch_wrapper.xsa
TRACE::2026-01-15.12:18:19::SCWPlatform::DSA directory C:/Users/CamLT/AX7010_Work/UltrasonicFPGA2021/delay-and-sum/delay_and_sum_plat/hw
TRACE::2026-01-15.12:18:19::SCWPlatform:: Platform Path C:/Users/CamLT/AX7010_Work/UltrasonicFPGA2021/delay-and-sum/delay_and_sum_plat/hw/Demodulator_128Ch_wrapper.xsa
TRACE::2026-01-15.12:18:19::SCWPlatform:: Unique name xilinx:::0.0
TRACE::2026-01-15.12:18:19::SCWPlatform::Trying to set the existing hwdb with name Demodulator_128Ch_wrappe_1
TRACE::2026-01-15.12:18:19::SCWPlatform::Opened existing hwdb Demodulator_128Ch_wrappe_1
TRACE::2026-01-15.12:18:19::SCWPlatform::Found the Hw Db part of the input DSA
TRACE::2026-01-15.12:18:19::SCWMssOS::Checking the sw design at  C:/Users/CamLT/AX7010_Work/UltrasonicFPGA2021/delay-and-sum/delay_and_sum_plat/zynq_fsbl/zynq_fsbl_bsp/system.mss
TRACE::2026-01-15.12:18:19::SCWMssOS::DEBUG:  swdes dump  C:/Users/CamLT/AX7010_Work/UltrasonicFPGA2021/delay-and-sum/delay_and_sum_plat/ps7_cortexa9_0/standalone_domain/bsp/system.mss|system||
C:/Users/CamLT/AX7010_Work/UltrasonicFPGA2021/delay-and-sum/delay_and_sum_plat/zynq_fsbl/zynq_fsbl_bsp/system.mss|system_0||

TRACE::2026-01-15.12:18:19::SCWMssOS::Sw design exists and opened at  C:/Users/CamLT/AX7010_Work/UltrasonicFPGA2021/delay-and-sum/delay_and_sum_plat/zynq_fsbl/zynq_fsbl_bsp/system.mss
TRACE::2026-01-15.12:18:19::SCWPlatform::Trying to open the hw design at C:/Users/CamLT/AX7010_Work/UltrasonicFPGA2021/delay-and-sum/delay_and_sum_plat/hw/Demodulator_128Ch_wrapper.xsa
TRACE::2026-01-15.12:18:19::SCWPlatform::DSA given C:/Users/CamLT/AX7010_Work/UltrasonicFPGA2021/delay-and-sum/delay_and_sum_plat/hw/Demodulator_128Ch_wrapper.xsa
TRACE::2026-01-15.12:18:19::SCWPlatform::DSA absoulate path C:/Users/CamLT/AX7010_Work/UltrasonicFPGA2021/delay-and-sum/delay_and_sum_plat/hw/Demodulator_128Ch_wrapper.xsa
TRACE::2026-01-15.12:18:19::SCWPlatform::DSA directory C:/Users/CamLT/AX7010_Work/UltrasonicFPGA2021/delay-and-sum/delay_and_sum_plat/hw
TRACE::2026-01-15.12:18:19::SCWPlatform:: Platform Path C:/Users/CamLT/AX7010_Work/UltrasonicFPGA2021/delay-and-sum/delay_and_sum_plat/hw/Demodulator_128Ch_wrapper.xsa
TRACE::2026-01-15.12:18:19::SCWPlatform:: Unique name xilinx:::0.0
TRACE::2026-01-15.12:18:19::SCWPlatform::Trying to set the existing hwdb with name Demodulator_128Ch_wrappe_1
TRACE::2026-01-15.12:18:19::SCWPlatform::Opened existing hwdb Demodulator_128Ch_wrappe_1
TRACE::2026-01-15.12:18:19::SCWPlatform::Found the Hw Db part of the input DSA
TRACE::2026-01-15.12:18:19::SCWMssOS::Checking the sw design at  C:/Users/CamLT/AX7010_Work/UltrasonicFPGA2021/delay-and-sum/delay_and_sum_plat/ps7_cortexa9_0/standalone_domain/bsp/system.mss
TRACE::2026-01-15.12:18:19::SCWMssOS::DEBUG:  swdes dump  C:/Users/CamLT/AX7010_Work/UltrasonicFPGA2021/delay-and-sum/delay_and_sum_plat/ps7_cortexa9_0/standalone_domain/bsp/system.mss|system||
C:/Users/CamLT/AX7010_Work/UltrasonicFPGA2021/delay-and-sum/delay_and_sum_plat/zynq_fsbl/zynq_fsbl_bsp/system.mss|system_0||

TRACE::2026-01-15.12:18:19::SCWMssOS::Sw design exists and opened at  C:/Users/CamLT/AX7010_Work/UltrasonicFPGA2021/delay-and-sum/delay_and_sum_plat/ps7_cortexa9_0/standalone_domain/bsp/system.mss
TRACE::2026-01-15.12:18:19::SCWWriter::formatted JSON is {
	"platformName":	"delay_and_sum_plat",
	"sprVersion":	"2.0",
	"mode":	"gui",
	"dsaType":	"Fixed",
	"platformDesc":	"delay_and_sum_plat",
	"platHandOff":	"C:/Users/CamLT/AX7010_Work/Demodulator_128Ch_wrapper.xsa",
	"platIntHandOff":	"<platformDir>/hw/Demodulator_128Ch_wrapper.xsa",
	"deviceType":	"zynq",
	"platIsPrebuiltAutogen":	"false",
	"platIsNoBootBsp":	"false",
	"hasFsblMakeHasChanges":	"false",
	"hasPmufwMakeHasChanges":	"false",
	"fsblExtraCompilerFlags":	"-MMD -MP       -mcpu=cortex-a9 -mfpu=vfpv3 -mfloat-abi=hard ",
	"platPreBuiltFlag":	false,
	"platformSamplesDir":	"",
	"platActiveSys":	"delay_and_sum_plat",
	"systems":	[{
			"systemName":	"delay_and_sum_plat",
			"systemDesc":	"delay_and_sum_plat",
			"sysIsBootAutoGen":	"true",
			"systemDispName":	"delay_and_sum_plat",
			"sysActiveDom":	"standalone_domain",
			"sysDefaultDom":	"standalone_domain",
			"domains":	[{
					"domainName":	"zynq_fsbl",
					"domainDispName":	"zynq_fsbl",
					"domainDesc":	"FSBL Application BSP - Auto Generated.",
					"processors":	"ps7_cortexa9_0",
					"os":	"standalone",
					"sdxOs":	"standalone",
					"debugEnable":	"",
					"domRuntimes":	["cpp"],
					"swRepo":	"",
					"mssOsVer":	"7.5",
					"mssFile":	"",
					"md5Digest":	"f3dae8f02a170fb93c0638c92ba171da",
					"compatibleApp":	"zynq_fsbl",
					"domType":	"bootDomain",
					"arch":	"32-bit",
					"appSettings":	{
						"appCompilerFlags":	"",
						"appLinkerFlags":	""
					},
					"addedLibs":	["xilffs:4.5", "xilrsa:1.6", "lwip211:1.5"],
					"libOptions":	{
						"libsContainingOptions":	[]
					},
					"prebuiltLibs":	{
						"prebuiltIncPath":	[],
						"prebuiltLibPath":	[]
					},
					"isolation":	{
					}
				}, {
					"domainName":	"standalone_domain",
					"domainDispName":	"standalone on ps7_cortexa9_0",
					"domainDesc":	"standalone_domain",
					"processors":	"ps7_cortexa9_0",
					"os":	"standalone",
					"sdxOs":	"standalone",
					"qemuArgs":	"C:/Xilinx/Vitis/2021.1/data/emulation/platforms/zynq/sw/a9_standalone/qemu/qemu_args.txt",
					"qemuData":	"C:/Xilinx/Vitis/2021.1/data/emulation/platforms/zynq/sw/a9_standalone/qemu/",
					"debugEnable":	"False",
					"domRuntimes":	["cpp"],
					"swRepo":	"",
					"mssOsVer":	"7.5",
					"mssFile":	"",
					"md5Digest":	"e1314fc24394511c64ca9c8e839a63cb",
					"compatibleApp":	"",
					"domType":	"mssDomain",
					"appSettings":	{
						"appCompilerFlags":	"",
						"appLinkerFlags":	""
					},
					"addedLibs":	["lwip211:1.5"],
					"libOptions":	{
						"libsContainingOptions":	[]
					},
					"prebuiltLibs":	{
						"prebuiltIncPath":	[],
						"prebuiltLibPath":	[]
					},
					"isolation":	{
					}
				}]
		}]
}
TRACE::2026-01-15.12:18:19::SCWMssOS::Saving the mss changes C:/Users/CamLT/AX7010_Work/UltrasonicFPGA2021/delay-and-sum/delay_and_sum_plat/ps7_cortexa9_0/standalone_domain/bsp/system.mss
TRACE::2026-01-15.12:18:19::SCWMssOS::Found a swdesign opened with the mssfile.
TRACE::2026-01-15.12:18:19::SCWMssOS::Completed writemss as part of save.
TRACE::2026-01-15.12:18:19::SCWMssOS::Commit changes completed.
TRACE::2026-01-15.12:18:19::SCWPlatform::Trying to open the hw design at C:/Users/CamLT/AX7010_Work/UltrasonicFPGA2021/delay-and-sum/delay_and_sum_plat/hw/Demodulator_128Ch_wrapper.xsa
TRACE::2026-01-15.12:18:19::SCWPlatform::DSA given C:/Users/CamLT/AX7010_Work/UltrasonicFPGA2021/delay-and-sum/delay_and_sum_plat/hw/Demodulator_128Ch_wrapper.xsa
TRACE::2026-01-15.12:18:19::SCWPlatform::DSA absoulate path C:/Users/CamLT/AX7010_Work/UltrasonicFPGA2021/delay-and-sum/delay_and_sum_plat/hw/Demodulator_128Ch_wrapper.xsa
TRACE::2026-01-15.12:18:19::SCWPlatform::DSA directory C:/Users/CamLT/AX7010_Work/UltrasonicFPGA2021/delay-and-sum/delay_and_sum_plat/hw
TRACE::2026-01-15.12:18:19::SCWPlatform:: Platform Path C:/Users/CamLT/AX7010_Work/UltrasonicFPGA2021/delay-and-sum/delay_and_sum_plat/hw/Demodulator_128Ch_wrapper.xsa
TRACE::2026-01-15.12:18:19::SCWPlatform:: Unique name xilinx:::0.0
TRACE::2026-01-15.12:18:19::SCWPlatform::Trying to set the existing hwdb with name Demodulator_128Ch_wrappe_1
TRACE::2026-01-15.12:18:19::SCWPlatform::Opened existing hwdb Demodulator_128Ch_wrappe_1
TRACE::2026-01-15.12:18:19::SCWPlatform::Found the Hw Db part of the input DSA
TRACE::2026-01-15.12:18:19::SCWMssOS::Checking the sw design at  C:/Users/CamLT/AX7010_Work/UltrasonicFPGA2021/delay-and-sum/delay_and_sum_plat/ps7_cortexa9_0/standalone_domain/bsp/system.mss
TRACE::2026-01-15.12:18:19::SCWMssOS::DEBUG:  swdes dump  C:/Users/CamLT/AX7010_Work/UltrasonicFPGA2021/delay-and-sum/delay_and_sum_plat/ps7_cortexa9_0/standalone_domain/bsp/system.mss|system||
C:/Users/CamLT/AX7010_Work/UltrasonicFPGA2021/delay-and-sum/delay_and_sum_plat/zynq_fsbl/zynq_fsbl_bsp/system.mss|system_0||

TRACE::2026-01-15.12:18:19::SCWMssOS::Sw design exists and opened at  C:/Users/CamLT/AX7010_Work/UltrasonicFPGA2021/delay-and-sum/delay_and_sum_plat/ps7_cortexa9_0/standalone_domain/bsp/system.mss
TRACE::2026-01-15.12:18:19::SCWMssOS::Removing the swdes entry for  C:/Users/CamLT/AX7010_Work/UltrasonicFPGA2021/delay-and-sum/delay_and_sum_plat/ps7_cortexa9_0/standalone_domain/bsp/system.mss
TRACE::2026-01-15.12:18:19::SCWMssOS::In reload Mss file.
TRACE::2026-01-15.12:18:19::SCWPlatform::Trying to open the hw design at C:/Users/CamLT/AX7010_Work/UltrasonicFPGA2021/delay-and-sum/delay_and_sum_plat/hw/Demodulator_128Ch_wrapper.xsa
TRACE::2026-01-15.12:18:19::SCWPlatform::DSA given C:/Users/CamLT/AX7010_Work/UltrasonicFPGA2021/delay-and-sum/delay_and_sum_plat/hw/Demodulator_128Ch_wrapper.xsa
TRACE::2026-01-15.12:18:19::SCWPlatform::DSA absoulate path C:/Users/CamLT/AX7010_Work/UltrasonicFPGA2021/delay-and-sum/delay_and_sum_plat/hw/Demodulator_128Ch_wrapper.xsa
TRACE::2026-01-15.12:18:19::SCWPlatform::DSA directory C:/Users/CamLT/AX7010_Work/UltrasonicFPGA2021/delay-and-sum/delay_and_sum_plat/hw
TRACE::2026-01-15.12:18:19::SCWPlatform:: Platform Path C:/Users/CamLT/AX7010_Work/UltrasonicFPGA2021/delay-and-sum/delay_and_sum_plat/hw/Demodulator_128Ch_wrapper.xsa
TRACE::2026-01-15.12:18:19::SCWPlatform:: Unique name xilinx:::0.0
TRACE::2026-01-15.12:18:19::SCWPlatform::Trying to set the existing hwdb with name Demodulator_128Ch_wrappe_1
TRACE::2026-01-15.12:18:19::SCWPlatform::Opened existing hwdb Demodulator_128Ch_wrappe_1
TRACE::2026-01-15.12:18:19::SCWPlatform::Found the Hw Db part of the input DSA
TRACE::2026-01-15.12:18:19::SCWMssOS::Checking the sw design at  C:/Users/CamLT/AX7010_Work/UltrasonicFPGA2021/delay-and-sum/delay_and_sum_plat/ps7_cortexa9_0/standalone_domain/bsp/system.mss
TRACE::2026-01-15.12:18:19::SCWMssOS::DEBUG:  swdes dump  C:/Users/CamLT/AX7010_Work/UltrasonicFPGA2021/delay-and-sum/delay_and_sum_plat/zynq_fsbl/zynq_fsbl_bsp/system.mss|system_0||

TRACE::2026-01-15.12:18:19::SCWMssOS::No sw design opened at  C:/Users/CamLT/AX7010_Work/UltrasonicFPGA2021/delay-and-sum/delay_and_sum_plat/ps7_cortexa9_0/standalone_domain/bsp/system.mss
TRACE::2026-01-15.12:18:19::SCWMssOS::mss exists loading the mss file  C:/Users/CamLT/AX7010_Work/UltrasonicFPGA2021/delay-and-sum/delay_and_sum_plat/ps7_cortexa9_0/standalone_domain/bsp/system.mss
TRACE::2026-01-15.12:18:19::SCWMssOS::Opened the sw design from mss  C:/Users/CamLT/AX7010_Work/UltrasonicFPGA2021/delay-and-sum/delay_and_sum_plat/ps7_cortexa9_0/standalone_domain/bsp/system.mss
TRACE::2026-01-15.12:18:19::SCWMssOS::Adding the swdes entry C:/Users/CamLT/AX7010_Work/UltrasonicFPGA2021/delay-and-sum/delay_and_sum_plat/ps7_cortexa9_0/standalone_domain/bsp/system.mss with des name system
TRACE::2026-01-15.12:18:19::SCWMssOS::updating the scw layer about changes
TRACE::2026-01-15.12:18:19::SCWMssOS::Opened the sw design.  C:/Users/CamLT/AX7010_Work/UltrasonicFPGA2021/delay-and-sum/delay_and_sum_plat/ps7_cortexa9_0/standalone_domain/bsp/system.mss
TRACE::2026-01-15.12:18:19::SCWPlatform::Trying to open the hw design at C:/Users/CamLT/AX7010_Work/UltrasonicFPGA2021/delay-and-sum/delay_and_sum_plat/hw/Demodulator_128Ch_wrapper.xsa
TRACE::2026-01-15.12:18:19::SCWPlatform::DSA given C:/Users/CamLT/AX7010_Work/UltrasonicFPGA2021/delay-and-sum/delay_and_sum_plat/hw/Demodulator_128Ch_wrapper.xsa
TRACE::2026-01-15.12:18:19::SCWPlatform::DSA absoulate path C:/Users/CamLT/AX7010_Work/UltrasonicFPGA2021/delay-and-sum/delay_and_sum_plat/hw/Demodulator_128Ch_wrapper.xsa
TRACE::2026-01-15.12:18:19::SCWPlatform::DSA directory C:/Users/CamLT/AX7010_Work/UltrasonicFPGA2021/delay-and-sum/delay_and_sum_plat/hw
TRACE::2026-01-15.12:18:19::SCWPlatform:: Platform Path C:/Users/CamLT/AX7010_Work/UltrasonicFPGA2021/delay-and-sum/delay_and_sum_plat/hw/Demodulator_128Ch_wrapper.xsa
TRACE::2026-01-15.12:18:19::SCWPlatform:: Unique name xilinx:::0.0
TRACE::2026-01-15.12:18:19::SCWPlatform::Trying to set the existing hwdb with name Demodulator_128Ch_wrappe_1
TRACE::2026-01-15.12:18:19::SCWPlatform::Opened existing hwdb Demodulator_128Ch_wrappe_1
TRACE::2026-01-15.12:18:19::SCWPlatform::Found the Hw Db part of the input DSA
TRACE::2026-01-15.12:18:19::SCWMssOS::Checking the sw design at  C:/Users/CamLT/AX7010_Work/UltrasonicFPGA2021/delay-and-sum/delay_and_sum_plat/ps7_cortexa9_0/standalone_domain/bsp/system.mss
TRACE::2026-01-15.12:18:19::SCWMssOS::DEBUG:  swdes dump  C:/Users/CamLT/AX7010_Work/UltrasonicFPGA2021/delay-and-sum/delay_and_sum_plat/ps7_cortexa9_0/standalone_domain/bsp/system.mss|system||
C:/Users/CamLT/AX7010_Work/UltrasonicFPGA2021/delay-and-sum/delay_and_sum_plat/zynq_fsbl/zynq_fsbl_bsp/system.mss|system_0||

TRACE::2026-01-15.12:18:19::SCWMssOS::Sw design exists and opened at  C:/Users/CamLT/AX7010_Work/UltrasonicFPGA2021/delay-and-sum/delay_and_sum_plat/ps7_cortexa9_0/standalone_domain/bsp/system.mss
TRACE::2026-01-15.12:18:19::SCWMssOS:: library already available in sw design:  lwip211:1.5
TRACE::2026-01-15.12:18:19::SCWMssOS::Saving the mss changes C:/Users/CamLT/AX7010_Work/UltrasonicFPGA2021/delay-and-sum/delay_and_sum_plat/ps7_cortexa9_0/standalone_domain/bsp/system.mss
TRACE::2026-01-15.12:18:19::SCWMssOS::Found a swdesign opened with the mssfile.
TRACE::2026-01-15.12:18:19::SCWMssOS::Completed writemss as part of save.
TRACE::2026-01-15.12:18:19::SCWMssOS::Commit changes completed.
TRACE::2026-01-15.12:18:19::SCWPlatform::Trying to open the hw design at C:/Users/CamLT/AX7010_Work/UltrasonicFPGA2021/delay-and-sum/delay_and_sum_plat/hw/Demodulator_128Ch_wrapper.xsa
TRACE::2026-01-15.12:18:19::SCWPlatform::DSA given C:/Users/CamLT/AX7010_Work/UltrasonicFPGA2021/delay-and-sum/delay_and_sum_plat/hw/Demodulator_128Ch_wrapper.xsa
TRACE::2026-01-15.12:18:19::SCWPlatform::DSA absoulate path C:/Users/CamLT/AX7010_Work/UltrasonicFPGA2021/delay-and-sum/delay_and_sum_plat/hw/Demodulator_128Ch_wrapper.xsa
TRACE::2026-01-15.12:18:19::SCWPlatform::DSA directory C:/Users/CamLT/AX7010_Work/UltrasonicFPGA2021/delay-and-sum/delay_and_sum_plat/hw
TRACE::2026-01-15.12:18:19::SCWPlatform:: Platform Path C:/Users/CamLT/AX7010_Work/UltrasonicFPGA2021/delay-and-sum/delay_and_sum_plat/hw/Demodulator_128Ch_wrapper.xsa
TRACE::2026-01-15.12:18:19::SCWPlatform:: Unique name xilinx:::0.0
TRACE::2026-01-15.12:18:19::SCWPlatform::Trying to set the existing hwdb with name Demodulator_128Ch_wrappe_1
TRACE::2026-01-15.12:18:19::SCWPlatform::Opened existing hwdb Demodulator_128Ch_wrappe_1
TRACE::2026-01-15.12:18:19::SCWPlatform::Found the Hw Db part of the input DSA
TRACE::2026-01-15.12:18:19::SCWMssOS::Checking the sw design at  C:/Users/CamLT/AX7010_Work/UltrasonicFPGA2021/delay-and-sum/delay_and_sum_plat/ps7_cortexa9_0/standalone_domain/bsp/system.mss
TRACE::2026-01-15.12:18:19::SCWMssOS::DEBUG:  swdes dump  C:/Users/CamLT/AX7010_Work/UltrasonicFPGA2021/delay-and-sum/delay_and_sum_plat/ps7_cortexa9_0/standalone_domain/bsp/system.mss|system||
C:/Users/CamLT/AX7010_Work/UltrasonicFPGA2021/delay-and-sum/delay_and_sum_plat/zynq_fsbl/zynq_fsbl_bsp/system.mss|system_0||

TRACE::2026-01-15.12:18:19::SCWMssOS::Sw design exists and opened at  C:/Users/CamLT/AX7010_Work/UltrasonicFPGA2021/delay-and-sum/delay_and_sum_plat/ps7_cortexa9_0/standalone_domain/bsp/system.mss
TRACE::2026-01-15.12:18:19::SCWMssOS::Removing the swdes entry for  C:/Users/CamLT/AX7010_Work/UltrasonicFPGA2021/delay-and-sum/delay_and_sum_plat/ps7_cortexa9_0/standalone_domain/bsp/system.mss
TRACE::2026-01-15.12:18:19::SCWPlatform::Trying to open the hw design at C:/Users/CamLT/AX7010_Work/UltrasonicFPGA2021/delay-and-sum/delay_and_sum_plat/hw/Demodulator_128Ch_wrapper.xsa
TRACE::2026-01-15.12:18:19::SCWPlatform::DSA given C:/Users/CamLT/AX7010_Work/UltrasonicFPGA2021/delay-and-sum/delay_and_sum_plat/hw/Demodulator_128Ch_wrapper.xsa
TRACE::2026-01-15.12:18:19::SCWPlatform::DSA absoulate path C:/Users/CamLT/AX7010_Work/UltrasonicFPGA2021/delay-and-sum/delay_and_sum_plat/hw/Demodulator_128Ch_wrapper.xsa
TRACE::2026-01-15.12:18:19::SCWPlatform::DSA directory C:/Users/CamLT/AX7010_Work/UltrasonicFPGA2021/delay-and-sum/delay_and_sum_plat/hw
TRACE::2026-01-15.12:18:19::SCWPlatform:: Platform Path C:/Users/CamLT/AX7010_Work/UltrasonicFPGA2021/delay-and-sum/delay_and_sum_plat/hw/Demodulator_128Ch_wrapper.xsa
TRACE::2026-01-15.12:18:19::SCWPlatform:: Unique name xilinx:::0.0
TRACE::2026-01-15.12:18:19::SCWPlatform::Trying to set the existing hwdb with name Demodulator_128Ch_wrappe_1
TRACE::2026-01-15.12:18:19::SCWPlatform::Opened existing hwdb Demodulator_128Ch_wrappe_1
TRACE::2026-01-15.12:18:19::SCWPlatform::Found the Hw Db part of the input DSA
TRACE::2026-01-15.12:18:19::SCWMssOS::Checking the sw design at  C:/Users/CamLT/AX7010_Work/UltrasonicFPGA2021/delay-and-sum/delay_and_sum_plat/ps7_cortexa9_0/standalone_domain/bsp/system.mss
TRACE::2026-01-15.12:18:19::SCWMssOS::DEBUG:  swdes dump  C:/Users/CamLT/AX7010_Work/UltrasonicFPGA2021/delay-and-sum/delay_and_sum_plat/zynq_fsbl/zynq_fsbl_bsp/system.mss|system_0||

TRACE::2026-01-15.12:18:19::SCWMssOS::No sw design opened at  C:/Users/CamLT/AX7010_Work/UltrasonicFPGA2021/delay-and-sum/delay_and_sum_plat/ps7_cortexa9_0/standalone_domain/bsp/system.mss
TRACE::2026-01-15.12:18:19::SCWMssOS::mss exists loading the mss file  C:/Users/CamLT/AX7010_Work/UltrasonicFPGA2021/delay-and-sum/delay_and_sum_plat/ps7_cortexa9_0/standalone_domain/bsp/system.mss
TRACE::2026-01-15.12:18:19::SCWMssOS::Opened the sw design from mss  C:/Users/CamLT/AX7010_Work/UltrasonicFPGA2021/delay-and-sum/delay_and_sum_plat/ps7_cortexa9_0/standalone_domain/bsp/system.mss
TRACE::2026-01-15.12:18:19::SCWMssOS::Adding the swdes entry C:/Users/CamLT/AX7010_Work/UltrasonicFPGA2021/delay-and-sum/delay_and_sum_plat/ps7_cortexa9_0/standalone_domain/bsp/system.mss with des name system
TRACE::2026-01-15.12:18:19::SCWMssOS::updating the scw layer about changes
TRACE::2026-01-15.12:18:19::SCWMssOS::Opened the sw design.  C:/Users/CamLT/AX7010_Work/UltrasonicFPGA2021/delay-and-sum/delay_and_sum_plat/ps7_cortexa9_0/standalone_domain/bsp/system.mss
TRACE::2026-01-15.12:18:19::SCWMssOS::Completed writing the mss file at C:/Users/CamLT/AX7010_Work/UltrasonicFPGA2021/delay-and-sum/delay_and_sum_plat/ps7_cortexa9_0/standalone_domain/bsp
TRACE::2026-01-15.12:18:19::SCWMssOS::Forcing BSP Sources regeneration.
LOG::2026-01-15.12:18:31::SCWPlatform::Started generating the artifacts platform delay_and_sum_plat
TRACE::2026-01-15.12:18:31::SCWPlatform::Sanity checking of platform is completed
LOG::2026-01-15.12:18:31::SCWPlatform::Started generating the artifacts for system configuration delay_and_sum_plat
LOG::2026-01-15.12:18:31::SCWSystem::Checking the domain zynq_fsbl
LOG::2026-01-15.12:18:31::SCWSystem::Doing application build for :  zynq_fsbl
TRACE::2026-01-15.12:18:31::SCWBDomain::Not a forced makefile updation, No changes are present. 
TRACE::2026-01-15.12:18:31::SCWDomain::Building the domain as part of full build :  zynq_fsbl
TRACE::2026-01-15.12:18:31::SCWPlatform::Trying to open the hw design at C:/Users/CamLT/AX7010_Work/UltrasonicFPGA2021/delay-and-sum/delay_and_sum_plat/hw/Demodulator_128Ch_wrapper.xsa
TRACE::2026-01-15.12:18:31::SCWPlatform::DSA given C:/Users/CamLT/AX7010_Work/UltrasonicFPGA2021/delay-and-sum/delay_and_sum_plat/hw/Demodulator_128Ch_wrapper.xsa
TRACE::2026-01-15.12:18:31::SCWPlatform::DSA absoulate path C:/Users/CamLT/AX7010_Work/UltrasonicFPGA2021/delay-and-sum/delay_and_sum_plat/hw/Demodulator_128Ch_wrapper.xsa
TRACE::2026-01-15.12:18:31::SCWPlatform::DSA directory C:/Users/CamLT/AX7010_Work/UltrasonicFPGA2021/delay-and-sum/delay_and_sum_plat/hw
TRACE::2026-01-15.12:18:31::SCWPlatform:: Platform Path C:/Users/CamLT/AX7010_Work/UltrasonicFPGA2021/delay-and-sum/delay_and_sum_plat/hw/Demodulator_128Ch_wrapper.xsa
TRACE::2026-01-15.12:18:31::SCWPlatform:: Unique name xilinx:::0.0
TRACE::2026-01-15.12:18:31::SCWPlatform::Trying to set the existing hwdb with name Demodulator_128Ch_wrappe_1
TRACE::2026-01-15.12:18:31::SCWPlatform::Opened existing hwdb Demodulator_128Ch_wrappe_1
TRACE::2026-01-15.12:18:31::SCWPlatform::Found the Hw Db part of the input DSA
TRACE::2026-01-15.12:18:31::SCWMssOS::Checking the sw design at  C:/Users/CamLT/AX7010_Work/UltrasonicFPGA2021/delay-and-sum/delay_and_sum_plat/zynq_fsbl/zynq_fsbl_bsp/system.mss
TRACE::2026-01-15.12:18:31::SCWMssOS::DEBUG:  swdes dump  C:/Users/CamLT/AX7010_Work/UltrasonicFPGA2021/delay-and-sum/delay_and_sum_plat/zynq_fsbl/zynq_fsbl_bsp/system.mss|system_0||

TRACE::2026-01-15.12:18:31::SCWMssOS::Sw design exists and opened at  C:/Users/CamLT/AX7010_Work/UltrasonicFPGA2021/delay-and-sum/delay_and_sum_plat/zynq_fsbl/zynq_fsbl_bsp/system.mss
TRACE::2026-01-15.12:18:31::SCWBDomain::Completed writing the mss file at C:/Users/CamLT/AX7010_Work/UltrasonicFPGA2021/delay-and-sum/delay_and_sum_plat/zynq_fsbl/zynq_fsbl_bsp
TRACE::2026-01-15.12:18:31::SCWBDomain::bsp generated is upto date with the mss file. Skipping bsp generation.
TRACE::2026-01-15.12:18:31::SCWBDomain::Not a forced makefile updation, No changes are present. 
TRACE::2026-01-15.12:18:31::SCWBDomain::System Command Ran  C:&  cd  C:/Users/CamLT/AX7010_Work/UltrasonicFPGA2021/delay-and-sum/delay_and_sum_plat/zynq_fsbl& make -C  zynq_fsbl_bsp & make 
TRACE::2026-01-15.12:18:31::SCWBDomain::make: Entering directory 'C:/Users/CamLT/AX7010_Work/UltrasonicFPGA2021/delay-and-sum/delay_and_sum_plat/zynq_fsbl/zynq_fsbl_bs
TRACE::2026-01-15.12:18:31::SCWBDomain::p'

TRACE::2026-01-15.12:18:31::SCWBDomain::make --no-print-directory seq_libs

TRACE::2026-01-15.12:18:31::SCWBDomain::"Running Make include in ps7_cortexa9_0/libsrc/coresightps_dcc_v1_8/src"

TRACE::2026-01-15.12:18:31::SCWBDomain::make -C ps7_cortexa9_0/libsrc/coresightps_dcc_v1_8/src -s include  "SHELL=CMD" "COMPILER=arm-none-eabi-gcc" "ASSEMBLER=arm-none
TRACE::2026-01-15.12:18:31::SCWBDomain::-eabi-as" "ARCHIVER=arm-none-eabi-ar" "COMPILER_FLAGS=  -O2 -c" "EXTRA_COMPILER_FLAGS=-mcpu=cortex-a9 -mfpu=vfpv3 -mfloat-abi=h
TRACE::2026-01-15.12:18:31::SCWBDomain::ard -nostartfiles -g -Wall -Wextra -fno-tree-loop-distribute-patterns"

TRACE::2026-01-15.12:18:31::SCWBDomain::"Running Make include in ps7_cortexa9_0/libsrc/cpu_cortexa9_v2_11/src"

TRACE::2026-01-15.12:18:31::SCWBDomain::make -C ps7_cortexa9_0/libsrc/cpu_cortexa9_v2_11/src -s include  "SHELL=CMD" "COMPILER=arm-none-eabi-gcc" "ASSEMBLER=arm-none-e
TRACE::2026-01-15.12:18:31::SCWBDomain::abi-as" "ARCHIVER=arm-none-eabi-ar" "COMPILER_FLAGS=  -O2 -c" "EXTRA_COMPILER_FLAGS=-mcpu=cortex-a9 -mfpu=vfpv3 -mfloat-abi=har
TRACE::2026-01-15.12:18:31::SCWBDomain::d -nostartfiles -g -Wall -Wextra -fno-tree-loop-distribute-patterns"

TRACE::2026-01-15.12:18:31::SCWBDomain::"Running Make include in ps7_cortexa9_0/libsrc/ddrps_v1_2/src"

TRACE::2026-01-15.12:18:31::SCWBDomain::make -C ps7_cortexa9_0/libsrc/ddrps_v1_2/src -s include  "SHELL=CMD" "COMPILER=arm-none-eabi-gcc" "ASSEMBLER=arm-none-eabi-as" 
TRACE::2026-01-15.12:18:31::SCWBDomain::"ARCHIVER=arm-none-eabi-ar" "COMPILER_FLAGS=  -O2 -c" "EXTRA_COMPILER_FLAGS=-mcpu=cortex-a9 -mfpu=vfpv3 -mfloat-abi=hard -nosta
TRACE::2026-01-15.12:18:31::SCWBDomain::rtfiles -g -Wall -Wextra -fno-tree-loop-distribute-patterns"

TRACE::2026-01-15.12:18:32::SCWBDomain::"Running Make include in ps7_cortexa9_0/libsrc/devcfg_v3_7/src"

TRACE::2026-01-15.12:18:32::SCWBDomain::make -C ps7_cortexa9_0/libsrc/devcfg_v3_7/src -s include  "SHELL=CMD" "COMPILER=arm-none-eabi-gcc" "ASSEMBLER=arm-none-eabi-as"
TRACE::2026-01-15.12:18:32::SCWBDomain:: "ARCHIVER=arm-none-eabi-ar" "COMPILER_FLAGS=  -O2 -c" "EXTRA_COMPILER_FLAGS=-mcpu=cortex-a9 -mfpu=vfpv3 -mfloat-abi=hard -nost
TRACE::2026-01-15.12:18:32::SCWBDomain::artfiles -g -Wall -Wextra -fno-tree-loop-distribute-patterns"

TRACE::2026-01-15.12:18:32::SCWBDomain::"Running Make include in ps7_cortexa9_0/libsrc/dmaps_v2_8/src"

TRACE::2026-01-15.12:18:32::SCWBDomain::make -C ps7_cortexa9_0/libsrc/dmaps_v2_8/src -s include  "SHELL=CMD" "COMPILER=arm-none-eabi-gcc" "ASSEMBLER=arm-none-eabi-as" 
TRACE::2026-01-15.12:18:32::SCWBDomain::"ARCHIVER=arm-none-eabi-ar" "COMPILER_FLAGS=  -O2 -c" "EXTRA_COMPILER_FLAGS=-mcpu=cortex-a9 -mfpu=vfpv3 -mfloat-abi=hard -nosta
TRACE::2026-01-15.12:18:32::SCWBDomain::rtfiles -g -Wall -Wextra -fno-tree-loop-distribute-patterns"

TRACE::2026-01-15.12:18:32::SCWBDomain::"Running Make include in ps7_cortexa9_0/libsrc/DMA_v1_0/src"

TRACE::2026-01-15.12:18:32::SCWBDomain::make -C ps7_cortexa9_0/libsrc/DMA_v1_0/src -s include  "SHELL=CMD" "COMPILER=arm-none-eabi-gcc" "ASSEMBLER=arm-none-eabi-as" "A
TRACE::2026-01-15.12:18:32::SCWBDomain::RCHIVER=arm-none-eabi-ar" "COMPILER_FLAGS=  -O2 -c" "EXTRA_COMPILER_FLAGS=-mcpu=cortex-a9 -mfpu=vfpv3 -mfloat-abi=hard -nostart
TRACE::2026-01-15.12:18:32::SCWBDomain::files -g -Wall -Wextra -fno-tree-loop-distribute-patterns"

TRACE::2026-01-15.12:18:32::SCWBDomain::"Running Make include in ps7_cortexa9_0/libsrc/emacps_v3_14/src"

TRACE::2026-01-15.12:18:32::SCWBDomain::make -C ps7_cortexa9_0/libsrc/emacps_v3_14/src -s include  "SHELL=CMD" "COMPILER=arm-none-eabi-gcc" "ASSEMBLER=arm-none-eabi-as
TRACE::2026-01-15.12:18:32::SCWBDomain::" "ARCHIVER=arm-none-eabi-ar" "COMPILER_FLAGS=  -O2 -c" "EXTRA_COMPILER_FLAGS=-mcpu=cortex-a9 -mfpu=vfpv3 -mfloat-abi=hard -nos
TRACE::2026-01-15.12:18:32::SCWBDomain::tartfiles -g -Wall -Wextra -fno-tree-loop-distribute-patterns"

TRACE::2026-01-15.12:18:32::SCWBDomain::"Running Make include in ps7_cortexa9_0/libsrc/gpiops_v3_9/src"

TRACE::2026-01-15.12:18:32::SCWBDomain::make -C ps7_cortexa9_0/libsrc/gpiops_v3_9/src -s include  "SHELL=CMD" "COMPILER=arm-none-eabi-gcc" "ASSEMBLER=arm-none-eabi-as"
TRACE::2026-01-15.12:18:32::SCWBDomain:: "ARCHIVER=arm-none-eabi-ar" "COMPILER_FLAGS=  -O2 -c" "EXTRA_COMPILER_FLAGS=-mcpu=cortex-a9 -mfpu=vfpv3 -mfloat-abi=hard -nost
TRACE::2026-01-15.12:18:32::SCWBDomain::artfiles -g -Wall -Wextra -fno-tree-loop-distribute-patterns"

TRACE::2026-01-15.12:18:32::SCWBDomain::"Running Make include in ps7_cortexa9_0/libsrc/lwip211_v1_5/src"

TRACE::2026-01-15.12:18:32::SCWBDomain::make -C ps7_cortexa9_0/libsrc/lwip211_v1_5/src -s include  "SHELL=CMD" "COMPILER=arm-none-eabi-gcc" "ASSEMBLER=arm-none-eabi-as
TRACE::2026-01-15.12:18:32::SCWBDomain::" "ARCHIVER=arm-none-eabi-ar" "COMPILER_FLAGS=  -O2 -c" "EXTRA_COMPILER_FLAGS=-mcpu=cortex-a9 -mfpu=vfpv3 -mfloat-abi=hard -nos
TRACE::2026-01-15.12:18:32::SCWBDomain::tartfiles -g -Wall -Wextra -fno-tree-loop-distribute-patterns"

TRACE::2026-01-15.12:18:33::SCWBDomain::"Running Make include in ps7_cortexa9_0/libsrc/qspips_v3_9/src"

TRACE::2026-01-15.12:18:33::SCWBDomain::make -C ps7_cortexa9_0/libsrc/qspips_v3_9/src -s include  "SHELL=CMD" "COMPILER=arm-none-eabi-gcc" "ASSEMBLER=arm-none-eabi-as"
TRACE::2026-01-15.12:18:33::SCWBDomain:: "ARCHIVER=arm-none-eabi-ar" "COMPILER_FLAGS=  -O2 -c" "EXTRA_COMPILER_FLAGS=-mcpu=cortex-a9 -mfpu=vfpv3 -mfloat-abi=hard -nost
TRACE::2026-01-15.12:18:33::SCWBDomain::artfiles -g -Wall -Wextra -fno-tree-loop-distribute-patterns"

TRACE::2026-01-15.12:18:34::SCWBDomain::"Running Make include in ps7_cortexa9_0/libsrc/scugic_v4_5/src"

TRACE::2026-01-15.12:18:34::SCWBDomain::make -C ps7_cortexa9_0/libsrc/scugic_v4_5/src -s include  "SHELL=CMD" "COMPILER=arm-none-eabi-gcc" "ASSEMBLER=arm-none-eabi-as"
TRACE::2026-01-15.12:18:34::SCWBDomain:: "ARCHIVER=arm-none-eabi-ar" "COMPILER_FLAGS=  -O2 -c" "EXTRA_COMPILER_FLAGS=-mcpu=cortex-a9 -mfpu=vfpv3 -mfloat-abi=hard -nost
TRACE::2026-01-15.12:18:34::SCWBDomain::artfiles -g -Wall -Wextra -fno-tree-loop-distribute-patterns"

TRACE::2026-01-15.12:18:34::SCWBDomain::"Running Make include in ps7_cortexa9_0/libsrc/scutimer_v2_3/src"

TRACE::2026-01-15.12:18:34::SCWBDomain::make -C ps7_cortexa9_0/libsrc/scutimer_v2_3/src -s include  "SHELL=CMD" "COMPILER=arm-none-eabi-gcc" "ASSEMBLER=arm-none-eabi-a
TRACE::2026-01-15.12:18:34::SCWBDomain::s" "ARCHIVER=arm-none-eabi-ar" "COMPILER_FLAGS=  -O2 -c" "EXTRA_COMPILER_FLAGS=-mcpu=cortex-a9 -mfpu=vfpv3 -mfloat-abi=hard -no
TRACE::2026-01-15.12:18:34::SCWBDomain::startfiles -g -Wall -Wextra -fno-tree-loop-distribute-patterns"

TRACE::2026-01-15.12:18:34::SCWBDomain::"Running Make include in ps7_cortexa9_0/libsrc/scuwdt_v2_4/src"

TRACE::2026-01-15.12:18:34::SCWBDomain::make -C ps7_cortexa9_0/libsrc/scuwdt_v2_4/src -s include  "SHELL=CMD" "COMPILER=arm-none-eabi-gcc" "ASSEMBLER=arm-none-eabi-as"
TRACE::2026-01-15.12:18:34::SCWBDomain:: "ARCHIVER=arm-none-eabi-ar" "COMPILER_FLAGS=  -O2 -c" "EXTRA_COMPILER_FLAGS=-mcpu=cortex-a9 -mfpu=vfpv3 -mfloat-abi=hard -nost
TRACE::2026-01-15.12:18:34::SCWBDomain::artfiles -g -Wall -Wextra -fno-tree-loop-distribute-patterns"

TRACE::2026-01-15.12:18:34::SCWBDomain::"Running Make include in ps7_cortexa9_0/libsrc/sdps_v3_12/src"

TRACE::2026-01-15.12:18:34::SCWBDomain::make -C ps7_cortexa9_0/libsrc/sdps_v3_12/src -s include  "SHELL=CMD" "COMPILER=arm-none-eabi-gcc" "ASSEMBLER=arm-none-eabi-as" 
TRACE::2026-01-15.12:18:34::SCWBDomain::"ARCHIVER=arm-none-eabi-ar" "COMPILER_FLAGS=  -O2 -c" "EXTRA_COMPILER_FLAGS=-mcpu=cortex-a9 -mfpu=vfpv3 -mfloat-abi=hard -nosta
TRACE::2026-01-15.12:18:34::SCWBDomain::rtfiles -g -Wall -Wextra -fno-tree-loop-distribute-patterns"

TRACE::2026-01-15.12:18:34::SCWBDomain::"Running Make include in ps7_cortexa9_0/libsrc/standalone_v7_5/src"

TRACE::2026-01-15.12:18:34::SCWBDomain::make -C ps7_cortexa9_0/libsrc/standalone_v7_5/src -s include  "SHELL=CMD" "COMPILER=arm-none-eabi-gcc" "ASSEMBLER=arm-none-eabi
TRACE::2026-01-15.12:18:34::SCWBDomain::-as" "ARCHIVER=arm-none-eabi-ar" "COMPILER_FLAGS=  -O2 -c" "EXTRA_COMPILER_FLAGS=-mcpu=cortex-a9 -mfpu=vfpv3 -mfloat-abi=hard -
TRACE::2026-01-15.12:18:34::SCWBDomain::nostartfiles -g -Wall -Wextra -fno-tree-loop-distribute-patterns"

TRACE::2026-01-15.12:18:36::SCWBDomain::"Running Make include in ps7_cortexa9_0/libsrc/uartps_v3_11/src"

TRACE::2026-01-15.12:18:36::SCWBDomain::make -C ps7_cortexa9_0/libsrc/uartps_v3_11/src -s include  "SHELL=CMD" "COMPILER=arm-none-eabi-gcc" "ASSEMBLER=arm-none-eabi-as
TRACE::2026-01-15.12:18:36::SCWBDomain::" "ARCHIVER=arm-none-eabi-ar" "COMPILER_FLAGS=  -O2 -c" "EXTRA_COMPILER_FLAGS=-mcpu=cortex-a9 -mfpu=vfpv3 -mfloat-abi=hard -nos
TRACE::2026-01-15.12:18:36::SCWBDomain::tartfiles -g -Wall -Wextra -fno-tree-loop-distribute-patterns"

TRACE::2026-01-15.12:18:36::SCWBDomain::"Running Make include in ps7_cortexa9_0/libsrc/usbps_v2_7/src"

TRACE::2026-01-15.12:18:36::SCWBDomain::make -C ps7_cortexa9_0/libsrc/usbps_v2_7/src -s include  "SHELL=CMD" "COMPILER=arm-none-eabi-gcc" "ASSEMBLER=arm-none-eabi-as" 
TRACE::2026-01-15.12:18:36::SCWBDomain::"ARCHIVER=arm-none-eabi-ar" "COMPILER_FLAGS=  -O2 -c" "EXTRA_COMPILER_FLAGS=-mcpu=cortex-a9 -mfpu=vfpv3 -mfloat-abi=hard -nosta
TRACE::2026-01-15.12:18:36::SCWBDomain::rtfiles -g -Wall -Wextra -fno-tree-loop-distribute-patterns"

TRACE::2026-01-15.12:18:36::SCWBDomain::"Running Make include in ps7_cortexa9_0/libsrc/xadcps_v2_6/src"

TRACE::2026-01-15.12:18:36::SCWBDomain::make -C ps7_cortexa9_0/libsrc/xadcps_v2_6/src -s include  "SHELL=CMD" "COMPILER=arm-none-eabi-gcc" "ASSEMBLER=arm-none-eabi-as"
TRACE::2026-01-15.12:18:36::SCWBDomain:: "ARCHIVER=arm-none-eabi-ar" "COMPILER_FLAGS=  -O2 -c" "EXTRA_COMPILER_FLAGS=-mcpu=cortex-a9 -mfpu=vfpv3 -mfloat-abi=hard -nost
TRACE::2026-01-15.12:18:36::SCWBDomain::artfiles -g -Wall -Wextra -fno-tree-loop-distribute-patterns"

TRACE::2026-01-15.12:18:36::SCWBDomain::"Running Make include in ps7_cortexa9_0/libsrc/xilffs_v4_5/src"

TRACE::2026-01-15.12:18:36::SCWBDomain::make -C ps7_cortexa9_0/libsrc/xilffs_v4_5/src -s include  "SHELL=CMD" "COMPILER=arm-none-eabi-gcc" "ASSEMBLER=arm-none-eabi-as"
TRACE::2026-01-15.12:18:36::SCWBDomain:: "ARCHIVER=arm-none-eabi-ar" "COMPILER_FLAGS=  -O2 -c" "EXTRA_COMPILER_FLAGS=-mcpu=cortex-a9 -mfpu=vfpv3 -mfloat-abi=hard -nost
TRACE::2026-01-15.12:18:36::SCWBDomain::artfiles -g -Wall -Wextra -fno-tree-loop-distribute-patterns"

TRACE::2026-01-15.12:18:36::SCWBDomain::"Running Make include in ps7_cortexa9_0/libsrc/xilrsa_v1_6/src"

TRACE::2026-01-15.12:18:36::SCWBDomain::make -C ps7_cortexa9_0/libsrc/xilrsa_v1_6/src -s include  "SHELL=CMD" "COMPILER=arm-none-eabi-gcc" "ASSEMBLER=arm-none-eabi-as"
TRACE::2026-01-15.12:18:36::SCWBDomain:: "ARCHIVER=arm-none-eabi-ar" "COMPILER_FLAGS=  -O2 -c" "EXTRA_COMPILER_FLAGS=-mcpu=cortex-a9 -mfpu=vfpv3 -mfloat-abi=hard -nost
TRACE::2026-01-15.12:18:36::SCWBDomain::artfiles -g -Wall -Wextra -fno-tree-loop-distribute-patterns"

TRACE::2026-01-15.12:18:36::SCWBDomain::"Running Make libs in ps7_cortexa9_0/libsrc/DMA_v1_0/src"

TRACE::2026-01-15.12:18:36::SCWBDomain::make -C ps7_cortexa9_0/libsrc/DMA_v1_0/src -s libs  "SHELL=CMD" "COMPILER=arm-none-eabi-gcc" "ASSEMBLER=arm-none-eabi-as" "ARCH
TRACE::2026-01-15.12:18:36::SCWBDomain::IVER=arm-none-eabi-ar" "COMPILER_FLAGS=  -O2 -c" "EXTRA_COMPILER_FLAGS=-mcpu=cortex-a9 -mfpu=vfpv3 -mfloat-abi=hard -nostartfil
TRACE::2026-01-15.12:18:36::SCWBDomain::es -g -Wall -Wextra -fno-tree-loop-distribute-patterns"

TRACE::2026-01-15.12:18:38::SCWBDomain::"Building DMA"

TRACE::2026-01-15.12:18:38::SCWBDomain::"Running Make libs in ps7_cortexa9_0/libsrc/lwip211_v1_5/src"

TRACE::2026-01-15.12:18:38::SCWBDomain::make -C ps7_cortexa9_0/libsrc/lwip211_v1_5/src -s libs  "SHELL=CMD" "COMPILER=arm-none-eabi-gcc" "ASSEMBLER=arm-none-eabi-as" "
TRACE::2026-01-15.12:18:38::SCWBDomain::ARCHIVER=arm-none-eabi-ar" "COMPILER_FLAGS=  -O2 -c" "EXTRA_COMPILER_FLAGS=-mcpu=cortex-a9 -mfpu=vfpv3 -mfloat-abi=hard -nostar
TRACE::2026-01-15.12:18:38::SCWBDomain::tfiles -g -Wall -Wextra -fno-tree-loop-distribute-patterns"

TRACE::2026-01-15.12:18:38::SCWBDomain::"Compiling lwip src and adapter files"

TRACE::2026-01-15.12:18:55::SCWBDomain::"Running Make libs in ps7_cortexa9_0/libsrc/xilrsa_v1_6/src"

TRACE::2026-01-15.12:18:55::SCWBDomain::make -C ps7_cortexa9_0/libsrc/xilrsa_v1_6/src -s libs  "SHELL=CMD" "COMPILER=arm-none-eabi-gcc" "ASSEMBLER=arm-none-eabi-as" "A
TRACE::2026-01-15.12:18:55::SCWBDomain::RCHIVER=arm-none-eabi-ar" "COMPILER_FLAGS=  -O2 -c" "EXTRA_COMPILER_FLAGS=-mcpu=cortex-a9 -mfpu=vfpv3 -mfloat-abi=hard -nostart
TRACE::2026-01-15.12:18:55::SCWBDomain::files -g -Wall -Wextra -fno-tree-loop-distribute-patterns"

TRACE::2026-01-15.12:18:55::SCWBDomain::'Finished building libraries sequentially.'

TRACE::2026-01-15.12:18:55::SCWBDomain::make -j 14 --no-print-directory par_libs

TRACE::2026-01-15.12:18:55::SCWBDomain::"Running Make include in ps7_cortexa9_0/libsrc/coresightps_dcc_v1_8/src"

TRACE::2026-01-15.12:18:55::SCWBDomain::make -C ps7_cortexa9_0/libsrc/coresightps_dcc_v1_8/src -s include  "SHELL=CMD" "COMPILER=arm-none-eabi-gcc" "ASSEMBLER=arm-none
TRACE::2026-01-15.12:18:55::SCWBDomain::-eabi-as" "ARCHIVER=arm-none-eabi-ar" "COMPILER_FLAGS=  -O2 -c" "EXTRA_COMPILER_FLAGS=-mcpu=cortex-a9 -mfpu=vfpv3 -mfloat-abi=h
TRACE::2026-01-15.12:18:55::SCWBDomain::ard -nostartfiles -g -Wall -Wextra -fno-tree-loop-distribute-patterns"

TRACE::2026-01-15.12:18:55::SCWBDomain::"Running Make include in ps7_cortexa9_0/libsrc/cpu_cortexa9_v2_11/src"

TRACE::2026-01-15.12:18:55::SCWBDomain::make -C ps7_cortexa9_0/libsrc/cpu_cortexa9_v2_11/src -s include  "SHELL=CMD" "COMPILER=arm-none-eabi-gcc" "ASSEMBLER=arm-none-e
TRACE::2026-01-15.12:18:55::SCWBDomain::abi-as" "ARCHIVER=arm-none-eabi-ar" "COMPILER_FLAGS=  -O2 -c" "EXTRA_COMPILER_FLAGS=-mcpu=cortex-a9 -mfpu=vfpv3 -mfloat-abi=har
TRACE::2026-01-15.12:18:55::SCWBDomain::d -nostartfiles -g -Wall -Wextra -fno-tree-loop-distribute-patterns"

TRACE::2026-01-15.12:18:56::SCWBDomain::"Running Make include in ps7_cortexa9_0/libsrc/ddrps_v1_2/src"

TRACE::2026-01-15.12:18:56::SCWBDomain::make -C ps7_cortexa9_0/libsrc/ddrps_v1_2/src -s include  "SHELL=CMD" "COMPILER=arm-none-eabi-gcc" "ASSEMBLER=arm-none-eabi-as" 
TRACE::2026-01-15.12:18:56::SCWBDomain::"ARCHIVER=arm-none-eabi-ar" "COMPILER_FLAGS=  -O2 -c" "EXTRA_COMPILER_FLAGS=-mcpu=cortex-a9 -mfpu=vfpv3 -mfloat-abi=hard -nosta
TRACE::2026-01-15.12:18:56::SCWBDomain::rtfiles -g -Wall -Wextra -fno-tree-loop-distribute-patterns"

TRACE::2026-01-15.12:18:56::SCWBDomain::"Running Make include in ps7_cortexa9_0/libsrc/devcfg_v3_7/src"

TRACE::2026-01-15.12:18:56::SCWBDomain::make -C ps7_cortexa9_0/libsrc/devcfg_v3_7/src -s include  "SHELL=CMD" "COMPILER=arm-none-eabi-gcc" "ASSEMBLER=arm-none-eabi-as"
TRACE::2026-01-15.12:18:56::SCWBDomain:: "ARCHIVER=arm-none-eabi-ar" "COMPILER_FLAGS=  -O2 -c" "EXTRA_COMPILER_FLAGS=-mcpu=cortex-a9 -mfpu=vfpv3 -mfloat-abi=hard -nost
TRACE::2026-01-15.12:18:56::SCWBDomain::artfiles -g -Wall -Wextra -fno-tree-loop-distribute-patterns"

TRACE::2026-01-15.12:18:56::SCWBDomain::"Running Make include in ps7_cortexa9_0/libsrc/dmaps_v2_8/src"

TRACE::2026-01-15.12:18:56::SCWBDomain::make -C ps7_cortexa9_0/libsrc/dmaps_v2_8/src -s include  "SHELL=CMD" "COMPILER=arm-none-eabi-gcc" "ASSEMBLER=arm-none-eabi-as" 
TRACE::2026-01-15.12:18:56::SCWBDomain::"ARCHIVER=arm-none-eabi-ar" "COMPILER_FLAGS=  -O2 -c" "EXTRA_COMPILER_FLAGS=-mcpu=cortex-a9 -mfpu=vfpv3 -mfloat-abi=hard -nosta
TRACE::2026-01-15.12:18:56::SCWBDomain::rtfiles -g -Wall -Wextra -fno-tree-loop-distribute-patterns"

TRACE::2026-01-15.12:18:56::SCWBDomain::"Running Make include in ps7_cortexa9_0/libsrc/DMA_v1_0/src"

TRACE::2026-01-15.12:18:56::SCWBDomain::make -C ps7_cortexa9_0/libsrc/DMA_v1_0/src -s include  "SHELL=CMD" "COMPILER=arm-none-eabi-gcc" "ASSEMBLER=arm-none-eabi-as" "A
TRACE::2026-01-15.12:18:56::SCWBDomain::RCHIVER=arm-none-eabi-ar" "COMPILER_FLAGS=  -O2 -c" "EXTRA_COMPILER_FLAGS=-mcpu=cortex-a9 -mfpu=vfpv3 -mfloat-abi=hard -nostart
TRACE::2026-01-15.12:18:56::SCWBDomain::files -g -Wall -Wextra -fno-tree-loop-distribute-patterns"

TRACE::2026-01-15.12:18:56::SCWBDomain::"Running Make include in ps7_cortexa9_0/libsrc/emacps_v3_14/src"

TRACE::2026-01-15.12:18:56::SCWBDomain::make -C ps7_cortexa9_0/libsrc/emacps_v3_14/src -s include  "SHELL=CMD" "COMPILER=arm-none-eabi-gcc" "ASSEMBLER=arm-none-eabi-as
TRACE::2026-01-15.12:18:56::SCWBDomain::" "ARCHIVER=arm-none-eabi-ar" "COMPILER_FLAGS=  -O2 -c" "EXTRA_COMPILER_FLAGS=-mcpu=cortex-a9 -mfpu=vfpv3 -mfloat-abi=hard -nos
TRACE::2026-01-15.12:18:56::SCWBDomain::tartfiles -g -Wall -Wextra -fno-tree-loop-distribute-patterns"

TRACE::2026-01-15.12:18:56::SCWBDomain::"Running Make include in ps7_cortexa9_0/libsrc/gpiops_v3_9/src"

TRACE::2026-01-15.12:18:56::SCWBDomain::make -C ps7_cortexa9_0/libsrc/gpiops_v3_9/src -s include  "SHELL=CMD" "COMPILER=arm-none-eabi-gcc" "ASSEMBLER=arm-none-eabi-as"
TRACE::2026-01-15.12:18:56::SCWBDomain:: "ARCHIVER=arm-none-eabi-ar" "COMPILER_FLAGS=  -O2 -c" "EXTRA_COMPILER_FLAGS=-mcpu=cortex-a9 -mfpu=vfpv3 -mfloat-abi=hard -nost
TRACE::2026-01-15.12:18:56::SCWBDomain::artfiles -g -Wall -Wextra -fno-tree-loop-distribute-patterns"

TRACE::2026-01-15.12:18:56::SCWBDomain::"Running Make include in ps7_cortexa9_0/libsrc/lwip211_v1_5/src"

TRACE::2026-01-15.12:18:56::SCWBDomain::make -C ps7_cortexa9_0/libsrc/lwip211_v1_5/src -s include  "SHELL=CMD" "COMPILER=arm-none-eabi-gcc" "ASSEMBLER=arm-none-eabi-as
TRACE::2026-01-15.12:18:56::SCWBDomain::" "ARCHIVER=arm-none-eabi-ar" "COMPILER_FLAGS=  -O2 -c" "EXTRA_COMPILER_FLAGS=-mcpu=cortex-a9 -mfpu=vfpv3 -mfloat-abi=hard -nos
TRACE::2026-01-15.12:18:56::SCWBDomain::tartfiles -g -Wall -Wextra -fno-tree-loop-distribute-patterns"

TRACE::2026-01-15.12:18:56::SCWBDomain::"Running Make include in ps7_cortexa9_0/libsrc/qspips_v3_9/src"

TRACE::2026-01-15.12:18:56::SCWBDomain::make -C ps7_cortexa9_0/libsrc/qspips_v3_9/src -s include  "SHELL=CMD" "COMPILER=arm-none-eabi-gcc" "ASSEMBLER=arm-none-eabi-as"
TRACE::2026-01-15.12:18:56::SCWBDomain:: "ARCHIVER=arm-none-eabi-ar" "COMPILER_FLAGS=  -O2 -c" "EXTRA_COMPILER_FLAGS=-mcpu=cortex-a9 -mfpu=vfpv3 -mfloat-abi=hard -nost
TRACE::2026-01-15.12:18:56::SCWBDomain::artfiles -g -Wall -Wextra -fno-tree-loop-distribute-patterns"

TRACE::2026-01-15.12:18:56::SCWBDomain::"Running Make include in ps7_cortexa9_0/libsrc/scugic_v4_5/src"

TRACE::2026-01-15.12:18:56::SCWBDomain::make -C ps7_cortexa9_0/libsrc/scugic_v4_5/src -s include  "SHELL=CMD" "COMPILER=arm-none-eabi-gcc" "ASSEMBLER=arm-none-eabi-as"
TRACE::2026-01-15.12:18:56::SCWBDomain:: "ARCHIVER=arm-none-eabi-ar" "COMPILER_FLAGS=  -O2 -c" "EXTRA_COMPILER_FLAGS=-mcpu=cortex-a9 -mfpu=vfpv3 -mfloat-abi=hard -nost
TRACE::2026-01-15.12:18:56::SCWBDomain::artfiles -g -Wall -Wextra -fno-tree-loop-distribute-patterns"

TRACE::2026-01-15.12:18:56::SCWBDomain::"Running Make include in ps7_cortexa9_0/libsrc/scutimer_v2_3/src"

TRACE::2026-01-15.12:18:56::SCWBDomain::make -C ps7_cortexa9_0/libsrc/scutimer_v2_3/src -s include  "SHELL=CMD" "COMPILER=arm-none-eabi-gcc" "ASSEMBLER=arm-none-eabi-a
TRACE::2026-01-15.12:18:56::SCWBDomain::s" "ARCHIVER=arm-none-eabi-ar" "COMPILER_FLAGS=  -O2 -c" "EXTRA_COMPILER_FLAGS=-mcpu=cortex-a9 -mfpu=vfpv3 -mfloat-abi=hard -no
TRACE::2026-01-15.12:18:56::SCWBDomain::startfiles -g -Wall -Wextra -fno-tree-loop-distribute-patterns"

TRACE::2026-01-15.12:18:56::SCWBDomain::"Running Make include in ps7_cortexa9_0/libsrc/scuwdt_v2_4/src"

TRACE::2026-01-15.12:18:56::SCWBDomain::make -C ps7_cortexa9_0/libsrc/scuwdt_v2_4/src -s include  "SHELL=CMD" "COMPILER=arm-none-eabi-gcc" "ASSEMBLER=arm-none-eabi-as"
TRACE::2026-01-15.12:18:56::SCWBDomain:: "ARCHIVER=arm-none-eabi-ar" "COMPILER_FLAGS=  -O2 -c" "EXTRA_COMPILER_FLAGS=-mcpu=cortex-a9 -mfpu=vfpv3 -mfloat-abi=hard -nost
TRACE::2026-01-15.12:18:56::SCWBDomain::artfiles -g -Wall -Wextra -fno-tree-loop-distribute-patterns"

TRACE::2026-01-15.12:18:56::SCWBDomain::"Running Make include in ps7_cortexa9_0/libsrc/sdps_v3_12/src"

TRACE::2026-01-15.12:18:56::SCWBDomain::make -C ps7_cortexa9_0/libsrc/sdps_v3_12/src -s include  "SHELL=CMD" "COMPILER=arm-none-eabi-gcc" "ASSEMBLER=arm-none-eabi-as" 
TRACE::2026-01-15.12:18:56::SCWBDomain::"ARCHIVER=arm-none-eabi-ar" "COMPILER_FLAGS=  -O2 -c" "EXTRA_COMPILER_FLAGS=-mcpu=cortex-a9 -mfpu=vfpv3 -mfloat-abi=hard -nosta
TRACE::2026-01-15.12:18:56::SCWBDomain::rtfiles -g -Wall -Wextra -fno-tree-loop-distribute-patterns"

TRACE::2026-01-15.12:18:56::SCWBDomain::"Running Make include in ps7_cortexa9_0/libsrc/standalone_v7_5/src"

TRACE::2026-01-15.12:18:56::SCWBDomain::make -C ps7_cortexa9_0/libsrc/standalone_v7_5/src -s include  "SHELL=CMD" "COMPILER=arm-none-eabi-gcc" "ASSEMBLER=arm-none-eabi
TRACE::2026-01-15.12:18:56::SCWBDomain::-as" "ARCHIVER=arm-none-eabi-ar" "COMPILER_FLAGS=  -O2 -c" "EXTRA_COMPILER_FLAGS=-mcpu=cortex-a9 -mfpu=vfpv3 -mfloat-abi=hard -
TRACE::2026-01-15.12:18:56::SCWBDomain::nostartfiles -g -Wall -Wextra -fno-tree-loop-distribute-patterns"

TRACE::2026-01-15.12:18:56::SCWBDomain::"Running Make include in ps7_cortexa9_0/libsrc/uartps_v3_11/src"

TRACE::2026-01-15.12:18:56::SCWBDomain::make -C ps7_cortexa9_0/libsrc/uartps_v3_11/src -s include  "SHELL=CMD" "COMPILER=arm-none-eabi-gcc" "ASSEMBLER=arm-none-eabi-as
TRACE::2026-01-15.12:18:56::SCWBDomain::" "ARCHIVER=arm-none-eabi-ar" "COMPILER_FLAGS=  -O2 -c" "EXTRA_COMPILER_FLAGS=-mcpu=cortex-a9 -mfpu=vfpv3 -mfloat-abi=hard -nos
TRACE::2026-01-15.12:18:56::SCWBDomain::tartfiles -g -Wall -Wextra -fno-tree-loop-distribute-patterns"

TRACE::2026-01-15.12:18:56::SCWBDomain::"Running Make include in ps7_cortexa9_0/libsrc/usbps_v2_7/src"

TRACE::2026-01-15.12:18:56::SCWBDomain::make -C ps7_cortexa9_0/libsrc/usbps_v2_7/src -s include  "SHELL=CMD" "COMPILER=arm-none-eabi-gcc" "ASSEMBLER=arm-none-eabi-as" 
TRACE::2026-01-15.12:18:56::SCWBDomain::"ARCHIVER=arm-none-eabi-ar" "COMPILER_FLAGS=  -O2 -c" "EXTRA_COMPILER_FLAGS=-mcpu=cortex-a9 -mfpu=vfpv3 -mfloat-abi=hard -nosta
TRACE::2026-01-15.12:18:56::SCWBDomain::rtfiles -g -Wall -Wextra -fno-tree-loop-distribute-patterns"

TRACE::2026-01-15.12:18:56::SCWBDomain::"Running Make include in ps7_cortexa9_0/libsrc/xadcps_v2_6/src"

TRACE::2026-01-15.12:18:56::SCWBDomain::make -C ps7_cortexa9_0/libsrc/xadcps_v2_6/src -s include  "SHELL=CMD" "COMPILER=arm-none-eabi-gcc" "ASSEMBLER=arm-none-eabi-as"
TRACE::2026-01-15.12:18:56::SCWBDomain:: "ARCHIVER=arm-none-eabi-ar" "COMPILER_FLAGS=  -O2 -c" "EXTRA_COMPILER_FLAGS=-mcpu=cortex-a9 -mfpu=vfpv3 -mfloat-abi=hard -nost
TRACE::2026-01-15.12:18:56::SCWBDomain::artfiles -g -Wall -Wextra -fno-tree-loop-distribute-patterns"

TRACE::2026-01-15.12:18:56::SCWBDomain::"Running Make include in ps7_cortexa9_0/libsrc/xilffs_v4_5/src"

TRACE::2026-01-15.12:18:56::SCWBDomain::make -C ps7_cortexa9_0/libsrc/xilffs_v4_5/src -s include  "SHELL=CMD" "COMPILER=arm-none-eabi-gcc" "ASSEMBLER=arm-none-eabi-as"
TRACE::2026-01-15.12:18:56::SCWBDomain:: "ARCHIVER=arm-none-eabi-ar" "COMPILER_FLAGS=  -O2 -c" "EXTRA_COMPILER_FLAGS=-mcpu=cortex-a9 -mfpu=vfpv3 -mfloat-abi=hard -nost
TRACE::2026-01-15.12:18:56::SCWBDomain::artfiles -g -Wall -Wextra -fno-tree-loop-distribute-patterns"

TRACE::2026-01-15.12:18:56::SCWBDomain::"Running Make include in ps7_cortexa9_0/libsrc/xilrsa_v1_6/src"

TRACE::2026-01-15.12:18:56::SCWBDomain::make -C ps7_cortexa9_0/libsrc/xilrsa_v1_6/src -s include  "SHELL=CMD" "COMPILER=arm-none-eabi-gcc" "ASSEMBLER=arm-none-eabi-as"
TRACE::2026-01-15.12:18:56::SCWBDomain:: "ARCHIVER=arm-none-eabi-ar" "COMPILER_FLAGS=  -O2 -c" "EXTRA_COMPILER_FLAGS=-mcpu=cortex-a9 -mfpu=vfpv3 -mfloat-abi=hard -nost
TRACE::2026-01-15.12:18:56::SCWBDomain::artfiles -g -Wall -Wextra -fno-tree-loop-distribute-patterns"

TRACE::2026-01-15.12:18:57::SCWBDomain::"Running Make libs in ps7_cortexa9_0/libsrc/coresightps_dcc_v1_8/src"

TRACE::2026-01-15.12:18:57::SCWBDomain::make -C ps7_cortexa9_0/libsrc/coresightps_dcc_v1_8/src -s libs  "SHELL=CMD" "COMPILER=arm-none-eabi-gcc" "ASSEMBLER=arm-none-ea
TRACE::2026-01-15.12:18:57::SCWBDomain::bi-as" "ARCHIVER=arm-none-eabi-ar" "COMPILER_FLAGS=  -O2 -c" "EXTRA_COMPILER_FLAGS=-mcpu=cortex-a9 -mfpu=vfpv3 -mfloat-abi=hard
TRACE::2026-01-15.12:18:57::SCWBDomain:: -nostartfiles -g -Wall -Wextra -fno-tree-loop-distribute-patterns"

TRACE::2026-01-15.12:18:57::SCWBDomain::"Running Make libs in ps7_cortexa9_0/libsrc/cpu_cortexa9_v2_11/src"

TRACE::2026-01-15.12:18:57::SCWBDomain::make -C ps7_cortexa9_0/libsrc/cpu_cortexa9_v2_11/src -s libs  "SHELL=CMD" "COMPILER=arm-none-eabi-gcc" "ASSEMBLER=arm-none-eabi
TRACE::2026-01-15.12:18:57::SCWBDomain::-as" "ARCHIVER=arm-none-eabi-ar" "COMPILER_FLAGS=  -O2 -c" "EXTRA_COMPILER_FLAGS=-mcpu=cortex-a9 -mfpu=vfpv3 -mfloat-abi=hard -
TRACE::2026-01-15.12:18:57::SCWBDomain::nostartfiles -g -Wall -Wextra -fno-tree-loop-distribute-patterns"

TRACE::2026-01-15.12:18:57::SCWBDomain::"Running Make libs in ps7_cortexa9_0/libsrc/ddrps_v1_2/src"

TRACE::2026-01-15.12:18:57::SCWBDomain::make -C ps7_cortexa9_0/libsrc/ddrps_v1_2/src -s libs  "SHELL=CMD" "COMPILER=arm-none-eabi-gcc" "ASSEMBLER=arm-none-eabi-as" "AR
TRACE::2026-01-15.12:18:57::SCWBDomain::CHIVER=arm-none-eabi-ar" "COMPILER_FLAGS=  -O2 -c" "EXTRA_COMPILER_FLAGS=-mcpu=cortex-a9 -mfpu=vfpv3 -mfloat-abi=hard -nostartf
TRACE::2026-01-15.12:18:57::SCWBDomain::iles -g -Wall -Wextra -fno-tree-loop-distribute-patterns"

TRACE::2026-01-15.12:18:57::SCWBDomain::"Running Make libs in ps7_cortexa9_0/libsrc/devcfg_v3_7/src"

TRACE::2026-01-15.12:18:57::SCWBDomain::make -C ps7_cortexa9_0/libsrc/devcfg_v3_7/src -s libs  "SHELL=CMD" "COMPILER=arm-none-eabi-gcc" "ASSEMBLER=arm-none-eabi-as" "A
TRACE::2026-01-15.12:18:57::SCWBDomain::RCHIVER=arm-none-eabi-ar" "COMPILER_FLAGS=  -O2 -c" "EXTRA_COMPILER_FLAGS=-mcpu=cortex-a9 -mfpu=vfpv3 -mfloat-abi=hard -nostart
TRACE::2026-01-15.12:18:57::SCWBDomain::files -g -Wall -Wextra -fno-tree-loop-distribute-patterns"

TRACE::2026-01-15.12:18:57::SCWBDomain::"Running Make libs in ps7_cortexa9_0/libsrc/dmaps_v2_8/src"

TRACE::2026-01-15.12:18:57::SCWBDomain::make -C ps7_cortexa9_0/libsrc/dmaps_v2_8/src -s libs  "SHELL=CMD" "COMPILER=arm-none-eabi-gcc" "ASSEMBLER=arm-none-eabi-as" "AR
TRACE::2026-01-15.12:18:57::SCWBDomain::CHIVER=arm-none-eabi-ar" "COMPILER_FLAGS=  -O2 -c" "EXTRA_COMPILER_FLAGS=-mcpu=cortex-a9 -mfpu=vfpv3 -mfloat-abi=hard -nostartf
TRACE::2026-01-15.12:18:57::SCWBDomain::iles -g -Wall -Wextra -fno-tree-loop-distribute-patterns"

TRACE::2026-01-15.12:18:57::SCWBDomain::"Running Make libs in ps7_cortexa9_0/libsrc/emacps_v3_14/src"

TRACE::2026-01-15.12:18:57::SCWBDomain::make -C ps7_cortexa9_0/libsrc/emacps_v3_14/src -s libs  "SHELL=CMD" "COMPILER=arm-none-eabi-gcc" "ASSEMBLER=arm-none-eabi-as" "
TRACE::2026-01-15.12:18:57::SCWBDomain::ARCHIVER=arm-none-eabi-ar" "COMPILER_FLAGS=  -O2 -c" "EXTRA_COMPILER_FLAGS=-mcpu=cortex-a9 -mfpu=vfpv3 -mfloat-abi=hard -nostar
TRACE::2026-01-15.12:18:57::SCWBDomain::tfiles -g -Wall -Wextra -fno-tree-loop-distribute-patterns"

TRACE::2026-01-15.12:18:57::SCWBDomain::"Running Make libs in ps7_cortexa9_0/libsrc/gpiops_v3_9/src"

TRACE::2026-01-15.12:18:58::SCWBDomain::make -C ps7_cortexa9_0/libsrc/gpiops_v3_9/src -s libs  "SHELL=CMD" "COMPILER=arm-none-eabi-gcc" "ASSEMBLER=arm-none-eabi-as" "A
TRACE::2026-01-15.12:18:58::SCWBDomain::RCHIVER=arm-none-eabi-ar" "COMPILER_FLAGS=  -O2 -c" "EXTRA_COMPILER_FLAGS=-mcpu=cortex-a9 -mfpu=vfpv3 -mfloat-abi=hard -nostart
TRACE::2026-01-15.12:18:58::SCWBDomain::files -g -Wall -Wextra -fno-tree-loop-distribute-patterns"

TRACE::2026-01-15.12:18:58::SCWBDomain::"Running Make libs in ps7_cortexa9_0/libsrc/qspips_v3_9/src"

TRACE::2026-01-15.12:18:58::SCWBDomain::make -C ps7_cortexa9_0/libsrc/qspips_v3_9/src -s libs  "SHELL=CMD" "COMPILER=arm-none-eabi-gcc" "ASSEMBLER=arm-none-eabi-as" "A
TRACE::2026-01-15.12:18:58::SCWBDomain::RCHIVER=arm-none-eabi-ar" "COMPILER_FLAGS=  -O2 -c" "EXTRA_COMPILER_FLAGS=-mcpu=cortex-a9 -mfpu=vfpv3 -mfloat-abi=hard -nostart
TRACE::2026-01-15.12:18:58::SCWBDomain::files -g -Wall -Wextra -fno-tree-loop-distribute-patterns"

TRACE::2026-01-15.12:18:58::SCWBDomain::"Running Make libs in ps7_cortexa9_0/libsrc/scugic_v4_5/src"

TRACE::2026-01-15.12:18:58::SCWBDomain::make -C ps7_cortexa9_0/libsrc/scugic_v4_5/src -s libs  "SHELL=CMD" "COMPILER=arm-none-eabi-gcc" "ASSEMBLER=arm-none-eabi-as" "A
TRACE::2026-01-15.12:18:58::SCWBDomain::RCHIVER=arm-none-eabi-ar" "COMPILER_FLAGS=  -O2 -c" "EXTRA_COMPILER_FLAGS=-mcpu=cortex-a9 -mfpu=vfpv3 -mfloat-abi=hard -nostart
TRACE::2026-01-15.12:18:58::SCWBDomain::files -g -Wall -Wextra -fno-tree-loop-distribute-patterns"

TRACE::2026-01-15.12:18:58::SCWBDomain::"Running Make libs in ps7_cortexa9_0/libsrc/scutimer_v2_3/src"

TRACE::2026-01-15.12:18:58::SCWBDomain::make -C ps7_cortexa9_0/libsrc/scutimer_v2_3/src -s libs  "SHELL=CMD" "COMPILER=arm-none-eabi-gcc" "ASSEMBLER=arm-none-eabi-as" 
TRACE::2026-01-15.12:18:58::SCWBDomain::"ARCHIVER=arm-none-eabi-ar" "COMPILER_FLAGS=  -O2 -c" "EXTRA_COMPILER_FLAGS=-mcpu=cortex-a9 -mfpu=vfpv3 -mfloat-abi=hard -nosta
TRACE::2026-01-15.12:18:58::SCWBDomain::rtfiles -g -Wall -Wextra -fno-tree-loop-distribute-patterns"

TRACE::2026-01-15.12:18:59::SCWBDomain::"Running Make libs in ps7_cortexa9_0/libsrc/scuwdt_v2_4/src"

TRACE::2026-01-15.12:18:59::SCWBDomain::make -C ps7_cortexa9_0/libsrc/scuwdt_v2_4/src -s libs  "SHELL=CMD" "COMPILER=arm-none-eabi-gcc" "ASSEMBLER=arm-none-eabi-as" "A
TRACE::2026-01-15.12:18:59::SCWBDomain::RCHIVER=arm-none-eabi-ar" "COMPILER_FLAGS=  -O2 -c" "EXTRA_COMPILER_FLAGS=-mcpu=cortex-a9 -mfpu=vfpv3 -mfloat-abi=hard -nostart
TRACE::2026-01-15.12:18:59::SCWBDomain::files -g -Wall -Wextra -fno-tree-loop-distribute-patterns"

TRACE::2026-01-15.12:19:00::SCWBDomain::"Running Make libs in ps7_cortexa9_0/libsrc/sdps_v3_12/src"

TRACE::2026-01-15.12:19:00::SCWBDomain::make -C ps7_cortexa9_0/libsrc/sdps_v3_12/src -s libs  "SHELL=CMD" "COMPILER=arm-none-eabi-gcc" "ASSEMBLER=arm-none-eabi-as" "AR
TRACE::2026-01-15.12:19:00::SCWBDomain::CHIVER=arm-none-eabi-ar" "COMPILER_FLAGS=  -O2 -c" "EXTRA_COMPILER_FLAGS=-mcpu=cortex-a9 -mfpu=vfpv3 -mfloat-abi=hard -nostartf
TRACE::2026-01-15.12:19:00::SCWBDomain::iles -g -Wall -Wextra -fno-tree-loop-distribute-patterns"

TRACE::2026-01-15.12:19:00::SCWBDomain::"Running Make libs in ps7_cortexa9_0/libsrc/standalone_v7_5/src"

TRACE::2026-01-15.12:19:00::SCWBDomain::make -C ps7_cortexa9_0/libsrc/standalone_v7_5/src -s libs  "SHELL=CMD" "COMPILER=arm-none-eabi-gcc" "ASSEMBLER=arm-none-eabi-as
TRACE::2026-01-15.12:19:00::SCWBDomain::" "ARCHIVER=arm-none-eabi-ar" "COMPILER_FLAGS=  -O2 -c" "EXTRA_COMPILER_FLAGS=-mcpu=cortex-a9 -mfpu=vfpv3 -mfloat-abi=hard -nos
TRACE::2026-01-15.12:19:00::SCWBDomain::tartfiles -g -Wall -Wextra -fno-tree-loop-distribute-patterns"

TRACE::2026-01-15.12:19:01::SCWBDomain::"Running Make libs in ps7_cortexa9_0/libsrc/uartps_v3_11/src"

TRACE::2026-01-15.12:19:01::SCWBDomain::make -C ps7_cortexa9_0/libsrc/uartps_v3_11/src -s libs  "SHELL=CMD" "COMPILER=arm-none-eabi-gcc" "ASSEMBLER=arm-none-eabi-as" "
TRACE::2026-01-15.12:19:01::SCWBDomain::ARCHIVER=arm-none-eabi-ar" "COMPILER_FLAGS=  -O2 -c" "EXTRA_COMPILER_FLAGS=-mcpu=cortex-a9 -mfpu=vfpv3 -mfloat-abi=hard -nostar
TRACE::2026-01-15.12:19:01::SCWBDomain::tfiles -g -Wall -Wextra -fno-tree-loop-distribute-patterns"

TRACE::2026-01-15.12:19:11::SCWBDomain::"Running Make libs in ps7_cortexa9_0/libsrc/usbps_v2_7/src"

TRACE::2026-01-15.12:19:11::SCWBDomain::make -C ps7_cortexa9_0/libsrc/usbps_v2_7/src -s libs  "SHELL=CMD" "COMPILER=arm-none-eabi-gcc" "ASSEMBLER=arm-none-eabi-as" "AR
TRACE::2026-01-15.12:19:11::SCWBDomain::CHIVER=arm-none-eabi-ar" "COMPILER_FLAGS=  -O2 -c" "EXTRA_COMPILER_FLAGS=-mcpu=cortex-a9 -mfpu=vfpv3 -mfloat-abi=hard -nostartf
TRACE::2026-01-15.12:19:11::SCWBDomain::iles -g -Wall -Wextra -fno-tree-loop-distribute-patterns"

TRACE::2026-01-15.12:19:31::SCWBDomain::"Running Make libs in ps7_cortexa9_0/libsrc/xadcps_v2_6/src"

TRACE::2026-01-15.12:19:38::SCWBDomain::make -C ps7_cortexa9_0/libsrc/xadcps_v2_6/src -s libs  "SHELL=CMD" "COMPILER=arm-none-eabi-gcc" "ASSEMBLER=arm-none-eabi-as" "A
TRACE::2026-01-15.12:19:38::SCWBDomain::RCHIVER=arm-none-eabi-ar" "COMPILER_FLAGS=  -O2 -c" "EXTRA_COMPILER_FLAGS=-mcpu=cortex-a9 -mfpu=vfpv3 -mfloat-abi=hard -nostart
TRACE::2026-01-15.12:19:38::SCWBDomain::files -g -Wall -Wextra -fno-tree-loop-distribute-patterns"

TRACE::2026-01-15.12:19:38::SCWBDomain::"Running Make libs in ps7_cortexa9_0/libsrc/xilffs_v4_5/src"

TRACE::2026-01-15.12:19:40::SCWBDomain::make -C ps7_cortexa9_0/libsrc/xilffs_v4_5/src -s libs  "SHELL=CMD" "COMPILER=arm-none-eabi-gcc" "ASSEMBLER=arm-none-eabi-as" "A
TRACE::2026-01-15.12:19:40::SCWBDomain::RCHIVER=arm-none-eabi-ar" "COMPILER_FLAGS=  -O2 -c" "EXTRA_COMPILER_FLAGS=-mcpu=cortex-a9 -mfpu=vfpv3 -mfloat-abi=hard -nostart
TRACE::2026-01-15.12:19:40::SCWBDomain::files -g -Wall -Wextra -fno-tree-loop-distribute-patterns"

TRACE::2026-01-15.12:19:44::SCWBDomain::'Finished building libraries parallelly.'

TRACE::2026-01-15.12:19:44::SCWBDomain::make --no-print-directory archive

TRACE::2026-01-15.12:19:44::SCWBDomain::arm-none-eabi-ar -r  ps7_cortexa9_0/lib/libxil.a ps7_cortexa9_0/lib/xil_testcache.o ps7_cortexa9_0/lib/xadcps_selftest.o ps7_co
TRACE::2026-01-15.12:19:44::SCWBDomain::rtexa9_0/lib/xplatform_info.o ps7_cortexa9_0/lib/xil_mmu.o ps7_cortexa9_0/lib/_exit.o ps7_cortexa9_0/lib/xusbps_sinit.o ps7_cor
TRACE::2026-01-15.12:19:44::SCWBDomain::texa9_0/lib/xdevcfg_hw.o ps7_cortexa9_0/lib/xil_sleeptimer.o ps7_cortexa9_0/lib/xqspips_options.o ps7_cortexa9_0/lib/xdmaps_g.o
TRACE::2026-01-15.12:19:44::SCWBDomain:: ps7_cortexa9_0/lib/xscutimer_g.o ps7_cortexa9_0/lib/xsdps_options.o ps7_cortexa9_0/lib/xil_misc_psreset_api.o ps7_cortexa9_0/l
TRACE::2026-01-15.12:19:44::SCWBDomain::ib/xdmaps_sinit.o ps7_cortexa9_0/lib/xscutimer_sinit.o ps7_cortexa9_0/lib/xemacps_hw.o ps7_cortexa9_0/lib/inbyte.o ps7_cortexa9
TRACE::2026-01-15.12:19:44::SCWBDomain::_0/lib/xdmaps_selftest.o ps7_cortexa9_0/lib/xscutimer_selftest.o ps7_cortexa9_0/lib/putnum.o ps7_cortexa9_0/lib/xqspips_hw.o ps
TRACE::2026-01-15.12:19:44::SCWBDomain::7_cortexa9_0/lib/xgpiops_g.o ps7_cortexa9_0/lib/xsdps.o ps7_cortexa9_0/lib/close.o ps7_cortexa9_0/lib/xgpiops_intr.o ps7_cortex
TRACE::2026-01-15.12:19:44::SCWBDomain::a9_0/lib/xdma_g.o ps7_cortexa9_0/lib/xgpiops_sinit.o ps7_cortexa9_0/lib/xdma_sinit.o ps7_cortexa9_0/lib/xgpiops_selftest.o ps7_
TRACE::2026-01-15.12:19:44::SCWBDomain::cortexa9_0/lib/xscuwdt.o ps7_cortexa9_0/lib/xgpiops.o ps7_cortexa9_0/lib/xil_clocking.o ps7_cortexa9_0/lib/xil_mem.o ps7_cortex
TRACE::2026-01-15.12:19:44::SCWBDomain::a9_0/lib/time.o ps7_cortexa9_0/lib/xil_printf.o ps7_cortexa9_0/lib/kill.o ps7_cortexa9_0/lib/xuartps_g.o ps7_cortexa9_0/lib/xad
TRACE::2026-01-15.12:19:44::SCWBDomain::cps.o ps7_cortexa9_0/lib/xuartps_sinit.o ps7_cortexa9_0/lib/xuartps_selftest.o ps7_cortexa9_0/lib/lseek.o ps7_cortexa9_0/lib/xu
TRACE::2026-01-15.12:19:44::SCWBDomain::sbps_hw.o ps7_cortexa9_0/lib/xl2cc_counter.o ps7_cortexa9_0/lib/asm_vectors.o ps7_cortexa9_0/lib/abort.o ps7_cortexa9_0/lib/xsc
TRACE::2026-01-15.12:19:44::SCWBDomain::ugic_intr.o ps7_cortexa9_0/lib/getpid.o ps7_cortexa9_0/lib/xdevcfg_sinit.o ps7_cortexa9_0/lib/xdmaps.o ps7_cortexa9_0/lib/xscut
TRACE::2026-01-15.12:19:44::SCWBDomain::imer.o ps7_cortexa9_0/lib/xdevcfg_selftest.o ps7_cortexa9_0/lib/xpm_counter.o ps7_cortexa9_0/lib/_sbrk.o ps7_cortexa9_0/lib/xem
TRACE::2026-01-15.12:19:44::SCWBDomain::acps_sinit.o ps7_cortexa9_0/lib/xqspips_g.o ps7_cortexa9_0/lib/xusbps.o ps7_cortexa9_0/lib/xusbps_endpoint.o ps7_cortexa9_0/lib
TRACE::2026-01-15.12:19:44::SCWBDomain::/xusbps_g.o ps7_cortexa9_0/lib/xsdps_sinit.o ps7_cortexa9_0/lib/xqspips_selftest.o ps7_cortexa9_0/lib/xil_exception.o ps7_corte
TRACE::2026-01-15.12:19:44::SCWBDomain::xa9_0/lib/xil_testmem.o ps7_cortexa9_0/lib/xemacps_control.o ps7_cortexa9_0/lib/open.o ps7_cortexa9_0/lib/xil_assert.o ps7_cort
TRACE::2026-01-15.12:19:44::SCWBDomain::exa9_0/lib/xusbps_intr.o ps7_cortexa9_0/lib/xsdps_host.o ps7_cortexa9_0/lib/xcoresightpsdcc.o ps7_cortexa9_0/lib/xscugic_hw.o p
TRACE::2026-01-15.12:19:44::SCWBDomain::s7_cortexa9_0/lib/sleep.o ps7_cortexa9_0/lib/cpputest_time.o ps7_cortexa9_0/lib/_open.o ps7_cortexa9_0/lib/fcntl.o ps7_cortexa9
TRACE::2026-01-15.12:19:44::SCWBDomain::_0/lib/print.o ps7_cortexa9_0/lib/read.o ps7_cortexa9_0/lib/xdevcfg.o ps7_cortexa9_0/lib/xadcps_intr.o ps7_cortexa9_0/lib/xqspi
TRACE::2026-01-15.12:19:44::SCWBDomain::ps.o ps7_cortexa9_0/lib/xemacps.o ps7_cortexa9_0/lib/xil_cache.o ps7_cortexa9_0/lib/xil_testio.o ps7_cortexa9_0/lib/unlink.o ps
TRACE::2026-01-15.12:19:44::SCWBDomain::7_cortexa9_0/lib/xil_spinlock.o ps7_cortexa9_0/lib/translation_table.o ps7_cortexa9_0/lib/write.o ps7_cortexa9_0/lib/boot.o ps7
TRACE::2026-01-15.12:19:44::SCWBDomain::_cortexa9_0/lib/xemacps_bdring.o ps7_cortexa9_0/lib/cpu_init.o ps7_cortexa9_0/lib/vectors.o ps7_cortexa9_0/lib/usleep.o ps7_cor
TRACE::2026-01-15.12:19:44::SCWBDomain::texa9_0/lib/xil_sleepcommon.o ps7_cortexa9_0/lib/xscugic_g.o ps7_cortexa9_0/lib/xscugic_sinit.o ps7_cortexa9_0/lib/xdevcfg_g.o 
TRACE::2026-01-15.12:19:44::SCWBDomain::ps7_cortexa9_0/lib/outbyte.o ps7_cortexa9_0/lib/xtime_l.o ps7_cortexa9_0/lib/xdma_linux.o ps7_cortexa9_0/lib/xscugic_selftest.o
TRACE::2026-01-15.12:19:44::SCWBDomain:: ps7_cortexa9_0/lib/xil_util.o ps7_cortexa9_0/lib/xuartps_intr.o ps7_cortexa9_0/lib/xuartps.o ps7_cortexa9_0/lib/xsdps_card.o p
TRACE::2026-01-15.12:19:44::SCWBDomain::s7_cortexa9_0/lib/xdmaps_hw.o ps7_cortexa9_0/lib/sbrk.o ps7_cortexa9_0/lib/xgpiops_hw.o ps7_cortexa9_0/lib/xsdps_g.o ps7_cortex
TRACE::2026-01-15.12:19:44::SCWBDomain::a9_0/lib/fstat.o ps7_cortexa9_0/lib/errno.o ps7_cortexa9_0/lib/xdevcfg_intr.o ps7_cortexa9_0/lib/xuartps_options.o ps7_cortexa9
TRACE::2026-01-15.12:19:44::SCWBDomain::_0/lib/xscuwdt_g.o ps7_cortexa9_0/lib/xdma.o ps7_cortexa9_0/lib/xemacps_g.o ps7_cortexa9_0/lib/xscuwdt_sinit.o ps7_cortexa9_0/l
TRACE::2026-01-15.12:19:44::SCWBDomain::ib/xemacps_intr.o ps7_cortexa9_0/lib/xscuwdt_selftest.o ps7_cortexa9_0/lib/isatty.o ps7_cortexa9_0/lib/xil-crt0.o ps7_cortexa9_
TRACE::2026-01-15.12:19:44::SCWBDomain::0/lib/xscugic.o ps7_cortexa9_0/lib/xuartps_hw.o ps7_cortexa9_0/lib/xadcps_g.o ps7_cortexa9_0/lib/xqspips_sinit.o ps7_cortexa9_0
TRACE::2026-01-15.12:19:44::SCWBDomain::/lib/xadcps_sinit.o

TRACE::2026-01-15.12:19:45::SCWBDomain::'Finished building libraries'

TRACE::2026-01-15.12:19:45::SCWBDomain::make: Leaving directory 'C:/Users/CamLT/AX7010_Work/UltrasonicFPGA2021/delay-and-sum/delay_and_sum_plat/zynq_fsbl/zynq_fsbl_bsp
TRACE::2026-01-15.12:19:45::SCWBDomain::'

TRACE::2026-01-15.12:19:45::SCWBDomain::arm-none-eabi-gcc -MMD -MP       -mcpu=cortex-a9 -mfpu=vfpv3 -mfloat-abi=hard   -O2 -c -c sd.c -o sd.o -Izynq_fsbl_bsp/ps7_cort
TRACE::2026-01-15.12:19:45::SCWBDomain::exa9_0/include -I.

TRACE::2026-01-15.12:19:45::SCWBDomain::arm-none-eabi-gcc -MMD -MP       -mcpu=cortex-a9 -mfpu=vfpv3 -mfloat-abi=hard   -O2 -c -c nand.c -o nand.o -Izynq_fsbl_bsp/ps7_
TRACE::2026-01-15.12:19:45::SCWBDomain::cortexa9_0/include -I.

TRACE::2026-01-15.12:19:45::SCWBDomain::arm-none-eabi-gcc -MMD -MP       -mcpu=cortex-a9 -mfpu=vfpv3 -mfloat-abi=hard   -O2 -c -c nor.c -o nor.o -Izynq_fsbl_bsp/ps7_co
TRACE::2026-01-15.12:19:45::SCWBDomain::rtexa9_0/include -I.

TRACE::2026-01-15.12:19:46::SCWBDomain::arm-none-eabi-gcc -MMD -MP       -mcpu=cortex-a9 -mfpu=vfpv3 -mfloat-abi=hard   -O2 -c -c image_mover.c -o image_mover.o -Izynq
TRACE::2026-01-15.12:19:46::SCWBDomain::_fsbl_bsp/ps7_cortexa9_0/include -I.

TRACE::2026-01-15.12:19:46::SCWBDomain::arm-none-eabi-gcc -MMD -MP       -mcpu=cortex-a9 -mfpu=vfpv3 -mfloat-abi=hard   -O2 -c -c md5.c -o md5.o -Izynq_fsbl_bsp/ps7_co
TRACE::2026-01-15.12:19:46::SCWBDomain::rtexa9_0/include -I.

TRACE::2026-01-15.12:19:46::SCWBDomain::arm-none-eabi-gcc -MMD -MP       -mcpu=cortex-a9 -mfpu=vfpv3 -mfloat-abi=hard   -O2 -c -c fsbl_hooks.c -o fsbl_hooks.o -Izynq_f
TRACE::2026-01-15.12:19:46::SCWBDomain::sbl_bsp/ps7_cortexa9_0/include -I.

TRACE::2026-01-15.12:19:47::SCWBDomain::arm-none-eabi-gcc -MMD -MP       -mcpu=cortex-a9 -mfpu=vfpv3 -mfloat-abi=hard   -O2 -c -c main.c -o main.o -Izynq_fsbl_bsp/ps7_
TRACE::2026-01-15.12:19:47::SCWBDomain::cortexa9_0/include -I.

TRACE::2026-01-15.12:19:47::SCWBDomain::arm-none-eabi-gcc -MMD -MP       -mcpu=cortex-a9 -mfpu=vfpv3 -mfloat-abi=hard   -O2 -c -c rsa.c -o rsa.o -Izynq_fsbl_bsp/ps7_co
TRACE::2026-01-15.12:19:47::SCWBDomain::rtexa9_0/include -I.

TRACE::2026-01-15.12:19:48::SCWBDomain::arm-none-eabi-gcc -MMD -MP       -mcpu=cortex-a9 -mfpu=vfpv3 -mfloat-abi=hard   -O2 -c -c qspi.c -o qspi.o -Izynq_fsbl_bsp/ps7_
TRACE::2026-01-15.12:19:48::SCWBDomain::cortexa9_0/include -I.

TRACE::2026-01-15.12:19:48::SCWBDomain::arm-none-eabi-gcc -MMD -MP       -mcpu=cortex-a9 -mfpu=vfpv3 -mfloat-abi=hard   -O2 -c -c ps7_init.c -o ps7_init.o -Izynq_fsbl_
TRACE::2026-01-15.12:19:48::SCWBDomain::bsp/ps7_cortexa9_0/include -I.

TRACE::2026-01-15.12:19:48::SCWBDomain::arm-none-eabi-gcc -MMD -MP       -mcpu=cortex-a9 -mfpu=vfpv3 -mfloat-abi=hard   -O2 -c -c pcap.c -o pcap.o -Izynq_fsbl_bsp/ps7_
TRACE::2026-01-15.12:19:48::SCWBDomain::cortexa9_0/include -I.

TRACE::2026-01-15.12:19:49::SCWBDomain::arm-none-eabi-gcc -MMD -MP       -mcpu=cortex-a9 -mfpu=vfpv3 -mfloat-abi=hard   -O2 -c -c fsbl_handoff.S -o fsbl_handoff.o -Izy
TRACE::2026-01-15.12:19:49::SCWBDomain::nq_fsbl_bsp/ps7_cortexa9_0/include -I.

TRACE::2026-01-15.12:19:49::SCWBDomain::arm-none-eabi-gcc -o fsbl.elf  sd.o  nand.o  nor.o  image_mover.o  md5.o  fsbl_hooks.o  main.o  rsa.o  qspi.o  ps7_init.o  pcap
TRACE::2026-01-15.12:19:49::SCWBDomain::.o  fsbl_handoff.o -MMD -MP       -mcpu=cortex-a9 -mfpu=vfpv3 -mfloat-abi=hard   -mcpu=cortex-a9 -mfpu=vfpv3 -mfloat-abi=hard -
TRACE::2026-01-15.12:19:49::SCWBDomain::Wl,-build-id=none -specs=Xilinx.spec  -lrsa -Wl,--start-group,-lxil,-lgcc,-lc,--end-group -Wl,--start-group,-lxilffs,-lxil,-lgc
TRACE::2026-01-15.12:19:49::SCWBDomain::c,-lc,--end-group -Wl,--start-group,-lrsa,-lxil,-lgcc,-lc,--end-group -Wl,--start-group,-lxil,-llwip4,-lgcc,-lc,--end-group    
TRACE::2026-01-15.12:19:49::SCWBDomain::                                -Wl,--gc-sections -Lzynq_fsbl_bsp/ps7_cortexa9_0/lib -L./ -Tlscript.ld

LOG::2026-01-15.12:19:49::SCWSystem::Checking the domain standalone_domain
LOG::2026-01-15.12:19:49::SCWSystem::Not a boot domain 
LOG::2026-01-15.12:19:49::SCWSystem::Started Processing the domain standalone_domain
TRACE::2026-01-15.12:19:49::SCWDomain::Generating domain artifcats
TRACE::2026-01-15.12:19:49::SCWMssOS::Generating standalone artifcats
TRACE::2026-01-15.12:19:49::SCWMssOS::Copying the qemu file from  C:/Xilinx/Vitis/2021.1/data/emulation/platforms/zynq/sw/a9_standalone/qemu/qemu_args.txt To C:/Users/CamLT/AX7010_Work/UltrasonicFPGA2021/delay-and-sum/delay_and_sum_plat/export/delay_and_sum_plat/sw/delay_and_sum_plat/qemu/
TRACE::2026-01-15.12:19:49::SCWMssOS::Copying the qemu file from  C:/Xilinx/Vitis/2021.1/data/emulation/platforms/zynq/sw/a9_standalone/qemu/qemu_args.txt To C:/Users/CamLT/AX7010_Work/UltrasonicFPGA2021/delay-and-sum/delay_and_sum_plat/export/delay_and_sum_plat/sw/delay_and_sum_plat/standalone_domain/qemu/
TRACE::2026-01-15.12:19:49::SCWMssOS:: Copying the user libraries. 
TRACE::2026-01-15.12:19:49::SCWPlatform::Trying to open the hw design at C:/Users/CamLT/AX7010_Work/UltrasonicFPGA2021/delay-and-sum/delay_and_sum_plat/hw/Demodulator_128Ch_wrapper.xsa
TRACE::2026-01-15.12:19:49::SCWPlatform::DSA given C:/Users/CamLT/AX7010_Work/UltrasonicFPGA2021/delay-and-sum/delay_and_sum_plat/hw/Demodulator_128Ch_wrapper.xsa
TRACE::2026-01-15.12:19:49::SCWPlatform::DSA absoulate path C:/Users/CamLT/AX7010_Work/UltrasonicFPGA2021/delay-and-sum/delay_and_sum_plat/hw/Demodulator_128Ch_wrapper.xsa
TRACE::2026-01-15.12:19:49::SCWPlatform::DSA directory C:/Users/CamLT/AX7010_Work/UltrasonicFPGA2021/delay-and-sum/delay_and_sum_plat/hw
TRACE::2026-01-15.12:19:49::SCWPlatform:: Platform Path C:/Users/CamLT/AX7010_Work/UltrasonicFPGA2021/delay-and-sum/delay_and_sum_plat/hw/Demodulator_128Ch_wrapper.xsa
TRACE::2026-01-15.12:19:49::SCWPlatform:: Unique name xilinx:::0.0
TRACE::2026-01-15.12:19:49::SCWPlatform::Trying to set the existing hwdb with name Demodulator_128Ch_wrappe_1
TRACE::2026-01-15.12:19:49::SCWPlatform::Opened existing hwdb Demodulator_128Ch_wrappe_1
TRACE::2026-01-15.12:19:49::SCWPlatform::Found the Hw Db part of the input DSA
TRACE::2026-01-15.12:19:49::SCWMssOS::Checking the sw design at  C:/Users/CamLT/AX7010_Work/UltrasonicFPGA2021/delay-and-sum/delay_and_sum_plat/ps7_cortexa9_0/standalone_domain/bsp/system.mss
TRACE::2026-01-15.12:19:49::SCWMssOS::DEBUG:  swdes dump  C:/Users/CamLT/AX7010_Work/UltrasonicFPGA2021/delay-and-sum/delay_and_sum_plat/zynq_fsbl/zynq_fsbl_bsp/system.mss|system_0||

TRACE::2026-01-15.12:19:49::SCWMssOS::No sw design opened at  C:/Users/CamLT/AX7010_Work/UltrasonicFPGA2021/delay-and-sum/delay_and_sum_plat/ps7_cortexa9_0/standalone_domain/bsp/system.mss
TRACE::2026-01-15.12:19:49::SCWMssOS::mss exists loading the mss file  C:/Users/CamLT/AX7010_Work/UltrasonicFPGA2021/delay-and-sum/delay_and_sum_plat/ps7_cortexa9_0/standalone_domain/bsp/system.mss
TRACE::2026-01-15.12:19:49::SCWMssOS::Opened the sw design from mss  C:/Users/CamLT/AX7010_Work/UltrasonicFPGA2021/delay-and-sum/delay_and_sum_plat/ps7_cortexa9_0/standalone_domain/bsp/system.mss
TRACE::2026-01-15.12:19:49::SCWMssOS::Adding the swdes entry C:/Users/CamLT/AX7010_Work/UltrasonicFPGA2021/delay-and-sum/delay_and_sum_plat/ps7_cortexa9_0/standalone_domain/bsp/system.mss with des name system
TRACE::2026-01-15.12:19:49::SCWMssOS::updating the scw layer about changes
TRACE::2026-01-15.12:19:49::SCWMssOS::Opened the sw design.  C:/Users/CamLT/AX7010_Work/UltrasonicFPGA2021/delay-and-sum/delay_and_sum_plat/ps7_cortexa9_0/standalone_domain/bsp/system.mss
TRACE::2026-01-15.12:19:49::SCWMssOS::Completed writing the mss file at C:/Users/CamLT/AX7010_Work/UltrasonicFPGA2021/delay-and-sum/delay_and_sum_plat/ps7_cortexa9_0/standalone_domain/bsp
TRACE::2026-01-15.12:19:49::SCWMssOS::Mss edits present, copying mssfile into export location C:/Users/CamLT/AX7010_Work/UltrasonicFPGA2021/delay-and-sum/delay_and_sum_plat/ps7_cortexa9_0/standalone_domain/bsp/system.mss
TRACE::2026-01-15.12:19:49::SCWMssOS::bsp generated is upto date with the mss file. Skipping bsp generation.
TRACE::2026-01-15.12:19:49::SCWMssOS::BSP is already built. skipping the bsp build ... 
TRACE::2026-01-15.12:19:49::SCWDomain::Building the domain as part of full build :  standalone_domain
TRACE::2026-01-15.12:19:49::SCWMssOS::doing bsp build ... 
TRACE::2026-01-15.12:19:49::SCWMssOS::System Command Ran  C: & cd  C:/Users/CamLT/AX7010_Work/UltrasonicFPGA2021/delay-and-sum/delay_and_sum_plat/ps7_cortexa9_0/standalone_domain/bsp & make 
TRACE::2026-01-15.12:19:49::SCWMssOS::make --no-print-directory seq_libs

TRACE::2026-01-15.12:19:49::SCWMssOS::"Running Make include in ps7_cortexa9_0/libsrc/coresightps_dcc_v1_8/src"

TRACE::2026-01-15.12:19:49::SCWMssOS::make -C ps7_cortexa9_0/libsrc/coresightps_dcc_v1_8/src -s include  "SHELL=CMD" "COMPILER=arm-none-eabi-gcc" "ASSEMBLER=arm-none
TRACE::2026-01-15.12:19:49::SCWMssOS::-eabi-as" "ARCHIVER=arm-none-eabi-ar" "COMPILER_FLAGS=  -O2 -c" "EXTRA_COMPILER_FLAGS=-mcpu=cortex-a9 -mfpu=vfpv3 -mfloat-abi=h
TRACE::2026-01-15.12:19:49::SCWMssOS::ard -nostartfiles -g -Wall -Wextra -fno-tree-loop-distribute-patterns"

TRACE::2026-01-15.12:19:50::SCWMssOS::"Running Make include in ps7_cortexa9_0/libsrc/cpu_cortexa9_v2_11/src"

TRACE::2026-01-15.12:19:50::SCWMssOS::make -C ps7_cortexa9_0/libsrc/cpu_cortexa9_v2_11/src -s include  "SHELL=CMD" "COMPILER=arm-none-eabi-gcc" "ASSEMBLER=arm-none-e
TRACE::2026-01-15.12:19:50::SCWMssOS::abi-as" "ARCHIVER=arm-none-eabi-ar" "COMPILER_FLAGS=  -O2 -c" "EXTRA_COMPILER_FLAGS=-mcpu=cortex-a9 -mfpu=vfpv3 -mfloat-abi=har
TRACE::2026-01-15.12:19:50::SCWMssOS::d -nostartfiles -g -Wall -Wextra -fno-tree-loop-distribute-patterns"

TRACE::2026-01-15.12:19:50::SCWMssOS::"Running Make include in ps7_cortexa9_0/libsrc/ddrps_v1_2/src"

TRACE::2026-01-15.12:19:50::SCWMssOS::make -C ps7_cortexa9_0/libsrc/ddrps_v1_2/src -s include  "SHELL=CMD" "COMPILER=arm-none-eabi-gcc" "ASSEMBLER=arm-none-eabi-as" 
TRACE::2026-01-15.12:19:50::SCWMssOS::"ARCHIVER=arm-none-eabi-ar" "COMPILER_FLAGS=  -O2 -c" "EXTRA_COMPILER_FLAGS=-mcpu=cortex-a9 -mfpu=vfpv3 -mfloat-abi=hard -nosta
TRACE::2026-01-15.12:19:50::SCWMssOS::rtfiles -g -Wall -Wextra -fno-tree-loop-distribute-patterns"

TRACE::2026-01-15.12:19:50::SCWMssOS::"Running Make include in ps7_cortexa9_0/libsrc/devcfg_v3_7/src"

TRACE::2026-01-15.12:19:50::SCWMssOS::make -C ps7_cortexa9_0/libsrc/devcfg_v3_7/src -s include  "SHELL=CMD" "COMPILER=arm-none-eabi-gcc" "ASSEMBLER=arm-none-eabi-as"
TRACE::2026-01-15.12:19:50::SCWMssOS:: "ARCHIVER=arm-none-eabi-ar" "COMPILER_FLAGS=  -O2 -c" "EXTRA_COMPILER_FLAGS=-mcpu=cortex-a9 -mfpu=vfpv3 -mfloat-abi=hard -nost
TRACE::2026-01-15.12:19:50::SCWMssOS::artfiles -g -Wall -Wextra -fno-tree-loop-distribute-patterns"

TRACE::2026-01-15.12:19:50::SCWMssOS::"Running Make include in ps7_cortexa9_0/libsrc/dmaps_v2_8/src"

TRACE::2026-01-15.12:19:50::SCWMssOS::make -C ps7_cortexa9_0/libsrc/dmaps_v2_8/src -s include  "SHELL=CMD" "COMPILER=arm-none-eabi-gcc" "ASSEMBLER=arm-none-eabi-as" 
TRACE::2026-01-15.12:19:50::SCWMssOS::"ARCHIVER=arm-none-eabi-ar" "COMPILER_FLAGS=  -O2 -c" "EXTRA_COMPILER_FLAGS=-mcpu=cortex-a9 -mfpu=vfpv3 -mfloat-abi=hard -nosta
TRACE::2026-01-15.12:19:50::SCWMssOS::rtfiles -g -Wall -Wextra -fno-tree-loop-distribute-patterns"

TRACE::2026-01-15.12:19:50::SCWMssOS::"Running Make include in ps7_cortexa9_0/libsrc/DMA_v1_0/src"

TRACE::2026-01-15.12:19:50::SCWMssOS::make -C ps7_cortexa9_0/libsrc/DMA_v1_0/src -s include  "SHELL=CMD" "COMPILER=arm-none-eabi-gcc" "ASSEMBLER=arm-none-eabi-as" "A
TRACE::2026-01-15.12:19:50::SCWMssOS::RCHIVER=arm-none-eabi-ar" "COMPILER_FLAGS=  -O2 -c" "EXTRA_COMPILER_FLAGS=-mcpu=cortex-a9 -mfpu=vfpv3 -mfloat-abi=hard -nostart
TRACE::2026-01-15.12:19:50::SCWMssOS::files -g -Wall -Wextra -fno-tree-loop-distribute-patterns"

TRACE::2026-01-15.12:19:50::SCWMssOS::"Running Make include in ps7_cortexa9_0/libsrc/emacps_v3_14/src"

TRACE::2026-01-15.12:19:50::SCWMssOS::make -C ps7_cortexa9_0/libsrc/emacps_v3_14/src -s include  "SHELL=CMD" "COMPILER=arm-none-eabi-gcc" "ASSEMBLER=arm-none-eabi-as
TRACE::2026-01-15.12:19:50::SCWMssOS::" "ARCHIVER=arm-none-eabi-ar" "COMPILER_FLAGS=  -O2 -c" "EXTRA_COMPILER_FLAGS=-mcpu=cortex-a9 -mfpu=vfpv3 -mfloat-abi=hard -nos
TRACE::2026-01-15.12:19:50::SCWMssOS::tartfiles -g -Wall -Wextra -fno-tree-loop-distribute-patterns"

TRACE::2026-01-15.12:19:50::SCWMssOS::"Running Make include in ps7_cortexa9_0/libsrc/gpiops_v3_9/src"

TRACE::2026-01-15.12:19:50::SCWMssOS::make -C ps7_cortexa9_0/libsrc/gpiops_v3_9/src -s include  "SHELL=CMD" "COMPILER=arm-none-eabi-gcc" "ASSEMBLER=arm-none-eabi-as"
TRACE::2026-01-15.12:19:50::SCWMssOS:: "ARCHIVER=arm-none-eabi-ar" "COMPILER_FLAGS=  -O2 -c" "EXTRA_COMPILER_FLAGS=-mcpu=cortex-a9 -mfpu=vfpv3 -mfloat-abi=hard -nost
TRACE::2026-01-15.12:19:50::SCWMssOS::artfiles -g -Wall -Wextra -fno-tree-loop-distribute-patterns"

TRACE::2026-01-15.12:19:51::SCWMssOS::"Running Make include in ps7_cortexa9_0/libsrc/lwip211_v1_5/src"

TRACE::2026-01-15.12:19:51::SCWMssOS::make -C ps7_cortexa9_0/libsrc/lwip211_v1_5/src -s include  "SHELL=CMD" "COMPILER=arm-none-eabi-gcc" "ASSEMBLER=arm-none-eabi-as
TRACE::2026-01-15.12:19:51::SCWMssOS::" "ARCHIVER=arm-none-eabi-ar" "COMPILER_FLAGS=  -O2 -c" "EXTRA_COMPILER_FLAGS=-mcpu=cortex-a9 -mfpu=vfpv3 -mfloat-abi=hard -nos
TRACE::2026-01-15.12:19:51::SCWMssOS::tartfiles -g -Wall -Wextra -fno-tree-loop-distribute-patterns"

TRACE::2026-01-15.12:19:51::SCWMssOS::"Running Make include in ps7_cortexa9_0/libsrc/qspips_v3_9/src"

TRACE::2026-01-15.12:19:51::SCWMssOS::make -C ps7_cortexa9_0/libsrc/qspips_v3_9/src -s include  "SHELL=CMD" "COMPILER=arm-none-eabi-gcc" "ASSEMBLER=arm-none-eabi-as"
TRACE::2026-01-15.12:19:51::SCWMssOS:: "ARCHIVER=arm-none-eabi-ar" "COMPILER_FLAGS=  -O2 -c" "EXTRA_COMPILER_FLAGS=-mcpu=cortex-a9 -mfpu=vfpv3 -mfloat-abi=hard -nost
TRACE::2026-01-15.12:19:51::SCWMssOS::artfiles -g -Wall -Wextra -fno-tree-loop-distribute-patterns"

TRACE::2026-01-15.12:19:52::SCWMssOS::"Running Make include in ps7_cortexa9_0/libsrc/scugic_v4_5/src"

TRACE::2026-01-15.12:19:52::SCWMssOS::make -C ps7_cortexa9_0/libsrc/scugic_v4_5/src -s include  "SHELL=CMD" "COMPILER=arm-none-eabi-gcc" "ASSEMBLER=arm-none-eabi-as"
TRACE::2026-01-15.12:19:52::SCWMssOS:: "ARCHIVER=arm-none-eabi-ar" "COMPILER_FLAGS=  -O2 -c" "EXTRA_COMPILER_FLAGS=-mcpu=cortex-a9 -mfpu=vfpv3 -mfloat-abi=hard -nost
TRACE::2026-01-15.12:19:52::SCWMssOS::artfiles -g -Wall -Wextra -fno-tree-loop-distribute-patterns"

TRACE::2026-01-15.12:19:52::SCWMssOS::"Running Make include in ps7_cortexa9_0/libsrc/scutimer_v2_3/src"

TRACE::2026-01-15.12:19:52::SCWMssOS::make -C ps7_cortexa9_0/libsrc/scutimer_v2_3/src -s include  "SHELL=CMD" "COMPILER=arm-none-eabi-gcc" "ASSEMBLER=arm-none-eabi-a
TRACE::2026-01-15.12:19:52::SCWMssOS::s" "ARCHIVER=arm-none-eabi-ar" "COMPILER_FLAGS=  -O2 -c" "EXTRA_COMPILER_FLAGS=-mcpu=cortex-a9 -mfpu=vfpv3 -mfloat-abi=hard -no
TRACE::2026-01-15.12:19:52::SCWMssOS::startfiles -g -Wall -Wextra -fno-tree-loop-distribute-patterns"

TRACE::2026-01-15.12:19:52::SCWMssOS::"Running Make include in ps7_cortexa9_0/libsrc/scuwdt_v2_4/src"

TRACE::2026-01-15.12:19:52::SCWMssOS::make -C ps7_cortexa9_0/libsrc/scuwdt_v2_4/src -s include  "SHELL=CMD" "COMPILER=arm-none-eabi-gcc" "ASSEMBLER=arm-none-eabi-as"
TRACE::2026-01-15.12:19:52::SCWMssOS:: "ARCHIVER=arm-none-eabi-ar" "COMPILER_FLAGS=  -O2 -c" "EXTRA_COMPILER_FLAGS=-mcpu=cortex-a9 -mfpu=vfpv3 -mfloat-abi=hard -nost
TRACE::2026-01-15.12:19:52::SCWMssOS::artfiles -g -Wall -Wextra -fno-tree-loop-distribute-patterns"

TRACE::2026-01-15.12:19:52::SCWMssOS::"Running Make include in ps7_cortexa9_0/libsrc/sdps_v3_12/src"

TRACE::2026-01-15.12:19:52::SCWMssOS::make -C ps7_cortexa9_0/libsrc/sdps_v3_12/src -s include  "SHELL=CMD" "COMPILER=arm-none-eabi-gcc" "ASSEMBLER=arm-none-eabi-as" 
TRACE::2026-01-15.12:19:52::SCWMssOS::"ARCHIVER=arm-none-eabi-ar" "COMPILER_FLAGS=  -O2 -c" "EXTRA_COMPILER_FLAGS=-mcpu=cortex-a9 -mfpu=vfpv3 -mfloat-abi=hard -nosta
TRACE::2026-01-15.12:19:52::SCWMssOS::rtfiles -g -Wall -Wextra -fno-tree-loop-distribute-patterns"

TRACE::2026-01-15.12:19:52::SCWMssOS::"Running Make include in ps7_cortexa9_0/libsrc/standalone_v7_5/src"

TRACE::2026-01-15.12:19:52::SCWMssOS::make -C ps7_cortexa9_0/libsrc/standalone_v7_5/src -s include  "SHELL=CMD" "COMPILER=arm-none-eabi-gcc" "ASSEMBLER=arm-none-eabi
TRACE::2026-01-15.12:19:52::SCWMssOS::-as" "ARCHIVER=arm-none-eabi-ar" "COMPILER_FLAGS=  -O2 -c" "EXTRA_COMPILER_FLAGS=-mcpu=cortex-a9 -mfpu=vfpv3 -mfloat-abi=hard -
TRACE::2026-01-15.12:19:52::SCWMssOS::nostartfiles -g -Wall -Wextra -fno-tree-loop-distribute-patterns"

TRACE::2026-01-15.12:19:53::SCWMssOS::"Running Make include in ps7_cortexa9_0/libsrc/uartps_v3_11/src"

TRACE::2026-01-15.12:19:53::SCWMssOS::make -C ps7_cortexa9_0/libsrc/uartps_v3_11/src -s include  "SHELL=CMD" "COMPILER=arm-none-eabi-gcc" "ASSEMBLER=arm-none-eabi-as
TRACE::2026-01-15.12:19:53::SCWMssOS::" "ARCHIVER=arm-none-eabi-ar" "COMPILER_FLAGS=  -O2 -c" "EXTRA_COMPILER_FLAGS=-mcpu=cortex-a9 -mfpu=vfpv3 -mfloat-abi=hard -nos
TRACE::2026-01-15.12:19:53::SCWMssOS::tartfiles -g -Wall -Wextra -fno-tree-loop-distribute-patterns"

TRACE::2026-01-15.12:19:54::SCWMssOS::"Running Make include in ps7_cortexa9_0/libsrc/usbps_v2_7/src"

TRACE::2026-01-15.12:19:54::SCWMssOS::make -C ps7_cortexa9_0/libsrc/usbps_v2_7/src -s include  "SHELL=CMD" "COMPILER=arm-none-eabi-gcc" "ASSEMBLER=arm-none-eabi-as" 
TRACE::2026-01-15.12:19:54::SCWMssOS::"ARCHIVER=arm-none-eabi-ar" "COMPILER_FLAGS=  -O2 -c" "EXTRA_COMPILER_FLAGS=-mcpu=cortex-a9 -mfpu=vfpv3 -mfloat-abi=hard -nosta
TRACE::2026-01-15.12:19:54::SCWMssOS::rtfiles -g -Wall -Wextra -fno-tree-loop-distribute-patterns"

TRACE::2026-01-15.12:19:54::SCWMssOS::"Running Make include in ps7_cortexa9_0/libsrc/xadcps_v2_6/src"

TRACE::2026-01-15.12:19:54::SCWMssOS::make -C ps7_cortexa9_0/libsrc/xadcps_v2_6/src -s include  "SHELL=CMD" "COMPILER=arm-none-eabi-gcc" "ASSEMBLER=arm-none-eabi-as"
TRACE::2026-01-15.12:19:54::SCWMssOS:: "ARCHIVER=arm-none-eabi-ar" "COMPILER_FLAGS=  -O2 -c" "EXTRA_COMPILER_FLAGS=-mcpu=cortex-a9 -mfpu=vfpv3 -mfloat-abi=hard -nost
TRACE::2026-01-15.12:19:54::SCWMssOS::artfiles -g -Wall -Wextra -fno-tree-loop-distribute-patterns"

TRACE::2026-01-15.12:19:54::SCWMssOS::"Running Make libs in ps7_cortexa9_0/libsrc/DMA_v1_0/src"

TRACE::2026-01-15.12:19:54::SCWMssOS::make -C ps7_cortexa9_0/libsrc/DMA_v1_0/src -s libs  "SHELL=CMD" "COMPILER=arm-none-eabi-gcc" "ASSEMBLER=arm-none-eabi-as" "ARCH
TRACE::2026-01-15.12:19:54::SCWMssOS::IVER=arm-none-eabi-ar" "COMPILER_FLAGS=  -O2 -c" "EXTRA_COMPILER_FLAGS=-mcpu=cortex-a9 -mfpu=vfpv3 -mfloat-abi=hard -nostartfil
TRACE::2026-01-15.12:19:54::SCWMssOS::es -g -Wall -Wextra -fno-tree-loop-distribute-patterns"

TRACE::2026-01-15.12:19:55::SCWMssOS::"Building DMA"

TRACE::2026-01-15.12:19:55::SCWMssOS::"Running Make libs in ps7_cortexa9_0/libsrc/lwip211_v1_5/src"

TRACE::2026-01-15.12:19:55::SCWMssOS::make -C ps7_cortexa9_0/libsrc/lwip211_v1_5/src -s libs  "SHELL=CMD" "COMPILER=arm-none-eabi-gcc" "ASSEMBLER=arm-none-eabi-as" "
TRACE::2026-01-15.12:19:55::SCWMssOS::ARCHIVER=arm-none-eabi-ar" "COMPILER_FLAGS=  -O2 -c" "EXTRA_COMPILER_FLAGS=-mcpu=cortex-a9 -mfpu=vfpv3 -mfloat-abi=hard -nostar
TRACE::2026-01-15.12:19:55::SCWMssOS::tfiles -g -Wall -Wextra -fno-tree-loop-distribute-patterns"

TRACE::2026-01-15.12:19:56::SCWMssOS::"Compiling lwip src and adapter files"

TRACE::2026-01-15.12:20:14::SCWMssOS::'Finished building libraries sequentially.'

TRACE::2026-01-15.12:20:14::SCWMssOS::make -j 14 --no-print-directory par_libs

TRACE::2026-01-15.12:20:14::SCWMssOS::"Running Make include in ps7_cortexa9_0/libsrc/coresightps_dcc_v1_8/src"

TRACE::2026-01-15.12:20:14::SCWMssOS::make -C ps7_cortexa9_0/libsrc/coresightps_dcc_v1_8/src -s include  "SHELL=CMD" "COMPILER=arm-none-eabi-gcc" "ASSEMBLER=arm-none
TRACE::2026-01-15.12:20:14::SCWMssOS::-eabi-as" "ARCHIVER=arm-none-eabi-ar" "COMPILER_FLAGS=  -O2 -c" "EXTRA_COMPILER_FLAGS=-mcpu=cortex-a9 -mfpu=vfpv3 -mfloat-abi=h
TRACE::2026-01-15.12:20:14::SCWMssOS::ard -nostartfiles -g -Wall -Wextra -fno-tree-loop-distribute-patterns"

TRACE::2026-01-15.12:20:14::SCWMssOS::"Running Make include in ps7_cortexa9_0/libsrc/cpu_cortexa9_v2_11/src"

TRACE::2026-01-15.12:20:15::SCWMssOS::make -C ps7_cortexa9_0/libsrc/cpu_cortexa9_v2_11/src -s include  "SHELL=CMD" "COMPILER=arm-none-eabi-gcc" "ASSEMBLER=arm-none-e
TRACE::2026-01-15.12:20:15::SCWMssOS::abi-as" "ARCHIVER=arm-none-eabi-ar" "COMPILER_FLAGS=  -O2 -c" "EXTRA_COMPILER_FLAGS=-mcpu=cortex-a9 -mfpu=vfpv3 -mfloat-abi=har
TRACE::2026-01-15.12:20:15::SCWMssOS::d -nostartfiles -g -Wall -Wextra -fno-tree-loop-distribute-patterns"

TRACE::2026-01-15.12:20:15::SCWMssOS::"Running Make include in ps7_cortexa9_0/libsrc/ddrps_v1_2/src"

TRACE::2026-01-15.12:20:15::SCWMssOS::make -C ps7_cortexa9_0/libsrc/ddrps_v1_2/src -s include  "SHELL=CMD" "COMPILER=arm-none-eabi-gcc" "ASSEMBLER=arm-none-eabi-as" 
TRACE::2026-01-15.12:20:15::SCWMssOS::"ARCHIVER=arm-none-eabi-ar" "COMPILER_FLAGS=  -O2 -c" "EXTRA_COMPILER_FLAGS=-mcpu=cortex-a9 -mfpu=vfpv3 -mfloat-abi=hard -nosta
TRACE::2026-01-15.12:20:15::SCWMssOS::rtfiles -g -Wall -Wextra -fno-tree-loop-distribute-patterns"

TRACE::2026-01-15.12:20:15::SCWMssOS::"Running Make include in ps7_cortexa9_0/libsrc/devcfg_v3_7/src"

TRACE::2026-01-15.12:20:15::SCWMssOS::make -C ps7_cortexa9_0/libsrc/devcfg_v3_7/src -s include  "SHELL=CMD" "COMPILER=arm-none-eabi-gcc" "ASSEMBLER=arm-none-eabi-as"
TRACE::2026-01-15.12:20:15::SCWMssOS:: "ARCHIVER=arm-none-eabi-ar" "COMPILER_FLAGS=  -O2 -c" "EXTRA_COMPILER_FLAGS=-mcpu=cortex-a9 -mfpu=vfpv3 -mfloat-abi=hard -nost
TRACE::2026-01-15.12:20:15::SCWMssOS::artfiles -g -Wall -Wextra -fno-tree-loop-distribute-patterns"

TRACE::2026-01-15.12:20:15::SCWMssOS::"Running Make include in ps7_cortexa9_0/libsrc/dmaps_v2_8/src"

TRACE::2026-01-15.12:20:15::SCWMssOS::make -C ps7_cortexa9_0/libsrc/dmaps_v2_8/src -s include  "SHELL=CMD" "COMPILER=arm-none-eabi-gcc" "ASSEMBLER=arm-none-eabi-as" 
TRACE::2026-01-15.12:20:15::SCWMssOS::"ARCHIVER=arm-none-eabi-ar" "COMPILER_FLAGS=  -O2 -c" "EXTRA_COMPILER_FLAGS=-mcpu=cortex-a9 -mfpu=vfpv3 -mfloat-abi=hard -nosta
TRACE::2026-01-15.12:20:15::SCWMssOS::rtfiles -g -Wall -Wextra -fno-tree-loop-distribute-patterns"

TRACE::2026-01-15.12:20:15::SCWMssOS::"Running Make include in ps7_cortexa9_0/libsrc/DMA_v1_0/src"

TRACE::2026-01-15.12:20:15::SCWMssOS::make -C ps7_cortexa9_0/libsrc/DMA_v1_0/src -s include  "SHELL=CMD" "COMPILER=arm-none-eabi-gcc" "ASSEMBLER=arm-none-eabi-as" "A
TRACE::2026-01-15.12:20:15::SCWMssOS::RCHIVER=arm-none-eabi-ar" "COMPILER_FLAGS=  -O2 -c" "EXTRA_COMPILER_FLAGS=-mcpu=cortex-a9 -mfpu=vfpv3 -mfloat-abi=hard -nostart
TRACE::2026-01-15.12:20:15::SCWMssOS::files -g -Wall -Wextra -fno-tree-loop-distribute-patterns"

TRACE::2026-01-15.12:20:15::SCWMssOS::"Running Make include in ps7_cortexa9_0/libsrc/emacps_v3_14/src"

TRACE::2026-01-15.12:20:15::SCWMssOS::make -C ps7_cortexa9_0/libsrc/emacps_v3_14/src -s include  "SHELL=CMD" "COMPILER=arm-none-eabi-gcc" "ASSEMBLER=arm-none-eabi-as
TRACE::2026-01-15.12:20:15::SCWMssOS::" "ARCHIVER=arm-none-eabi-ar" "COMPILER_FLAGS=  -O2 -c" "EXTRA_COMPILER_FLAGS=-mcpu=cortex-a9 -mfpu=vfpv3 -mfloat-abi=hard -nos
TRACE::2026-01-15.12:20:15::SCWMssOS::tartfiles -g -Wall -Wextra -fno-tree-loop-distribute-patterns"

TRACE::2026-01-15.12:20:15::SCWMssOS::"Running Make include in ps7_cortexa9_0/libsrc/gpiops_v3_9/src"

TRACE::2026-01-15.12:20:15::SCWMssOS::make -C ps7_cortexa9_0/libsrc/gpiops_v3_9/src -s include  "SHELL=CMD" "COMPILER=arm-none-eabi-gcc" "ASSEMBLER=arm-none-eabi-as"
TRACE::2026-01-15.12:20:15::SCWMssOS:: "ARCHIVER=arm-none-eabi-ar" "COMPILER_FLAGS=  -O2 -c" "EXTRA_COMPILER_FLAGS=-mcpu=cortex-a9 -mfpu=vfpv3 -mfloat-abi=hard -nost
TRACE::2026-01-15.12:20:15::SCWMssOS::artfiles -g -Wall -Wextra -fno-tree-loop-distribute-patterns"

TRACE::2026-01-15.12:20:15::SCWMssOS::"Running Make include in ps7_cortexa9_0/libsrc/lwip211_v1_5/src"

TRACE::2026-01-15.12:20:15::SCWMssOS::make -C ps7_cortexa9_0/libsrc/lwip211_v1_5/src -s include  "SHELL=CMD" "COMPILER=arm-none-eabi-gcc" "ASSEMBLER=arm-none-eabi-as
TRACE::2026-01-15.12:20:15::SCWMssOS::" "ARCHIVER=arm-none-eabi-ar" "COMPILER_FLAGS=  -O2 -c" "EXTRA_COMPILER_FLAGS=-mcpu=cortex-a9 -mfpu=vfpv3 -mfloat-abi=hard -nos
TRACE::2026-01-15.12:20:15::SCWMssOS::tartfiles -g -Wall -Wextra -fno-tree-loop-distribute-patterns"

TRACE::2026-01-15.12:20:15::SCWMssOS::"Running Make include in ps7_cortexa9_0/libsrc/qspips_v3_9/src"

TRACE::2026-01-15.12:20:15::SCWMssOS::make -C ps7_cortexa9_0/libsrc/qspips_v3_9/src -s include  "SHELL=CMD" "COMPILER=arm-none-eabi-gcc" "ASSEMBLER=arm-none-eabi-as"
TRACE::2026-01-15.12:20:15::SCWMssOS:: "ARCHIVER=arm-none-eabi-ar" "COMPILER_FLAGS=  -O2 -c" "EXTRA_COMPILER_FLAGS=-mcpu=cortex-a9 -mfpu=vfpv3 -mfloat-abi=hard -nost
TRACE::2026-01-15.12:20:15::SCWMssOS::artfiles -g -Wall -Wextra -fno-tree-loop-distribute-patterns"

TRACE::2026-01-15.12:20:15::SCWMssOS::"Running Make include in ps7_cortexa9_0/libsrc/scugic_v4_5/src"

TRACE::2026-01-15.12:20:15::SCWMssOS::make -C ps7_cortexa9_0/libsrc/scugic_v4_5/src -s include  "SHELL=CMD" "COMPILER=arm-none-eabi-gcc" "ASSEMBLER=arm-none-eabi-as"
TRACE::2026-01-15.12:20:15::SCWMssOS:: "ARCHIVER=arm-none-eabi-ar" "COMPILER_FLAGS=  -O2 -c" "EXTRA_COMPILER_FLAGS=-mcpu=cortex-a9 -mfpu=vfpv3 -mfloat-abi=hard -nost
TRACE::2026-01-15.12:20:15::SCWMssOS::artfiles -g -Wall -Wextra -fno-tree-loop-distribute-patterns"

TRACE::2026-01-15.12:20:15::SCWMssOS::"Running Make include in ps7_cortexa9_0/libsrc/scutimer_v2_3/src"

TRACE::2026-01-15.12:20:15::SCWMssOS::make -C ps7_cortexa9_0/libsrc/scutimer_v2_3/src -s include  "SHELL=CMD" "COMPILER=arm-none-eabi-gcc" "ASSEMBLER=arm-none-eabi-a
TRACE::2026-01-15.12:20:15::SCWMssOS::s" "ARCHIVER=arm-none-eabi-ar" "COMPILER_FLAGS=  -O2 -c" "EXTRA_COMPILER_FLAGS=-mcpu=cortex-a9 -mfpu=vfpv3 -mfloat-abi=hard -no
TRACE::2026-01-15.12:20:15::SCWMssOS::startfiles -g -Wall -Wextra -fno-tree-loop-distribute-patterns"

TRACE::2026-01-15.12:20:15::SCWMssOS::"Running Make include in ps7_cortexa9_0/libsrc/scuwdt_v2_4/src"

TRACE::2026-01-15.12:20:15::SCWMssOS::make -C ps7_cortexa9_0/libsrc/scuwdt_v2_4/src -s include  "SHELL=CMD" "COMPILER=arm-none-eabi-gcc" "ASSEMBLER=arm-none-eabi-as"
TRACE::2026-01-15.12:20:15::SCWMssOS:: "ARCHIVER=arm-none-eabi-ar" "COMPILER_FLAGS=  -O2 -c" "EXTRA_COMPILER_FLAGS=-mcpu=cortex-a9 -mfpu=vfpv3 -mfloat-abi=hard -nost
TRACE::2026-01-15.12:20:15::SCWMssOS::artfiles -g -Wall -Wextra -fno-tree-loop-distribute-patterns"

TRACE::2026-01-15.12:20:15::SCWMssOS::"Running Make include in ps7_cortexa9_0/libsrc/sdps_v3_12/src"

TRACE::2026-01-15.12:20:15::SCWMssOS::make -C ps7_cortexa9_0/libsrc/sdps_v3_12/src -s include  "SHELL=CMD" "COMPILER=arm-none-eabi-gcc" "ASSEMBLER=arm-none-eabi-as" 
TRACE::2026-01-15.12:20:15::SCWMssOS::"ARCHIVER=arm-none-eabi-ar" "COMPILER_FLAGS=  -O2 -c" "EXTRA_COMPILER_FLAGS=-mcpu=cortex-a9 -mfpu=vfpv3 -mfloat-abi=hard -nosta
TRACE::2026-01-15.12:20:15::SCWMssOS::rtfiles -g -Wall -Wextra -fno-tree-loop-distribute-patterns"

TRACE::2026-01-15.12:20:15::SCWMssOS::"Running Make include in ps7_cortexa9_0/libsrc/standalone_v7_5/src"

TRACE::2026-01-15.12:20:15::SCWMssOS::make -C ps7_cortexa9_0/libsrc/standalone_v7_5/src -s include  "SHELL=CMD" "COMPILER=arm-none-eabi-gcc" "ASSEMBLER=arm-none-eabi
TRACE::2026-01-15.12:20:15::SCWMssOS::-as" "ARCHIVER=arm-none-eabi-ar" "COMPILER_FLAGS=  -O2 -c" "EXTRA_COMPILER_FLAGS=-mcpu=cortex-a9 -mfpu=vfpv3 -mfloat-abi=hard -
TRACE::2026-01-15.12:20:15::SCWMssOS::nostartfiles -g -Wall -Wextra -fno-tree-loop-distribute-patterns"

TRACE::2026-01-15.12:20:15::SCWMssOS::"Running Make include in ps7_cortexa9_0/libsrc/uartps_v3_11/src"

TRACE::2026-01-15.12:20:15::SCWMssOS::make -C ps7_cortexa9_0/libsrc/uartps_v3_11/src -s include  "SHELL=CMD" "COMPILER=arm-none-eabi-gcc" "ASSEMBLER=arm-none-eabi-as
TRACE::2026-01-15.12:20:15::SCWMssOS::" "ARCHIVER=arm-none-eabi-ar" "COMPILER_FLAGS=  -O2 -c" "EXTRA_COMPILER_FLAGS=-mcpu=cortex-a9 -mfpu=vfpv3 -mfloat-abi=hard -nos
TRACE::2026-01-15.12:20:15::SCWMssOS::tartfiles -g -Wall -Wextra -fno-tree-loop-distribute-patterns"

TRACE::2026-01-15.12:20:15::SCWMssOS::"Running Make include in ps7_cortexa9_0/libsrc/usbps_v2_7/src"

TRACE::2026-01-15.12:20:15::SCWMssOS::make -C ps7_cortexa9_0/libsrc/usbps_v2_7/src -s include  "SHELL=CMD" "COMPILER=arm-none-eabi-gcc" "ASSEMBLER=arm-none-eabi-as" 
TRACE::2026-01-15.12:20:15::SCWMssOS::"ARCHIVER=arm-none-eabi-ar" "COMPILER_FLAGS=  -O2 -c" "EXTRA_COMPILER_FLAGS=-mcpu=cortex-a9 -mfpu=vfpv3 -mfloat-abi=hard -nosta
TRACE::2026-01-15.12:20:15::SCWMssOS::rtfiles -g -Wall -Wextra -fno-tree-loop-distribute-patterns"

TRACE::2026-01-15.12:20:15::SCWMssOS::"Running Make include in ps7_cortexa9_0/libsrc/xadcps_v2_6/src"

TRACE::2026-01-15.12:20:15::SCWMssOS::make -C ps7_cortexa9_0/libsrc/xadcps_v2_6/src -s include  "SHELL=CMD" "COMPILER=arm-none-eabi-gcc" "ASSEMBLER=arm-none-eabi-as"
TRACE::2026-01-15.12:20:15::SCWMssOS:: "ARCHIVER=arm-none-eabi-ar" "COMPILER_FLAGS=  -O2 -c" "EXTRA_COMPILER_FLAGS=-mcpu=cortex-a9 -mfpu=vfpv3 -mfloat-abi=hard -nost
TRACE::2026-01-15.12:20:15::SCWMssOS::artfiles -g -Wall -Wextra -fno-tree-loop-distribute-patterns"

TRACE::2026-01-15.12:20:16::SCWMssOS::"Running Make libs in ps7_cortexa9_0/libsrc/coresightps_dcc_v1_8/src"

TRACE::2026-01-15.12:20:16::SCWMssOS::make -C ps7_cortexa9_0/libsrc/coresightps_dcc_v1_8/src -s libs  "SHELL=CMD" "COMPILER=arm-none-eabi-gcc" "ASSEMBLER=arm-none-ea
TRACE::2026-01-15.12:20:16::SCWMssOS::bi-as" "ARCHIVER=arm-none-eabi-ar" "COMPILER_FLAGS=  -O2 -c" "EXTRA_COMPILER_FLAGS=-mcpu=cortex-a9 -mfpu=vfpv3 -mfloat-abi=hard
TRACE::2026-01-15.12:20:16::SCWMssOS:: -nostartfiles -g -Wall -Wextra -fno-tree-loop-distribute-patterns"

TRACE::2026-01-15.12:20:16::SCWMssOS::"Running Make libs in ps7_cortexa9_0/libsrc/cpu_cortexa9_v2_11/src"

TRACE::2026-01-15.12:20:16::SCWMssOS::make -C ps7_cortexa9_0/libsrc/cpu_cortexa9_v2_11/src -s libs  "SHELL=CMD" "COMPILER=arm-none-eabi-gcc" "ASSEMBLER=arm-none-eabi
TRACE::2026-01-15.12:20:16::SCWMssOS::-as" "ARCHIVER=arm-none-eabi-ar" "COMPILER_FLAGS=  -O2 -c" "EXTRA_COMPILER_FLAGS=-mcpu=cortex-a9 -mfpu=vfpv3 -mfloat-abi=hard -
TRACE::2026-01-15.12:20:16::SCWMssOS::nostartfiles -g -Wall -Wextra -fno-tree-loop-distribute-patterns"

TRACE::2026-01-15.12:20:16::SCWMssOS::"Running Make libs in ps7_cortexa9_0/libsrc/ddrps_v1_2/src"

TRACE::2026-01-15.12:20:16::SCWMssOS::make -C ps7_cortexa9_0/libsrc/ddrps_v1_2/src -s libs  "SHELL=CMD" "COMPILER=arm-none-eabi-gcc" "ASSEMBLER=arm-none-eabi-as" "AR
TRACE::2026-01-15.12:20:16::SCWMssOS::CHIVER=arm-none-eabi-ar" "COMPILER_FLAGS=  -O2 -c" "EXTRA_COMPILER_FLAGS=-mcpu=cortex-a9 -mfpu=vfpv3 -mfloat-abi=hard -nostartf
TRACE::2026-01-15.12:20:16::SCWMssOS::iles -g -Wall -Wextra -fno-tree-loop-distribute-patterns"

TRACE::2026-01-15.12:20:16::SCWMssOS::"Running Make libs in ps7_cortexa9_0/libsrc/devcfg_v3_7/src"

TRACE::2026-01-15.12:20:16::SCWMssOS::make -C ps7_cortexa9_0/libsrc/devcfg_v3_7/src -s libs  "SHELL=CMD" "COMPILER=arm-none-eabi-gcc" "ASSEMBLER=arm-none-eabi-as" "A
TRACE::2026-01-15.12:20:16::SCWMssOS::RCHIVER=arm-none-eabi-ar" "COMPILER_FLAGS=  -O2 -c" "EXTRA_COMPILER_FLAGS=-mcpu=cortex-a9 -mfpu=vfpv3 -mfloat-abi=hard -nostart
TRACE::2026-01-15.12:20:16::SCWMssOS::files -g -Wall -Wextra -fno-tree-loop-distribute-patterns"

TRACE::2026-01-15.12:20:16::SCWMssOS::"Running Make libs in ps7_cortexa9_0/libsrc/dmaps_v2_8/src"

TRACE::2026-01-15.12:20:16::SCWMssOS::make -C ps7_cortexa9_0/libsrc/dmaps_v2_8/src -s libs  "SHELL=CMD" "COMPILER=arm-none-eabi-gcc" "ASSEMBLER=arm-none-eabi-as" "AR
TRACE::2026-01-15.12:20:16::SCWMssOS::CHIVER=arm-none-eabi-ar" "COMPILER_FLAGS=  -O2 -c" "EXTRA_COMPILER_FLAGS=-mcpu=cortex-a9 -mfpu=vfpv3 -mfloat-abi=hard -nostartf
TRACE::2026-01-15.12:20:16::SCWMssOS::iles -g -Wall -Wextra -fno-tree-loop-distribute-patterns"

TRACE::2026-01-15.12:20:16::SCWMssOS::"Running Make libs in ps7_cortexa9_0/libsrc/emacps_v3_14/src"

TRACE::2026-01-15.12:20:16::SCWMssOS::make -C ps7_cortexa9_0/libsrc/emacps_v3_14/src -s libs  "SHELL=CMD" "COMPILER=arm-none-eabi-gcc" "ASSEMBLER=arm-none-eabi-as" "
TRACE::2026-01-15.12:20:16::SCWMssOS::ARCHIVER=arm-none-eabi-ar" "COMPILER_FLAGS=  -O2 -c" "EXTRA_COMPILER_FLAGS=-mcpu=cortex-a9 -mfpu=vfpv3 -mfloat-abi=hard -nostar
TRACE::2026-01-15.12:20:16::SCWMssOS::tfiles -g -Wall -Wextra -fno-tree-loop-distribute-patterns"

TRACE::2026-01-15.12:20:16::SCWMssOS::"Running Make libs in ps7_cortexa9_0/libsrc/gpiops_v3_9/src"

TRACE::2026-01-15.12:20:17::SCWMssOS::make -C ps7_cortexa9_0/libsrc/gpiops_v3_9/src -s libs  "SHELL=CMD" "COMPILER=arm-none-eabi-gcc" "ASSEMBLER=arm-none-eabi-as" "A
TRACE::2026-01-15.12:20:17::SCWMssOS::RCHIVER=arm-none-eabi-ar" "COMPILER_FLAGS=  -O2 -c" "EXTRA_COMPILER_FLAGS=-mcpu=cortex-a9 -mfpu=vfpv3 -mfloat-abi=hard -nostart
TRACE::2026-01-15.12:20:17::SCWMssOS::files -g -Wall -Wextra -fno-tree-loop-distribute-patterns"

TRACE::2026-01-15.12:20:17::SCWMssOS::"Running Make libs in ps7_cortexa9_0/libsrc/qspips_v3_9/src"

TRACE::2026-01-15.12:20:17::SCWMssOS::make -C ps7_cortexa9_0/libsrc/qspips_v3_9/src -s libs  "SHELL=CMD" "COMPILER=arm-none-eabi-gcc" "ASSEMBLER=arm-none-eabi-as" "A
TRACE::2026-01-15.12:20:17::SCWMssOS::RCHIVER=arm-none-eabi-ar" "COMPILER_FLAGS=  -O2 -c" "EXTRA_COMPILER_FLAGS=-mcpu=cortex-a9 -mfpu=vfpv3 -mfloat-abi=hard -nostart
TRACE::2026-01-15.12:20:17::SCWMssOS::files -g -Wall -Wextra -fno-tree-loop-distribute-patterns"

TRACE::2026-01-15.12:20:17::SCWMssOS::"Running Make libs in ps7_cortexa9_0/libsrc/scugic_v4_5/src"

TRACE::2026-01-15.12:20:17::SCWMssOS::make -C ps7_cortexa9_0/libsrc/scugic_v4_5/src -s libs  "SHELL=CMD" "COMPILER=arm-none-eabi-gcc" "ASSEMBLER=arm-none-eabi-as" "A
TRACE::2026-01-15.12:20:17::SCWMssOS::RCHIVER=arm-none-eabi-ar" "COMPILER_FLAGS=  -O2 -c" "EXTRA_COMPILER_FLAGS=-mcpu=cortex-a9 -mfpu=vfpv3 -mfloat-abi=hard -nostart
TRACE::2026-01-15.12:20:17::SCWMssOS::files -g -Wall -Wextra -fno-tree-loop-distribute-patterns"

TRACE::2026-01-15.12:20:18::SCWMssOS::"Running Make libs in ps7_cortexa9_0/libsrc/scutimer_v2_3/src"

TRACE::2026-01-15.12:20:18::SCWMssOS::make -C ps7_cortexa9_0/libsrc/scutimer_v2_3/src -s libs  "SHELL=CMD" "COMPILER=arm-none-eabi-gcc" "ASSEMBLER=arm-none-eabi-as" 
TRACE::2026-01-15.12:20:18::SCWMssOS::"ARCHIVER=arm-none-eabi-ar" "COMPILER_FLAGS=  -O2 -c" "EXTRA_COMPILER_FLAGS=-mcpu=cortex-a9 -mfpu=vfpv3 -mfloat-abi=hard -nosta
TRACE::2026-01-15.12:20:18::SCWMssOS::rtfiles -g -Wall -Wextra -fno-tree-loop-distribute-patterns"

TRACE::2026-01-15.12:20:18::SCWMssOS::"Running Make libs in ps7_cortexa9_0/libsrc/scuwdt_v2_4/src"

TRACE::2026-01-15.12:20:18::SCWMssOS::make -C ps7_cortexa9_0/libsrc/scuwdt_v2_4/src -s libs  "SHELL=CMD" "COMPILER=arm-none-eabi-gcc" "ASSEMBLER=arm-none-eabi-as" "A
TRACE::2026-01-15.12:20:18::SCWMssOS::RCHIVER=arm-none-eabi-ar" "COMPILER_FLAGS=  -O2 -c" "EXTRA_COMPILER_FLAGS=-mcpu=cortex-a9 -mfpu=vfpv3 -mfloat-abi=hard -nostart
TRACE::2026-01-15.12:20:18::SCWMssOS::files -g -Wall -Wextra -fno-tree-loop-distribute-patterns"

TRACE::2026-01-15.12:20:19::SCWMssOS::"Running Make libs in ps7_cortexa9_0/libsrc/sdps_v3_12/src"

TRACE::2026-01-15.12:20:19::SCWMssOS::make -C ps7_cortexa9_0/libsrc/sdps_v3_12/src -s libs  "SHELL=CMD" "COMPILER=arm-none-eabi-gcc" "ASSEMBLER=arm-none-eabi-as" "AR
TRACE::2026-01-15.12:20:19::SCWMssOS::CHIVER=arm-none-eabi-ar" "COMPILER_FLAGS=  -O2 -c" "EXTRA_COMPILER_FLAGS=-mcpu=cortex-a9 -mfpu=vfpv3 -mfloat-abi=hard -nostartf
TRACE::2026-01-15.12:20:19::SCWMssOS::iles -g -Wall -Wextra -fno-tree-loop-distribute-patterns"

TRACE::2026-01-15.12:20:19::SCWMssOS::"Running Make libs in ps7_cortexa9_0/libsrc/standalone_v7_5/src"

TRACE::2026-01-15.12:20:20::SCWMssOS::make -C ps7_cortexa9_0/libsrc/standalone_v7_5/src -s libs  "SHELL=CMD" "COMPILER=arm-none-eabi-gcc" "ASSEMBLER=arm-none-eabi-as
TRACE::2026-01-15.12:20:20::SCWMssOS::" "ARCHIVER=arm-none-eabi-ar" "COMPILER_FLAGS=  -O2 -c" "EXTRA_COMPILER_FLAGS=-mcpu=cortex-a9 -mfpu=vfpv3 -mfloat-abi=hard -nos
TRACE::2026-01-15.12:20:20::SCWMssOS::tartfiles -g -Wall -Wextra -fno-tree-loop-distribute-patterns"

TRACE::2026-01-15.12:20:20::SCWMssOS::"Running Make libs in ps7_cortexa9_0/libsrc/uartps_v3_11/src"

TRACE::2026-01-15.12:20:20::SCWMssOS::make -C ps7_cortexa9_0/libsrc/uartps_v3_11/src -s libs  "SHELL=CMD" "COMPILER=arm-none-eabi-gcc" "ASSEMBLER=arm-none-eabi-as" "
TRACE::2026-01-15.12:20:20::SCWMssOS::ARCHIVER=arm-none-eabi-ar" "COMPILER_FLAGS=  -O2 -c" "EXTRA_COMPILER_FLAGS=-mcpu=cortex-a9 -mfpu=vfpv3 -mfloat-abi=hard -nostar
TRACE::2026-01-15.12:20:20::SCWMssOS::tfiles -g -Wall -Wextra -fno-tree-loop-distribute-patterns"

TRACE::2026-01-15.12:20:20::SCWMssOS::"Running Make libs in ps7_cortexa9_0/libsrc/usbps_v2_7/src"

TRACE::2026-01-15.12:20:20::SCWMssOS::make -C ps7_cortexa9_0/libsrc/usbps_v2_7/src -s libs  "SHELL=CMD" "COMPILER=arm-none-eabi-gcc" "ASSEMBLER=arm-none-eabi-as" "AR
TRACE::2026-01-15.12:20:20::SCWMssOS::CHIVER=arm-none-eabi-ar" "COMPILER_FLAGS=  -O2 -c" "EXTRA_COMPILER_FLAGS=-mcpu=cortex-a9 -mfpu=vfpv3 -mfloat-abi=hard -nostartf
TRACE::2026-01-15.12:20:20::SCWMssOS::iles -g -Wall -Wextra -fno-tree-loop-distribute-patterns"

TRACE::2026-01-15.12:20:20::SCWMssOS::"Running Make libs in ps7_cortexa9_0/libsrc/xadcps_v2_6/src"

TRACE::2026-01-15.12:20:20::SCWMssOS::make -C ps7_cortexa9_0/libsrc/xadcps_v2_6/src -s libs  "SHELL=CMD" "COMPILER=arm-none-eabi-gcc" "ASSEMBLER=arm-none-eabi-as" "A
TRACE::2026-01-15.12:20:20::SCWMssOS::RCHIVER=arm-none-eabi-ar" "COMPILER_FLAGS=  -O2 -c" "EXTRA_COMPILER_FLAGS=-mcpu=cortex-a9 -mfpu=vfpv3 -mfloat-abi=hard -nostart
TRACE::2026-01-15.12:20:20::SCWMssOS::files -g -Wall -Wextra -fno-tree-loop-distribute-patterns"

TRACE::2026-01-15.12:20:25::SCWMssOS::'Finished building libraries parallelly.'

TRACE::2026-01-15.12:20:25::SCWMssOS::make --no-print-directory archive

TRACE::2026-01-15.12:20:26::SCWMssOS::arm-none-eabi-ar -r  ps7_cortexa9_0/lib/libxil.a ps7_cortexa9_0/lib/xil_testcache.o ps7_cortexa9_0/lib/xadcps_selftest.o ps7_co
TRACE::2026-01-15.12:20:26::SCWMssOS::rtexa9_0/lib/xplatform_info.o ps7_cortexa9_0/lib/xil_mmu.o ps7_cortexa9_0/lib/_exit.o ps7_cortexa9_0/lib/xusbps_sinit.o ps7_cor
TRACE::2026-01-15.12:20:26::SCWMssOS::texa9_0/lib/xdevcfg_hw.o ps7_cortexa9_0/lib/xil_sleeptimer.o ps7_cortexa9_0/lib/xqspips_options.o ps7_cortexa9_0/lib/xdmaps_g.o
TRACE::2026-01-15.12:20:26::SCWMssOS:: ps7_cortexa9_0/lib/xscutimer_g.o ps7_cortexa9_0/lib/xsdps_options.o ps7_cortexa9_0/lib/xil_misc_psreset_api.o ps7_cortexa9_0/l
TRACE::2026-01-15.12:20:26::SCWMssOS::ib/xdmaps_sinit.o ps7_cortexa9_0/lib/xscutimer_sinit.o ps7_cortexa9_0/lib/xemacps_hw.o ps7_cortexa9_0/lib/inbyte.o ps7_cortexa9
TRACE::2026-01-15.12:20:26::SCWMssOS::_0/lib/xdmaps_selftest.o ps7_cortexa9_0/lib/xscutimer_selftest.o ps7_cortexa9_0/lib/putnum.o ps7_cortexa9_0/lib/xadcps_intr.o p
TRACE::2026-01-15.12:20:26::SCWMssOS::s7_cortexa9_0/lib/xgpiops_g.o ps7_cortexa9_0/lib/xsdps.o ps7_cortexa9_0/lib/close.o ps7_cortexa9_0/lib/xgpiops_intr.o ps7_corte
TRACE::2026-01-15.12:20:26::SCWMssOS::xa9_0/lib/xdma_g.o ps7_cortexa9_0/lib/xgpiops_sinit.o ps7_cortexa9_0/lib/xdma_sinit.o ps7_cortexa9_0/lib/xgpiops_selftest.o ps7
TRACE::2026-01-15.12:20:26::SCWMssOS::_cortexa9_0/lib/xscuwdt.o ps7_cortexa9_0/lib/xgpiops.o ps7_cortexa9_0/lib/xil_clocking.o ps7_cortexa9_0/lib/xil_mem.o ps7_corte
TRACE::2026-01-15.12:20:26::SCWMssOS::xa9_0/lib/time.o ps7_cortexa9_0/lib/xil_printf.o ps7_cortexa9_0/lib/kill.o ps7_cortexa9_0/lib/xuartps_g.o ps7_cortexa9_0/lib/xa
TRACE::2026-01-15.12:20:26::SCWMssOS::dcps.o ps7_cortexa9_0/lib/xuartps_sinit.o ps7_cortexa9_0/lib/xuartps_selftest.o ps7_cortexa9_0/lib/outbyte.o ps7_cortexa9_0/lib
TRACE::2026-01-15.12:20:26::SCWMssOS::/lseek.o ps7_cortexa9_0/lib/xusbps_hw.o ps7_cortexa9_0/lib/xl2cc_counter.o ps7_cortexa9_0/lib/asm_vectors.o ps7_cortexa9_0/lib/
TRACE::2026-01-15.12:20:26::SCWMssOS::abort.o ps7_cortexa9_0/lib/xscugic_intr.o ps7_cortexa9_0/lib/getpid.o ps7_cortexa9_0/lib/xdevcfg_sinit.o ps7_cortexa9_0/lib/xdm
TRACE::2026-01-15.12:20:26::SCWMssOS::aps.o ps7_cortexa9_0/lib/xscutimer.o ps7_cortexa9_0/lib/xdevcfg_selftest.o ps7_cortexa9_0/lib/xpm_counter.o ps7_cortexa9_0/lib/
TRACE::2026-01-15.12:20:26::SCWMssOS::_sbrk.o ps7_cortexa9_0/lib/xemacps_sinit.o ps7_cortexa9_0/lib/xqspips_g.o ps7_cortexa9_0/lib/xusbps.o ps7_cortexa9_0/lib/xusbps
TRACE::2026-01-15.12:20:26::SCWMssOS::_endpoint.o ps7_cortexa9_0/lib/xusbps_g.o ps7_cortexa9_0/lib/xsdps_sinit.o ps7_cortexa9_0/lib/xqspips_selftest.o ps7_cortexa9_0
TRACE::2026-01-15.12:20:26::SCWMssOS::/lib/xil_exception.o ps7_cortexa9_0/lib/xil_testmem.o ps7_cortexa9_0/lib/xemacps_control.o ps7_cortexa9_0/lib/open.o ps7_cortex
TRACE::2026-01-15.12:20:26::SCWMssOS::a9_0/lib/xil_assert.o ps7_cortexa9_0/lib/xusbps_intr.o ps7_cortexa9_0/lib/xsdps_host.o ps7_cortexa9_0/lib/xcoresightpsdcc.o ps7
TRACE::2026-01-15.12:20:26::SCWMssOS::_cortexa9_0/lib/xscugic_hw.o ps7_cortexa9_0/lib/sleep.o ps7_cortexa9_0/lib/cpputest_time.o ps7_cortexa9_0/lib/xil_spinlock.o ps
TRACE::2026-01-15.12:20:26::SCWMssOS::7_cortexa9_0/lib/fcntl.o ps7_cortexa9_0/lib/print.o ps7_cortexa9_0/lib/read.o ps7_cortexa9_0/lib/xdevcfg.o ps7_cortexa9_0/lib/x
TRACE::2026-01-15.12:20:26::SCWMssOS::qspips.o ps7_cortexa9_0/lib/xemacps.o ps7_cortexa9_0/lib/xil_cache.o ps7_cortexa9_0/lib/xil_testio.o ps7_cortexa9_0/lib/_open.o
TRACE::2026-01-15.12:20:26::SCWMssOS:: ps7_cortexa9_0/lib/unlink.o ps7_cortexa9_0/lib/xdma.o ps7_cortexa9_0/lib/translation_table.o ps7_cortexa9_0/lib/write.o ps7_co
TRACE::2026-01-15.12:20:26::SCWMssOS::rtexa9_0/lib/boot.o ps7_cortexa9_0/lib/xemacps_bdring.o ps7_cortexa9_0/lib/cpu_init.o ps7_cortexa9_0/lib/vectors.o ps7_cortexa9
TRACE::2026-01-15.12:20:26::SCWMssOS::_0/lib/usleep.o ps7_cortexa9_0/lib/xil_sleepcommon.o ps7_cortexa9_0/lib/xscugic_g.o ps7_cortexa9_0/lib/xscugic_sinit.o ps7_cort
TRACE::2026-01-15.12:20:26::SCWMssOS::exa9_0/lib/xdevcfg_g.o ps7_cortexa9_0/lib/xtime_l.o ps7_cortexa9_0/lib/xdma_linux.o ps7_cortexa9_0/lib/xscugic_selftest.o ps7_c
TRACE::2026-01-15.12:20:26::SCWMssOS::ortexa9_0/lib/xil_util.o ps7_cortexa9_0/lib/xuartps_intr.o ps7_cortexa9_0/lib/xuartps.o ps7_cortexa9_0/lib/xsdps_card.o ps7_cor
TRACE::2026-01-15.12:20:26::SCWMssOS::texa9_0/lib/xdmaps_hw.o ps7_cortexa9_0/lib/sbrk.o ps7_cortexa9_0/lib/xgpiops_hw.o ps7_cortexa9_0/lib/xsdps_g.o ps7_cortexa9_0/l
TRACE::2026-01-15.12:20:26::SCWMssOS::ib/fstat.o ps7_cortexa9_0/lib/xqspips_hw.o ps7_cortexa9_0/lib/errno.o ps7_cortexa9_0/lib/xdevcfg_intr.o ps7_cortexa9_0/lib/xuar
TRACE::2026-01-15.12:20:26::SCWMssOS::tps_options.o ps7_cortexa9_0/lib/xscuwdt_g.o ps7_cortexa9_0/lib/xemacps_g.o ps7_cortexa9_0/lib/xscuwdt_sinit.o ps7_cortexa9_0/l
TRACE::2026-01-15.12:20:26::SCWMssOS::ib/xemacps_intr.o ps7_cortexa9_0/lib/xscuwdt_selftest.o ps7_cortexa9_0/lib/isatty.o ps7_cortexa9_0/lib/xil-crt0.o ps7_cortexa9_
TRACE::2026-01-15.12:20:26::SCWMssOS::0/lib/xscugic.o ps7_cortexa9_0/lib/xuartps_hw.o ps7_cortexa9_0/lib/xadcps_g.o ps7_cortexa9_0/lib/xqspips_sinit.o ps7_cortexa9_0
TRACE::2026-01-15.12:20:26::SCWMssOS::/lib/xadcps_sinit.o

TRACE::2026-01-15.12:20:26::SCWMssOS::'Finished building libraries'

TRACE::2026-01-15.12:20:26::SCWMssOS::Copying to export directory.
TRACE::2026-01-15.12:20:27::SCWMssOS:: Checking if to create the Supporting Applications
TRACE::2026-01-15.12:20:27::SCWMssOS:: No Linux domain exists, trying to generate FSBL 
LOG::2026-01-15.12:20:27::SCWSystem::Completed Processing the domain standalone_domain
LOG::2026-01-15.12:20:27::SCWSystem::Completed Processing the sysconfig delay_and_sum_plat
LOG::2026-01-15.12:20:27::SCWPlatform::Completed generating the artifacts for system configuration delay_and_sum_plat
TRACE::2026-01-15.12:20:27::SCWPlatform::Started preparing the platform 
TRACE::2026-01-15.12:20:27::SCWSystem::Writing the bif file for system config delay_and_sum_plat
TRACE::2026-01-15.12:20:27::SCWSystem::dir created 
TRACE::2026-01-15.12:20:27::SCWSystem::Writing the bif 
TRACE::2026-01-15.12:20:27::SCWPlatform::Started writing the spfm file 
TRACE::2026-01-15.12:20:27::SCWPlatform::Started writing the xpfm file 
TRACE::2026-01-15.12:20:27::SCWPlatform::Completed generating the platform
TRACE::2026-01-15.12:20:27::SCWMssOS::Saving the mss changes C:/Users/CamLT/AX7010_Work/UltrasonicFPGA2021/delay-and-sum/delay_and_sum_plat/zynq_fsbl/zynq_fsbl_bsp/system.mss
TRACE::2026-01-15.12:20:27::SCWMssOS::Found a swdesign opened with the mssfile.
TRACE::2026-01-15.12:20:27::SCWMssOS::Completed writemss as part of save.
TRACE::2026-01-15.12:20:27::SCWMssOS::Commit changes completed.
TRACE::2026-01-15.12:20:27::SCWMssOS::Saving the mss changes C:/Users/CamLT/AX7010_Work/UltrasonicFPGA2021/delay-and-sum/delay_and_sum_plat/ps7_cortexa9_0/standalone_domain/bsp/system.mss
TRACE::2026-01-15.12:20:27::SCWMssOS::Found a swdesign opened with the mssfile.
TRACE::2026-01-15.12:20:27::SCWMssOS::Completed writemss as part of save.
TRACE::2026-01-15.12:20:27::SCWMssOS::Commit changes completed.
TRACE::2026-01-15.12:20:27::SCWPlatform::Trying to open the hw design at C:/Users/CamLT/AX7010_Work/UltrasonicFPGA2021/delay-and-sum/delay_and_sum_plat/hw/Demodulator_128Ch_wrapper.xsa
TRACE::2026-01-15.12:20:27::SCWPlatform::DSA given C:/Users/CamLT/AX7010_Work/UltrasonicFPGA2021/delay-and-sum/delay_and_sum_plat/hw/Demodulator_128Ch_wrapper.xsa
TRACE::2026-01-15.12:20:27::SCWPlatform::DSA absoulate path C:/Users/CamLT/AX7010_Work/UltrasonicFPGA2021/delay-and-sum/delay_and_sum_plat/hw/Demodulator_128Ch_wrapper.xsa
TRACE::2026-01-15.12:20:27::SCWPlatform::DSA directory C:/Users/CamLT/AX7010_Work/UltrasonicFPGA2021/delay-and-sum/delay_and_sum_plat/hw
TRACE::2026-01-15.12:20:27::SCWPlatform:: Platform Path C:/Users/CamLT/AX7010_Work/UltrasonicFPGA2021/delay-and-sum/delay_and_sum_plat/hw/Demodulator_128Ch_wrapper.xsa
TRACE::2026-01-15.12:20:27::SCWPlatform:: Unique name xilinx:::0.0
TRACE::2026-01-15.12:20:27::SCWPlatform::Trying to set the existing hwdb with name Demodulator_128Ch_wrappe_1
TRACE::2026-01-15.12:20:27::SCWPlatform::Opened existing hwdb Demodulator_128Ch_wrappe_1
TRACE::2026-01-15.12:20:27::SCWPlatform::Found the Hw Db part of the input DSA
TRACE::2026-01-15.12:20:27::SCWMssOS::Checking the sw design at  C:/Users/CamLT/AX7010_Work/UltrasonicFPGA2021/delay-and-sum/delay_and_sum_plat/zynq_fsbl/zynq_fsbl_bsp/system.mss
TRACE::2026-01-15.12:20:27::SCWMssOS::DEBUG:  swdes dump  C:/Users/CamLT/AX7010_Work/UltrasonicFPGA2021/delay-and-sum/delay_and_sum_plat/ps7_cortexa9_0/standalone_domain/bsp/system.mss|system||
C:/Users/CamLT/AX7010_Work/UltrasonicFPGA2021/delay-and-sum/delay_and_sum_plat/zynq_fsbl/zynq_fsbl_bsp/system.mss|system_0||

TRACE::2026-01-15.12:20:27::SCWMssOS::Sw design exists and opened at  C:/Users/CamLT/AX7010_Work/UltrasonicFPGA2021/delay-and-sum/delay_and_sum_plat/zynq_fsbl/zynq_fsbl_bsp/system.mss
TRACE::2026-01-15.12:20:27::SCWPlatform::Trying to open the hw design at C:/Users/CamLT/AX7010_Work/UltrasonicFPGA2021/delay-and-sum/delay_and_sum_plat/hw/Demodulator_128Ch_wrapper.xsa
TRACE::2026-01-15.12:20:27::SCWPlatform::DSA given C:/Users/CamLT/AX7010_Work/UltrasonicFPGA2021/delay-and-sum/delay_and_sum_plat/hw/Demodulator_128Ch_wrapper.xsa
TRACE::2026-01-15.12:20:27::SCWPlatform::DSA absoulate path C:/Users/CamLT/AX7010_Work/UltrasonicFPGA2021/delay-and-sum/delay_and_sum_plat/hw/Demodulator_128Ch_wrapper.xsa
TRACE::2026-01-15.12:20:27::SCWPlatform::DSA directory C:/Users/CamLT/AX7010_Work/UltrasonicFPGA2021/delay-and-sum/delay_and_sum_plat/hw
TRACE::2026-01-15.12:20:27::SCWPlatform:: Platform Path C:/Users/CamLT/AX7010_Work/UltrasonicFPGA2021/delay-and-sum/delay_and_sum_plat/hw/Demodulator_128Ch_wrapper.xsa
TRACE::2026-01-15.12:20:27::SCWPlatform:: Unique name xilinx:::0.0
TRACE::2026-01-15.12:20:27::SCWPlatform::Trying to set the existing hwdb with name Demodulator_128Ch_wrappe_1
TRACE::2026-01-15.12:20:27::SCWPlatform::Opened existing hwdb Demodulator_128Ch_wrappe_1
TRACE::2026-01-15.12:20:27::SCWPlatform::Found the Hw Db part of the input DSA
TRACE::2026-01-15.12:20:27::SCWMssOS::Checking the sw design at  C:/Users/CamLT/AX7010_Work/UltrasonicFPGA2021/delay-and-sum/delay_and_sum_plat/ps7_cortexa9_0/standalone_domain/bsp/system.mss
TRACE::2026-01-15.12:20:27::SCWMssOS::DEBUG:  swdes dump  C:/Users/CamLT/AX7010_Work/UltrasonicFPGA2021/delay-and-sum/delay_and_sum_plat/ps7_cortexa9_0/standalone_domain/bsp/system.mss|system||
C:/Users/CamLT/AX7010_Work/UltrasonicFPGA2021/delay-and-sum/delay_and_sum_plat/zynq_fsbl/zynq_fsbl_bsp/system.mss|system_0||

TRACE::2026-01-15.12:20:27::SCWMssOS::Sw design exists and opened at  C:/Users/CamLT/AX7010_Work/UltrasonicFPGA2021/delay-and-sum/delay_and_sum_plat/ps7_cortexa9_0/standalone_domain/bsp/system.mss
TRACE::2026-01-15.12:20:27::SCWWriter::formatted JSON is {
	"platformName":	"delay_and_sum_plat",
	"sprVersion":	"2.0",
	"mode":	"gui",
	"dsaType":	"Fixed",
	"platformDesc":	"delay_and_sum_plat",
	"platHandOff":	"C:/Users/CamLT/AX7010_Work/Demodulator_128Ch_wrapper.xsa",
	"platIntHandOff":	"<platformDir>/hw/Demodulator_128Ch_wrapper.xsa",
	"deviceType":	"zynq",
	"platIsPrebuiltAutogen":	"false",
	"platIsNoBootBsp":	"false",
	"hasFsblMakeHasChanges":	"false",
	"hasPmufwMakeHasChanges":	"false",
	"fsblExtraCompilerFlags":	"-MMD -MP       -mcpu=cortex-a9 -mfpu=vfpv3 -mfloat-abi=hard ",
	"platPreBuiltFlag":	false,
	"platformSamplesDir":	"",
	"platActiveSys":	"delay_and_sum_plat",
	"systems":	[{
			"systemName":	"delay_and_sum_plat",
			"systemDesc":	"delay_and_sum_plat",
			"sysIsBootAutoGen":	"true",
			"systemDispName":	"delay_and_sum_plat",
			"sysActiveDom":	"standalone_domain",
			"sysDefaultDom":	"standalone_domain",
			"domains":	[{
					"domainName":	"zynq_fsbl",
					"domainDispName":	"zynq_fsbl",
					"domainDesc":	"FSBL Application BSP - Auto Generated.",
					"processors":	"ps7_cortexa9_0",
					"os":	"standalone",
					"sdxOs":	"standalone",
					"debugEnable":	"",
					"domRuntimes":	["cpp"],
					"swRepo":	"",
					"mssOsVer":	"7.5",
					"mssFile":	"",
					"md5Digest":	"f3dae8f02a170fb93c0638c92ba171da",
					"compatibleApp":	"zynq_fsbl",
					"domType":	"bootDomain",
					"arch":	"32-bit",
					"appSettings":	{
						"appCompilerFlags":	"",
						"appLinkerFlags":	""
					},
					"addedLibs":	["xilffs:4.5", "xilrsa:1.6", "lwip211:1.5"],
					"libOptions":	{
						"libsContainingOptions":	[]
					},
					"prebuiltLibs":	{
						"prebuiltIncPath":	[],
						"prebuiltLibPath":	[]
					},
					"isolation":	{
					}
				}, {
					"domainName":	"standalone_domain",
					"domainDispName":	"standalone on ps7_cortexa9_0",
					"domainDesc":	"standalone_domain",
					"processors":	"ps7_cortexa9_0",
					"os":	"standalone",
					"sdxOs":	"standalone",
					"qemuArgs":	"C:/Xilinx/Vitis/2021.1/data/emulation/platforms/zynq/sw/a9_standalone/qemu/qemu_args.txt",
					"qemuData":	"C:/Xilinx/Vitis/2021.1/data/emulation/platforms/zynq/sw/a9_standalone/qemu/",
					"debugEnable":	"False",
					"domRuntimes":	["cpp"],
					"swRepo":	"",
					"mssOsVer":	"7.5",
					"mssFile":	"",
					"md5Digest":	"c0bcabe2214432c53bf60814567322c2",
					"compatibleApp":	"",
					"domType":	"mssDomain",
					"appSettings":	{
						"appCompilerFlags":	"",
						"appLinkerFlags":	""
					},
					"addedLibs":	["lwip211:1.5"],
					"libOptions":	{
						"libsContainingOptions":	[]
					},
					"prebuiltLibs":	{
						"prebuiltIncPath":	[],
						"prebuiltLibPath":	[]
					},
					"isolation":	{
					}
				}]
		}]
}
KEYINFO::2026-01-15.12:20:27::SCWPlatform::updated the xpfm file.
TRACE::2026-01-15.12:20:27::SCWPlatform::Trying to open the hw design at C:/Users/CamLT/AX7010_Work/UltrasonicFPGA2021/delay-and-sum/delay_and_sum_plat/hw/Demodulator_128Ch_wrapper.xsa
TRACE::2026-01-15.12:20:27::SCWPlatform::DSA given C:/Users/CamLT/AX7010_Work/UltrasonicFPGA2021/delay-and-sum/delay_and_sum_plat/hw/Demodulator_128Ch_wrapper.xsa
TRACE::2026-01-15.12:20:27::SCWPlatform::DSA absoulate path C:/Users/CamLT/AX7010_Work/UltrasonicFPGA2021/delay-and-sum/delay_and_sum_plat/hw/Demodulator_128Ch_wrapper.xsa
TRACE::2026-01-15.12:20:27::SCWPlatform::DSA directory C:/Users/CamLT/AX7010_Work/UltrasonicFPGA2021/delay-and-sum/delay_and_sum_plat/hw
TRACE::2026-01-15.12:20:27::SCWPlatform:: Platform Path C:/Users/CamLT/AX7010_Work/UltrasonicFPGA2021/delay-and-sum/delay_and_sum_plat/hw/Demodulator_128Ch_wrapper.xsa
TRACE::2026-01-15.12:20:27::SCWPlatform:: Unique name xilinx:::0.0
TRACE::2026-01-15.12:20:27::SCWPlatform::Trying to set the existing hwdb with name Demodulator_128Ch_wrappe_1
TRACE::2026-01-15.12:20:27::SCWPlatform::Opened existing hwdb Demodulator_128Ch_wrappe_1
TRACE::2026-01-15.12:20:27::SCWPlatform::Found the Hw Db part of the input DSA
TRACE::2026-01-15.12:20:27::SCWMssOS::Checking the sw design at  C:/Users/CamLT/AX7010_Work/UltrasonicFPGA2021/delay-and-sum/delay_and_sum_plat/ps7_cortexa9_0/standalone_domain/bsp/system.mss
TRACE::2026-01-15.12:20:27::SCWMssOS::DEBUG:  swdes dump  C:/Users/CamLT/AX7010_Work/UltrasonicFPGA2021/delay-and-sum/delay_and_sum_plat/ps7_cortexa9_0/standalone_domain/bsp/system.mss|system||
C:/Users/CamLT/AX7010_Work/UltrasonicFPGA2021/delay-and-sum/delay_and_sum_plat/zynq_fsbl/zynq_fsbl_bsp/system.mss|system_0||

TRACE::2026-01-15.12:20:27::SCWMssOS::Sw design exists and opened at  C:/Users/CamLT/AX7010_Work/UltrasonicFPGA2021/delay-and-sum/delay_and_sum_plat/ps7_cortexa9_0/standalone_domain/bsp/system.mss
TRACE::2026-01-20.13:55:49::SCWPlatform::Trying to open the hw design at C:/Users/CamLT/AX7010_Work/UltrasonicFPGA2021/delay-and-sum/delay_and_sum_plat/hw/Demodulator_128Ch_wrapper.xsa
TRACE::2026-01-20.13:55:49::SCWPlatform::DSA given C:/Users/CamLT/AX7010_Work/UltrasonicFPGA2021/delay-and-sum/delay_and_sum_plat/hw/Demodulator_128Ch_wrapper.xsa
TRACE::2026-01-20.13:55:49::SCWPlatform::DSA absoulate path C:/Users/CamLT/AX7010_Work/UltrasonicFPGA2021/delay-and-sum/delay_and_sum_plat/hw/Demodulator_128Ch_wrapper.xsa
TRACE::2026-01-20.13:55:49::SCWPlatform::DSA directory C:/Users/CamLT/AX7010_Work/UltrasonicFPGA2021/delay-and-sum/delay_and_sum_plat/hw
TRACE::2026-01-20.13:55:49::SCWPlatform:: Platform Path C:/Users/CamLT/AX7010_Work/UltrasonicFPGA2021/delay-and-sum/delay_and_sum_plat/hw/Demodulator_128Ch_wrapper.xsa
TRACE::2026-01-20.13:55:49::SCWPlatform:: Unique name xilinx:::0.0
TRACE::2026-01-20.13:55:49::SCWPlatform::Do not have an existing db opened. 
TRACE::2026-01-20.13:55:51::SCWPlatform::Opened new HwDB with name Demodulator_128Ch_wrappe
TRACE::2026-01-20.13:55:51::SCWReader::Active system found as  delay_and_sum_plat
TRACE::2026-01-20.13:55:51::SCWReader::Handling sysconfig delay_and_sum_plat
TRACE::2026-01-20.13:55:51::SCWDomain::checking for install qemu data   : 
TRACE::2026-01-20.13:55:51::SCWDomain:: Using the QEMU Data from install at  : C:/Xilinx/Vitis/2021.1/data/emulation/platforms/zynq/sw/a9_standalone/qemu/
TRACE::2026-01-20.13:55:51::SCWDomain:: Using the QEMU args  from install at  : C:/Xilinx/Vitis/2021.1/data/emulation/platforms/zynq/sw/a9_standalone/qemu/qemu_args.txt
TRACE::2026-01-20.13:55:51::SCWPlatform::Trying to open the hw design at C:/Users/CamLT/AX7010_Work/UltrasonicFPGA2021/delay-and-sum/delay_and_sum_plat/hw/Demodulator_128Ch_wrapper.xsa
TRACE::2026-01-20.13:55:51::SCWPlatform::DSA given C:/Users/CamLT/AX7010_Work/UltrasonicFPGA2021/delay-and-sum/delay_and_sum_plat/hw/Demodulator_128Ch_wrapper.xsa
TRACE::2026-01-20.13:55:51::SCWPlatform::DSA absoulate path C:/Users/CamLT/AX7010_Work/UltrasonicFPGA2021/delay-and-sum/delay_and_sum_plat/hw/Demodulator_128Ch_wrapper.xsa
TRACE::2026-01-20.13:55:51::SCWPlatform::DSA directory C:/Users/CamLT/AX7010_Work/UltrasonicFPGA2021/delay-and-sum/delay_and_sum_plat/hw
TRACE::2026-01-20.13:55:51::SCWPlatform:: Platform Path C:/Users/CamLT/AX7010_Work/UltrasonicFPGA2021/delay-and-sum/delay_and_sum_plat/hw/Demodulator_128Ch_wrapper.xsa
TRACE::2026-01-20.13:55:51::SCWPlatform:: Unique name xilinx:::0.0
TRACE::2026-01-20.13:55:51::SCWPlatform::Trying to set the existing hwdb with name Demodulator_128Ch_wrappe
TRACE::2026-01-20.13:55:51::SCWPlatform::Opened existing hwdb Demodulator_128Ch_wrappe
TRACE::2026-01-20.13:55:51::SCWPlatform::Found the Hw Db part of the input DSA
TRACE::2026-01-20.13:55:51::SCWPlatform::Trying to open the hw design at C:/Users/CamLT/AX7010_Work/UltrasonicFPGA2021/delay-and-sum/delay_and_sum_plat/hw/Demodulator_128Ch_wrapper.xsa
TRACE::2026-01-20.13:55:51::SCWPlatform::DSA given C:/Users/CamLT/AX7010_Work/UltrasonicFPGA2021/delay-and-sum/delay_and_sum_plat/hw/Demodulator_128Ch_wrapper.xsa
TRACE::2026-01-20.13:55:51::SCWPlatform::DSA absoulate path C:/Users/CamLT/AX7010_Work/UltrasonicFPGA2021/delay-and-sum/delay_and_sum_plat/hw/Demodulator_128Ch_wrapper.xsa
TRACE::2026-01-20.13:55:51::SCWPlatform::DSA directory C:/Users/CamLT/AX7010_Work/UltrasonicFPGA2021/delay-and-sum/delay_and_sum_plat/hw
TRACE::2026-01-20.13:55:51::SCWPlatform:: Platform Path C:/Users/CamLT/AX7010_Work/UltrasonicFPGA2021/delay-and-sum/delay_and_sum_plat/hw/Demodulator_128Ch_wrapper.xsa
TRACE::2026-01-20.13:55:51::SCWPlatform:: Unique name xilinx:::0.0
TRACE::2026-01-20.13:55:51::SCWPlatform::Trying to set the existing hwdb with name Demodulator_128Ch_wrappe
TRACE::2026-01-20.13:55:51::SCWPlatform::Opened existing hwdb Demodulator_128Ch_wrappe
TRACE::2026-01-20.13:55:51::SCWPlatform::Found the Hw Db part of the input DSA
TRACE::2026-01-20.13:55:51::SCWPlatform::Trying to open the hw design at C:/Users/CamLT/AX7010_Work/UltrasonicFPGA2021/delay-and-sum/delay_and_sum_plat/hw/Demodulator_128Ch_wrapper.xsa
TRACE::2026-01-20.13:55:51::SCWPlatform::DSA given C:/Users/CamLT/AX7010_Work/UltrasonicFPGA2021/delay-and-sum/delay_and_sum_plat/hw/Demodulator_128Ch_wrapper.xsa
TRACE::2026-01-20.13:55:51::SCWPlatform::DSA absoulate path C:/Users/CamLT/AX7010_Work/UltrasonicFPGA2021/delay-and-sum/delay_and_sum_plat/hw/Demodulator_128Ch_wrapper.xsa
TRACE::2026-01-20.13:55:51::SCWPlatform::DSA directory C:/Users/CamLT/AX7010_Work/UltrasonicFPGA2021/delay-and-sum/delay_and_sum_plat/hw
TRACE::2026-01-20.13:55:51::SCWPlatform:: Platform Path C:/Users/CamLT/AX7010_Work/UltrasonicFPGA2021/delay-and-sum/delay_and_sum_plat/hw/Demodulator_128Ch_wrapper.xsa
TRACE::2026-01-20.13:55:51::SCWPlatform:: Unique name xilinx:::0.0
TRACE::2026-01-20.13:55:51::SCWPlatform::Trying to set the existing hwdb with name Demodulator_128Ch_wrappe
TRACE::2026-01-20.13:55:51::SCWPlatform::Opened existing hwdb Demodulator_128Ch_wrappe
TRACE::2026-01-20.13:55:51::SCWPlatform::Found the Hw Db part of the input DSA
TRACE::2026-01-20.13:55:51::SCWReader::Boot application domain added for zynq_fsbl
TRACE::2026-01-20.13:55:51::SCWPlatform::Trying to open the hw design at C:/Users/CamLT/AX7010_Work/UltrasonicFPGA2021/delay-and-sum/delay_and_sum_plat/hw/Demodulator_128Ch_wrapper.xsa
TRACE::2026-01-20.13:55:51::SCWPlatform::DSA given C:/Users/CamLT/AX7010_Work/UltrasonicFPGA2021/delay-and-sum/delay_and_sum_plat/hw/Demodulator_128Ch_wrapper.xsa
TRACE::2026-01-20.13:55:51::SCWPlatform::DSA absoulate path C:/Users/CamLT/AX7010_Work/UltrasonicFPGA2021/delay-and-sum/delay_and_sum_plat/hw/Demodulator_128Ch_wrapper.xsa
TRACE::2026-01-20.13:55:51::SCWPlatform::DSA directory C:/Users/CamLT/AX7010_Work/UltrasonicFPGA2021/delay-and-sum/delay_and_sum_plat/hw
TRACE::2026-01-20.13:55:51::SCWPlatform:: Platform Path C:/Users/CamLT/AX7010_Work/UltrasonicFPGA2021/delay-and-sum/delay_and_sum_plat/hw/Demodulator_128Ch_wrapper.xsa
TRACE::2026-01-20.13:55:51::SCWPlatform:: Unique name xilinx:::0.0
TRACE::2026-01-20.13:55:51::SCWPlatform::Trying to set the existing hwdb with name Demodulator_128Ch_wrappe
TRACE::2026-01-20.13:55:51::SCWPlatform::Opened existing hwdb Demodulator_128Ch_wrappe
TRACE::2026-01-20.13:55:51::SCWPlatform::Found the Hw Db part of the input DSA
TRACE::2026-01-20.13:55:51::SCWMssOS::Checking the sw design at  C:/Users/CamLT/AX7010_Work/UltrasonicFPGA2021/delay-and-sum/delay_and_sum_plat/zynq_fsbl/zynq_fsbl_bsp/system.mss
TRACE::2026-01-20.13:55:51::SCWMssOS::DEBUG:  swdes dump  
TRACE::2026-01-20.13:55:51::SCWMssOS::No sw design opened at  C:/Users/CamLT/AX7010_Work/UltrasonicFPGA2021/delay-and-sum/delay_and_sum_plat/zynq_fsbl/zynq_fsbl_bsp/system.mss
TRACE::2026-01-20.13:55:51::SCWMssOS::mss exists loading the mss file  C:/Users/CamLT/AX7010_Work/UltrasonicFPGA2021/delay-and-sum/delay_and_sum_plat/zynq_fsbl/zynq_fsbl_bsp/system.mss
TRACE::2026-01-20.13:55:51::SCWMssOS::Opened the sw design from mss  C:/Users/CamLT/AX7010_Work/UltrasonicFPGA2021/delay-and-sum/delay_and_sum_plat/zynq_fsbl/zynq_fsbl_bsp/system.mss
TRACE::2026-01-20.13:55:51::SCWMssOS::Adding the swdes entry C:/Users/CamLT/AX7010_Work/UltrasonicFPGA2021/delay-and-sum/delay_and_sum_plat/zynq_fsbl/zynq_fsbl_bsp/system.mss with des name system
TRACE::2026-01-20.13:55:51::SCWMssOS::updating the scw layer about changes
TRACE::2026-01-20.13:55:51::SCWMssOS::Opened the sw design.  C:/Users/CamLT/AX7010_Work/UltrasonicFPGA2021/delay-and-sum/delay_and_sum_plat/zynq_fsbl/zynq_fsbl_bsp/system.mss
TRACE::2026-01-20.13:55:51::SCWPlatform::Trying to open the hw design at C:/Users/CamLT/AX7010_Work/UltrasonicFPGA2021/delay-and-sum/delay_and_sum_plat/hw/Demodulator_128Ch_wrapper.xsa
TRACE::2026-01-20.13:55:51::SCWPlatform::DSA given C:/Users/CamLT/AX7010_Work/UltrasonicFPGA2021/delay-and-sum/delay_and_sum_plat/hw/Demodulator_128Ch_wrapper.xsa
TRACE::2026-01-20.13:55:51::SCWPlatform::DSA absoulate path C:/Users/CamLT/AX7010_Work/UltrasonicFPGA2021/delay-and-sum/delay_and_sum_plat/hw/Demodulator_128Ch_wrapper.xsa
TRACE::2026-01-20.13:55:51::SCWPlatform::DSA directory C:/Users/CamLT/AX7010_Work/UltrasonicFPGA2021/delay-and-sum/delay_and_sum_plat/hw
TRACE::2026-01-20.13:55:51::SCWPlatform:: Platform Path C:/Users/CamLT/AX7010_Work/UltrasonicFPGA2021/delay-and-sum/delay_and_sum_plat/hw/Demodulator_128Ch_wrapper.xsa
TRACE::2026-01-20.13:55:51::SCWPlatform:: Unique name xilinx:::0.0
TRACE::2026-01-20.13:55:51::SCWPlatform::Trying to set the existing hwdb with name Demodulator_128Ch_wrappe
TRACE::2026-01-20.13:55:51::SCWPlatform::Opened existing hwdb Demodulator_128Ch_wrappe
TRACE::2026-01-20.13:55:51::SCWPlatform::Found the Hw Db part of the input DSA
TRACE::2026-01-20.13:55:51::SCWMssOS::Checking the sw design at  C:/Users/CamLT/AX7010_Work/UltrasonicFPGA2021/delay-and-sum/delay_and_sum_plat/zynq_fsbl/zynq_fsbl_bsp/system.mss
TRACE::2026-01-20.13:55:51::SCWMssOS::DEBUG:  swdes dump  C:/Users/CamLT/AX7010_Work/UltrasonicFPGA2021/delay-and-sum/delay_and_sum_plat/zynq_fsbl/zynq_fsbl_bsp/system.mss|system||

TRACE::2026-01-20.13:55:51::SCWMssOS::Sw design exists and opened at  C:/Users/CamLT/AX7010_Work/UltrasonicFPGA2021/delay-and-sum/delay_and_sum_plat/zynq_fsbl/zynq_fsbl_bsp/system.mss
TRACE::2026-01-20.13:55:51::SCWMssOS:: library already available in sw design:  xilffs:4.5
TRACE::2026-01-20.13:55:51::SCWPlatform::Trying to open the hw design at C:/Users/CamLT/AX7010_Work/UltrasonicFPGA2021/delay-and-sum/delay_and_sum_plat/hw/Demodulator_128Ch_wrapper.xsa
TRACE::2026-01-20.13:55:51::SCWPlatform::DSA given C:/Users/CamLT/AX7010_Work/UltrasonicFPGA2021/delay-and-sum/delay_and_sum_plat/hw/Demodulator_128Ch_wrapper.xsa
TRACE::2026-01-20.13:55:51::SCWPlatform::DSA absoulate path C:/Users/CamLT/AX7010_Work/UltrasonicFPGA2021/delay-and-sum/delay_and_sum_plat/hw/Demodulator_128Ch_wrapper.xsa
TRACE::2026-01-20.13:55:51::SCWPlatform::DSA directory C:/Users/CamLT/AX7010_Work/UltrasonicFPGA2021/delay-and-sum/delay_and_sum_plat/hw
TRACE::2026-01-20.13:55:51::SCWPlatform:: Platform Path C:/Users/CamLT/AX7010_Work/UltrasonicFPGA2021/delay-and-sum/delay_and_sum_plat/hw/Demodulator_128Ch_wrapper.xsa
TRACE::2026-01-20.13:55:51::SCWPlatform:: Unique name xilinx:::0.0
TRACE::2026-01-20.13:55:51::SCWPlatform::Trying to set the existing hwdb with name Demodulator_128Ch_wrappe
TRACE::2026-01-20.13:55:51::SCWPlatform::Opened existing hwdb Demodulator_128Ch_wrappe
TRACE::2026-01-20.13:55:51::SCWPlatform::Found the Hw Db part of the input DSA
TRACE::2026-01-20.13:55:51::SCWMssOS::Checking the sw design at  C:/Users/CamLT/AX7010_Work/UltrasonicFPGA2021/delay-and-sum/delay_and_sum_plat/zynq_fsbl/zynq_fsbl_bsp/system.mss
TRACE::2026-01-20.13:55:51::SCWMssOS::DEBUG:  swdes dump  C:/Users/CamLT/AX7010_Work/UltrasonicFPGA2021/delay-and-sum/delay_and_sum_plat/zynq_fsbl/zynq_fsbl_bsp/system.mss|system||

TRACE::2026-01-20.13:55:51::SCWMssOS::Sw design exists and opened at  C:/Users/CamLT/AX7010_Work/UltrasonicFPGA2021/delay-and-sum/delay_and_sum_plat/zynq_fsbl/zynq_fsbl_bsp/system.mss
TRACE::2026-01-20.13:55:51::SCWMssOS:: library already available in sw design:  xilrsa:1.6
TRACE::2026-01-20.13:55:51::SCWPlatform::Trying to open the hw design at C:/Users/CamLT/AX7010_Work/UltrasonicFPGA2021/delay-and-sum/delay_and_sum_plat/hw/Demodulator_128Ch_wrapper.xsa
TRACE::2026-01-20.13:55:51::SCWPlatform::DSA given C:/Users/CamLT/AX7010_Work/UltrasonicFPGA2021/delay-and-sum/delay_and_sum_plat/hw/Demodulator_128Ch_wrapper.xsa
TRACE::2026-01-20.13:55:51::SCWPlatform::DSA absoulate path C:/Users/CamLT/AX7010_Work/UltrasonicFPGA2021/delay-and-sum/delay_and_sum_plat/hw/Demodulator_128Ch_wrapper.xsa
TRACE::2026-01-20.13:55:51::SCWPlatform::DSA directory C:/Users/CamLT/AX7010_Work/UltrasonicFPGA2021/delay-and-sum/delay_and_sum_plat/hw
TRACE::2026-01-20.13:55:51::SCWPlatform:: Platform Path C:/Users/CamLT/AX7010_Work/UltrasonicFPGA2021/delay-and-sum/delay_and_sum_plat/hw/Demodulator_128Ch_wrapper.xsa
TRACE::2026-01-20.13:55:51::SCWPlatform:: Unique name xilinx:::0.0
TRACE::2026-01-20.13:55:51::SCWPlatform::Trying to set the existing hwdb with name Demodulator_128Ch_wrappe
TRACE::2026-01-20.13:55:51::SCWPlatform::Opened existing hwdb Demodulator_128Ch_wrappe
TRACE::2026-01-20.13:55:51::SCWPlatform::Found the Hw Db part of the input DSA
TRACE::2026-01-20.13:55:51::SCWMssOS::Checking the sw design at  C:/Users/CamLT/AX7010_Work/UltrasonicFPGA2021/delay-and-sum/delay_and_sum_plat/zynq_fsbl/zynq_fsbl_bsp/system.mss
TRACE::2026-01-20.13:55:51::SCWMssOS::DEBUG:  swdes dump  C:/Users/CamLT/AX7010_Work/UltrasonicFPGA2021/delay-and-sum/delay_and_sum_plat/zynq_fsbl/zynq_fsbl_bsp/system.mss|system||

TRACE::2026-01-20.13:55:51::SCWMssOS::Sw design exists and opened at  C:/Users/CamLT/AX7010_Work/UltrasonicFPGA2021/delay-and-sum/delay_and_sum_plat/zynq_fsbl/zynq_fsbl_bsp/system.mss
TRACE::2026-01-20.13:55:51::SCWMssOS:: library already available in sw design:  lwip211:1.5
TRACE::2026-01-20.13:55:51::SCWMssOS::Saving the mss changes C:/Users/CamLT/AX7010_Work/UltrasonicFPGA2021/delay-and-sum/delay_and_sum_plat/zynq_fsbl/zynq_fsbl_bsp/system.mss
TRACE::2026-01-20.13:55:51::SCWMssOS::Found a swdesign opened with the mssfile.
TRACE::2026-01-20.13:55:51::SCWMssOS::Completed writemss as part of save.
TRACE::2026-01-20.13:55:51::SCWMssOS::Commit changes completed.
TRACE::2026-01-20.13:55:51::SCWReader::Adding prebuilt librarypaths as   
TRACE::2026-01-20.13:55:51::SCWReader::Adding prebuilt incpaths  as   
TRACE::2026-01-20.13:55:51::SCWPlatform::Trying to open the hw design at C:/Users/CamLT/AX7010_Work/UltrasonicFPGA2021/delay-and-sum/delay_and_sum_plat/hw/Demodulator_128Ch_wrapper.xsa
TRACE::2026-01-20.13:55:51::SCWPlatform::DSA given C:/Users/CamLT/AX7010_Work/UltrasonicFPGA2021/delay-and-sum/delay_and_sum_plat/hw/Demodulator_128Ch_wrapper.xsa
TRACE::2026-01-20.13:55:51::SCWPlatform::DSA absoulate path C:/Users/CamLT/AX7010_Work/UltrasonicFPGA2021/delay-and-sum/delay_and_sum_plat/hw/Demodulator_128Ch_wrapper.xsa
TRACE::2026-01-20.13:55:51::SCWPlatform::DSA directory C:/Users/CamLT/AX7010_Work/UltrasonicFPGA2021/delay-and-sum/delay_and_sum_plat/hw
TRACE::2026-01-20.13:55:51::SCWPlatform:: Platform Path C:/Users/CamLT/AX7010_Work/UltrasonicFPGA2021/delay-and-sum/delay_and_sum_plat/hw/Demodulator_128Ch_wrapper.xsa
TRACE::2026-01-20.13:55:51::SCWPlatform:: Unique name xilinx:::0.0
TRACE::2026-01-20.13:55:51::SCWPlatform::Trying to set the existing hwdb with name Demodulator_128Ch_wrappe
TRACE::2026-01-20.13:55:51::SCWPlatform::Opened existing hwdb Demodulator_128Ch_wrappe
TRACE::2026-01-20.13:55:51::SCWPlatform::Found the Hw Db part of the input DSA
TRACE::2026-01-20.13:55:51::SCWMssOS::Checking the sw design at  C:/Users/CamLT/AX7010_Work/UltrasonicFPGA2021/delay-and-sum/delay_and_sum_plat/zynq_fsbl/zynq_fsbl_bsp/system.mss
TRACE::2026-01-20.13:55:51::SCWMssOS::DEBUG:  swdes dump  C:/Users/CamLT/AX7010_Work/UltrasonicFPGA2021/delay-and-sum/delay_and_sum_plat/zynq_fsbl/zynq_fsbl_bsp/system.mss|system||

TRACE::2026-01-20.13:55:51::SCWMssOS::Sw design exists and opened at  C:/Users/CamLT/AX7010_Work/UltrasonicFPGA2021/delay-and-sum/delay_and_sum_plat/zynq_fsbl/zynq_fsbl_bsp/system.mss
TRACE::2026-01-20.13:55:51::SCWReader::No isolation master present  
TRACE::2026-01-20.13:55:51::SCWDomain::checking for install qemu data   : 
TRACE::2026-01-20.13:55:51::SCWDomain:: Using the QEMU Data from install at  : C:/Xilinx/Vitis/2021.1/data/emulation/platforms/zynq/sw/a9_standalone/qemu/
TRACE::2026-01-20.13:55:51::SCWDomain:: Using the QEMU args  from install at  : C:/Xilinx/Vitis/2021.1/data/emulation/platforms/zynq/sw/a9_standalone/qemu/qemu_args.txt
TRACE::2026-01-20.13:55:51::SCWPlatform::Trying to open the hw design at C:/Users/CamLT/AX7010_Work/UltrasonicFPGA2021/delay-and-sum/delay_and_sum_plat/hw/Demodulator_128Ch_wrapper.xsa
TRACE::2026-01-20.13:55:51::SCWPlatform::DSA given C:/Users/CamLT/AX7010_Work/UltrasonicFPGA2021/delay-and-sum/delay_and_sum_plat/hw/Demodulator_128Ch_wrapper.xsa
TRACE::2026-01-20.13:55:51::SCWPlatform::DSA absoulate path C:/Users/CamLT/AX7010_Work/UltrasonicFPGA2021/delay-and-sum/delay_and_sum_plat/hw/Demodulator_128Ch_wrapper.xsa
TRACE::2026-01-20.13:55:51::SCWPlatform::DSA directory C:/Users/CamLT/AX7010_Work/UltrasonicFPGA2021/delay-and-sum/delay_and_sum_plat/hw
TRACE::2026-01-20.13:55:51::SCWPlatform:: Platform Path C:/Users/CamLT/AX7010_Work/UltrasonicFPGA2021/delay-and-sum/delay_and_sum_plat/hw/Demodulator_128Ch_wrapper.xsa
TRACE::2026-01-20.13:55:51::SCWPlatform:: Unique name xilinx:::0.0
TRACE::2026-01-20.13:55:51::SCWPlatform::Trying to set the existing hwdb with name Demodulator_128Ch_wrappe
TRACE::2026-01-20.13:55:51::SCWPlatform::Opened existing hwdb Demodulator_128Ch_wrappe
TRACE::2026-01-20.13:55:51::SCWPlatform::Found the Hw Db part of the input DSA
TRACE::2026-01-20.13:55:51::SCWPlatform::Trying to open the hw design at C:/Users/CamLT/AX7010_Work/UltrasonicFPGA2021/delay-and-sum/delay_and_sum_plat/hw/Demodulator_128Ch_wrapper.xsa
TRACE::2026-01-20.13:55:51::SCWPlatform::DSA given C:/Users/CamLT/AX7010_Work/UltrasonicFPGA2021/delay-and-sum/delay_and_sum_plat/hw/Demodulator_128Ch_wrapper.xsa
TRACE::2026-01-20.13:55:51::SCWPlatform::DSA absoulate path C:/Users/CamLT/AX7010_Work/UltrasonicFPGA2021/delay-and-sum/delay_and_sum_plat/hw/Demodulator_128Ch_wrapper.xsa
TRACE::2026-01-20.13:55:51::SCWPlatform::DSA directory C:/Users/CamLT/AX7010_Work/UltrasonicFPGA2021/delay-and-sum/delay_and_sum_plat/hw
TRACE::2026-01-20.13:55:51::SCWPlatform:: Platform Path C:/Users/CamLT/AX7010_Work/UltrasonicFPGA2021/delay-and-sum/delay_and_sum_plat/hw/Demodulator_128Ch_wrapper.xsa
TRACE::2026-01-20.13:55:51::SCWPlatform:: Unique name xilinx:::0.0
TRACE::2026-01-20.13:55:51::SCWPlatform::Trying to set the existing hwdb with name Demodulator_128Ch_wrappe
TRACE::2026-01-20.13:55:51::SCWPlatform::Opened existing hwdb Demodulator_128Ch_wrappe
TRACE::2026-01-20.13:55:51::SCWPlatform::Found the Hw Db part of the input DSA
TRACE::2026-01-20.13:55:51::SCWPlatform::Trying to open the hw design at C:/Users/CamLT/AX7010_Work/UltrasonicFPGA2021/delay-and-sum/delay_and_sum_plat/hw/Demodulator_128Ch_wrapper.xsa
TRACE::2026-01-20.13:55:51::SCWPlatform::DSA given C:/Users/CamLT/AX7010_Work/UltrasonicFPGA2021/delay-and-sum/delay_and_sum_plat/hw/Demodulator_128Ch_wrapper.xsa
TRACE::2026-01-20.13:55:51::SCWPlatform::DSA absoulate path C:/Users/CamLT/AX7010_Work/UltrasonicFPGA2021/delay-and-sum/delay_and_sum_plat/hw/Demodulator_128Ch_wrapper.xsa
TRACE::2026-01-20.13:55:51::SCWPlatform::DSA directory C:/Users/CamLT/AX7010_Work/UltrasonicFPGA2021/delay-and-sum/delay_and_sum_plat/hw
TRACE::2026-01-20.13:55:51::SCWPlatform:: Platform Path C:/Users/CamLT/AX7010_Work/UltrasonicFPGA2021/delay-and-sum/delay_and_sum_plat/hw/Demodulator_128Ch_wrapper.xsa
TRACE::2026-01-20.13:55:51::SCWPlatform:: Unique name xilinx:::0.0
TRACE::2026-01-20.13:55:51::SCWPlatform::Trying to set the existing hwdb with name Demodulator_128Ch_wrappe
TRACE::2026-01-20.13:55:51::SCWPlatform::Opened existing hwdb Demodulator_128Ch_wrappe
TRACE::2026-01-20.13:55:51::SCWPlatform::Found the Hw Db part of the input DSA
TRACE::2026-01-20.13:55:51::SCWMssOS::Checking the sw design at  C:/Users/CamLT/AX7010_Work/UltrasonicFPGA2021/delay-and-sum/delay_and_sum_plat/ps7_cortexa9_0/standalone_domain/bsp/system.mss
TRACE::2026-01-20.13:55:51::SCWMssOS::DEBUG:  swdes dump  C:/Users/CamLT/AX7010_Work/UltrasonicFPGA2021/delay-and-sum/delay_and_sum_plat/zynq_fsbl/zynq_fsbl_bsp/system.mss|system||

TRACE::2026-01-20.13:55:51::SCWMssOS::No sw design opened at  C:/Users/CamLT/AX7010_Work/UltrasonicFPGA2021/delay-and-sum/delay_and_sum_plat/ps7_cortexa9_0/standalone_domain/bsp/system.mss
TRACE::2026-01-20.13:55:51::SCWMssOS::mss exists loading the mss file  C:/Users/CamLT/AX7010_Work/UltrasonicFPGA2021/delay-and-sum/delay_and_sum_plat/ps7_cortexa9_0/standalone_domain/bsp/system.mss
TRACE::2026-01-20.13:55:51::SCWMssOS::Opened the sw design from mss  C:/Users/CamLT/AX7010_Work/UltrasonicFPGA2021/delay-and-sum/delay_and_sum_plat/ps7_cortexa9_0/standalone_domain/bsp/system.mss
TRACE::2026-01-20.13:55:51::SCWMssOS::Adding the swdes entry C:/Users/CamLT/AX7010_Work/UltrasonicFPGA2021/delay-and-sum/delay_and_sum_plat/ps7_cortexa9_0/standalone_domain/bsp/system.mss with des name system_0
TRACE::2026-01-20.13:55:51::SCWMssOS::updating the scw layer about changes
TRACE::2026-01-20.13:55:51::SCWMssOS::Opened the sw design.  C:/Users/CamLT/AX7010_Work/UltrasonicFPGA2021/delay-and-sum/delay_and_sum_plat/ps7_cortexa9_0/standalone_domain/bsp/system.mss
TRACE::2026-01-20.13:55:51::SCWPlatform::Trying to open the hw design at C:/Users/CamLT/AX7010_Work/UltrasonicFPGA2021/delay-and-sum/delay_and_sum_plat/hw/Demodulator_128Ch_wrapper.xsa
TRACE::2026-01-20.13:55:51::SCWPlatform::DSA given C:/Users/CamLT/AX7010_Work/UltrasonicFPGA2021/delay-and-sum/delay_and_sum_plat/hw/Demodulator_128Ch_wrapper.xsa
TRACE::2026-01-20.13:55:51::SCWPlatform::DSA absoulate path C:/Users/CamLT/AX7010_Work/UltrasonicFPGA2021/delay-and-sum/delay_and_sum_plat/hw/Demodulator_128Ch_wrapper.xsa
TRACE::2026-01-20.13:55:51::SCWPlatform::DSA directory C:/Users/CamLT/AX7010_Work/UltrasonicFPGA2021/delay-and-sum/delay_and_sum_plat/hw
TRACE::2026-01-20.13:55:51::SCWPlatform:: Platform Path C:/Users/CamLT/AX7010_Work/UltrasonicFPGA2021/delay-and-sum/delay_and_sum_plat/hw/Demodulator_128Ch_wrapper.xsa
TRACE::2026-01-20.13:55:51::SCWPlatform:: Unique name xilinx:::0.0
TRACE::2026-01-20.13:55:51::SCWPlatform::Trying to set the existing hwdb with name Demodulator_128Ch_wrappe
TRACE::2026-01-20.13:55:51::SCWPlatform::Opened existing hwdb Demodulator_128Ch_wrappe
TRACE::2026-01-20.13:55:51::SCWPlatform::Found the Hw Db part of the input DSA
TRACE::2026-01-20.13:55:51::SCWMssOS::Checking the sw design at  C:/Users/CamLT/AX7010_Work/UltrasonicFPGA2021/delay-and-sum/delay_and_sum_plat/ps7_cortexa9_0/standalone_domain/bsp/system.mss
TRACE::2026-01-20.13:55:51::SCWMssOS::DEBUG:  swdes dump  C:/Users/CamLT/AX7010_Work/UltrasonicFPGA2021/delay-and-sum/delay_and_sum_plat/ps7_cortexa9_0/standalone_domain/bsp/system.mss|system_0||
C:/Users/CamLT/AX7010_Work/UltrasonicFPGA2021/delay-and-sum/delay_and_sum_plat/zynq_fsbl/zynq_fsbl_bsp/system.mss|system||

TRACE::2026-01-20.13:55:51::SCWMssOS::Sw design exists and opened at  C:/Users/CamLT/AX7010_Work/UltrasonicFPGA2021/delay-and-sum/delay_and_sum_plat/ps7_cortexa9_0/standalone_domain/bsp/system.mss
TRACE::2026-01-20.13:55:51::SCWMssOS:: library already available in sw design:  lwip211:1.5
TRACE::2026-01-20.13:55:51::SCWMssOS::Saving the mss changes C:/Users/CamLT/AX7010_Work/UltrasonicFPGA2021/delay-and-sum/delay_and_sum_plat/ps7_cortexa9_0/standalone_domain/bsp/system.mss
TRACE::2026-01-20.13:55:51::SCWMssOS::Found a swdesign opened with the mssfile.
TRACE::2026-01-20.13:55:51::SCWMssOS::Completed writemss as part of save.
TRACE::2026-01-20.13:55:51::SCWMssOS::Commit changes completed.
TRACE::2026-01-20.13:55:51::SCWReader::Adding prebuilt librarypaths as   
TRACE::2026-01-20.13:55:51::SCWReader::Adding prebuilt incpaths  as   
TRACE::2026-01-20.13:55:51::SCWPlatform::Trying to open the hw design at C:/Users/CamLT/AX7010_Work/UltrasonicFPGA2021/delay-and-sum/delay_and_sum_plat/hw/Demodulator_128Ch_wrapper.xsa
TRACE::2026-01-20.13:55:51::SCWPlatform::DSA given C:/Users/CamLT/AX7010_Work/UltrasonicFPGA2021/delay-and-sum/delay_and_sum_plat/hw/Demodulator_128Ch_wrapper.xsa
TRACE::2026-01-20.13:55:51::SCWPlatform::DSA absoulate path C:/Users/CamLT/AX7010_Work/UltrasonicFPGA2021/delay-and-sum/delay_and_sum_plat/hw/Demodulator_128Ch_wrapper.xsa
TRACE::2026-01-20.13:55:51::SCWPlatform::DSA directory C:/Users/CamLT/AX7010_Work/UltrasonicFPGA2021/delay-and-sum/delay_and_sum_plat/hw
TRACE::2026-01-20.13:55:51::SCWPlatform:: Platform Path C:/Users/CamLT/AX7010_Work/UltrasonicFPGA2021/delay-and-sum/delay_and_sum_plat/hw/Demodulator_128Ch_wrapper.xsa
TRACE::2026-01-20.13:55:51::SCWPlatform:: Unique name xilinx:::0.0
TRACE::2026-01-20.13:55:51::SCWPlatform::Trying to set the existing hwdb with name Demodulator_128Ch_wrappe
TRACE::2026-01-20.13:55:51::SCWPlatform::Opened existing hwdb Demodulator_128Ch_wrappe
TRACE::2026-01-20.13:55:51::SCWPlatform::Found the Hw Db part of the input DSA
TRACE::2026-01-20.13:55:51::SCWMssOS::Checking the sw design at  C:/Users/CamLT/AX7010_Work/UltrasonicFPGA2021/delay-and-sum/delay_and_sum_plat/ps7_cortexa9_0/standalone_domain/bsp/system.mss
TRACE::2026-01-20.13:55:51::SCWMssOS::DEBUG:  swdes dump  C:/Users/CamLT/AX7010_Work/UltrasonicFPGA2021/delay-and-sum/delay_and_sum_plat/ps7_cortexa9_0/standalone_domain/bsp/system.mss|system_0||
C:/Users/CamLT/AX7010_Work/UltrasonicFPGA2021/delay-and-sum/delay_and_sum_plat/zynq_fsbl/zynq_fsbl_bsp/system.mss|system||

TRACE::2026-01-20.13:55:51::SCWMssOS::Sw design exists and opened at  C:/Users/CamLT/AX7010_Work/UltrasonicFPGA2021/delay-and-sum/delay_and_sum_plat/ps7_cortexa9_0/standalone_domain/bsp/system.mss
TRACE::2026-01-20.13:55:51::SCWReader::No isolation master present  
LOG::2026-01-20.13:55:51::SCWPlatform::Started generating the artifacts platform delay_and_sum_plat
TRACE::2026-01-20.13:55:51::SCWPlatform::Sanity checking of platform is completed
LOG::2026-01-20.13:55:51::SCWPlatform::Started generating the artifacts for system configuration delay_and_sum_plat
LOG::2026-01-20.13:55:51::SCWSystem::Checking the domain zynq_fsbl
LOG::2026-01-20.13:55:51::SCWSystem::Doing application build for :  zynq_fsbl
TRACE::2026-01-20.13:55:51::SCWBDomain::Not a forced makefile updation, No changes are present. 
TRACE::2026-01-20.13:55:51::SCWDomain::Building the domain as part of full build :  zynq_fsbl
TRACE::2026-01-20.13:55:51::SCWPlatform::Trying to open the hw design at C:/Users/CamLT/AX7010_Work/UltrasonicFPGA2021/delay-and-sum/delay_and_sum_plat/hw/Demodulator_128Ch_wrapper.xsa
TRACE::2026-01-20.13:55:51::SCWPlatform::DSA given C:/Users/CamLT/AX7010_Work/UltrasonicFPGA2021/delay-and-sum/delay_and_sum_plat/hw/Demodulator_128Ch_wrapper.xsa
TRACE::2026-01-20.13:55:51::SCWPlatform::DSA absoulate path C:/Users/CamLT/AX7010_Work/UltrasonicFPGA2021/delay-and-sum/delay_and_sum_plat/hw/Demodulator_128Ch_wrapper.xsa
TRACE::2026-01-20.13:55:51::SCWPlatform::DSA directory C:/Users/CamLT/AX7010_Work/UltrasonicFPGA2021/delay-and-sum/delay_and_sum_plat/hw
TRACE::2026-01-20.13:55:51::SCWPlatform:: Platform Path C:/Users/CamLT/AX7010_Work/UltrasonicFPGA2021/delay-and-sum/delay_and_sum_plat/hw/Demodulator_128Ch_wrapper.xsa
TRACE::2026-01-20.13:55:51::SCWPlatform:: Unique name xilinx:::0.0
TRACE::2026-01-20.13:55:51::SCWPlatform::Trying to set the existing hwdb with name Demodulator_128Ch_wrappe
TRACE::2026-01-20.13:55:51::SCWPlatform::Opened existing hwdb Demodulator_128Ch_wrappe
TRACE::2026-01-20.13:55:51::SCWPlatform::Found the Hw Db part of the input DSA
TRACE::2026-01-20.13:55:51::SCWMssOS::Checking the sw design at  C:/Users/CamLT/AX7010_Work/UltrasonicFPGA2021/delay-and-sum/delay_and_sum_plat/zynq_fsbl/zynq_fsbl_bsp/system.mss
TRACE::2026-01-20.13:55:51::SCWMssOS::DEBUG:  swdes dump  C:/Users/CamLT/AX7010_Work/UltrasonicFPGA2021/delay-and-sum/delay_and_sum_plat/ps7_cortexa9_0/standalone_domain/bsp/system.mss|system_0||
C:/Users/CamLT/AX7010_Work/UltrasonicFPGA2021/delay-and-sum/delay_and_sum_plat/zynq_fsbl/zynq_fsbl_bsp/system.mss|system||

TRACE::2026-01-20.13:55:51::SCWMssOS::Sw design exists and opened at  C:/Users/CamLT/AX7010_Work/UltrasonicFPGA2021/delay-and-sum/delay_and_sum_plat/zynq_fsbl/zynq_fsbl_bsp/system.mss
TRACE::2026-01-20.13:55:51::SCWBDomain::Completed writing the mss file at C:/Users/CamLT/AX7010_Work/UltrasonicFPGA2021/delay-and-sum/delay_and_sum_plat/zynq_fsbl/zynq_fsbl_bsp
TRACE::2026-01-20.13:55:51::SCWBDomain::bsp generated is upto date with the mss file. Skipping bsp generation.
TRACE::2026-01-20.13:55:51::SCWBDomain::Not a forced makefile updation, No changes are present. 
TRACE::2026-01-20.13:55:51::SCWBDomain::System Command Ran  C:&  cd  C:/Users/CamLT/AX7010_Work/UltrasonicFPGA2021/delay-and-sum/delay_and_sum_plat/zynq_fsbl& make -C  zynq_fsbl_bsp & make 
TRACE::2026-01-20.13:55:52::SCWBDomain::make: Entering directory 'C:/Users/CamLT/AX7010_Work/UltrasonicFPGA2021/delay-and-sum/delay_and_sum_plat/zynq_fsbl/zynq_fsbl_bs
TRACE::2026-01-20.13:55:52::SCWBDomain::p'

TRACE::2026-01-20.13:55:52::SCWBDomain::make --no-print-directory seq_libs

TRACE::2026-01-20.13:55:52::SCWBDomain::"Running Make include in ps7_cortexa9_0/libsrc/coresightps_dcc_v1_8/src"

TRACE::2026-01-20.13:55:52::SCWBDomain::make -C ps7_cortexa9_0/libsrc/coresightps_dcc_v1_8/src -s include  "SHELL=CMD" "COMPILER=arm-none-eabi-gcc" "ASSEMBLER=arm-none
TRACE::2026-01-20.13:55:52::SCWBDomain::-eabi-as" "ARCHIVER=arm-none-eabi-ar" "COMPILER_FLAGS=  -O2 -c" "EXTRA_COMPILER_FLAGS=-mcpu=cortex-a9 -mfpu=vfpv3 -mfloat-abi=h
TRACE::2026-01-20.13:55:52::SCWBDomain::ard -nostartfiles -g -Wall -Wextra -fno-tree-loop-distribute-patterns"

TRACE::2026-01-20.13:55:52::SCWBDomain::"Running Make include in ps7_cortexa9_0/libsrc/cpu_cortexa9_v2_11/src"

TRACE::2026-01-20.13:55:52::SCWBDomain::make -C ps7_cortexa9_0/libsrc/cpu_cortexa9_v2_11/src -s include  "SHELL=CMD" "COMPILER=arm-none-eabi-gcc" "ASSEMBLER=arm-none-e
TRACE::2026-01-20.13:55:52::SCWBDomain::abi-as" "ARCHIVER=arm-none-eabi-ar" "COMPILER_FLAGS=  -O2 -c" "EXTRA_COMPILER_FLAGS=-mcpu=cortex-a9 -mfpu=vfpv3 -mfloat-abi=har
TRACE::2026-01-20.13:55:52::SCWBDomain::d -nostartfiles -g -Wall -Wextra -fno-tree-loop-distribute-patterns"

TRACE::2026-01-20.13:55:52::SCWBDomain::"Running Make include in ps7_cortexa9_0/libsrc/ddrps_v1_2/src"

TRACE::2026-01-20.13:55:52::SCWBDomain::make -C ps7_cortexa9_0/libsrc/ddrps_v1_2/src -s include  "SHELL=CMD" "COMPILER=arm-none-eabi-gcc" "ASSEMBLER=arm-none-eabi-as" 
TRACE::2026-01-20.13:55:52::SCWBDomain::"ARCHIVER=arm-none-eabi-ar" "COMPILER_FLAGS=  -O2 -c" "EXTRA_COMPILER_FLAGS=-mcpu=cortex-a9 -mfpu=vfpv3 -mfloat-abi=hard -nosta
TRACE::2026-01-20.13:55:52::SCWBDomain::rtfiles -g -Wall -Wextra -fno-tree-loop-distribute-patterns"

TRACE::2026-01-20.13:55:52::SCWBDomain::"Running Make include in ps7_cortexa9_0/libsrc/devcfg_v3_7/src"

TRACE::2026-01-20.13:55:52::SCWBDomain::make -C ps7_cortexa9_0/libsrc/devcfg_v3_7/src -s include  "SHELL=CMD" "COMPILER=arm-none-eabi-gcc" "ASSEMBLER=arm-none-eabi-as"
TRACE::2026-01-20.13:55:52::SCWBDomain:: "ARCHIVER=arm-none-eabi-ar" "COMPILER_FLAGS=  -O2 -c" "EXTRA_COMPILER_FLAGS=-mcpu=cortex-a9 -mfpu=vfpv3 -mfloat-abi=hard -nost
TRACE::2026-01-20.13:55:52::SCWBDomain::artfiles -g -Wall -Wextra -fno-tree-loop-distribute-patterns"

TRACE::2026-01-20.13:55:52::SCWBDomain::"Running Make include in ps7_cortexa9_0/libsrc/dmaps_v2_8/src"

TRACE::2026-01-20.13:55:52::SCWBDomain::make -C ps7_cortexa9_0/libsrc/dmaps_v2_8/src -s include  "SHELL=CMD" "COMPILER=arm-none-eabi-gcc" "ASSEMBLER=arm-none-eabi-as" 
TRACE::2026-01-20.13:55:52::SCWBDomain::"ARCHIVER=arm-none-eabi-ar" "COMPILER_FLAGS=  -O2 -c" "EXTRA_COMPILER_FLAGS=-mcpu=cortex-a9 -mfpu=vfpv3 -mfloat-abi=hard -nosta
TRACE::2026-01-20.13:55:52::SCWBDomain::rtfiles -g -Wall -Wextra -fno-tree-loop-distribute-patterns"

TRACE::2026-01-20.13:55:53::SCWBDomain::"Running Make include in ps7_cortexa9_0/libsrc/DMA_v1_0/src"

TRACE::2026-01-20.13:55:53::SCWBDomain::make -C ps7_cortexa9_0/libsrc/DMA_v1_0/src -s include  "SHELL=CMD" "COMPILER=arm-none-eabi-gcc" "ASSEMBLER=arm-none-eabi-as" "A
TRACE::2026-01-20.13:55:53::SCWBDomain::RCHIVER=arm-none-eabi-ar" "COMPILER_FLAGS=  -O2 -c" "EXTRA_COMPILER_FLAGS=-mcpu=cortex-a9 -mfpu=vfpv3 -mfloat-abi=hard -nostart
TRACE::2026-01-20.13:55:53::SCWBDomain::files -g -Wall -Wextra -fno-tree-loop-distribute-patterns"

TRACE::2026-01-20.13:55:53::SCWBDomain::"Running Make include in ps7_cortexa9_0/libsrc/emacps_v3_14/src"

TRACE::2026-01-20.13:55:53::SCWBDomain::make -C ps7_cortexa9_0/libsrc/emacps_v3_14/src -s include  "SHELL=CMD" "COMPILER=arm-none-eabi-gcc" "ASSEMBLER=arm-none-eabi-as
TRACE::2026-01-20.13:55:53::SCWBDomain::" "ARCHIVER=arm-none-eabi-ar" "COMPILER_FLAGS=  -O2 -c" "EXTRA_COMPILER_FLAGS=-mcpu=cortex-a9 -mfpu=vfpv3 -mfloat-abi=hard -nos
TRACE::2026-01-20.13:55:53::SCWBDomain::tartfiles -g -Wall -Wextra -fno-tree-loop-distribute-patterns"

TRACE::2026-01-20.13:55:53::SCWBDomain::"Running Make include in ps7_cortexa9_0/libsrc/gpiops_v3_9/src"

TRACE::2026-01-20.13:55:53::SCWBDomain::make -C ps7_cortexa9_0/libsrc/gpiops_v3_9/src -s include  "SHELL=CMD" "COMPILER=arm-none-eabi-gcc" "ASSEMBLER=arm-none-eabi-as"
TRACE::2026-01-20.13:55:53::SCWBDomain:: "ARCHIVER=arm-none-eabi-ar" "COMPILER_FLAGS=  -O2 -c" "EXTRA_COMPILER_FLAGS=-mcpu=cortex-a9 -mfpu=vfpv3 -mfloat-abi=hard -nost
TRACE::2026-01-20.13:55:53::SCWBDomain::artfiles -g -Wall -Wextra -fno-tree-loop-distribute-patterns"

TRACE::2026-01-20.13:55:53::SCWBDomain::"Running Make include in ps7_cortexa9_0/libsrc/lwip211_v1_5/src"

TRACE::2026-01-20.13:55:53::SCWBDomain::make -C ps7_cortexa9_0/libsrc/lwip211_v1_5/src -s include  "SHELL=CMD" "COMPILER=arm-none-eabi-gcc" "ASSEMBLER=arm-none-eabi-as
TRACE::2026-01-20.13:55:53::SCWBDomain::" "ARCHIVER=arm-none-eabi-ar" "COMPILER_FLAGS=  -O2 -c" "EXTRA_COMPILER_FLAGS=-mcpu=cortex-a9 -mfpu=vfpv3 -mfloat-abi=hard -nos
TRACE::2026-01-20.13:55:53::SCWBDomain::tartfiles -g -Wall -Wextra -fno-tree-loop-distribute-patterns"

TRACE::2026-01-20.13:55:53::SCWBDomain::"Running Make include in ps7_cortexa9_0/libsrc/qspips_v3_9/src"

TRACE::2026-01-20.13:55:53::SCWBDomain::make -C ps7_cortexa9_0/libsrc/qspips_v3_9/src -s include  "SHELL=CMD" "COMPILER=arm-none-eabi-gcc" "ASSEMBLER=arm-none-eabi-as"
TRACE::2026-01-20.13:55:53::SCWBDomain:: "ARCHIVER=arm-none-eabi-ar" "COMPILER_FLAGS=  -O2 -c" "EXTRA_COMPILER_FLAGS=-mcpu=cortex-a9 -mfpu=vfpv3 -mfloat-abi=hard -nost
TRACE::2026-01-20.13:55:53::SCWBDomain::artfiles -g -Wall -Wextra -fno-tree-loop-distribute-patterns"

TRACE::2026-01-20.13:55:53::SCWBDomain::"Running Make include in ps7_cortexa9_0/libsrc/scugic_v4_5/src"

TRACE::2026-01-20.13:55:53::SCWBDomain::make -C ps7_cortexa9_0/libsrc/scugic_v4_5/src -s include  "SHELL=CMD" "COMPILER=arm-none-eabi-gcc" "ASSEMBLER=arm-none-eabi-as"
TRACE::2026-01-20.13:55:53::SCWBDomain:: "ARCHIVER=arm-none-eabi-ar" "COMPILER_FLAGS=  -O2 -c" "EXTRA_COMPILER_FLAGS=-mcpu=cortex-a9 -mfpu=vfpv3 -mfloat-abi=hard -nost
TRACE::2026-01-20.13:55:53::SCWBDomain::artfiles -g -Wall -Wextra -fno-tree-loop-distribute-patterns"

TRACE::2026-01-20.13:55:54::SCWBDomain::"Running Make include in ps7_cortexa9_0/libsrc/scutimer_v2_3/src"

TRACE::2026-01-20.13:55:54::SCWBDomain::make -C ps7_cortexa9_0/libsrc/scutimer_v2_3/src -s include  "SHELL=CMD" "COMPILER=arm-none-eabi-gcc" "ASSEMBLER=arm-none-eabi-a
TRACE::2026-01-20.13:55:54::SCWBDomain::s" "ARCHIVER=arm-none-eabi-ar" "COMPILER_FLAGS=  -O2 -c" "EXTRA_COMPILER_FLAGS=-mcpu=cortex-a9 -mfpu=vfpv3 -mfloat-abi=hard -no
TRACE::2026-01-20.13:55:54::SCWBDomain::startfiles -g -Wall -Wextra -fno-tree-loop-distribute-patterns"

TRACE::2026-01-20.13:55:54::SCWBDomain::"Running Make include in ps7_cortexa9_0/libsrc/scuwdt_v2_4/src"

TRACE::2026-01-20.13:55:54::SCWBDomain::make -C ps7_cortexa9_0/libsrc/scuwdt_v2_4/src -s include  "SHELL=CMD" "COMPILER=arm-none-eabi-gcc" "ASSEMBLER=arm-none-eabi-as"
TRACE::2026-01-20.13:55:54::SCWBDomain:: "ARCHIVER=arm-none-eabi-ar" "COMPILER_FLAGS=  -O2 -c" "EXTRA_COMPILER_FLAGS=-mcpu=cortex-a9 -mfpu=vfpv3 -mfloat-abi=hard -nost
TRACE::2026-01-20.13:55:54::SCWBDomain::artfiles -g -Wall -Wextra -fno-tree-loop-distribute-patterns"

TRACE::2026-01-20.13:55:54::SCWBDomain::"Running Make include in ps7_cortexa9_0/libsrc/sdps_v3_12/src"

TRACE::2026-01-20.13:55:54::SCWBDomain::make -C ps7_cortexa9_0/libsrc/sdps_v3_12/src -s include  "SHELL=CMD" "COMPILER=arm-none-eabi-gcc" "ASSEMBLER=arm-none-eabi-as" 
TRACE::2026-01-20.13:55:54::SCWBDomain::"ARCHIVER=arm-none-eabi-ar" "COMPILER_FLAGS=  -O2 -c" "EXTRA_COMPILER_FLAGS=-mcpu=cortex-a9 -mfpu=vfpv3 -mfloat-abi=hard -nosta
TRACE::2026-01-20.13:55:54::SCWBDomain::rtfiles -g -Wall -Wextra -fno-tree-loop-distribute-patterns"

TRACE::2026-01-20.13:55:54::SCWBDomain::"Running Make include in ps7_cortexa9_0/libsrc/standalone_v7_5/src"

TRACE::2026-01-20.13:55:54::SCWBDomain::make -C ps7_cortexa9_0/libsrc/standalone_v7_5/src -s include  "SHELL=CMD" "COMPILER=arm-none-eabi-gcc" "ASSEMBLER=arm-none-eabi
TRACE::2026-01-20.13:55:54::SCWBDomain::-as" "ARCHIVER=arm-none-eabi-ar" "COMPILER_FLAGS=  -O2 -c" "EXTRA_COMPILER_FLAGS=-mcpu=cortex-a9 -mfpu=vfpv3 -mfloat-abi=hard -
TRACE::2026-01-20.13:55:54::SCWBDomain::nostartfiles -g -Wall -Wextra -fno-tree-loop-distribute-patterns"

TRACE::2026-01-20.13:55:54::SCWBDomain::"Running Make include in ps7_cortexa9_0/libsrc/uartps_v3_11/src"

TRACE::2026-01-20.13:55:54::SCWBDomain::make -C ps7_cortexa9_0/libsrc/uartps_v3_11/src -s include  "SHELL=CMD" "COMPILER=arm-none-eabi-gcc" "ASSEMBLER=arm-none-eabi-as
TRACE::2026-01-20.13:55:54::SCWBDomain::" "ARCHIVER=arm-none-eabi-ar" "COMPILER_FLAGS=  -O2 -c" "EXTRA_COMPILER_FLAGS=-mcpu=cortex-a9 -mfpu=vfpv3 -mfloat-abi=hard -nos
TRACE::2026-01-20.13:55:54::SCWBDomain::tartfiles -g -Wall -Wextra -fno-tree-loop-distribute-patterns"

TRACE::2026-01-20.13:55:54::SCWBDomain::"Running Make include in ps7_cortexa9_0/libsrc/usbps_v2_7/src"

TRACE::2026-01-20.13:55:54::SCWBDomain::make -C ps7_cortexa9_0/libsrc/usbps_v2_7/src -s include  "SHELL=CMD" "COMPILER=arm-none-eabi-gcc" "ASSEMBLER=arm-none-eabi-as" 
TRACE::2026-01-20.13:55:54::SCWBDomain::"ARCHIVER=arm-none-eabi-ar" "COMPILER_FLAGS=  -O2 -c" "EXTRA_COMPILER_FLAGS=-mcpu=cortex-a9 -mfpu=vfpv3 -mfloat-abi=hard -nosta
TRACE::2026-01-20.13:55:54::SCWBDomain::rtfiles -g -Wall -Wextra -fno-tree-loop-distribute-patterns"

TRACE::2026-01-20.13:55:54::SCWBDomain::"Running Make include in ps7_cortexa9_0/libsrc/xadcps_v2_6/src"

TRACE::2026-01-20.13:55:54::SCWBDomain::make -C ps7_cortexa9_0/libsrc/xadcps_v2_6/src -s include  "SHELL=CMD" "COMPILER=arm-none-eabi-gcc" "ASSEMBLER=arm-none-eabi-as"
TRACE::2026-01-20.13:55:54::SCWBDomain:: "ARCHIVER=arm-none-eabi-ar" "COMPILER_FLAGS=  -O2 -c" "EXTRA_COMPILER_FLAGS=-mcpu=cortex-a9 -mfpu=vfpv3 -mfloat-abi=hard -nost
TRACE::2026-01-20.13:55:54::SCWBDomain::artfiles -g -Wall -Wextra -fno-tree-loop-distribute-patterns"

TRACE::2026-01-20.13:55:54::SCWBDomain::"Running Make include in ps7_cortexa9_0/libsrc/xilffs_v4_5/src"

TRACE::2026-01-20.13:55:54::SCWBDomain::make -C ps7_cortexa9_0/libsrc/xilffs_v4_5/src -s include  "SHELL=CMD" "COMPILER=arm-none-eabi-gcc" "ASSEMBLER=arm-none-eabi-as"
TRACE::2026-01-20.13:55:54::SCWBDomain:: "ARCHIVER=arm-none-eabi-ar" "COMPILER_FLAGS=  -O2 -c" "EXTRA_COMPILER_FLAGS=-mcpu=cortex-a9 -mfpu=vfpv3 -mfloat-abi=hard -nost
TRACE::2026-01-20.13:55:54::SCWBDomain::artfiles -g -Wall -Wextra -fno-tree-loop-distribute-patterns"

TRACE::2026-01-20.13:55:54::SCWBDomain::"Running Make include in ps7_cortexa9_0/libsrc/xilrsa_v1_6/src"

TRACE::2026-01-20.13:55:54::SCWBDomain::make -C ps7_cortexa9_0/libsrc/xilrsa_v1_6/src -s include  "SHELL=CMD" "COMPILER=arm-none-eabi-gcc" "ASSEMBLER=arm-none-eabi-as"
TRACE::2026-01-20.13:55:54::SCWBDomain:: "ARCHIVER=arm-none-eabi-ar" "COMPILER_FLAGS=  -O2 -c" "EXTRA_COMPILER_FLAGS=-mcpu=cortex-a9 -mfpu=vfpv3 -mfloat-abi=hard -nost
TRACE::2026-01-20.13:55:54::SCWBDomain::artfiles -g -Wall -Wextra -fno-tree-loop-distribute-patterns"

TRACE::2026-01-20.13:55:54::SCWBDomain::"Running Make libs in ps7_cortexa9_0/libsrc/DMA_v1_0/src"

TRACE::2026-01-20.13:55:54::SCWBDomain::make -C ps7_cortexa9_0/libsrc/DMA_v1_0/src -s libs  "SHELL=CMD" "COMPILER=arm-none-eabi-gcc" "ASSEMBLER=arm-none-eabi-as" "ARCH
TRACE::2026-01-20.13:55:54::SCWBDomain::IVER=arm-none-eabi-ar" "COMPILER_FLAGS=  -O2 -c" "EXTRA_COMPILER_FLAGS=-mcpu=cortex-a9 -mfpu=vfpv3 -mfloat-abi=hard -nostartfil
TRACE::2026-01-20.13:55:54::SCWBDomain::es -g -Wall -Wextra -fno-tree-loop-distribute-patterns"

TRACE::2026-01-20.13:55:54::SCWBDomain::"Building DMA"

TRACE::2026-01-20.13:55:55::SCWBDomain::"Running Make libs in ps7_cortexa9_0/libsrc/lwip211_v1_5/src"

TRACE::2026-01-20.13:55:55::SCWBDomain::make -C ps7_cortexa9_0/libsrc/lwip211_v1_5/src -s libs  "SHELL=CMD" "COMPILER=arm-none-eabi-gcc" "ASSEMBLER=arm-none-eabi-as" "
TRACE::2026-01-20.13:55:55::SCWBDomain::ARCHIVER=arm-none-eabi-ar" "COMPILER_FLAGS=  -O2 -c" "EXTRA_COMPILER_FLAGS=-mcpu=cortex-a9 -mfpu=vfpv3 -mfloat-abi=hard -nostar
TRACE::2026-01-20.13:55:55::SCWBDomain::tfiles -g -Wall -Wextra -fno-tree-loop-distribute-patterns"

TRACE::2026-01-20.13:55:55::SCWBDomain::"Compiling lwip src and adapter files"

TRACE::2026-01-20.13:55:56::SCWBDomain::"Running Make libs in ps7_cortexa9_0/libsrc/xilrsa_v1_6/src"

TRACE::2026-01-20.13:55:56::SCWBDomain::make -C ps7_cortexa9_0/libsrc/xilrsa_v1_6/src -s libs  "SHELL=CMD" "COMPILER=arm-none-eabi-gcc" "ASSEMBLER=arm-none-eabi-as" "A
TRACE::2026-01-20.13:55:56::SCWBDomain::RCHIVER=arm-none-eabi-ar" "COMPILER_FLAGS=  -O2 -c" "EXTRA_COMPILER_FLAGS=-mcpu=cortex-a9 -mfpu=vfpv3 -mfloat-abi=hard -nostart
TRACE::2026-01-20.13:55:56::SCWBDomain::files -g -Wall -Wextra -fno-tree-loop-distribute-patterns"

TRACE::2026-01-20.13:55:56::SCWBDomain::'Finished building libraries sequentially.'

TRACE::2026-01-20.13:55:56::SCWBDomain::make -j 14 --no-print-directory par_libs

TRACE::2026-01-20.13:55:56::SCWBDomain::"Running Make include in ps7_cortexa9_0/libsrc/coresightps_dcc_v1_8/src"

TRACE::2026-01-20.13:55:56::SCWBDomain::make -C ps7_cortexa9_0/libsrc/coresightps_dcc_v1_8/src -s include  "SHELL=CMD" "COMPILER=arm-none-eabi-gcc" "ASSEMBLER=arm-none
TRACE::2026-01-20.13:55:56::SCWBDomain::-eabi-as" "ARCHIVER=arm-none-eabi-ar" "COMPILER_FLAGS=  -O2 -c" "EXTRA_COMPILER_FLAGS=-mcpu=cortex-a9 -mfpu=vfpv3 -mfloat-abi=h
TRACE::2026-01-20.13:55:56::SCWBDomain::ard -nostartfiles -g -Wall -Wextra -fno-tree-loop-distribute-patterns"

TRACE::2026-01-20.13:55:56::SCWBDomain::"Running Make include in ps7_cortexa9_0/libsrc/cpu_cortexa9_v2_11/src"

TRACE::2026-01-20.13:55:56::SCWBDomain::"Running Make include in ps7_cortexa9_0/libsrc/ddrps_v1_2/src"

TRACE::2026-01-20.13:55:56::SCWBDomain::make -C ps7_cortexa9_0/libsrc/cpu_cortexa9_v2_11/src -s include  "SHELL=CMD" "COMPILER=arm-none-eabi-gcc" "ASSEMBLER=arm-none-e
TRACE::2026-01-20.13:55:56::SCWBDomain::abi-as" "ARCHIVER=arm-none-eabi-ar" "COMPILER_FLAGS=  -O2 -c" "EXTRA_COMPILER_FLAGS=-mcpu=cortex-a9 -mfpu=vfpv3 -mfloat-abi=har
TRACE::2026-01-20.13:55:56::SCWBDomain::d -nostartfiles -g -Wall -Wextra -fno-tree-loop-distribute-patterns"

TRACE::2026-01-20.13:55:56::SCWBDomain::make -C ps7_cortexa9_0/libsrc/ddrps_v1_2/src -s include  "SHELL=CMD" "COMPILER=arm-none-eabi-gcc" "ASSEMBLER=arm-none-eabi-as" 
TRACE::2026-01-20.13:55:56::SCWBDomain::"ARCHIVER=arm-none-eabi-ar" "COMPILER_FLAGS=  -O2 -c" "EXTRA_COMPILER_FLAGS=-mcpu=cortex-a9 -mfpu=vfpv3 -mfloat-abi=hard -nosta
TRACE::2026-01-20.13:55:56::SCWBDomain::rtfiles -g -Wall -Wextra -fno-tree-loop-distribute-patterns"

TRACE::2026-01-20.13:55:56::SCWBDomain::"Running Make include in ps7_cortexa9_0/libsrc/devcfg_v3_7/src"

TRACE::2026-01-20.13:55:56::SCWBDomain::make -C ps7_cortexa9_0/libsrc/devcfg_v3_7/src -s include  "SHELL=CMD" "COMPILER=arm-none-eabi-gcc" "ASSEMBLER=arm-none-eabi-as"
TRACE::2026-01-20.13:55:56::SCWBDomain:: "ARCHIVER=arm-none-eabi-ar" "COMPILER_FLAGS=  -O2 -c" "EXTRA_COMPILER_FLAGS=-mcpu=cortex-a9 -mfpu=vfpv3 -mfloat-abi=hard -nost
TRACE::2026-01-20.13:55:56::SCWBDomain::artfiles -g -Wall -Wextra -fno-tree-loop-distribute-patterns"

TRACE::2026-01-20.13:55:56::SCWBDomain::"Running Make include in ps7_cortexa9_0/libsrc/dmaps_v2_8/src"

TRACE::2026-01-20.13:55:56::SCWBDomain::make -C ps7_cortexa9_0/libsrc/dmaps_v2_8/src -s include  "SHELL=CMD" "COMPILER=arm-none-eabi-gcc" "ASSEMBLER=arm-none-eabi-as" 
TRACE::2026-01-20.13:55:56::SCWBDomain::"ARCHIVER=arm-none-eabi-ar" "COMPILER_FLAGS=  -O2 -c" "EXTRA_COMPILER_FLAGS=-mcpu=cortex-a9 -mfpu=vfpv3 -mfloat-abi=hard -nosta
TRACE::2026-01-20.13:55:56::SCWBDomain::rtfiles -g -Wall -Wextra -fno-tree-loop-distribute-patterns"

TRACE::2026-01-20.13:55:56::SCWBDomain::"Running Make include in ps7_cortexa9_0/libsrc/DMA_v1_0/src"

TRACE::2026-01-20.13:55:56::SCWBDomain::"Running Make include in ps7_cortexa9_0/libsrc/emacps_v3_14/src"

TRACE::2026-01-20.13:55:56::SCWBDomain::make -C ps7_cortexa9_0/libsrc/DMA_v1_0/src -s include  "SHELL=CMD" "COMPILER=arm-none-eabi-gcc" "ASSEMBLER=arm-none-eabi-as" "A
TRACE::2026-01-20.13:55:56::SCWBDomain::RCHIVER=arm-none-eabi-ar" "COMPILER_FLAGS=  -O2 -c" "EXTRA_COMPILER_FLAGS=-mcpu=cortex-a9 -mfpu=vfpv3 -mfloat-abi=hard -nostart
TRACE::2026-01-20.13:55:56::SCWBDomain::files -g -Wall -Wextra -fno-tree-loop-distribute-patterns"

TRACE::2026-01-20.13:55:56::SCWBDomain::make -C ps7_cortexa9_0/libsrc/emacps_v3_14/src -s include  "SHELL=CMD" "COMPILER=arm-none-eabi-gcc" "ASSEMBLER=arm-none-eabi-as
TRACE::2026-01-20.13:55:56::SCWBDomain::" "ARCHIVER=arm-none-eabi-ar" "COMPILER_FLAGS=  -O2 -c" "EXTRA_COMPILER_FLAGS=-mcpu=cortex-a9 -mfpu=vfpv3 -mfloat-abi=hard -nos
TRACE::2026-01-20.13:55:56::SCWBDomain::tartfiles -g -Wall -Wextra -fno-tree-loop-distribute-patterns"

TRACE::2026-01-20.13:55:56::SCWBDomain::"Running Make include in ps7_cortexa9_0/libsrc/gpiops_v3_9/src"

TRACE::2026-01-20.13:55:56::SCWBDomain::make -C ps7_cortexa9_0/libsrc/gpiops_v3_9/src -s include  "SHELL=CMD" "COMPILER=arm-none-eabi-gcc" "ASSEMBLER=arm-none-eabi-as"
TRACE::2026-01-20.13:55:56::SCWBDomain:: "ARCHIVER=arm-none-eabi-ar" "COMPILER_FLAGS=  -O2 -c" "EXTRA_COMPILER_FLAGS=-mcpu=cortex-a9 -mfpu=vfpv3 -mfloat-abi=hard -nost
TRACE::2026-01-20.13:55:56::SCWBDomain::artfiles -g -Wall -Wextra -fno-tree-loop-distribute-patterns"

TRACE::2026-01-20.13:55:56::SCWBDomain::"Running Make include in ps7_cortexa9_0/libsrc/lwip211_v1_5/src"

TRACE::2026-01-20.13:55:56::SCWBDomain::make -C ps7_cortexa9_0/libsrc/lwip211_v1_5/src -s include  "SHELL=CMD" "COMPILER=arm-none-eabi-gcc" "ASSEMBLER=arm-none-eabi-as
TRACE::2026-01-20.13:55:56::SCWBDomain::" "ARCHIVER=arm-none-eabi-ar" "COMPILER_FLAGS=  -O2 -c" "EXTRA_COMPILER_FLAGS=-mcpu=cortex-a9 -mfpu=vfpv3 -mfloat-abi=hard -nos
TRACE::2026-01-20.13:55:56::SCWBDomain::tartfiles -g -Wall -Wextra -fno-tree-loop-distribute-patterns"

TRACE::2026-01-20.13:55:56::SCWBDomain::"Running Make include in ps7_cortexa9_0/libsrc/qspips_v3_9/src"

TRACE::2026-01-20.13:55:56::SCWBDomain::make -C ps7_cortexa9_0/libsrc/qspips_v3_9/src -s include  "SHELL=CMD" "COMPILER=arm-none-eabi-gcc" "ASSEMBLER=arm-none-eabi-as"
TRACE::2026-01-20.13:55:56::SCWBDomain:: "ARCHIVER=arm-none-eabi-ar" "COMPILER_FLAGS=  -O2 -c" "EXTRA_COMPILER_FLAGS=-mcpu=cortex-a9 -mfpu=vfpv3 -mfloat-abi=hard -nost
TRACE::2026-01-20.13:55:56::SCWBDomain::artfiles -g -Wall -Wextra -fno-tree-loop-distribute-patterns"

TRACE::2026-01-20.13:55:56::SCWBDomain::"Running Make include in ps7_cortexa9_0/libsrc/scugic_v4_5/src"

TRACE::2026-01-20.13:55:56::SCWBDomain::make -C ps7_cortexa9_0/libsrc/scugic_v4_5/src -s include  "SHELL=CMD" "COMPILER=arm-none-eabi-gcc" "ASSEMBLER=arm-none-eabi-as"
TRACE::2026-01-20.13:55:56::SCWBDomain:: "ARCHIVER=arm-none-eabi-ar" "COMPILER_FLAGS=  -O2 -c" "EXTRA_COMPILER_FLAGS=-mcpu=cortex-a9 -mfpu=vfpv3 -mfloat-abi=hard -nost
TRACE::2026-01-20.13:55:56::SCWBDomain::artfiles -g -Wall -Wextra -fno-tree-loop-distribute-patterns"

TRACE::2026-01-20.13:55:56::SCWBDomain::"Running Make include in ps7_cortexa9_0/libsrc/scutimer_v2_3/src"

TRACE::2026-01-20.13:55:56::SCWBDomain::make -C ps7_cortexa9_0/libsrc/scutimer_v2_3/src -s include  "SHELL=CMD" "COMPILER=arm-none-eabi-gcc" "ASSEMBLER=arm-none-eabi-a
TRACE::2026-01-20.13:55:56::SCWBDomain::s" "ARCHIVER=arm-none-eabi-ar" "COMPILER_FLAGS=  -O2 -c" "EXTRA_COMPILER_FLAGS=-mcpu=cortex-a9 -mfpu=vfpv3 -mfloat-abi=hard -no
TRACE::2026-01-20.13:55:56::SCWBDomain::startfiles -g -Wall -Wextra -fno-tree-loop-distribute-patterns"

TRACE::2026-01-20.13:55:56::SCWBDomain::"Running Make include in ps7_cortexa9_0/libsrc/scuwdt_v2_4/src"

TRACE::2026-01-20.13:55:56::SCWBDomain::make -C ps7_cortexa9_0/libsrc/scuwdt_v2_4/src -s include  "SHELL=CMD" "COMPILER=arm-none-eabi-gcc" "ASSEMBLER=arm-none-eabi-as"
TRACE::2026-01-20.13:55:56::SCWBDomain:: "ARCHIVER=arm-none-eabi-ar" "COMPILER_FLAGS=  -O2 -c" "EXTRA_COMPILER_FLAGS=-mcpu=cortex-a9 -mfpu=vfpv3 -mfloat-abi=hard -nost
TRACE::2026-01-20.13:55:56::SCWBDomain::artfiles -g -Wall -Wextra -fno-tree-loop-distribute-patterns"

TRACE::2026-01-20.13:55:56::SCWBDomain::"Running Make include in ps7_cortexa9_0/libsrc/sdps_v3_12/src"

TRACE::2026-01-20.13:55:56::SCWBDomain::"Running Make include in ps7_cortexa9_0/libsrc/standalone_v7_5/src"

TRACE::2026-01-20.13:55:56::SCWBDomain::make -C ps7_cortexa9_0/libsrc/sdps_v3_12/src -s include  "SHELL=CMD" "COMPILER=arm-none-eabi-gcc" "ASSEMBLER=arm-none-eabi-as" 
TRACE::2026-01-20.13:55:56::SCWBDomain::"ARCHIVER=arm-none-eabi-ar" "COMPILER_FLAGS=  -O2 -c" "EXTRA_COMPILER_FLAGS=-mcpu=cortex-a9 -mfpu=vfpv3 -mfloat-abi=hard -nosta
TRACE::2026-01-20.13:55:56::SCWBDomain::rtfiles -g -Wall -Wextra -fno-tree-loop-distribute-patterns"

TRACE::2026-01-20.13:55:56::SCWBDomain::make -C ps7_cortexa9_0/libsrc/standalone_v7_5/src -s include  "SHELL=CMD" "COMPILER=arm-none-eabi-gcc" "ASSEMBLER=arm-none-eabi
TRACE::2026-01-20.13:55:56::SCWBDomain::-as" "ARCHIVER=arm-none-eabi-ar" "COMPILER_FLAGS=  -O2 -c" "EXTRA_COMPILER_FLAGS=-mcpu=cortex-a9 -mfpu=vfpv3 -mfloat-abi=hard -
TRACE::2026-01-20.13:55:56::SCWBDomain::nostartfiles -g -Wall -Wextra -fno-tree-loop-distribute-patterns"

TRACE::2026-01-20.13:55:56::SCWBDomain::"Running Make include in ps7_cortexa9_0/libsrc/uartps_v3_11/src"

TRACE::2026-01-20.13:55:56::SCWBDomain::make -C ps7_cortexa9_0/libsrc/uartps_v3_11/src -s include  "SHELL=CMD" "COMPILER=arm-none-eabi-gcc" "ASSEMBLER=arm-none-eabi-as
TRACE::2026-01-20.13:55:56::SCWBDomain::" "ARCHIVER=arm-none-eabi-ar" "COMPILER_FLAGS=  -O2 -c" "EXTRA_COMPILER_FLAGS=-mcpu=cortex-a9 -mfpu=vfpv3 -mfloat-abi=hard -nos
TRACE::2026-01-20.13:55:56::SCWBDomain::tartfiles -g -Wall -Wextra -fno-tree-loop-distribute-patterns"

TRACE::2026-01-20.13:55:56::SCWBDomain::"Running Make include in ps7_cortexa9_0/libsrc/usbps_v2_7/src"

TRACE::2026-01-20.13:55:56::SCWBDomain::make -C ps7_cortexa9_0/libsrc/usbps_v2_7/src -s include  "SHELL=CMD" "COMPILER=arm-none-eabi-gcc" "ASSEMBLER=arm-none-eabi-as" 
TRACE::2026-01-20.13:55:56::SCWBDomain::"ARCHIVER=arm-none-eabi-ar" "COMPILER_FLAGS=  -O2 -c" "EXTRA_COMPILER_FLAGS=-mcpu=cortex-a9 -mfpu=vfpv3 -mfloat-abi=hard -nosta
TRACE::2026-01-20.13:55:56::SCWBDomain::rtfiles -g -Wall -Wextra -fno-tree-loop-distribute-patterns"

TRACE::2026-01-20.13:55:56::SCWBDomain::"Running Make include in ps7_cortexa9_0/libsrc/xadcps_v2_6/src"

TRACE::2026-01-20.13:55:56::SCWBDomain::"Running Make include in ps7_cortexa9_0/libsrc/xilffs_v4_5/src"

TRACE::2026-01-20.13:55:56::SCWBDomain::make -C ps7_cortexa9_0/libsrc/xadcps_v2_6/src -s include  "SHELL=CMD" "COMPILER=arm-none-eabi-gcc" "ASSEMBLER=arm-none-eabi-as"
TRACE::2026-01-20.13:55:56::SCWBDomain:: "ARCHIVER=arm-none-eabi-ar" "COMPILER_FLAGS=  -O2 -c" "EXTRA_COMPILER_FLAGS=-mcpu=cortex-a9 -mfpu=vfpv3 -mfloat-abi=hard -nost
TRACE::2026-01-20.13:55:56::SCWBDomain::artfiles -g -Wall -Wextra -fno-tree-loop-distribute-patterns"

TRACE::2026-01-20.13:55:56::SCWBDomain::make -C ps7_cortexa9_0/libsrc/xilffs_v4_5/src -s include  "SHELL=CMD" "COMPILER=arm-none-eabi-gcc" "ASSEMBLER=arm-none-eabi-as"
TRACE::2026-01-20.13:55:56::SCWBDomain:: "ARCHIVER=arm-none-eabi-ar" "COMPILER_FLAGS=  -O2 -c" "EXTRA_COMPILER_FLAGS=-mcpu=cortex-a9 -mfpu=vfpv3 -mfloat-abi=hard -nost
TRACE::2026-01-20.13:55:56::SCWBDomain::artfiles -g -Wall -Wextra -fno-tree-loop-distribute-patterns"

TRACE::2026-01-20.13:55:56::SCWBDomain::"Running Make include in ps7_cortexa9_0/libsrc/xilrsa_v1_6/src"

TRACE::2026-01-20.13:55:56::SCWBDomain::make -C ps7_cortexa9_0/libsrc/xilrsa_v1_6/src -s include  "SHELL=CMD" "COMPILER=arm-none-eabi-gcc" "ASSEMBLER=arm-none-eabi-as"
TRACE::2026-01-20.13:55:56::SCWBDomain:: "ARCHIVER=arm-none-eabi-ar" "COMPILER_FLAGS=  -O2 -c" "EXTRA_COMPILER_FLAGS=-mcpu=cortex-a9 -mfpu=vfpv3 -mfloat-abi=hard -nost
TRACE::2026-01-20.13:55:56::SCWBDomain::artfiles -g -Wall -Wextra -fno-tree-loop-distribute-patterns"

TRACE::2026-01-20.13:55:57::SCWBDomain::"Running Make libs in ps7_cortexa9_0/libsrc/coresightps_dcc_v1_8/src"

TRACE::2026-01-20.13:55:57::SCWBDomain::make -C ps7_cortexa9_0/libsrc/coresightps_dcc_v1_8/src -s libs  "SHELL=CMD" "COMPILER=arm-none-eabi-gcc" "ASSEMBLER=arm-none-ea
TRACE::2026-01-20.13:55:57::SCWBDomain::bi-as" "ARCHIVER=arm-none-eabi-ar" "COMPILER_FLAGS=  -O2 -c" "EXTRA_COMPILER_FLAGS=-mcpu=cortex-a9 -mfpu=vfpv3 -mfloat-abi=hard
TRACE::2026-01-20.13:55:57::SCWBDomain:: -nostartfiles -g -Wall -Wextra -fno-tree-loop-distribute-patterns"

TRACE::2026-01-20.13:55:57::SCWBDomain::"Running Make libs in ps7_cortexa9_0/libsrc/cpu_cortexa9_v2_11/src"

TRACE::2026-01-20.13:55:57::SCWBDomain::make -C ps7_cortexa9_0/libsrc/cpu_cortexa9_v2_11/src -s libs  "SHELL=CMD" "COMPILER=arm-none-eabi-gcc" "ASSEMBLER=arm-none-eabi
TRACE::2026-01-20.13:55:57::SCWBDomain::-as" "ARCHIVER=arm-none-eabi-ar" "COMPILER_FLAGS=  -O2 -c" "EXTRA_COMPILER_FLAGS=-mcpu=cortex-a9 -mfpu=vfpv3 -mfloat-abi=hard -
TRACE::2026-01-20.13:55:57::SCWBDomain::nostartfiles -g -Wall -Wextra -fno-tree-loop-distribute-patterns"

TRACE::2026-01-20.13:55:57::SCWBDomain::"Running Make libs in ps7_cortexa9_0/libsrc/ddrps_v1_2/src"

TRACE::2026-01-20.13:55:57::SCWBDomain::make -C ps7_cortexa9_0/libsrc/ddrps_v1_2/src -s libs  "SHELL=CMD" "COMPILER=arm-none-eabi-gcc" "ASSEMBLER=arm-none-eabi-as" "AR
TRACE::2026-01-20.13:55:57::SCWBDomain::CHIVER=arm-none-eabi-ar" "COMPILER_FLAGS=  -O2 -c" "EXTRA_COMPILER_FLAGS=-mcpu=cortex-a9 -mfpu=vfpv3 -mfloat-abi=hard -nostartf
TRACE::2026-01-20.13:55:57::SCWBDomain::iles -g -Wall -Wextra -fno-tree-loop-distribute-patterns"

TRACE::2026-01-20.13:55:57::SCWBDomain::"Running Make libs in ps7_cortexa9_0/libsrc/devcfg_v3_7/src"

TRACE::2026-01-20.13:55:57::SCWBDomain::make -C ps7_cortexa9_0/libsrc/devcfg_v3_7/src -s libs  "SHELL=CMD" "COMPILER=arm-none-eabi-gcc" "ASSEMBLER=arm-none-eabi-as" "A
TRACE::2026-01-20.13:55:57::SCWBDomain::RCHIVER=arm-none-eabi-ar" "COMPILER_FLAGS=  -O2 -c" "EXTRA_COMPILER_FLAGS=-mcpu=cortex-a9 -mfpu=vfpv3 -mfloat-abi=hard -nostart
TRACE::2026-01-20.13:55:57::SCWBDomain::files -g -Wall -Wextra -fno-tree-loop-distribute-patterns"

TRACE::2026-01-20.13:55:57::SCWBDomain::"Running Make libs in ps7_cortexa9_0/libsrc/dmaps_v2_8/src"

TRACE::2026-01-20.13:55:57::SCWBDomain::make -C ps7_cortexa9_0/libsrc/dmaps_v2_8/src -s libs  "SHELL=CMD" "COMPILER=arm-none-eabi-gcc" "ASSEMBLER=arm-none-eabi-as" "AR
TRACE::2026-01-20.13:55:57::SCWBDomain::CHIVER=arm-none-eabi-ar" "COMPILER_FLAGS=  -O2 -c" "EXTRA_COMPILER_FLAGS=-mcpu=cortex-a9 -mfpu=vfpv3 -mfloat-abi=hard -nostartf
TRACE::2026-01-20.13:55:57::SCWBDomain::iles -g -Wall -Wextra -fno-tree-loop-distribute-patterns"

TRACE::2026-01-20.13:55:57::SCWBDomain::"Running Make libs in ps7_cortexa9_0/libsrc/emacps_v3_14/src"

TRACE::2026-01-20.13:55:57::SCWBDomain::"Running Make libs in ps7_cortexa9_0/libsrc/gpiops_v3_9/src"

TRACE::2026-01-20.13:55:57::SCWBDomain::make -C ps7_cortexa9_0/libsrc/emacps_v3_14/src -s libs  "SHELL=CMD" "COMPILER=arm-none-eabi-gcc" "ASSEMBLER=arm-none-eabi-as" "
TRACE::2026-01-20.13:55:57::SCWBDomain::ARCHIVER=arm-none-eabi-ar" "COMPILER_FLAGS=  -O2 -c" "EXTRA_COMPILER_FLAGS=-mcpu=cortex-a9 -mfpu=vfpv3 -mfloat-abi=hard -nostar
TRACE::2026-01-20.13:55:57::SCWBDomain::tfiles -g -Wall -Wextra -fno-tree-loop-distribute-patterns"

TRACE::2026-01-20.13:55:57::SCWBDomain::make -C ps7_cortexa9_0/libsrc/gpiops_v3_9/src -s libs  "SHELL=CMD" "COMPILER=arm-none-eabi-gcc" "ASSEMBLER=arm-none-eabi-as" "A
TRACE::2026-01-20.13:55:57::SCWBDomain::RCHIVER=arm-none-eabi-ar" "COMPILER_FLAGS=  -O2 -c" "EXTRA_COMPILER_FLAGS=-mcpu=cortex-a9 -mfpu=vfpv3 -mfloat-abi=hard -nostart
TRACE::2026-01-20.13:55:57::SCWBDomain::files -g -Wall -Wextra -fno-tree-loop-distribute-patterns"

TRACE::2026-01-20.13:55:57::SCWBDomain::"Running Make libs in ps7_cortexa9_0/libsrc/qspips_v3_9/src"

TRACE::2026-01-20.13:55:57::SCWBDomain::make -C ps7_cortexa9_0/libsrc/qspips_v3_9/src -s libs  "SHELL=CMD" "COMPILER=arm-none-eabi-gcc" "ASSEMBLER=arm-none-eabi-as" "A
TRACE::2026-01-20.13:55:57::SCWBDomain::RCHIVER=arm-none-eabi-ar" "COMPILER_FLAGS=  -O2 -c" "EXTRA_COMPILER_FLAGS=-mcpu=cortex-a9 -mfpu=vfpv3 -mfloat-abi=hard -nostart
TRACE::2026-01-20.13:55:57::SCWBDomain::files -g -Wall -Wextra -fno-tree-loop-distribute-patterns"

TRACE::2026-01-20.13:55:57::SCWBDomain::"Running Make libs in ps7_cortexa9_0/libsrc/scugic_v4_5/src"

TRACE::2026-01-20.13:55:57::SCWBDomain::make -C ps7_cortexa9_0/libsrc/scugic_v4_5/src -s libs  "SHELL=CMD" "COMPILER=arm-none-eabi-gcc" "ASSEMBLER=arm-none-eabi-as" "A
TRACE::2026-01-20.13:55:57::SCWBDomain::RCHIVER=arm-none-eabi-ar" "COMPILER_FLAGS=  -O2 -c" "EXTRA_COMPILER_FLAGS=-mcpu=cortex-a9 -mfpu=vfpv3 -mfloat-abi=hard -nostart
TRACE::2026-01-20.13:55:57::SCWBDomain::files -g -Wall -Wextra -fno-tree-loop-distribute-patterns"

TRACE::2026-01-20.13:55:57::SCWBDomain::"Running Make libs in ps7_cortexa9_0/libsrc/scutimer_v2_3/src"

TRACE::2026-01-20.13:55:57::SCWBDomain::"Running Make libs in ps7_cortexa9_0/libsrc/scuwdt_v2_4/src"

TRACE::2026-01-20.13:55:57::SCWBDomain::make -C ps7_cortexa9_0/libsrc/scutimer_v2_3/src -s libs  "SHELL=CMD" "COMPILER=arm-none-eabi-gcc" "ASSEMBLER=arm-none-eabi-as" 
TRACE::2026-01-20.13:55:57::SCWBDomain::"ARCHIVER=arm-none-eabi-ar" "COMPILER_FLAGS=  -O2 -c" "EXTRA_COMPILER_FLAGS=-mcpu=cortex-a9 -mfpu=vfpv3 -mfloat-abi=hard -nosta
TRACE::2026-01-20.13:55:57::SCWBDomain::rtfiles -g -Wall -Wextra -fno-tree-loop-distribute-patterns"

TRACE::2026-01-20.13:55:57::SCWBDomain::make -C ps7_cortexa9_0/libsrc/scuwdt_v2_4/src -s libs  "SHELL=CMD" "COMPILER=arm-none-eabi-gcc" "ASSEMBLER=arm-none-eabi-as" "A
TRACE::2026-01-20.13:55:57::SCWBDomain::RCHIVER=arm-none-eabi-ar" "COMPILER_FLAGS=  -O2 -c" "EXTRA_COMPILER_FLAGS=-mcpu=cortex-a9 -mfpu=vfpv3 -mfloat-abi=hard -nostart
TRACE::2026-01-20.13:55:57::SCWBDomain::files -g -Wall -Wextra -fno-tree-loop-distribute-patterns"

TRACE::2026-01-20.13:55:57::SCWBDomain::"Running Make libs in ps7_cortexa9_0/libsrc/sdps_v3_12/src"

TRACE::2026-01-20.13:55:57::SCWBDomain::make -C ps7_cortexa9_0/libsrc/sdps_v3_12/src -s libs  "SHELL=CMD" "COMPILER=arm-none-eabi-gcc" "ASSEMBLER=arm-none-eabi-as" "AR
TRACE::2026-01-20.13:55:57::SCWBDomain::CHIVER=arm-none-eabi-ar" "COMPILER_FLAGS=  -O2 -c" "EXTRA_COMPILER_FLAGS=-mcpu=cortex-a9 -mfpu=vfpv3 -mfloat-abi=hard -nostartf
TRACE::2026-01-20.13:55:57::SCWBDomain::iles -g -Wall -Wextra -fno-tree-loop-distribute-patterns"

TRACE::2026-01-20.13:55:57::SCWBDomain::"Running Make libs in ps7_cortexa9_0/libsrc/standalone_v7_5/src"

TRACE::2026-01-20.13:55:57::SCWBDomain::make -C ps7_cortexa9_0/libsrc/standalone_v7_5/src -s libs  "SHELL=CMD" "COMPILER=arm-none-eabi-gcc" "ASSEMBLER=arm-none-eabi-as
TRACE::2026-01-20.13:55:57::SCWBDomain::" "ARCHIVER=arm-none-eabi-ar" "COMPILER_FLAGS=  -O2 -c" "EXTRA_COMPILER_FLAGS=-mcpu=cortex-a9 -mfpu=vfpv3 -mfloat-abi=hard -nos
TRACE::2026-01-20.13:55:57::SCWBDomain::tartfiles -g -Wall -Wextra -fno-tree-loop-distribute-patterns"

TRACE::2026-01-20.13:55:57::SCWBDomain::"Running Make libs in ps7_cortexa9_0/libsrc/uartps_v3_11/src"

TRACE::2026-01-20.13:55:57::SCWBDomain::"Running Make libs in ps7_cortexa9_0/libsrc/usbps_v2_7/src"

TRACE::2026-01-20.13:55:57::SCWBDomain::make -C ps7_cortexa9_0/libsrc/uartps_v3_11/src -s libs  "SHELL=CMD" "COMPILER=arm-none-eabi-gcc" "ASSEMBLER=arm-none-eabi-as" "
TRACE::2026-01-20.13:55:57::SCWBDomain::ARCHIVER=arm-none-eabi-ar" "COMPILER_FLAGS=  -O2 -c" "EXTRA_COMPILER_FLAGS=-mcpu=cortex-a9 -mfpu=vfpv3 -mfloat-abi=hard -nostar
TRACE::2026-01-20.13:55:57::SCWBDomain::tfiles -g -Wall -Wextra -fno-tree-loop-distribute-patterns"

TRACE::2026-01-20.13:55:57::SCWBDomain::make -C ps7_cortexa9_0/libsrc/usbps_v2_7/src -s libs  "SHELL=CMD" "COMPILER=arm-none-eabi-gcc" "ASSEMBLER=arm-none-eabi-as" "AR
TRACE::2026-01-20.13:55:57::SCWBDomain::CHIVER=arm-none-eabi-ar" "COMPILER_FLAGS=  -O2 -c" "EXTRA_COMPILER_FLAGS=-mcpu=cortex-a9 -mfpu=vfpv3 -mfloat-abi=hard -nostartf
TRACE::2026-01-20.13:55:57::SCWBDomain::iles -g -Wall -Wextra -fno-tree-loop-distribute-patterns"

TRACE::2026-01-20.13:55:57::SCWBDomain::"Running Make libs in ps7_cortexa9_0/libsrc/xadcps_v2_6/src"

TRACE::2026-01-20.13:55:57::SCWBDomain::make -C ps7_cortexa9_0/libsrc/xadcps_v2_6/src -s libs  "SHELL=CMD" "COMPILER=arm-none-eabi-gcc" "ASSEMBLER=arm-none-eabi-as" "A
TRACE::2026-01-20.13:55:57::SCWBDomain::RCHIVER=arm-none-eabi-ar" "COMPILER_FLAGS=  -O2 -c" "EXTRA_COMPILER_FLAGS=-mcpu=cortex-a9 -mfpu=vfpv3 -mfloat-abi=hard -nostart
TRACE::2026-01-20.13:55:57::SCWBDomain::files -g -Wall -Wextra -fno-tree-loop-distribute-patterns"

TRACE::2026-01-20.13:55:57::SCWBDomain::"Running Make libs in ps7_cortexa9_0/libsrc/xilffs_v4_5/src"

TRACE::2026-01-20.13:55:57::SCWBDomain::make -C ps7_cortexa9_0/libsrc/xilffs_v4_5/src -s libs  "SHELL=CMD" "COMPILER=arm-none-eabi-gcc" "ASSEMBLER=arm-none-eabi-as" "A
TRACE::2026-01-20.13:55:57::SCWBDomain::RCHIVER=arm-none-eabi-ar" "COMPILER_FLAGS=  -O2 -c" "EXTRA_COMPILER_FLAGS=-mcpu=cortex-a9 -mfpu=vfpv3 -mfloat-abi=hard -nostart
TRACE::2026-01-20.13:55:57::SCWBDomain::files -g -Wall -Wextra -fno-tree-loop-distribute-patterns"

TRACE::2026-01-20.13:55:57::SCWBDomain::'Finished building libraries parallelly.'

TRACE::2026-01-20.13:55:57::SCWBDomain::make --no-print-directory archive

TRACE::2026-01-20.13:55:57::SCWBDomain::arm-none-eabi-ar -r  ps7_cortexa9_0/lib/libxil.a ps7_cortexa9_0/lib/xil_testcache.o ps7_cortexa9_0/lib/xadcps_selftest.o ps7_co
TRACE::2026-01-20.13:55:57::SCWBDomain::rtexa9_0/lib/xplatform_info.o ps7_cortexa9_0/lib/xil_mmu.o ps7_cortexa9_0/lib/_exit.o ps7_cortexa9_0/lib/xusbps_sinit.o ps7_cor
TRACE::2026-01-20.13:55:57::SCWBDomain::texa9_0/lib/xdevcfg_hw.o ps7_cortexa9_0/lib/xil_sleeptimer.o ps7_cortexa9_0/lib/xqspips_options.o ps7_cortexa9_0/lib/xdmaps_g.o
TRACE::2026-01-20.13:55:57::SCWBDomain:: ps7_cortexa9_0/lib/xscutimer_g.o ps7_cortexa9_0/lib/xsdps_options.o ps7_cortexa9_0/lib/xil_misc_psreset_api.o ps7_cortexa9_0/l
TRACE::2026-01-20.13:55:57::SCWBDomain::ib/xdmaps_sinit.o ps7_cortexa9_0/lib/xscutimer_sinit.o ps7_cortexa9_0/lib/xemacps_hw.o ps7_cortexa9_0/lib/inbyte.o ps7_cortexa9
TRACE::2026-01-20.13:55:57::SCWBDomain::_0/lib/xdmaps_selftest.o ps7_cortexa9_0/lib/xscutimer_selftest.o ps7_cortexa9_0/lib/putnum.o ps7_cortexa9_0/lib/xqspips_hw.o ps
TRACE::2026-01-20.13:55:57::SCWBDomain::7_cortexa9_0/lib/xgpiops_g.o ps7_cortexa9_0/lib/xsdps.o ps7_cortexa9_0/lib/close.o ps7_cortexa9_0/lib/xgpiops_intr.o ps7_cortex
TRACE::2026-01-20.13:55:57::SCWBDomain::a9_0/lib/xdma_g.o ps7_cortexa9_0/lib/xgpiops_sinit.o ps7_cortexa9_0/lib/xdma_sinit.o ps7_cortexa9_0/lib/xgpiops_selftest.o ps7_
TRACE::2026-01-20.13:55:57::SCWBDomain::cortexa9_0/lib/xscuwdt.o ps7_cortexa9_0/lib/xgpiops.o ps7_cortexa9_0/lib/xil_clocking.o ps7_cortexa9_0/lib/xil_mem.o ps7_cortex
TRACE::2026-01-20.13:55:57::SCWBDomain::a9_0/lib/time.o ps7_cortexa9_0/lib/xil_printf.o ps7_cortexa9_0/lib/kill.o ps7_cortexa9_0/lib/xuartps_g.o ps7_cortexa9_0/lib/xad
TRACE::2026-01-20.13:55:57::SCWBDomain::cps.o ps7_cortexa9_0/lib/xuartps_sinit.o ps7_cortexa9_0/lib/xuartps_selftest.o ps7_cortexa9_0/lib/lseek.o ps7_cortexa9_0/lib/xu
TRACE::2026-01-20.13:55:57::SCWBDomain::sbps_hw.o ps7_cortexa9_0/lib/xl2cc_counter.o ps7_cortexa9_0/lib/asm_vectors.o ps7_cortexa9_0/lib/abort.o ps7_cortexa9_0/lib/xsc
TRACE::2026-01-20.13:55:57::SCWBDomain::ugic_intr.o ps7_cortexa9_0/lib/getpid.o ps7_cortexa9_0/lib/xdevcfg_sinit.o ps7_cortexa9_0/lib/xdmaps.o ps7_cortexa9_0/lib/xscut
TRACE::2026-01-20.13:55:57::SCWBDomain::imer.o ps7_cortexa9_0/lib/xdevcfg_selftest.o ps7_cortexa9_0/lib/xpm_counter.o ps7_cortexa9_0/lib/_sbrk.o ps7_cortexa9_0/lib/xem
TRACE::2026-01-20.13:55:57::SCWBDomain::acps_sinit.o ps7_cortexa9_0/lib/xqspips_g.o ps7_cortexa9_0/lib/xusbps.o ps7_cortexa9_0/lib/xusbps_endpoint.o ps7_cortexa9_0/lib
TRACE::2026-01-20.13:55:57::SCWBDomain::/xusbps_g.o ps7_cortexa9_0/lib/xsdps_sinit.o ps7_cortexa9_0/lib/xqspips_selftest.o ps7_cortexa9_0/lib/xil_exception.o ps7_corte
TRACE::2026-01-20.13:55:57::SCWBDomain::xa9_0/lib/xil_testmem.o ps7_cortexa9_0/lib/xemacps_control.o ps7_cortexa9_0/lib/open.o ps7_cortexa9_0/lib/xil_assert.o ps7_cort
TRACE::2026-01-20.13:55:57::SCWBDomain::exa9_0/lib/xusbps_intr.o ps7_cortexa9_0/lib/xsdps_host.o ps7_cortexa9_0/lib/xcoresightpsdcc.o ps7_cortexa9_0/lib/xscugic_hw.o p
TRACE::2026-01-20.13:55:57::SCWBDomain::s7_cortexa9_0/lib/sleep.o ps7_cortexa9_0/lib/cpputest_time.o ps7_cortexa9_0/lib/_open.o ps7_cortexa9_0/lib/fcntl.o ps7_cortexa9
TRACE::2026-01-20.13:55:57::SCWBDomain::_0/lib/print.o ps7_cortexa9_0/lib/read.o ps7_cortexa9_0/lib/xdevcfg.o ps7_cortexa9_0/lib/xadcps_intr.o ps7_cortexa9_0/lib/xqspi
TRACE::2026-01-20.13:55:57::SCWBDomain::ps.o ps7_cortexa9_0/lib/xemacps.o ps7_cortexa9_0/lib/xil_cache.o ps7_cortexa9_0/lib/xil_testio.o ps7_cortexa9_0/lib/unlink.o ps
TRACE::2026-01-20.13:55:57::SCWBDomain::7_cortexa9_0/lib/xil_spinlock.o ps7_cortexa9_0/lib/translation_table.o ps7_cortexa9_0/lib/write.o ps7_cortexa9_0/lib/boot.o ps7
TRACE::2026-01-20.13:55:57::SCWBDomain::_cortexa9_0/lib/xemacps_bdring.o ps7_cortexa9_0/lib/cpu_init.o ps7_cortexa9_0/lib/vectors.o ps7_cortexa9_0/lib/usleep.o ps7_cor
TRACE::2026-01-20.13:55:57::SCWBDomain::texa9_0/lib/xil_sleepcommon.o ps7_cortexa9_0/lib/xscugic_g.o ps7_cortexa9_0/lib/xscugic_sinit.o ps7_cortexa9_0/lib/xdevcfg_g.o 
TRACE::2026-01-20.13:55:57::SCWBDomain::ps7_cortexa9_0/lib/outbyte.o ps7_cortexa9_0/lib/xtime_l.o ps7_cortexa9_0/lib/xdma_linux.o ps7_cortexa9_0/lib/xscugic_selftest.o
TRACE::2026-01-20.13:55:57::SCWBDomain:: ps7_cortexa9_0/lib/xil_util.o ps7_cortexa9_0/lib/xuartps_intr.o ps7_cortexa9_0/lib/xuartps.o ps7_cortexa9_0/lib/xsdps_card.o p
TRACE::2026-01-20.13:55:57::SCWBDomain::s7_cortexa9_0/lib/xdmaps_hw.o ps7_cortexa9_0/lib/sbrk.o ps7_cortexa9_0/lib/xgpiops_hw.o ps7_cortexa9_0/lib/xsdps_g.o ps7_cortex
TRACE::2026-01-20.13:55:57::SCWBDomain::a9_0/lib/fstat.o ps7_cortexa9_0/lib/errno.o ps7_cortexa9_0/lib/xdevcfg_intr.o ps7_cortexa9_0/lib/xuartps_options.o ps7_cortexa9
TRACE::2026-01-20.13:55:57::SCWBDomain::_0/lib/xscuwdt_g.o ps7_cortexa9_0/lib/xdma.o ps7_cortexa9_0/lib/xemacps_g.o ps7_cortexa9_0/lib/xscuwdt_sinit.o ps7_cortexa9_0/l
TRACE::2026-01-20.13:55:57::SCWBDomain::ib/xemacps_intr.o ps7_cortexa9_0/lib/xscuwdt_selftest.o ps7_cortexa9_0/lib/isatty.o ps7_cortexa9_0/lib/xil-crt0.o ps7_cortexa9_
TRACE::2026-01-20.13:55:57::SCWBDomain::0/lib/xscugic.o ps7_cortexa9_0/lib/xuartps_hw.o ps7_cortexa9_0/lib/xadcps_g.o ps7_cortexa9_0/lib/xqspips_sinit.o ps7_cortexa9_0
TRACE::2026-01-20.13:55:57::SCWBDomain::/lib/xadcps_sinit.o

TRACE::2026-01-20.13:55:57::SCWBDomain::'Finished building libraries'

TRACE::2026-01-20.13:55:57::SCWBDomain::make: Leaving directory 'C:/Users/CamLT/AX7010_Work/UltrasonicFPGA2021/delay-and-sum/delay_and_sum_plat/zynq_fsbl/zynq_fsbl_bsp
TRACE::2026-01-20.13:55:57::SCWBDomain::'

TRACE::2026-01-20.13:55:57::SCWBDomain::arm-none-eabi-gcc -o fsbl.elf  sd.o  nand.o  image_mover.o  md5.o  fsbl_hooks.o  main.o  nor.o  qspi.o  rsa.o  ps7_init.o  pcap
TRACE::2026-01-20.13:55:57::SCWBDomain::.o  fsbl_handoff.o -MMD -MP       -mcpu=cortex-a9 -mfpu=vfpv3 -mfloat-abi=hard   -mcpu=cortex-a9 -mfpu=vfpv3 -mfloat-abi=hard -
TRACE::2026-01-20.13:55:57::SCWBDomain::Wl,-build-id=none -specs=Xilinx.spec  -lrsa -Wl,--start-group,-lxil,-lgcc,-lc,--end-group -Wl,--start-group,-lxilffs,-lxil,-lgc
TRACE::2026-01-20.13:55:57::SCWBDomain::c,-lc,--end-group -Wl,--start-group,-lrsa,-lxil,-lgcc,-lc,--end-group -Wl,--start-group,-lxil,-llwip4,-lgcc,-lc,--end-group    
TRACE::2026-01-20.13:55:57::SCWBDomain::                                -Wl,--gc-sections -Lzynq_fsbl_bsp/ps7_cortexa9_0/lib -L./ -Tlscript.ld

LOG::2026-01-20.13:56:05::SCWSystem::Checking the domain standalone_domain
LOG::2026-01-20.13:56:05::SCWSystem::Not a boot domain 
LOG::2026-01-20.13:56:05::SCWSystem::Started Processing the domain standalone_domain
TRACE::2026-01-20.13:56:05::SCWDomain::Generating domain artifcats
TRACE::2026-01-20.13:56:05::SCWMssOS::Generating standalone artifcats
TRACE::2026-01-20.13:56:05::SCWMssOS::Copying the qemu file from  C:/Xilinx/Vitis/2021.1/data/emulation/platforms/zynq/sw/a9_standalone/qemu/qemu_args.txt To C:/Users/CamLT/AX7010_Work/UltrasonicFPGA2021/delay-and-sum/delay_and_sum_plat/export/delay_and_sum_plat/sw/delay_and_sum_plat/qemu/
TRACE::2026-01-20.13:56:05::SCWMssOS::Copying the qemu file from  C:/Xilinx/Vitis/2021.1/data/emulation/platforms/zynq/sw/a9_standalone/qemu/qemu_args.txt To C:/Users/CamLT/AX7010_Work/UltrasonicFPGA2021/delay-and-sum/delay_and_sum_plat/export/delay_and_sum_plat/sw/delay_and_sum_plat/standalone_domain/qemu/
TRACE::2026-01-20.13:56:05::SCWMssOS:: Copying the user libraries. 
TRACE::2026-01-20.13:56:05::SCWPlatform::Trying to open the hw design at C:/Users/CamLT/AX7010_Work/UltrasonicFPGA2021/delay-and-sum/delay_and_sum_plat/hw/Demodulator_128Ch_wrapper.xsa
TRACE::2026-01-20.13:56:05::SCWPlatform::DSA given C:/Users/CamLT/AX7010_Work/UltrasonicFPGA2021/delay-and-sum/delay_and_sum_plat/hw/Demodulator_128Ch_wrapper.xsa
TRACE::2026-01-20.13:56:05::SCWPlatform::DSA absoulate path C:/Users/CamLT/AX7010_Work/UltrasonicFPGA2021/delay-and-sum/delay_and_sum_plat/hw/Demodulator_128Ch_wrapper.xsa
TRACE::2026-01-20.13:56:05::SCWPlatform::DSA directory C:/Users/CamLT/AX7010_Work/UltrasonicFPGA2021/delay-and-sum/delay_and_sum_plat/hw
TRACE::2026-01-20.13:56:05::SCWPlatform:: Platform Path C:/Users/CamLT/AX7010_Work/UltrasonicFPGA2021/delay-and-sum/delay_and_sum_plat/hw/Demodulator_128Ch_wrapper.xsa
TRACE::2026-01-20.13:56:05::SCWPlatform:: Unique name xilinx:::0.0
TRACE::2026-01-20.13:56:05::SCWPlatform::Trying to set the existing hwdb with name Demodulator_128Ch_wrappe
TRACE::2026-01-20.13:56:05::SCWPlatform::Opened existing hwdb Demodulator_128Ch_wrappe
TRACE::2026-01-20.13:56:05::SCWPlatform::Found the Hw Db part of the input DSA
TRACE::2026-01-20.13:56:05::SCWMssOS::Checking the sw design at  C:/Users/CamLT/AX7010_Work/UltrasonicFPGA2021/delay-and-sum/delay_and_sum_plat/ps7_cortexa9_0/standalone_domain/bsp/system.mss
TRACE::2026-01-20.13:56:05::SCWMssOS::DEBUG:  swdes dump  C:/Users/CamLT/AX7010_Work/UltrasonicFPGA2021/delay-and-sum/delay_and_sum_plat/ps7_cortexa9_0/standalone_domain/bsp/system.mss|system_0||
C:/Users/CamLT/AX7010_Work/UltrasonicFPGA2021/delay-and-sum/delay_and_sum_plat/zynq_fsbl/zynq_fsbl_bsp/system.mss|system||

TRACE::2026-01-20.13:56:05::SCWMssOS::Sw design exists and opened at  C:/Users/CamLT/AX7010_Work/UltrasonicFPGA2021/delay-and-sum/delay_and_sum_plat/ps7_cortexa9_0/standalone_domain/bsp/system.mss
TRACE::2026-01-20.13:56:05::SCWMssOS::Completed writing the mss file at C:/Users/CamLT/AX7010_Work/UltrasonicFPGA2021/delay-and-sum/delay_and_sum_plat/ps7_cortexa9_0/standalone_domain/bsp
TRACE::2026-01-20.13:56:05::SCWMssOS::Mss edits present, copying mssfile into export location C:/Users/CamLT/AX7010_Work/UltrasonicFPGA2021/delay-and-sum/delay_and_sum_plat/ps7_cortexa9_0/standalone_domain/bsp/system.mss
TRACE::2026-01-20.13:56:05::SCWMssOS::bsp generated is upto date with the mss file. Skipping bsp generation.
TRACE::2026-01-20.13:56:05::SCWMssOS::BSP is already built. skipping the bsp build ... 
TRACE::2026-01-20.13:56:05::SCWDomain::Building the domain as part of full build :  standalone_domain
TRACE::2026-01-20.13:56:05::SCWMssOS::doing bsp build ... 
TRACE::2026-01-20.13:56:05::SCWMssOS::System Command Ran  C: & cd  C:/Users/CamLT/AX7010_Work/UltrasonicFPGA2021/delay-and-sum/delay_and_sum_plat/ps7_cortexa9_0/standalone_domain/bsp & make 
TRACE::2026-01-20.13:56:05::SCWMssOS::make --no-print-directory seq_libs

TRACE::2026-01-20.13:56:05::SCWMssOS::"Running Make include in ps7_cortexa9_0/libsrc/coresightps_dcc_v1_8/src"

TRACE::2026-01-20.13:56:05::SCWMssOS::make -C ps7_cortexa9_0/libsrc/coresightps_dcc_v1_8/src -s include  "SHELL=CMD" "COMPILER=arm-none-eabi-gcc" "ASSEMBLER=arm-none
TRACE::2026-01-20.13:56:05::SCWMssOS::-eabi-as" "ARCHIVER=arm-none-eabi-ar" "COMPILER_FLAGS=  -O2 -c" "EXTRA_COMPILER_FLAGS=-mcpu=cortex-a9 -mfpu=vfpv3 -mfloat-abi=h
TRACE::2026-01-20.13:56:05::SCWMssOS::ard -nostartfiles -g -Wall -Wextra -fno-tree-loop-distribute-patterns"

TRACE::2026-01-20.13:56:05::SCWMssOS::"Running Make include in ps7_cortexa9_0/libsrc/cpu_cortexa9_v2_11/src"

TRACE::2026-01-20.13:56:05::SCWMssOS::make -C ps7_cortexa9_0/libsrc/cpu_cortexa9_v2_11/src -s include  "SHELL=CMD" "COMPILER=arm-none-eabi-gcc" "ASSEMBLER=arm-none-e
TRACE::2026-01-20.13:56:05::SCWMssOS::abi-as" "ARCHIVER=arm-none-eabi-ar" "COMPILER_FLAGS=  -O2 -c" "EXTRA_COMPILER_FLAGS=-mcpu=cortex-a9 -mfpu=vfpv3 -mfloat-abi=har
TRACE::2026-01-20.13:56:05::SCWMssOS::d -nostartfiles -g -Wall -Wextra -fno-tree-loop-distribute-patterns"

TRACE::2026-01-20.13:56:05::SCWMssOS::"Running Make include in ps7_cortexa9_0/libsrc/ddrps_v1_2/src"

TRACE::2026-01-20.13:56:05::SCWMssOS::make -C ps7_cortexa9_0/libsrc/ddrps_v1_2/src -s include  "SHELL=CMD" "COMPILER=arm-none-eabi-gcc" "ASSEMBLER=arm-none-eabi-as" 
TRACE::2026-01-20.13:56:05::SCWMssOS::"ARCHIVER=arm-none-eabi-ar" "COMPILER_FLAGS=  -O2 -c" "EXTRA_COMPILER_FLAGS=-mcpu=cortex-a9 -mfpu=vfpv3 -mfloat-abi=hard -nosta
TRACE::2026-01-20.13:56:05::SCWMssOS::rtfiles -g -Wall -Wextra -fno-tree-loop-distribute-patterns"

TRACE::2026-01-20.13:56:05::SCWMssOS::"Running Make include in ps7_cortexa9_0/libsrc/devcfg_v3_7/src"

TRACE::2026-01-20.13:56:05::SCWMssOS::make -C ps7_cortexa9_0/libsrc/devcfg_v3_7/src -s include  "SHELL=CMD" "COMPILER=arm-none-eabi-gcc" "ASSEMBLER=arm-none-eabi-as"
TRACE::2026-01-20.13:56:05::SCWMssOS:: "ARCHIVER=arm-none-eabi-ar" "COMPILER_FLAGS=  -O2 -c" "EXTRA_COMPILER_FLAGS=-mcpu=cortex-a9 -mfpu=vfpv3 -mfloat-abi=hard -nost
TRACE::2026-01-20.13:56:05::SCWMssOS::artfiles -g -Wall -Wextra -fno-tree-loop-distribute-patterns"

TRACE::2026-01-20.13:56:05::SCWMssOS::"Running Make include in ps7_cortexa9_0/libsrc/dmaps_v2_8/src"

TRACE::2026-01-20.13:56:05::SCWMssOS::make -C ps7_cortexa9_0/libsrc/dmaps_v2_8/src -s include  "SHELL=CMD" "COMPILER=arm-none-eabi-gcc" "ASSEMBLER=arm-none-eabi-as" 
TRACE::2026-01-20.13:56:05::SCWMssOS::"ARCHIVER=arm-none-eabi-ar" "COMPILER_FLAGS=  -O2 -c" "EXTRA_COMPILER_FLAGS=-mcpu=cortex-a9 -mfpu=vfpv3 -mfloat-abi=hard -nosta
TRACE::2026-01-20.13:56:05::SCWMssOS::rtfiles -g -Wall -Wextra -fno-tree-loop-distribute-patterns"

TRACE::2026-01-20.13:56:05::SCWMssOS::"Running Make include in ps7_cortexa9_0/libsrc/DMA_v1_0/src"

TRACE::2026-01-20.13:56:05::SCWMssOS::make -C ps7_cortexa9_0/libsrc/DMA_v1_0/src -s include  "SHELL=CMD" "COMPILER=arm-none-eabi-gcc" "ASSEMBLER=arm-none-eabi-as" "A
TRACE::2026-01-20.13:56:05::SCWMssOS::RCHIVER=arm-none-eabi-ar" "COMPILER_FLAGS=  -O2 -c" "EXTRA_COMPILER_FLAGS=-mcpu=cortex-a9 -mfpu=vfpv3 -mfloat-abi=hard -nostart
TRACE::2026-01-20.13:56:05::SCWMssOS::files -g -Wall -Wextra -fno-tree-loop-distribute-patterns"

TRACE::2026-01-20.13:56:05::SCWMssOS::"Running Make include in ps7_cortexa9_0/libsrc/emacps_v3_14/src"

TRACE::2026-01-20.13:56:05::SCWMssOS::make -C ps7_cortexa9_0/libsrc/emacps_v3_14/src -s include  "SHELL=CMD" "COMPILER=arm-none-eabi-gcc" "ASSEMBLER=arm-none-eabi-as
TRACE::2026-01-20.13:56:05::SCWMssOS::" "ARCHIVER=arm-none-eabi-ar" "COMPILER_FLAGS=  -O2 -c" "EXTRA_COMPILER_FLAGS=-mcpu=cortex-a9 -mfpu=vfpv3 -mfloat-abi=hard -nos
TRACE::2026-01-20.13:56:05::SCWMssOS::tartfiles -g -Wall -Wextra -fno-tree-loop-distribute-patterns"

TRACE::2026-01-20.13:56:05::SCWMssOS::"Running Make include in ps7_cortexa9_0/libsrc/gpiops_v3_9/src"

TRACE::2026-01-20.13:56:05::SCWMssOS::make -C ps7_cortexa9_0/libsrc/gpiops_v3_9/src -s include  "SHELL=CMD" "COMPILER=arm-none-eabi-gcc" "ASSEMBLER=arm-none-eabi-as"
TRACE::2026-01-20.13:56:05::SCWMssOS:: "ARCHIVER=arm-none-eabi-ar" "COMPILER_FLAGS=  -O2 -c" "EXTRA_COMPILER_FLAGS=-mcpu=cortex-a9 -mfpu=vfpv3 -mfloat-abi=hard -nost
TRACE::2026-01-20.13:56:05::SCWMssOS::artfiles -g -Wall -Wextra -fno-tree-loop-distribute-patterns"

TRACE::2026-01-20.13:56:06::SCWMssOS::"Running Make include in ps7_cortexa9_0/libsrc/lwip211_v1_5/src"

TRACE::2026-01-20.13:56:06::SCWMssOS::make -C ps7_cortexa9_0/libsrc/lwip211_v1_5/src -s include  "SHELL=CMD" "COMPILER=arm-none-eabi-gcc" "ASSEMBLER=arm-none-eabi-as
TRACE::2026-01-20.13:56:06::SCWMssOS::" "ARCHIVER=arm-none-eabi-ar" "COMPILER_FLAGS=  -O2 -c" "EXTRA_COMPILER_FLAGS=-mcpu=cortex-a9 -mfpu=vfpv3 -mfloat-abi=hard -nos
TRACE::2026-01-20.13:56:06::SCWMssOS::tartfiles -g -Wall -Wextra -fno-tree-loop-distribute-patterns"

TRACE::2026-01-20.13:56:06::SCWMssOS::"Running Make include in ps7_cortexa9_0/libsrc/qspips_v3_9/src"

TRACE::2026-01-20.13:56:06::SCWMssOS::make -C ps7_cortexa9_0/libsrc/qspips_v3_9/src -s include  "SHELL=CMD" "COMPILER=arm-none-eabi-gcc" "ASSEMBLER=arm-none-eabi-as"
TRACE::2026-01-20.13:56:06::SCWMssOS:: "ARCHIVER=arm-none-eabi-ar" "COMPILER_FLAGS=  -O2 -c" "EXTRA_COMPILER_FLAGS=-mcpu=cortex-a9 -mfpu=vfpv3 -mfloat-abi=hard -nost
TRACE::2026-01-20.13:56:06::SCWMssOS::artfiles -g -Wall -Wextra -fno-tree-loop-distribute-patterns"

TRACE::2026-01-20.13:56:06::SCWMssOS::"Running Make include in ps7_cortexa9_0/libsrc/scugic_v4_5/src"

TRACE::2026-01-20.13:56:06::SCWMssOS::make -C ps7_cortexa9_0/libsrc/scugic_v4_5/src -s include  "SHELL=CMD" "COMPILER=arm-none-eabi-gcc" "ASSEMBLER=arm-none-eabi-as"
TRACE::2026-01-20.13:56:06::SCWMssOS:: "ARCHIVER=arm-none-eabi-ar" "COMPILER_FLAGS=  -O2 -c" "EXTRA_COMPILER_FLAGS=-mcpu=cortex-a9 -mfpu=vfpv3 -mfloat-abi=hard -nost
TRACE::2026-01-20.13:56:06::SCWMssOS::artfiles -g -Wall -Wextra -fno-tree-loop-distribute-patterns"

TRACE::2026-01-20.13:56:06::SCWMssOS::"Running Make include in ps7_cortexa9_0/libsrc/scutimer_v2_3/src"

TRACE::2026-01-20.13:56:06::SCWMssOS::make -C ps7_cortexa9_0/libsrc/scutimer_v2_3/src -s include  "SHELL=CMD" "COMPILER=arm-none-eabi-gcc" "ASSEMBLER=arm-none-eabi-a
TRACE::2026-01-20.13:56:06::SCWMssOS::s" "ARCHIVER=arm-none-eabi-ar" "COMPILER_FLAGS=  -O2 -c" "EXTRA_COMPILER_FLAGS=-mcpu=cortex-a9 -mfpu=vfpv3 -mfloat-abi=hard -no
TRACE::2026-01-20.13:56:06::SCWMssOS::startfiles -g -Wall -Wextra -fno-tree-loop-distribute-patterns"

TRACE::2026-01-20.13:56:06::SCWMssOS::"Running Make include in ps7_cortexa9_0/libsrc/scuwdt_v2_4/src"

TRACE::2026-01-20.13:56:06::SCWMssOS::make -C ps7_cortexa9_0/libsrc/scuwdt_v2_4/src -s include  "SHELL=CMD" "COMPILER=arm-none-eabi-gcc" "ASSEMBLER=arm-none-eabi-as"
TRACE::2026-01-20.13:56:06::SCWMssOS:: "ARCHIVER=arm-none-eabi-ar" "COMPILER_FLAGS=  -O2 -c" "EXTRA_COMPILER_FLAGS=-mcpu=cortex-a9 -mfpu=vfpv3 -mfloat-abi=hard -nost
TRACE::2026-01-20.13:56:06::SCWMssOS::artfiles -g -Wall -Wextra -fno-tree-loop-distribute-patterns"

TRACE::2026-01-20.13:56:06::SCWMssOS::"Running Make include in ps7_cortexa9_0/libsrc/sdps_v3_12/src"

TRACE::2026-01-20.13:56:06::SCWMssOS::make -C ps7_cortexa9_0/libsrc/sdps_v3_12/src -s include  "SHELL=CMD" "COMPILER=arm-none-eabi-gcc" "ASSEMBLER=arm-none-eabi-as" 
TRACE::2026-01-20.13:56:06::SCWMssOS::"ARCHIVER=arm-none-eabi-ar" "COMPILER_FLAGS=  -O2 -c" "EXTRA_COMPILER_FLAGS=-mcpu=cortex-a9 -mfpu=vfpv3 -mfloat-abi=hard -nosta
TRACE::2026-01-20.13:56:06::SCWMssOS::rtfiles -g -Wall -Wextra -fno-tree-loop-distribute-patterns"

TRACE::2026-01-20.13:56:06::SCWMssOS::"Running Make include in ps7_cortexa9_0/libsrc/standalone_v7_5/src"

TRACE::2026-01-20.13:56:06::SCWMssOS::make -C ps7_cortexa9_0/libsrc/standalone_v7_5/src -s include  "SHELL=CMD" "COMPILER=arm-none-eabi-gcc" "ASSEMBLER=arm-none-eabi
TRACE::2026-01-20.13:56:06::SCWMssOS::-as" "ARCHIVER=arm-none-eabi-ar" "COMPILER_FLAGS=  -O2 -c" "EXTRA_COMPILER_FLAGS=-mcpu=cortex-a9 -mfpu=vfpv3 -mfloat-abi=hard -
TRACE::2026-01-20.13:56:06::SCWMssOS::nostartfiles -g -Wall -Wextra -fno-tree-loop-distribute-patterns"

TRACE::2026-01-20.13:56:07::SCWMssOS::"Running Make include in ps7_cortexa9_0/libsrc/uartps_v3_11/src"

TRACE::2026-01-20.13:56:07::SCWMssOS::make -C ps7_cortexa9_0/libsrc/uartps_v3_11/src -s include  "SHELL=CMD" "COMPILER=arm-none-eabi-gcc" "ASSEMBLER=arm-none-eabi-as
TRACE::2026-01-20.13:56:07::SCWMssOS::" "ARCHIVER=arm-none-eabi-ar" "COMPILER_FLAGS=  -O2 -c" "EXTRA_COMPILER_FLAGS=-mcpu=cortex-a9 -mfpu=vfpv3 -mfloat-abi=hard -nos
TRACE::2026-01-20.13:56:07::SCWMssOS::tartfiles -g -Wall -Wextra -fno-tree-loop-distribute-patterns"

TRACE::2026-01-20.13:56:07::SCWMssOS::"Running Make include in ps7_cortexa9_0/libsrc/usbps_v2_7/src"

TRACE::2026-01-20.13:56:07::SCWMssOS::make -C ps7_cortexa9_0/libsrc/usbps_v2_7/src -s include  "SHELL=CMD" "COMPILER=arm-none-eabi-gcc" "ASSEMBLER=arm-none-eabi-as" 
TRACE::2026-01-20.13:56:07::SCWMssOS::"ARCHIVER=arm-none-eabi-ar" "COMPILER_FLAGS=  -O2 -c" "EXTRA_COMPILER_FLAGS=-mcpu=cortex-a9 -mfpu=vfpv3 -mfloat-abi=hard -nosta
TRACE::2026-01-20.13:56:07::SCWMssOS::rtfiles -g -Wall -Wextra -fno-tree-loop-distribute-patterns"

TRACE::2026-01-20.13:56:07::SCWMssOS::"Running Make include in ps7_cortexa9_0/libsrc/xadcps_v2_6/src"

TRACE::2026-01-20.13:56:07::SCWMssOS::make -C ps7_cortexa9_0/libsrc/xadcps_v2_6/src -s include  "SHELL=CMD" "COMPILER=arm-none-eabi-gcc" "ASSEMBLER=arm-none-eabi-as"
TRACE::2026-01-20.13:56:07::SCWMssOS:: "ARCHIVER=arm-none-eabi-ar" "COMPILER_FLAGS=  -O2 -c" "EXTRA_COMPILER_FLAGS=-mcpu=cortex-a9 -mfpu=vfpv3 -mfloat-abi=hard -nost
TRACE::2026-01-20.13:56:07::SCWMssOS::artfiles -g -Wall -Wextra -fno-tree-loop-distribute-patterns"

TRACE::2026-01-20.13:56:07::SCWMssOS::"Running Make libs in ps7_cortexa9_0/libsrc/DMA_v1_0/src"

TRACE::2026-01-20.13:56:07::SCWMssOS::make -C ps7_cortexa9_0/libsrc/DMA_v1_0/src -s libs  "SHELL=CMD" "COMPILER=arm-none-eabi-gcc" "ASSEMBLER=arm-none-eabi-as" "ARCH
TRACE::2026-01-20.13:56:07::SCWMssOS::IVER=arm-none-eabi-ar" "COMPILER_FLAGS=  -O2 -c" "EXTRA_COMPILER_FLAGS=-mcpu=cortex-a9 -mfpu=vfpv3 -mfloat-abi=hard -nostartfil
TRACE::2026-01-20.13:56:07::SCWMssOS::es -g -Wall -Wextra -fno-tree-loop-distribute-patterns"

TRACE::2026-01-20.13:56:07::SCWMssOS::"Building DMA"

TRACE::2026-01-20.13:56:07::SCWMssOS::"Running Make libs in ps7_cortexa9_0/libsrc/lwip211_v1_5/src"

TRACE::2026-01-20.13:56:07::SCWMssOS::make -C ps7_cortexa9_0/libsrc/lwip211_v1_5/src -s libs  "SHELL=CMD" "COMPILER=arm-none-eabi-gcc" "ASSEMBLER=arm-none-eabi-as" "
TRACE::2026-01-20.13:56:07::SCWMssOS::ARCHIVER=arm-none-eabi-ar" "COMPILER_FLAGS=  -O2 -c" "EXTRA_COMPILER_FLAGS=-mcpu=cortex-a9 -mfpu=vfpv3 -mfloat-abi=hard -nostar
TRACE::2026-01-20.13:56:07::SCWMssOS::tfiles -g -Wall -Wextra -fno-tree-loop-distribute-patterns"

TRACE::2026-01-20.13:56:07::SCWMssOS::"Compiling lwip src and adapter files"

TRACE::2026-01-20.13:56:08::SCWMssOS::'Finished building libraries sequentially.'

TRACE::2026-01-20.13:56:08::SCWMssOS::make -j 14 --no-print-directory par_libs

TRACE::2026-01-20.13:56:08::SCWMssOS::"Running Make include in ps7_cortexa9_0/libsrc/coresightps_dcc_v1_8/src"

TRACE::2026-01-20.13:56:08::SCWMssOS::make -C ps7_cortexa9_0/libsrc/coresightps_dcc_v1_8/src -s include  "SHELL=CMD" "COMPILER=arm-none-eabi-gcc" "ASSEMBLER=arm-none
TRACE::2026-01-20.13:56:08::SCWMssOS::-eabi-as" "ARCHIVER=arm-none-eabi-ar" "COMPILER_FLAGS=  -O2 -c" "EXTRA_COMPILER_FLAGS=-mcpu=cortex-a9 -mfpu=vfpv3 -mfloat-abi=h
TRACE::2026-01-20.13:56:08::SCWMssOS::ard -nostartfiles -g -Wall -Wextra -fno-tree-loop-distribute-patterns"

TRACE::2026-01-20.13:56:08::SCWMssOS::"Running Make include in ps7_cortexa9_0/libsrc/cpu_cortexa9_v2_11/src"

TRACE::2026-01-20.13:56:08::SCWMssOS::"Running Make include in ps7_cortexa9_0/libsrc/ddrps_v1_2/src"

TRACE::2026-01-20.13:56:08::SCWMssOS::make -C ps7_cortexa9_0/libsrc/cpu_cortexa9_v2_11/src -s include  "SHELL=CMD" "COMPILER=arm-none-eabi-gcc" "ASSEMBLER=arm-none-e
TRACE::2026-01-20.13:56:08::SCWMssOS::abi-as" "ARCHIVER=arm-none-eabi-ar" "COMPILER_FLAGS=  -O2 -c" "EXTRA_COMPILER_FLAGS=-mcpu=cortex-a9 -mfpu=vfpv3 -mfloat-abi=har
TRACE::2026-01-20.13:56:08::SCWMssOS::d -nostartfiles -g -Wall -Wextra -fno-tree-loop-distribute-patterns"

TRACE::2026-01-20.13:56:08::SCWMssOS::make -C ps7_cortexa9_0/libsrc/ddrps_v1_2/src -s include  "SHELL=CMD" "COMPILER=arm-none-eabi-gcc" "ASSEMBLER=arm-none-eabi-as" 
TRACE::2026-01-20.13:56:08::SCWMssOS::"ARCHIVER=arm-none-eabi-ar" "COMPILER_FLAGS=  -O2 -c" "EXTRA_COMPILER_FLAGS=-mcpu=cortex-a9 -mfpu=vfpv3 -mfloat-abi=hard -nosta
TRACE::2026-01-20.13:56:08::SCWMssOS::rtfiles -g -Wall -Wextra -fno-tree-loop-distribute-patterns"

TRACE::2026-01-20.13:56:08::SCWMssOS::"Running Make include in ps7_cortexa9_0/libsrc/devcfg_v3_7/src"

TRACE::2026-01-20.13:56:08::SCWMssOS::make -C ps7_cortexa9_0/libsrc/devcfg_v3_7/src -s include  "SHELL=CMD" "COMPILER=arm-none-eabi-gcc" "ASSEMBLER=arm-none-eabi-as"
TRACE::2026-01-20.13:56:08::SCWMssOS:: "ARCHIVER=arm-none-eabi-ar" "COMPILER_FLAGS=  -O2 -c" "EXTRA_COMPILER_FLAGS=-mcpu=cortex-a9 -mfpu=vfpv3 -mfloat-abi=hard -nost
TRACE::2026-01-20.13:56:08::SCWMssOS::artfiles -g -Wall -Wextra -fno-tree-loop-distribute-patterns"

TRACE::2026-01-20.13:56:08::SCWMssOS::"Running Make include in ps7_cortexa9_0/libsrc/dmaps_v2_8/src"

TRACE::2026-01-20.13:56:08::SCWMssOS::"Running Make include in ps7_cortexa9_0/libsrc/DMA_v1_0/src"

TRACE::2026-01-20.13:56:08::SCWMssOS::make -C ps7_cortexa9_0/libsrc/dmaps_v2_8/src -s include  "SHELL=CMD" "COMPILER=arm-none-eabi-gcc" "ASSEMBLER=arm-none-eabi-as" 
TRACE::2026-01-20.13:56:08::SCWMssOS::"ARCHIVER=arm-none-eabi-ar" "COMPILER_FLAGS=  -O2 -c" "EXTRA_COMPILER_FLAGS=-mcpu=cortex-a9 -mfpu=vfpv3 -mfloat-abi=hard -nosta
TRACE::2026-01-20.13:56:08::SCWMssOS::rtfiles -g -Wall -Wextra -fno-tree-loop-distribute-patterns"

TRACE::2026-01-20.13:56:08::SCWMssOS::make -C ps7_cortexa9_0/libsrc/DMA_v1_0/src -s include  "SHELL=CMD" "COMPILER=arm-none-eabi-gcc" "ASSEMBLER=arm-none-eabi-as" "A
TRACE::2026-01-20.13:56:08::SCWMssOS::RCHIVER=arm-none-eabi-ar" "COMPILER_FLAGS=  -O2 -c" "EXTRA_COMPILER_FLAGS=-mcpu=cortex-a9 -mfpu=vfpv3 -mfloat-abi=hard -nostart
TRACE::2026-01-20.13:56:08::SCWMssOS::files -g -Wall -Wextra -fno-tree-loop-distribute-patterns"

TRACE::2026-01-20.13:56:08::SCWMssOS::"Running Make include in ps7_cortexa9_0/libsrc/emacps_v3_14/src"

TRACE::2026-01-20.13:56:08::SCWMssOS::make -C ps7_cortexa9_0/libsrc/emacps_v3_14/src -s include  "SHELL=CMD" "COMPILER=arm-none-eabi-gcc" "ASSEMBLER=arm-none-eabi-as
TRACE::2026-01-20.13:56:08::SCWMssOS::" "ARCHIVER=arm-none-eabi-ar" "COMPILER_FLAGS=  -O2 -c" "EXTRA_COMPILER_FLAGS=-mcpu=cortex-a9 -mfpu=vfpv3 -mfloat-abi=hard -nos
TRACE::2026-01-20.13:56:08::SCWMssOS::tartfiles -g -Wall -Wextra -fno-tree-loop-distribute-patterns"

TRACE::2026-01-20.13:56:08::SCWMssOS::"Running Make include in ps7_cortexa9_0/libsrc/gpiops_v3_9/src"

TRACE::2026-01-20.13:56:08::SCWMssOS::"Running Make include in ps7_cortexa9_0/libsrc/lwip211_v1_5/src"

TRACE::2026-01-20.13:56:08::SCWMssOS::make -C ps7_cortexa9_0/libsrc/gpiops_v3_9/src -s include  "SHELL=CMD" "COMPILER=arm-none-eabi-gcc" "ASSEMBLER=arm-none-eabi-as"
TRACE::2026-01-20.13:56:08::SCWMssOS:: "ARCHIVER=arm-none-eabi-ar" "COMPILER_FLAGS=  -O2 -c" "EXTRA_COMPILER_FLAGS=-mcpu=cortex-a9 -mfpu=vfpv3 -mfloat-abi=hard -nost
TRACE::2026-01-20.13:56:08::SCWMssOS::artfiles -g -Wall -Wextra -fno-tree-loop-distribute-patterns"

TRACE::2026-01-20.13:56:08::SCWMssOS::make -C ps7_cortexa9_0/libsrc/lwip211_v1_5/src -s include  "SHELL=CMD" "COMPILER=arm-none-eabi-gcc" "ASSEMBLER=arm-none-eabi-as
TRACE::2026-01-20.13:56:08::SCWMssOS::" "ARCHIVER=arm-none-eabi-ar" "COMPILER_FLAGS=  -O2 -c" "EXTRA_COMPILER_FLAGS=-mcpu=cortex-a9 -mfpu=vfpv3 -mfloat-abi=hard -nos
TRACE::2026-01-20.13:56:08::SCWMssOS::tartfiles -g -Wall -Wextra -fno-tree-loop-distribute-patterns"

TRACE::2026-01-20.13:56:08::SCWMssOS::"Running Make include in ps7_cortexa9_0/libsrc/qspips_v3_9/src"

TRACE::2026-01-20.13:56:08::SCWMssOS::make -C ps7_cortexa9_0/libsrc/qspips_v3_9/src -s include  "SHELL=CMD" "COMPILER=arm-none-eabi-gcc" "ASSEMBLER=arm-none-eabi-as"
TRACE::2026-01-20.13:56:08::SCWMssOS:: "ARCHIVER=arm-none-eabi-ar" "COMPILER_FLAGS=  -O2 -c" "EXTRA_COMPILER_FLAGS=-mcpu=cortex-a9 -mfpu=vfpv3 -mfloat-abi=hard -nost
TRACE::2026-01-20.13:56:08::SCWMssOS::artfiles -g -Wall -Wextra -fno-tree-loop-distribute-patterns"

TRACE::2026-01-20.13:56:08::SCWMssOS::"Running Make include in ps7_cortexa9_0/libsrc/scugic_v4_5/src"

TRACE::2026-01-20.13:56:08::SCWMssOS::make -C ps7_cortexa9_0/libsrc/scugic_v4_5/src -s include  "SHELL=CMD" "COMPILER=arm-none-eabi-gcc" "ASSEMBLER=arm-none-eabi-as"
TRACE::2026-01-20.13:56:08::SCWMssOS:: "ARCHIVER=arm-none-eabi-ar" "COMPILER_FLAGS=  -O2 -c" "EXTRA_COMPILER_FLAGS=-mcpu=cortex-a9 -mfpu=vfpv3 -mfloat-abi=hard -nost
TRACE::2026-01-20.13:56:08::SCWMssOS::artfiles -g -Wall -Wextra -fno-tree-loop-distribute-patterns"

TRACE::2026-01-20.13:56:08::SCWMssOS::"Running Make include in ps7_cortexa9_0/libsrc/scutimer_v2_3/src"

TRACE::2026-01-20.13:56:08::SCWMssOS::"Running Make include in ps7_cortexa9_0/libsrc/scuwdt_v2_4/src"

TRACE::2026-01-20.13:56:08::SCWMssOS::make -C ps7_cortexa9_0/libsrc/scutimer_v2_3/src -s include  "SHELL=CMD" "COMPILER=arm-none-eabi-gcc" "ASSEMBLER=arm-none-eabi-a
TRACE::2026-01-20.13:56:08::SCWMssOS::s" "ARCHIVER=arm-none-eabi-ar" "COMPILER_FLAGS=  -O2 -c" "EXTRA_COMPILER_FLAGS=-mcpu=cortex-a9 -mfpu=vfpv3 -mfloat-abi=hard -no
TRACE::2026-01-20.13:56:08::SCWMssOS::startfiles -g -Wall -Wextra -fno-tree-loop-distribute-patterns"

TRACE::2026-01-20.13:56:08::SCWMssOS::make -C ps7_cortexa9_0/libsrc/scuwdt_v2_4/src -s include  "SHELL=CMD" "COMPILER=arm-none-eabi-gcc" "ASSEMBLER=arm-none-eabi-as"
TRACE::2026-01-20.13:56:08::SCWMssOS:: "ARCHIVER=arm-none-eabi-ar" "COMPILER_FLAGS=  -O2 -c" "EXTRA_COMPILER_FLAGS=-mcpu=cortex-a9 -mfpu=vfpv3 -mfloat-abi=hard -nost
TRACE::2026-01-20.13:56:08::SCWMssOS::artfiles -g -Wall -Wextra -fno-tree-loop-distribute-patterns"

TRACE::2026-01-20.13:56:08::SCWMssOS::"Running Make include in ps7_cortexa9_0/libsrc/sdps_v3_12/src"

TRACE::2026-01-20.13:56:08::SCWMssOS::make -C ps7_cortexa9_0/libsrc/sdps_v3_12/src -s include  "SHELL=CMD" "COMPILER=arm-none-eabi-gcc" "ASSEMBLER=arm-none-eabi-as" 
TRACE::2026-01-20.13:56:08::SCWMssOS::"ARCHIVER=arm-none-eabi-ar" "COMPILER_FLAGS=  -O2 -c" "EXTRA_COMPILER_FLAGS=-mcpu=cortex-a9 -mfpu=vfpv3 -mfloat-abi=hard -nosta
TRACE::2026-01-20.13:56:08::SCWMssOS::rtfiles -g -Wall -Wextra -fno-tree-loop-distribute-patterns"

TRACE::2026-01-20.13:56:08::SCWMssOS::"Running Make include in ps7_cortexa9_0/libsrc/standalone_v7_5/src"

TRACE::2026-01-20.13:56:08::SCWMssOS::make -C ps7_cortexa9_0/libsrc/standalone_v7_5/src -s include  "SHELL=CMD" "COMPILER=arm-none-eabi-gcc" "ASSEMBLER=arm-none-eabi
TRACE::2026-01-20.13:56:08::SCWMssOS::-as" "ARCHIVER=arm-none-eabi-ar" "COMPILER_FLAGS=  -O2 -c" "EXTRA_COMPILER_FLAGS=-mcpu=cortex-a9 -mfpu=vfpv3 -mfloat-abi=hard -
TRACE::2026-01-20.13:56:08::SCWMssOS::nostartfiles -g -Wall -Wextra -fno-tree-loop-distribute-patterns"

TRACE::2026-01-20.13:56:08::SCWMssOS::"Running Make include in ps7_cortexa9_0/libsrc/uartps_v3_11/src"

TRACE::2026-01-20.13:56:08::SCWMssOS::make -C ps7_cortexa9_0/libsrc/uartps_v3_11/src -s include  "SHELL=CMD" "COMPILER=arm-none-eabi-gcc" "ASSEMBLER=arm-none-eabi-as
TRACE::2026-01-20.13:56:08::SCWMssOS::" "ARCHIVER=arm-none-eabi-ar" "COMPILER_FLAGS=  -O2 -c" "EXTRA_COMPILER_FLAGS=-mcpu=cortex-a9 -mfpu=vfpv3 -mfloat-abi=hard -nos
TRACE::2026-01-20.13:56:08::SCWMssOS::tartfiles -g -Wall -Wextra -fno-tree-loop-distribute-patterns"

TRACE::2026-01-20.13:56:08::SCWMssOS::"Running Make include in ps7_cortexa9_0/libsrc/usbps_v2_7/src"

TRACE::2026-01-20.13:56:08::SCWMssOS::make -C ps7_cortexa9_0/libsrc/usbps_v2_7/src -s include  "SHELL=CMD" "COMPILER=arm-none-eabi-gcc" "ASSEMBLER=arm-none-eabi-as" 
TRACE::2026-01-20.13:56:08::SCWMssOS::"ARCHIVER=arm-none-eabi-ar" "COMPILER_FLAGS=  -O2 -c" "EXTRA_COMPILER_FLAGS=-mcpu=cortex-a9 -mfpu=vfpv3 -mfloat-abi=hard -nosta
TRACE::2026-01-20.13:56:08::SCWMssOS::rtfiles -g -Wall -Wextra -fno-tree-loop-distribute-patterns"

TRACE::2026-01-20.13:56:08::SCWMssOS::"Running Make include in ps7_cortexa9_0/libsrc/xadcps_v2_6/src"

TRACE::2026-01-20.13:56:08::SCWMssOS::make -C ps7_cortexa9_0/libsrc/xadcps_v2_6/src -s include  "SHELL=CMD" "COMPILER=arm-none-eabi-gcc" "ASSEMBLER=arm-none-eabi-as"
TRACE::2026-01-20.13:56:08::SCWMssOS:: "ARCHIVER=arm-none-eabi-ar" "COMPILER_FLAGS=  -O2 -c" "EXTRA_COMPILER_FLAGS=-mcpu=cortex-a9 -mfpu=vfpv3 -mfloat-abi=hard -nost
TRACE::2026-01-20.13:56:08::SCWMssOS::artfiles -g -Wall -Wextra -fno-tree-loop-distribute-patterns"

TRACE::2026-01-20.13:56:08::SCWMssOS::"Running Make libs in ps7_cortexa9_0/libsrc/coresightps_dcc_v1_8/src"

TRACE::2026-01-20.13:56:08::SCWMssOS::make -C ps7_cortexa9_0/libsrc/coresightps_dcc_v1_8/src -s libs  "SHELL=CMD" "COMPILER=arm-none-eabi-gcc" "ASSEMBLER=arm-none-ea
TRACE::2026-01-20.13:56:08::SCWMssOS::bi-as" "ARCHIVER=arm-none-eabi-ar" "COMPILER_FLAGS=  -O2 -c" "EXTRA_COMPILER_FLAGS=-mcpu=cortex-a9 -mfpu=vfpv3 -mfloat-abi=hard
TRACE::2026-01-20.13:56:08::SCWMssOS:: -nostartfiles -g -Wall -Wextra -fno-tree-loop-distribute-patterns"

TRACE::2026-01-20.13:56:08::SCWMssOS::"Running Make libs in ps7_cortexa9_0/libsrc/cpu_cortexa9_v2_11/src"

TRACE::2026-01-20.13:56:08::SCWMssOS::make -C ps7_cortexa9_0/libsrc/cpu_cortexa9_v2_11/src -s libs  "SHELL=CMD" "COMPILER=arm-none-eabi-gcc" "ASSEMBLER=arm-none-eabi
TRACE::2026-01-20.13:56:08::SCWMssOS::-as" "ARCHIVER=arm-none-eabi-ar" "COMPILER_FLAGS=  -O2 -c" "EXTRA_COMPILER_FLAGS=-mcpu=cortex-a9 -mfpu=vfpv3 -mfloat-abi=hard -
TRACE::2026-01-20.13:56:08::SCWMssOS::nostartfiles -g -Wall -Wextra -fno-tree-loop-distribute-patterns"

TRACE::2026-01-20.13:56:08::SCWMssOS::"Running Make libs in ps7_cortexa9_0/libsrc/ddrps_v1_2/src"

TRACE::2026-01-20.13:56:08::SCWMssOS::make -C ps7_cortexa9_0/libsrc/ddrps_v1_2/src -s libs  "SHELL=CMD" "COMPILER=arm-none-eabi-gcc" "ASSEMBLER=arm-none-eabi-as" "AR
TRACE::2026-01-20.13:56:08::SCWMssOS::CHIVER=arm-none-eabi-ar" "COMPILER_FLAGS=  -O2 -c" "EXTRA_COMPILER_FLAGS=-mcpu=cortex-a9 -mfpu=vfpv3 -mfloat-abi=hard -nostartf
TRACE::2026-01-20.13:56:08::SCWMssOS::iles -g -Wall -Wextra -fno-tree-loop-distribute-patterns"

TRACE::2026-01-20.13:56:08::SCWMssOS::"Running Make libs in ps7_cortexa9_0/libsrc/devcfg_v3_7/src"

TRACE::2026-01-20.13:56:08::SCWMssOS::make -C ps7_cortexa9_0/libsrc/devcfg_v3_7/src -s libs  "SHELL=CMD" "COMPILER=arm-none-eabi-gcc" "ASSEMBLER=arm-none-eabi-as" "A
TRACE::2026-01-20.13:56:08::SCWMssOS::RCHIVER=arm-none-eabi-ar" "COMPILER_FLAGS=  -O2 -c" "EXTRA_COMPILER_FLAGS=-mcpu=cortex-a9 -mfpu=vfpv3 -mfloat-abi=hard -nostart
TRACE::2026-01-20.13:56:08::SCWMssOS::files -g -Wall -Wextra -fno-tree-loop-distribute-patterns"

TRACE::2026-01-20.13:56:08::SCWMssOS::"Running Make libs in ps7_cortexa9_0/libsrc/dmaps_v2_8/src"

TRACE::2026-01-20.13:56:08::SCWMssOS::"Running Make libs in ps7_cortexa9_0/libsrc/emacps_v3_14/src"

TRACE::2026-01-20.13:56:08::SCWMssOS::make -C ps7_cortexa9_0/libsrc/dmaps_v2_8/src -s libs  "SHELL=CMD" "COMPILER=arm-none-eabi-gcc" "ASSEMBLER=arm-none-eabi-as" "AR
TRACE::2026-01-20.13:56:08::SCWMssOS::CHIVER=arm-none-eabi-ar" "COMPILER_FLAGS=  -O2 -c" "EXTRA_COMPILER_FLAGS=-mcpu=cortex-a9 -mfpu=vfpv3 -mfloat-abi=hard -nostartf
TRACE::2026-01-20.13:56:08::SCWMssOS::iles -g -Wall -Wextra -fno-tree-loop-distribute-patterns"

TRACE::2026-01-20.13:56:08::SCWMssOS::make -C ps7_cortexa9_0/libsrc/emacps_v3_14/src -s libs  "SHELL=CMD" "COMPILER=arm-none-eabi-gcc" "ASSEMBLER=arm-none-eabi-as" "
TRACE::2026-01-20.13:56:08::SCWMssOS::ARCHIVER=arm-none-eabi-ar" "COMPILER_FLAGS=  -O2 -c" "EXTRA_COMPILER_FLAGS=-mcpu=cortex-a9 -mfpu=vfpv3 -mfloat-abi=hard -nostar
TRACE::2026-01-20.13:56:08::SCWMssOS::tfiles -g -Wall -Wextra -fno-tree-loop-distribute-patterns"

TRACE::2026-01-20.13:56:08::SCWMssOS::"Running Make libs in ps7_cortexa9_0/libsrc/gpiops_v3_9/src"

TRACE::2026-01-20.13:56:08::SCWMssOS::make -C ps7_cortexa9_0/libsrc/gpiops_v3_9/src -s libs  "SHELL=CMD" "COMPILER=arm-none-eabi-gcc" "ASSEMBLER=arm-none-eabi-as" "A
TRACE::2026-01-20.13:56:08::SCWMssOS::RCHIVER=arm-none-eabi-ar" "COMPILER_FLAGS=  -O2 -c" "EXTRA_COMPILER_FLAGS=-mcpu=cortex-a9 -mfpu=vfpv3 -mfloat-abi=hard -nostart
TRACE::2026-01-20.13:56:08::SCWMssOS::files -g -Wall -Wextra -fno-tree-loop-distribute-patterns"

TRACE::2026-01-20.13:56:08::SCWMssOS::"Running Make libs in ps7_cortexa9_0/libsrc/qspips_v3_9/src"

TRACE::2026-01-20.13:56:08::SCWMssOS::make -C ps7_cortexa9_0/libsrc/qspips_v3_9/src -s libs  "SHELL=CMD" "COMPILER=arm-none-eabi-gcc" "ASSEMBLER=arm-none-eabi-as" "A
TRACE::2026-01-20.13:56:08::SCWMssOS::RCHIVER=arm-none-eabi-ar" "COMPILER_FLAGS=  -O2 -c" "EXTRA_COMPILER_FLAGS=-mcpu=cortex-a9 -mfpu=vfpv3 -mfloat-abi=hard -nostart
TRACE::2026-01-20.13:56:08::SCWMssOS::files -g -Wall -Wextra -fno-tree-loop-distribute-patterns"

TRACE::2026-01-20.13:56:08::SCWMssOS::"Running Make libs in ps7_cortexa9_0/libsrc/scugic_v4_5/src"

TRACE::2026-01-20.13:56:08::SCWMssOS::"Running Make libs in ps7_cortexa9_0/libsrc/scutimer_v2_3/src"

TRACE::2026-01-20.13:56:08::SCWMssOS::make -C ps7_cortexa9_0/libsrc/scugic_v4_5/src -s libs  "SHELL=CMD" "COMPILER=arm-none-eabi-gcc" "ASSEMBLER=arm-none-eabi-as" "A
TRACE::2026-01-20.13:56:08::SCWMssOS::RCHIVER=arm-none-eabi-ar" "COMPILER_FLAGS=  -O2 -c" "EXTRA_COMPILER_FLAGS=-mcpu=cortex-a9 -mfpu=vfpv3 -mfloat-abi=hard -nostart
TRACE::2026-01-20.13:56:08::SCWMssOS::files -g -Wall -Wextra -fno-tree-loop-distribute-patterns"

TRACE::2026-01-20.13:56:08::SCWMssOS::make -C ps7_cortexa9_0/libsrc/scutimer_v2_3/src -s libs  "SHELL=CMD" "COMPILER=arm-none-eabi-gcc" "ASSEMBLER=arm-none-eabi-as" 
TRACE::2026-01-20.13:56:08::SCWMssOS::"ARCHIVER=arm-none-eabi-ar" "COMPILER_FLAGS=  -O2 -c" "EXTRA_COMPILER_FLAGS=-mcpu=cortex-a9 -mfpu=vfpv3 -mfloat-abi=hard -nosta
TRACE::2026-01-20.13:56:08::SCWMssOS::rtfiles -g -Wall -Wextra -fno-tree-loop-distribute-patterns"

TRACE::2026-01-20.13:56:08::SCWMssOS::"Running Make libs in ps7_cortexa9_0/libsrc/scuwdt_v2_4/src"

TRACE::2026-01-20.13:56:08::SCWMssOS::make -C ps7_cortexa9_0/libsrc/scuwdt_v2_4/src -s libs  "SHELL=CMD" "COMPILER=arm-none-eabi-gcc" "ASSEMBLER=arm-none-eabi-as" "A
TRACE::2026-01-20.13:56:08::SCWMssOS::RCHIVER=arm-none-eabi-ar" "COMPILER_FLAGS=  -O2 -c" "EXTRA_COMPILER_FLAGS=-mcpu=cortex-a9 -mfpu=vfpv3 -mfloat-abi=hard -nostart
TRACE::2026-01-20.13:56:08::SCWMssOS::files -g -Wall -Wextra -fno-tree-loop-distribute-patterns"

TRACE::2026-01-20.13:56:08::SCWMssOS::"Running Make libs in ps7_cortexa9_0/libsrc/sdps_v3_12/src"

TRACE::2026-01-20.13:56:08::SCWMssOS::make -C ps7_cortexa9_0/libsrc/sdps_v3_12/src -s libs  "SHELL=CMD" "COMPILER=arm-none-eabi-gcc" "ASSEMBLER=arm-none-eabi-as" "AR
TRACE::2026-01-20.13:56:08::SCWMssOS::CHIVER=arm-none-eabi-ar" "COMPILER_FLAGS=  -O2 -c" "EXTRA_COMPILER_FLAGS=-mcpu=cortex-a9 -mfpu=vfpv3 -mfloat-abi=hard -nostartf
TRACE::2026-01-20.13:56:08::SCWMssOS::iles -g -Wall -Wextra -fno-tree-loop-distribute-patterns"

TRACE::2026-01-20.13:56:08::SCWMssOS::"Running Make libs in ps7_cortexa9_0/libsrc/standalone_v7_5/src"

TRACE::2026-01-20.13:56:08::SCWMssOS::make -C ps7_cortexa9_0/libsrc/standalone_v7_5/src -s libs  "SHELL=CMD" "COMPILER=arm-none-eabi-gcc" "ASSEMBLER=arm-none-eabi-as
TRACE::2026-01-20.13:56:08::SCWMssOS::" "ARCHIVER=arm-none-eabi-ar" "COMPILER_FLAGS=  -O2 -c" "EXTRA_COMPILER_FLAGS=-mcpu=cortex-a9 -mfpu=vfpv3 -mfloat-abi=hard -nos
TRACE::2026-01-20.13:56:08::SCWMssOS::tartfiles -g -Wall -Wextra -fno-tree-loop-distribute-patterns"

TRACE::2026-01-20.13:56:08::SCWMssOS::"Running Make libs in ps7_cortexa9_0/libsrc/uartps_v3_11/src"

TRACE::2026-01-20.13:56:08::SCWMssOS::make -C ps7_cortexa9_0/libsrc/uartps_v3_11/src -s libs  "SHELL=CMD" "COMPILER=arm-none-eabi-gcc" "ASSEMBLER=arm-none-eabi-as" "
TRACE::2026-01-20.13:56:08::SCWMssOS::ARCHIVER=arm-none-eabi-ar" "COMPILER_FLAGS=  -O2 -c" "EXTRA_COMPILER_FLAGS=-mcpu=cortex-a9 -mfpu=vfpv3 -mfloat-abi=hard -nostar
TRACE::2026-01-20.13:56:08::SCWMssOS::tfiles -g -Wall -Wextra -fno-tree-loop-distribute-patterns"

TRACE::2026-01-20.13:56:08::SCWMssOS::"Running Make libs in ps7_cortexa9_0/libsrc/usbps_v2_7/src"

TRACE::2026-01-20.13:56:08::SCWMssOS::make -C ps7_cortexa9_0/libsrc/usbps_v2_7/src -s libs  "SHELL=CMD" "COMPILER=arm-none-eabi-gcc" "ASSEMBLER=arm-none-eabi-as" "AR
TRACE::2026-01-20.13:56:08::SCWMssOS::CHIVER=arm-none-eabi-ar" "COMPILER_FLAGS=  -O2 -c" "EXTRA_COMPILER_FLAGS=-mcpu=cortex-a9 -mfpu=vfpv3 -mfloat-abi=hard -nostartf
TRACE::2026-01-20.13:56:08::SCWMssOS::iles -g -Wall -Wextra -fno-tree-loop-distribute-patterns"

TRACE::2026-01-20.13:56:08::SCWMssOS::"Running Make libs in ps7_cortexa9_0/libsrc/xadcps_v2_6/src"

TRACE::2026-01-20.13:56:08::SCWMssOS::make -C ps7_cortexa9_0/libsrc/xadcps_v2_6/src -s libs  "SHELL=CMD" "COMPILER=arm-none-eabi-gcc" "ASSEMBLER=arm-none-eabi-as" "A
TRACE::2026-01-20.13:56:08::SCWMssOS::RCHIVER=arm-none-eabi-ar" "COMPILER_FLAGS=  -O2 -c" "EXTRA_COMPILER_FLAGS=-mcpu=cortex-a9 -mfpu=vfpv3 -mfloat-abi=hard -nostart
TRACE::2026-01-20.13:56:08::SCWMssOS::files -g -Wall -Wextra -fno-tree-loop-distribute-patterns"

TRACE::2026-01-20.13:56:09::SCWMssOS::'Finished building libraries parallelly.'

TRACE::2026-01-20.13:56:09::SCWMssOS::make --no-print-directory archive

TRACE::2026-01-20.13:56:09::SCWMssOS::arm-none-eabi-ar -r  ps7_cortexa9_0/lib/libxil.a ps7_cortexa9_0/lib/xil_testcache.o ps7_cortexa9_0/lib/xadcps_selftest.o ps7_co
TRACE::2026-01-20.13:56:09::SCWMssOS::rtexa9_0/lib/xplatform_info.o ps7_cortexa9_0/lib/xil_mmu.o ps7_cortexa9_0/lib/_exit.o ps7_cortexa9_0/lib/xusbps_sinit.o ps7_cor
TRACE::2026-01-20.13:56:09::SCWMssOS::texa9_0/lib/xdevcfg_hw.o ps7_cortexa9_0/lib/xil_sleeptimer.o ps7_cortexa9_0/lib/xqspips_options.o ps7_cortexa9_0/lib/xdmaps_g.o
TRACE::2026-01-20.13:56:09::SCWMssOS:: ps7_cortexa9_0/lib/xscutimer_g.o ps7_cortexa9_0/lib/xsdps_options.o ps7_cortexa9_0/lib/xil_misc_psreset_api.o ps7_cortexa9_0/l
TRACE::2026-01-20.13:56:09::SCWMssOS::ib/xdmaps_sinit.o ps7_cortexa9_0/lib/xscutimer_sinit.o ps7_cortexa9_0/lib/xemacps_hw.o ps7_cortexa9_0/lib/inbyte.o ps7_cortexa9
TRACE::2026-01-20.13:56:09::SCWMssOS::_0/lib/xdmaps_selftest.o ps7_cortexa9_0/lib/xscutimer_selftest.o ps7_cortexa9_0/lib/putnum.o ps7_cortexa9_0/lib/xadcps_intr.o p
TRACE::2026-01-20.13:56:09::SCWMssOS::s7_cortexa9_0/lib/xgpiops_g.o ps7_cortexa9_0/lib/xsdps.o ps7_cortexa9_0/lib/close.o ps7_cortexa9_0/lib/xgpiops_intr.o ps7_corte
TRACE::2026-01-20.13:56:09::SCWMssOS::xa9_0/lib/xdma_g.o ps7_cortexa9_0/lib/xgpiops_sinit.o ps7_cortexa9_0/lib/xdma_sinit.o ps7_cortexa9_0/lib/xgpiops_selftest.o ps7
TRACE::2026-01-20.13:56:09::SCWMssOS::_cortexa9_0/lib/xscuwdt.o ps7_cortexa9_0/lib/xgpiops.o ps7_cortexa9_0/lib/xil_clocking.o ps7_cortexa9_0/lib/xil_mem.o ps7_corte
TRACE::2026-01-20.13:56:09::SCWMssOS::xa9_0/lib/time.o ps7_cortexa9_0/lib/xil_printf.o ps7_cortexa9_0/lib/kill.o ps7_cortexa9_0/lib/xuartps_g.o ps7_cortexa9_0/lib/xa
TRACE::2026-01-20.13:56:09::SCWMssOS::dcps.o ps7_cortexa9_0/lib/xuartps_sinit.o ps7_cortexa9_0/lib/xuartps_selftest.o ps7_cortexa9_0/lib/outbyte.o ps7_cortexa9_0/lib
TRACE::2026-01-20.13:56:09::SCWMssOS::/lseek.o ps7_cortexa9_0/lib/xusbps_hw.o ps7_cortexa9_0/lib/xl2cc_counter.o ps7_cortexa9_0/lib/asm_vectors.o ps7_cortexa9_0/lib/
TRACE::2026-01-20.13:56:09::SCWMssOS::abort.o ps7_cortexa9_0/lib/xscugic_intr.o ps7_cortexa9_0/lib/getpid.o ps7_cortexa9_0/lib/xdevcfg_sinit.o ps7_cortexa9_0/lib/xdm
TRACE::2026-01-20.13:56:09::SCWMssOS::aps.o ps7_cortexa9_0/lib/xscutimer.o ps7_cortexa9_0/lib/xdevcfg_selftest.o ps7_cortexa9_0/lib/xpm_counter.o ps7_cortexa9_0/lib/
TRACE::2026-01-20.13:56:09::SCWMssOS::_sbrk.o ps7_cortexa9_0/lib/xemacps_sinit.o ps7_cortexa9_0/lib/xqspips_g.o ps7_cortexa9_0/lib/xusbps.o ps7_cortexa9_0/lib/xusbps
TRACE::2026-01-20.13:56:09::SCWMssOS::_endpoint.o ps7_cortexa9_0/lib/xusbps_g.o ps7_cortexa9_0/lib/xsdps_sinit.o ps7_cortexa9_0/lib/xqspips_selftest.o ps7_cortexa9_0
TRACE::2026-01-20.13:56:09::SCWMssOS::/lib/xil_exception.o ps7_cortexa9_0/lib/xil_testmem.o ps7_cortexa9_0/lib/xemacps_control.o ps7_cortexa9_0/lib/open.o ps7_cortex
TRACE::2026-01-20.13:56:09::SCWMssOS::a9_0/lib/xil_assert.o ps7_cortexa9_0/lib/xusbps_intr.o ps7_cortexa9_0/lib/xsdps_host.o ps7_cortexa9_0/lib/xcoresightpsdcc.o ps7
TRACE::2026-01-20.13:56:09::SCWMssOS::_cortexa9_0/lib/xscugic_hw.o ps7_cortexa9_0/lib/sleep.o ps7_cortexa9_0/lib/cpputest_time.o ps7_cortexa9_0/lib/xil_spinlock.o ps
TRACE::2026-01-20.13:56:09::SCWMssOS::7_cortexa9_0/lib/fcntl.o ps7_cortexa9_0/lib/print.o ps7_cortexa9_0/lib/read.o ps7_cortexa9_0/lib/xdevcfg.o ps7_cortexa9_0/lib/x
TRACE::2026-01-20.13:56:09::SCWMssOS::qspips.o ps7_cortexa9_0/lib/xemacps.o ps7_cortexa9_0/lib/xil_cache.o ps7_cortexa9_0/lib/xil_testio.o ps7_cortexa9_0/lib/_open.o
TRACE::2026-01-20.13:56:09::SCWMssOS:: ps7_cortexa9_0/lib/unlink.o ps7_cortexa9_0/lib/xdma.o ps7_cortexa9_0/lib/translation_table.o ps7_cortexa9_0/lib/write.o ps7_co
TRACE::2026-01-20.13:56:09::SCWMssOS::rtexa9_0/lib/boot.o ps7_cortexa9_0/lib/xemacps_bdring.o ps7_cortexa9_0/lib/cpu_init.o ps7_cortexa9_0/lib/vectors.o ps7_cortexa9
TRACE::2026-01-20.13:56:09::SCWMssOS::_0/lib/usleep.o ps7_cortexa9_0/lib/xil_sleepcommon.o ps7_cortexa9_0/lib/xscugic_g.o ps7_cortexa9_0/lib/xscugic_sinit.o ps7_cort
TRACE::2026-01-20.13:56:09::SCWMssOS::exa9_0/lib/xdevcfg_g.o ps7_cortexa9_0/lib/xtime_l.o ps7_cortexa9_0/lib/xdma_linux.o ps7_cortexa9_0/lib/xscugic_selftest.o ps7_c
TRACE::2026-01-20.13:56:09::SCWMssOS::ortexa9_0/lib/xil_util.o ps7_cortexa9_0/lib/xuartps_intr.o ps7_cortexa9_0/lib/xuartps.o ps7_cortexa9_0/lib/xsdps_card.o ps7_cor
TRACE::2026-01-20.13:56:09::SCWMssOS::texa9_0/lib/xdmaps_hw.o ps7_cortexa9_0/lib/sbrk.o ps7_cortexa9_0/lib/xgpiops_hw.o ps7_cortexa9_0/lib/xsdps_g.o ps7_cortexa9_0/l
TRACE::2026-01-20.13:56:09::SCWMssOS::ib/fstat.o ps7_cortexa9_0/lib/xqspips_hw.o ps7_cortexa9_0/lib/errno.o ps7_cortexa9_0/lib/xdevcfg_intr.o ps7_cortexa9_0/lib/xuar
TRACE::2026-01-20.13:56:09::SCWMssOS::tps_options.o ps7_cortexa9_0/lib/xscuwdt_g.o ps7_cortexa9_0/lib/xemacps_g.o ps7_cortexa9_0/lib/xscuwdt_sinit.o ps7_cortexa9_0/l
TRACE::2026-01-20.13:56:09::SCWMssOS::ib/xemacps_intr.o ps7_cortexa9_0/lib/xscuwdt_selftest.o ps7_cortexa9_0/lib/isatty.o ps7_cortexa9_0/lib/xil-crt0.o ps7_cortexa9_
TRACE::2026-01-20.13:56:09::SCWMssOS::0/lib/xscugic.o ps7_cortexa9_0/lib/xuartps_hw.o ps7_cortexa9_0/lib/xadcps_g.o ps7_cortexa9_0/lib/xqspips_sinit.o ps7_cortexa9_0
TRACE::2026-01-20.13:56:09::SCWMssOS::/lib/xadcps_sinit.o

TRACE::2026-01-20.13:56:09::SCWMssOS::'Finished building libraries'

TRACE::2026-01-20.13:56:09::SCWMssOS::Copying to export directory.
TRACE::2026-01-20.13:56:10::SCWMssOS:: Checking if to create the Supporting Applications
TRACE::2026-01-20.13:56:10::SCWMssOS:: No Linux domain exists, trying to generate FSBL 
LOG::2026-01-20.13:56:10::SCWSystem::Completed Processing the domain standalone_domain
LOG::2026-01-20.13:56:10::SCWSystem::Completed Processing the sysconfig delay_and_sum_plat
LOG::2026-01-20.13:56:10::SCWPlatform::Completed generating the artifacts for system configuration delay_and_sum_plat
TRACE::2026-01-20.13:56:10::SCWPlatform::Started preparing the platform 
TRACE::2026-01-20.13:56:10::SCWSystem::Writing the bif file for system config delay_and_sum_plat
TRACE::2026-01-20.13:56:10::SCWSystem::dir created 
TRACE::2026-01-20.13:56:10::SCWSystem::Writing the bif 
TRACE::2026-01-20.13:56:10::SCWPlatform::Started writing the spfm file 
TRACE::2026-01-20.13:56:10::SCWPlatform::Started writing the xpfm file 
TRACE::2026-01-20.13:56:10::SCWPlatform::Completed generating the platform
TRACE::2026-01-20.13:56:10::SCWMssOS::Saving the mss changes C:/Users/CamLT/AX7010_Work/UltrasonicFPGA2021/delay-and-sum/delay_and_sum_plat/zynq_fsbl/zynq_fsbl_bsp/system.mss
TRACE::2026-01-20.13:56:10::SCWMssOS::Found a swdesign opened with the mssfile.
TRACE::2026-01-20.13:56:10::SCWMssOS::Completed writemss as part of save.
TRACE::2026-01-20.13:56:10::SCWMssOS::Commit changes completed.
TRACE::2026-01-20.13:56:10::SCWMssOS::Saving the mss changes C:/Users/CamLT/AX7010_Work/UltrasonicFPGA2021/delay-and-sum/delay_and_sum_plat/ps7_cortexa9_0/standalone_domain/bsp/system.mss
TRACE::2026-01-20.13:56:10::SCWMssOS::Found a swdesign opened with the mssfile.
TRACE::2026-01-20.13:56:10::SCWMssOS::Completed writemss as part of save.
TRACE::2026-01-20.13:56:10::SCWMssOS::Commit changes completed.
TRACE::2026-01-20.13:56:10::SCWPlatform::Trying to open the hw design at C:/Users/CamLT/AX7010_Work/UltrasonicFPGA2021/delay-and-sum/delay_and_sum_plat/hw/Demodulator_128Ch_wrapper.xsa
TRACE::2026-01-20.13:56:10::SCWPlatform::DSA given C:/Users/CamLT/AX7010_Work/UltrasonicFPGA2021/delay-and-sum/delay_and_sum_plat/hw/Demodulator_128Ch_wrapper.xsa
TRACE::2026-01-20.13:56:10::SCWPlatform::DSA absoulate path C:/Users/CamLT/AX7010_Work/UltrasonicFPGA2021/delay-and-sum/delay_and_sum_plat/hw/Demodulator_128Ch_wrapper.xsa
TRACE::2026-01-20.13:56:10::SCWPlatform::DSA directory C:/Users/CamLT/AX7010_Work/UltrasonicFPGA2021/delay-and-sum/delay_and_sum_plat/hw
TRACE::2026-01-20.13:56:10::SCWPlatform:: Platform Path C:/Users/CamLT/AX7010_Work/UltrasonicFPGA2021/delay-and-sum/delay_and_sum_plat/hw/Demodulator_128Ch_wrapper.xsa
TRACE::2026-01-20.13:56:10::SCWPlatform:: Unique name xilinx:::0.0
TRACE::2026-01-20.13:56:10::SCWPlatform::Trying to set the existing hwdb with name Demodulator_128Ch_wrappe
TRACE::2026-01-20.13:56:10::SCWPlatform::Opened existing hwdb Demodulator_128Ch_wrappe
TRACE::2026-01-20.13:56:10::SCWPlatform::Found the Hw Db part of the input DSA
TRACE::2026-01-20.13:56:10::SCWMssOS::Checking the sw design at  C:/Users/CamLT/AX7010_Work/UltrasonicFPGA2021/delay-and-sum/delay_and_sum_plat/zynq_fsbl/zynq_fsbl_bsp/system.mss
TRACE::2026-01-20.13:56:10::SCWMssOS::DEBUG:  swdes dump  C:/Users/CamLT/AX7010_Work/UltrasonicFPGA2021/delay-and-sum/delay_and_sum_plat/ps7_cortexa9_0/standalone_domain/bsp/system.mss|system_0||
C:/Users/CamLT/AX7010_Work/UltrasonicFPGA2021/delay-and-sum/delay_and_sum_plat/zynq_fsbl/zynq_fsbl_bsp/system.mss|system||

TRACE::2026-01-20.13:56:10::SCWMssOS::Sw design exists and opened at  C:/Users/CamLT/AX7010_Work/UltrasonicFPGA2021/delay-and-sum/delay_and_sum_plat/zynq_fsbl/zynq_fsbl_bsp/system.mss
TRACE::2026-01-20.13:56:10::SCWPlatform::Trying to open the hw design at C:/Users/CamLT/AX7010_Work/UltrasonicFPGA2021/delay-and-sum/delay_and_sum_plat/hw/Demodulator_128Ch_wrapper.xsa
TRACE::2026-01-20.13:56:10::SCWPlatform::DSA given C:/Users/CamLT/AX7010_Work/UltrasonicFPGA2021/delay-and-sum/delay_and_sum_plat/hw/Demodulator_128Ch_wrapper.xsa
TRACE::2026-01-20.13:56:10::SCWPlatform::DSA absoulate path C:/Users/CamLT/AX7010_Work/UltrasonicFPGA2021/delay-and-sum/delay_and_sum_plat/hw/Demodulator_128Ch_wrapper.xsa
TRACE::2026-01-20.13:56:10::SCWPlatform::DSA directory C:/Users/CamLT/AX7010_Work/UltrasonicFPGA2021/delay-and-sum/delay_and_sum_plat/hw
TRACE::2026-01-20.13:56:10::SCWPlatform:: Platform Path C:/Users/CamLT/AX7010_Work/UltrasonicFPGA2021/delay-and-sum/delay_and_sum_plat/hw/Demodulator_128Ch_wrapper.xsa
TRACE::2026-01-20.13:56:10::SCWPlatform:: Unique name xilinx:::0.0
TRACE::2026-01-20.13:56:10::SCWPlatform::Trying to set the existing hwdb with name Demodulator_128Ch_wrappe
TRACE::2026-01-20.13:56:10::SCWPlatform::Opened existing hwdb Demodulator_128Ch_wrappe
TRACE::2026-01-20.13:56:10::SCWPlatform::Found the Hw Db part of the input DSA
TRACE::2026-01-20.13:56:10::SCWMssOS::Checking the sw design at  C:/Users/CamLT/AX7010_Work/UltrasonicFPGA2021/delay-and-sum/delay_and_sum_plat/ps7_cortexa9_0/standalone_domain/bsp/system.mss
TRACE::2026-01-20.13:56:10::SCWMssOS::DEBUG:  swdes dump  C:/Users/CamLT/AX7010_Work/UltrasonicFPGA2021/delay-and-sum/delay_and_sum_plat/ps7_cortexa9_0/standalone_domain/bsp/system.mss|system_0||
C:/Users/CamLT/AX7010_Work/UltrasonicFPGA2021/delay-and-sum/delay_and_sum_plat/zynq_fsbl/zynq_fsbl_bsp/system.mss|system||

TRACE::2026-01-20.13:56:10::SCWMssOS::Sw design exists and opened at  C:/Users/CamLT/AX7010_Work/UltrasonicFPGA2021/delay-and-sum/delay_and_sum_plat/ps7_cortexa9_0/standalone_domain/bsp/system.mss
TRACE::2026-01-20.13:56:10::SCWWriter::formatted JSON is {
	"platformName":	"delay_and_sum_plat",
	"sprVersion":	"2.0",
	"mode":	"gui",
	"dsaType":	"Fixed",
	"platformDesc":	"delay_and_sum_plat",
	"platHandOff":	"C:/Users/CamLT/AX7010_Work/Demodulator_128Ch_wrapper.xsa",
	"platIntHandOff":	"<platformDir>/hw/Demodulator_128Ch_wrapper.xsa",
	"deviceType":	"zynq",
	"platIsPrebuiltAutogen":	"false",
	"platIsNoBootBsp":	"false",
	"hasFsblMakeHasChanges":	"false",
	"hasPmufwMakeHasChanges":	"false",
	"fsblExtraCompilerFlags":	"-MMD -MP       -mcpu=cortex-a9 -mfpu=vfpv3 -mfloat-abi=hard ",
	"platPreBuiltFlag":	false,
	"platformSamplesDir":	"",
	"platActiveSys":	"delay_and_sum_plat",
	"systems":	[{
			"systemName":	"delay_and_sum_plat",
			"systemDesc":	"delay_and_sum_plat",
			"sysIsBootAutoGen":	"true",
			"systemDispName":	"delay_and_sum_plat",
			"sysActiveDom":	"standalone_domain",
			"sysDefaultDom":	"standalone_domain",
			"domains":	[{
					"domainName":	"zynq_fsbl",
					"domainDispName":	"zynq_fsbl",
					"domainDesc":	"FSBL Application BSP - Auto Generated.",
					"processors":	"ps7_cortexa9_0",
					"os":	"standalone",
					"sdxOs":	"standalone",
					"debugEnable":	"",
					"domRuntimes":	["cpp"],
					"swRepo":	"",
					"mssOsVer":	"7.5",
					"mssFile":	"",
					"md5Digest":	"f3dae8f02a170fb93c0638c92ba171da",
					"compatibleApp":	"zynq_fsbl",
					"domType":	"bootDomain",
					"arch":	"32-bit",
					"appSettings":	{
						"appCompilerFlags":	"",
						"appLinkerFlags":	""
					},
					"addedLibs":	["xilffs:4.5", "xilrsa:1.6", "lwip211:1.5"],
					"libOptions":	{
						"libsContainingOptions":	[]
					},
					"prebuiltLibs":	{
						"prebuiltIncPath":	[],
						"prebuiltLibPath":	[]
					},
					"isolation":	{
					}
				}, {
					"domainName":	"standalone_domain",
					"domainDispName":	"standalone on ps7_cortexa9_0",
					"domainDesc":	"standalone_domain",
					"processors":	"ps7_cortexa9_0",
					"os":	"standalone",
					"sdxOs":	"standalone",
					"qemuArgs":	"C:/Xilinx/Vitis/2021.1/data/emulation/platforms/zynq/sw/a9_standalone/qemu/qemu_args.txt",
					"qemuData":	"C:/Xilinx/Vitis/2021.1/data/emulation/platforms/zynq/sw/a9_standalone/qemu/",
					"debugEnable":	"False",
					"domRuntimes":	["cpp"],
					"swRepo":	"",
					"mssOsVer":	"7.5",
					"mssFile":	"",
					"md5Digest":	"c0bcabe2214432c53bf60814567322c2",
					"compatibleApp":	"",
					"domType":	"mssDomain",
					"appSettings":	{
						"appCompilerFlags":	"",
						"appLinkerFlags":	""
					},
					"addedLibs":	["lwip211:1.5"],
					"libOptions":	{
						"libsContainingOptions":	[]
					},
					"prebuiltLibs":	{
						"prebuiltIncPath":	[],
						"prebuiltLibPath":	[]
					},
					"isolation":	{
					}
				}]
		}]
}
KEYINFO::2026-01-20.13:56:10::SCWPlatform::updated the xpfm file.
TRACE::2026-01-20.13:56:10::SCWPlatform::Trying to open the hw design at C:/Users/CamLT/AX7010_Work/UltrasonicFPGA2021/delay-and-sum/delay_and_sum_plat/hw/Demodulator_128Ch_wrapper.xsa
TRACE::2026-01-20.13:56:10::SCWPlatform::DSA given C:/Users/CamLT/AX7010_Work/UltrasonicFPGA2021/delay-and-sum/delay_and_sum_plat/hw/Demodulator_128Ch_wrapper.xsa
TRACE::2026-01-20.13:56:10::SCWPlatform::DSA absoulate path C:/Users/CamLT/AX7010_Work/UltrasonicFPGA2021/delay-and-sum/delay_and_sum_plat/hw/Demodulator_128Ch_wrapper.xsa
TRACE::2026-01-20.13:56:10::SCWPlatform::DSA directory C:/Users/CamLT/AX7010_Work/UltrasonicFPGA2021/delay-and-sum/delay_and_sum_plat/hw
TRACE::2026-01-20.13:56:10::SCWPlatform:: Platform Path C:/Users/CamLT/AX7010_Work/UltrasonicFPGA2021/delay-and-sum/delay_and_sum_plat/hw/Demodulator_128Ch_wrapper.xsa
TRACE::2026-01-20.13:56:10::SCWPlatform:: Unique name xilinx:::0.0
TRACE::2026-01-20.13:56:10::SCWPlatform::Trying to set the existing hwdb with name Demodulator_128Ch_wrappe
TRACE::2026-01-20.13:56:10::SCWPlatform::Opened existing hwdb Demodulator_128Ch_wrappe
TRACE::2026-01-20.13:56:10::SCWPlatform::Found the Hw Db part of the input DSA
TRACE::2026-01-20.13:56:10::SCWMssOS::Checking the sw design at  C:/Users/CamLT/AX7010_Work/UltrasonicFPGA2021/delay-and-sum/delay_and_sum_plat/ps7_cortexa9_0/standalone_domain/bsp/system.mss
TRACE::2026-01-20.13:56:10::SCWMssOS::DEBUG:  swdes dump  C:/Users/CamLT/AX7010_Work/UltrasonicFPGA2021/delay-and-sum/delay_and_sum_plat/ps7_cortexa9_0/standalone_domain/bsp/system.mss|system_0||
C:/Users/CamLT/AX7010_Work/UltrasonicFPGA2021/delay-and-sum/delay_and_sum_plat/zynq_fsbl/zynq_fsbl_bsp/system.mss|system||

TRACE::2026-01-20.13:56:10::SCWMssOS::Sw design exists and opened at  C:/Users/CamLT/AX7010_Work/UltrasonicFPGA2021/delay-and-sum/delay_and_sum_plat/ps7_cortexa9_0/standalone_domain/bsp/system.mss
TRACE::2026-01-20.14:00:06::SCWBDomain::System Command Ran  C:&  cd  C:/Users/CamLT/AX7010_Work/UltrasonicFPGA2021/delay-and-sum/delay_and_sum_plat/zynq_fsbl & make clean
TRACE::2026-01-20.14:00:06::SCWBDomain::rm -rf  sd.o  nand.o  image_mover.o  md5.o  fsbl_hooks.o  main.o  nor.o  qspi.o  rsa.o  ps7_init.o  pcap.o  fsbl_handoff.o zynq
TRACE::2026-01-20.14:00:06::SCWBDomain::_fsbl_bsp/ps7_cortexa9_0/lib/libxil.a fsbl.elf *.o

TRACE::2026-01-20.14:00:06::SCWBDomain::System Command Ran  C:&  cd  C:/Users/CamLT/AX7010_Work/UltrasonicFPGA2021/delay-and-sum/delay_and_sum_plat/zynq_fsbl/zynq_fsbl_bsp & make clean
TRACE::2026-01-20.14:00:06::SCWBDomain::make -C ps7_cortexa9_0/libsrc/coresightps_dcc_v1_8/src -s clean 

TRACE::2026-01-20.14:00:06::SCWBDomain::make -C ps7_cortexa9_0/libsrc/cpu_cortexa9_v2_11/src -s clean 

TRACE::2026-01-20.14:00:06::SCWBDomain::make -C ps7_cortexa9_0/libsrc/ddrps_v1_2/src -s clean 

TRACE::2026-01-20.14:00:06::SCWBDomain::make -C ps7_cortexa9_0/libsrc/devcfg_v3_7/src -s clean 

TRACE::2026-01-20.14:00:07::SCWBDomain::make -C ps7_cortexa9_0/libsrc/dmaps_v2_8/src -s clean 

TRACE::2026-01-20.14:00:07::SCWBDomain::make -C ps7_cortexa9_0/libsrc/DMA_v1_0/src -s clean 

TRACE::2026-01-20.14:00:07::SCWBDomain::make -C ps7_cortexa9_0/libsrc/emacps_v3_14/src -s clean 

TRACE::2026-01-20.14:00:07::SCWBDomain::make -C ps7_cortexa9_0/libsrc/gpiops_v3_9/src -s clean 

TRACE::2026-01-20.14:00:07::SCWBDomain::make -C ps7_cortexa9_0/libsrc/lwip211_v1_5/src -s clean 

TRACE::2026-01-20.14:00:07::SCWBDomain::make -C ps7_cortexa9_0/libsrc/qspips_v3_9/src -s clean 

TRACE::2026-01-20.14:00:07::SCWBDomain::make -C ps7_cortexa9_0/libsrc/scugic_v4_5/src -s clean 

TRACE::2026-01-20.14:00:07::SCWBDomain::make -C ps7_cortexa9_0/libsrc/scutimer_v2_3/src -s clean 

TRACE::2026-01-20.14:00:07::SCWBDomain::make -C ps7_cortexa9_0/libsrc/scuwdt_v2_4/src -s clean 

TRACE::2026-01-20.14:00:07::SCWBDomain::make -C ps7_cortexa9_0/libsrc/sdps_v3_12/src -s clean 

TRACE::2026-01-20.14:00:07::SCWBDomain::make -C ps7_cortexa9_0/libsrc/standalone_v7_5/src -s clean 

TRACE::2026-01-20.14:00:08::SCWBDomain::make -C ps7_cortexa9_0/libsrc/uartps_v3_11/src -s clean 

TRACE::2026-01-20.14:00:08::SCWBDomain::make -C ps7_cortexa9_0/libsrc/usbps_v2_7/src -s clean 

TRACE::2026-01-20.14:00:08::SCWBDomain::make -C ps7_cortexa9_0/libsrc/xadcps_v2_6/src -s clean 

TRACE::2026-01-20.14:00:08::SCWBDomain::make -C ps7_cortexa9_0/libsrc/xilffs_v4_5/src -s clean 

TRACE::2026-01-20.14:00:08::SCWBDomain::make -C ps7_cortexa9_0/libsrc/xilrsa_v1_6/src -s clean 

TRACE::2026-01-20.14:00:08::SCWBDomain::rm -f ps7_cortexa9_0/lib/libxil.a

TRACE::2026-01-20.14:00:08::SCWMssOS::cleaning the bsp 
TRACE::2026-01-20.14:00:08::SCWMssOS::System Command Ran  C: & cd  C:/Users/CamLT/AX7010_Work/UltrasonicFPGA2021/delay-and-sum/delay_and_sum_plat/ps7_cortexa9_0/standalone_domain/bsp & make clean 
TRACE::2026-01-20.14:00:08::SCWMssOS::make -C ps7_cortexa9_0/libsrc/coresightps_dcc_v1_8/src -s clean 

TRACE::2026-01-20.14:00:08::SCWMssOS::make -C ps7_cortexa9_0/libsrc/cpu_cortexa9_v2_11/src -s clean 

TRACE::2026-01-20.14:00:08::SCWMssOS::make -C ps7_cortexa9_0/libsrc/ddrps_v1_2/src -s clean 

TRACE::2026-01-20.14:00:08::SCWMssOS::make -C ps7_cortexa9_0/libsrc/devcfg_v3_7/src -s clean 

TRACE::2026-01-20.14:00:08::SCWMssOS::make -C ps7_cortexa9_0/libsrc/dmaps_v2_8/src -s clean 

TRACE::2026-01-20.14:00:08::SCWMssOS::make -C ps7_cortexa9_0/libsrc/DMA_v1_0/src -s clean 

TRACE::2026-01-20.14:00:08::SCWMssOS::make -C ps7_cortexa9_0/libsrc/emacps_v3_14/src -s clean 

TRACE::2026-01-20.14:00:08::SCWMssOS::make -C ps7_cortexa9_0/libsrc/gpiops_v3_9/src -s clean 

TRACE::2026-01-20.14:00:08::SCWMssOS::make -C ps7_cortexa9_0/libsrc/lwip211_v1_5/src -s clean 

TRACE::2026-01-20.14:00:08::SCWMssOS::make -C ps7_cortexa9_0/libsrc/qspips_v3_9/src -s clean 

TRACE::2026-01-20.14:00:08::SCWMssOS::make -C ps7_cortexa9_0/libsrc/scugic_v4_5/src -s clean 

TRACE::2026-01-20.14:00:09::SCWMssOS::make -C ps7_cortexa9_0/libsrc/scutimer_v2_3/src -s clean 

TRACE::2026-01-20.14:00:09::SCWMssOS::make -C ps7_cortexa9_0/libsrc/scuwdt_v2_4/src -s clean 

TRACE::2026-01-20.14:00:09::SCWMssOS::make -C ps7_cortexa9_0/libsrc/sdps_v3_12/src -s clean 

TRACE::2026-01-20.14:00:09::SCWMssOS::make -C ps7_cortexa9_0/libsrc/standalone_v7_5/src -s clean 

TRACE::2026-01-20.14:00:09::SCWMssOS::make -C ps7_cortexa9_0/libsrc/uartps_v3_11/src -s clean 

TRACE::2026-01-20.14:00:09::SCWMssOS::make -C ps7_cortexa9_0/libsrc/usbps_v2_7/src -s clean 

TRACE::2026-01-20.14:00:09::SCWMssOS::make -C ps7_cortexa9_0/libsrc/xadcps_v2_6/src -s clean 

TRACE::2026-01-20.14:00:09::SCWMssOS::rm -f ps7_cortexa9_0/lib/libxil.a

LOG::2026-01-20.14:00:17::SCWPlatform::Started generating the artifacts platform delay_and_sum_plat
TRACE::2026-01-20.14:00:17::SCWPlatform::Sanity checking of platform is completed
LOG::2026-01-20.14:00:17::SCWPlatform::Started generating the artifacts for system configuration delay_and_sum_plat
LOG::2026-01-20.14:00:17::SCWSystem::Checking the domain zynq_fsbl
LOG::2026-01-20.14:00:17::SCWSystem::Doing application build for :  zynq_fsbl
TRACE::2026-01-20.14:00:17::SCWBDomain::Not a forced makefile updation, No changes are present. 
TRACE::2026-01-20.14:00:17::SCWDomain::Building the domain as part of full build :  zynq_fsbl
TRACE::2026-01-20.14:00:17::SCWPlatform::Trying to open the hw design at C:/Users/CamLT/AX7010_Work/UltrasonicFPGA2021/delay-and-sum/delay_and_sum_plat/hw/Demodulator_128Ch_wrapper.xsa
TRACE::2026-01-20.14:00:17::SCWPlatform::DSA given C:/Users/CamLT/AX7010_Work/UltrasonicFPGA2021/delay-and-sum/delay_and_sum_plat/hw/Demodulator_128Ch_wrapper.xsa
TRACE::2026-01-20.14:00:17::SCWPlatform::DSA absoulate path C:/Users/CamLT/AX7010_Work/UltrasonicFPGA2021/delay-and-sum/delay_and_sum_plat/hw/Demodulator_128Ch_wrapper.xsa
TRACE::2026-01-20.14:00:17::SCWPlatform::DSA directory C:/Users/CamLT/AX7010_Work/UltrasonicFPGA2021/delay-and-sum/delay_and_sum_plat/hw
TRACE::2026-01-20.14:00:17::SCWPlatform:: Platform Path C:/Users/CamLT/AX7010_Work/UltrasonicFPGA2021/delay-and-sum/delay_and_sum_plat/hw/Demodulator_128Ch_wrapper.xsa
TRACE::2026-01-20.14:00:17::SCWPlatform:: Unique name xilinx:::0.0
TRACE::2026-01-20.14:00:17::SCWPlatform::Trying to set the existing hwdb with name Demodulator_128Ch_wrappe
TRACE::2026-01-20.14:00:17::SCWPlatform::Opened existing hwdb Demodulator_128Ch_wrappe
TRACE::2026-01-20.14:00:17::SCWPlatform::Found the Hw Db part of the input DSA
TRACE::2026-01-20.14:00:17::SCWMssOS::Checking the sw design at  C:/Users/CamLT/AX7010_Work/UltrasonicFPGA2021/delay-and-sum/delay_and_sum_plat/zynq_fsbl/zynq_fsbl_bsp/system.mss
TRACE::2026-01-20.14:00:17::SCWMssOS::DEBUG:  swdes dump  C:/Users/CamLT/AX7010_Work/UltrasonicFPGA2021/delay-and-sum/delay_and_sum_plat/ps7_cortexa9_0/standalone_domain/bsp/system.mss|system_0||
C:/Users/CamLT/AX7010_Work/UltrasonicFPGA2021/delay-and-sum/delay_and_sum_plat/zynq_fsbl/zynq_fsbl_bsp/system.mss|system||

TRACE::2026-01-20.14:00:17::SCWMssOS::Sw design exists and opened at  C:/Users/CamLT/AX7010_Work/UltrasonicFPGA2021/delay-and-sum/delay_and_sum_plat/zynq_fsbl/zynq_fsbl_bsp/system.mss
TRACE::2026-01-20.14:00:17::SCWBDomain::Completed writing the mss file at C:/Users/CamLT/AX7010_Work/UltrasonicFPGA2021/delay-and-sum/delay_and_sum_plat/zynq_fsbl/zynq_fsbl_bsp
TRACE::2026-01-20.14:00:17::SCWBDomain::bsp generated is upto date with the mss file. Skipping bsp generation.
TRACE::2026-01-20.14:00:17::SCWBDomain::Not a forced makefile updation, No changes are present. 
TRACE::2026-01-20.14:00:17::SCWBDomain::System Command Ran  C:&  cd  C:/Users/CamLT/AX7010_Work/UltrasonicFPGA2021/delay-and-sum/delay_and_sum_plat/zynq_fsbl& make -C  zynq_fsbl_bsp & make 
TRACE::2026-01-20.14:00:17::SCWBDomain::make: Entering directory 'C:/Users/CamLT/AX7010_Work/UltrasonicFPGA2021/delay-and-sum/delay_and_sum_plat/zynq_fsbl/zynq_fsbl_bs
TRACE::2026-01-20.14:00:17::SCWBDomain::p'

TRACE::2026-01-20.14:00:17::SCWBDomain::make --no-print-directory seq_libs

TRACE::2026-01-20.14:00:17::SCWBDomain::"Running Make include in ps7_cortexa9_0/libsrc/coresightps_dcc_v1_8/src"

TRACE::2026-01-20.14:00:17::SCWBDomain::make -C ps7_cortexa9_0/libsrc/coresightps_dcc_v1_8/src -s include  "SHELL=CMD" "COMPILER=arm-none-eabi-gcc" "ASSEMBLER=arm-none
TRACE::2026-01-20.14:00:17::SCWBDomain::-eabi-as" "ARCHIVER=arm-none-eabi-ar" "COMPILER_FLAGS=  -O2 -c" "EXTRA_COMPILER_FLAGS=-mcpu=cortex-a9 -mfpu=vfpv3 -mfloat-abi=h
TRACE::2026-01-20.14:00:17::SCWBDomain::ard -nostartfiles -g -Wall -Wextra -fno-tree-loop-distribute-patterns"

TRACE::2026-01-20.14:00:17::SCWBDomain::"Running Make include in ps7_cortexa9_0/libsrc/cpu_cortexa9_v2_11/src"

TRACE::2026-01-20.14:00:17::SCWBDomain::make -C ps7_cortexa9_0/libsrc/cpu_cortexa9_v2_11/src -s include  "SHELL=CMD" "COMPILER=arm-none-eabi-gcc" "ASSEMBLER=arm-none-e
TRACE::2026-01-20.14:00:17::SCWBDomain::abi-as" "ARCHIVER=arm-none-eabi-ar" "COMPILER_FLAGS=  -O2 -c" "EXTRA_COMPILER_FLAGS=-mcpu=cortex-a9 -mfpu=vfpv3 -mfloat-abi=har
TRACE::2026-01-20.14:00:17::SCWBDomain::d -nostartfiles -g -Wall -Wextra -fno-tree-loop-distribute-patterns"

TRACE::2026-01-20.14:00:17::SCWBDomain::"Running Make include in ps7_cortexa9_0/libsrc/ddrps_v1_2/src"

TRACE::2026-01-20.14:00:17::SCWBDomain::make -C ps7_cortexa9_0/libsrc/ddrps_v1_2/src -s include  "SHELL=CMD" "COMPILER=arm-none-eabi-gcc" "ASSEMBLER=arm-none-eabi-as" 
TRACE::2026-01-20.14:00:17::SCWBDomain::"ARCHIVER=arm-none-eabi-ar" "COMPILER_FLAGS=  -O2 -c" "EXTRA_COMPILER_FLAGS=-mcpu=cortex-a9 -mfpu=vfpv3 -mfloat-abi=hard -nosta
TRACE::2026-01-20.14:00:17::SCWBDomain::rtfiles -g -Wall -Wextra -fno-tree-loop-distribute-patterns"

TRACE::2026-01-20.14:00:17::SCWBDomain::"Running Make include in ps7_cortexa9_0/libsrc/devcfg_v3_7/src"

TRACE::2026-01-20.14:00:17::SCWBDomain::make -C ps7_cortexa9_0/libsrc/devcfg_v3_7/src -s include  "SHELL=CMD" "COMPILER=arm-none-eabi-gcc" "ASSEMBLER=arm-none-eabi-as"
TRACE::2026-01-20.14:00:17::SCWBDomain:: "ARCHIVER=arm-none-eabi-ar" "COMPILER_FLAGS=  -O2 -c" "EXTRA_COMPILER_FLAGS=-mcpu=cortex-a9 -mfpu=vfpv3 -mfloat-abi=hard -nost
TRACE::2026-01-20.14:00:17::SCWBDomain::artfiles -g -Wall -Wextra -fno-tree-loop-distribute-patterns"

TRACE::2026-01-20.14:00:17::SCWBDomain::"Running Make include in ps7_cortexa9_0/libsrc/dmaps_v2_8/src"

TRACE::2026-01-20.14:00:17::SCWBDomain::make -C ps7_cortexa9_0/libsrc/dmaps_v2_8/src -s include  "SHELL=CMD" "COMPILER=arm-none-eabi-gcc" "ASSEMBLER=arm-none-eabi-as" 
TRACE::2026-01-20.14:00:17::SCWBDomain::"ARCHIVER=arm-none-eabi-ar" "COMPILER_FLAGS=  -O2 -c" "EXTRA_COMPILER_FLAGS=-mcpu=cortex-a9 -mfpu=vfpv3 -mfloat-abi=hard -nosta
TRACE::2026-01-20.14:00:17::SCWBDomain::rtfiles -g -Wall -Wextra -fno-tree-loop-distribute-patterns"

TRACE::2026-01-20.14:00:17::SCWBDomain::"Running Make include in ps7_cortexa9_0/libsrc/DMA_v1_0/src"

TRACE::2026-01-20.14:00:17::SCWBDomain::make -C ps7_cortexa9_0/libsrc/DMA_v1_0/src -s include  "SHELL=CMD" "COMPILER=arm-none-eabi-gcc" "ASSEMBLER=arm-none-eabi-as" "A
TRACE::2026-01-20.14:00:17::SCWBDomain::RCHIVER=arm-none-eabi-ar" "COMPILER_FLAGS=  -O2 -c" "EXTRA_COMPILER_FLAGS=-mcpu=cortex-a9 -mfpu=vfpv3 -mfloat-abi=hard -nostart
TRACE::2026-01-20.14:00:17::SCWBDomain::files -g -Wall -Wextra -fno-tree-loop-distribute-patterns"

TRACE::2026-01-20.14:00:18::SCWBDomain::"Running Make include in ps7_cortexa9_0/libsrc/emacps_v3_14/src"

TRACE::2026-01-20.14:00:18::SCWBDomain::make -C ps7_cortexa9_0/libsrc/emacps_v3_14/src -s include  "SHELL=CMD" "COMPILER=arm-none-eabi-gcc" "ASSEMBLER=arm-none-eabi-as
TRACE::2026-01-20.14:00:18::SCWBDomain::" "ARCHIVER=arm-none-eabi-ar" "COMPILER_FLAGS=  -O2 -c" "EXTRA_COMPILER_FLAGS=-mcpu=cortex-a9 -mfpu=vfpv3 -mfloat-abi=hard -nos
TRACE::2026-01-20.14:00:18::SCWBDomain::tartfiles -g -Wall -Wextra -fno-tree-loop-distribute-patterns"

TRACE::2026-01-20.14:00:18::SCWBDomain::"Running Make include in ps7_cortexa9_0/libsrc/gpiops_v3_9/src"

TRACE::2026-01-20.14:00:18::SCWBDomain::make -C ps7_cortexa9_0/libsrc/gpiops_v3_9/src -s include  "SHELL=CMD" "COMPILER=arm-none-eabi-gcc" "ASSEMBLER=arm-none-eabi-as"
TRACE::2026-01-20.14:00:18::SCWBDomain:: "ARCHIVER=arm-none-eabi-ar" "COMPILER_FLAGS=  -O2 -c" "EXTRA_COMPILER_FLAGS=-mcpu=cortex-a9 -mfpu=vfpv3 -mfloat-abi=hard -nost
TRACE::2026-01-20.14:00:18::SCWBDomain::artfiles -g -Wall -Wextra -fno-tree-loop-distribute-patterns"

TRACE::2026-01-20.14:00:18::SCWBDomain::"Running Make include in ps7_cortexa9_0/libsrc/lwip211_v1_5/src"

TRACE::2026-01-20.14:00:18::SCWBDomain::make -C ps7_cortexa9_0/libsrc/lwip211_v1_5/src -s include  "SHELL=CMD" "COMPILER=arm-none-eabi-gcc" "ASSEMBLER=arm-none-eabi-as
TRACE::2026-01-20.14:00:18::SCWBDomain::" "ARCHIVER=arm-none-eabi-ar" "COMPILER_FLAGS=  -O2 -c" "EXTRA_COMPILER_FLAGS=-mcpu=cortex-a9 -mfpu=vfpv3 -mfloat-abi=hard -nos
TRACE::2026-01-20.14:00:18::SCWBDomain::tartfiles -g -Wall -Wextra -fno-tree-loop-distribute-patterns"

TRACE::2026-01-20.14:00:18::SCWBDomain::"Running Make include in ps7_cortexa9_0/libsrc/qspips_v3_9/src"

TRACE::2026-01-20.14:00:18::SCWBDomain::make -C ps7_cortexa9_0/libsrc/qspips_v3_9/src -s include  "SHELL=CMD" "COMPILER=arm-none-eabi-gcc" "ASSEMBLER=arm-none-eabi-as"
TRACE::2026-01-20.14:00:18::SCWBDomain:: "ARCHIVER=arm-none-eabi-ar" "COMPILER_FLAGS=  -O2 -c" "EXTRA_COMPILER_FLAGS=-mcpu=cortex-a9 -mfpu=vfpv3 -mfloat-abi=hard -nost
TRACE::2026-01-20.14:00:18::SCWBDomain::artfiles -g -Wall -Wextra -fno-tree-loop-distribute-patterns"

TRACE::2026-01-20.14:00:18::SCWBDomain::"Running Make include in ps7_cortexa9_0/libsrc/scugic_v4_5/src"

TRACE::2026-01-20.14:00:18::SCWBDomain::make -C ps7_cortexa9_0/libsrc/scugic_v4_5/src -s include  "SHELL=CMD" "COMPILER=arm-none-eabi-gcc" "ASSEMBLER=arm-none-eabi-as"
TRACE::2026-01-20.14:00:18::SCWBDomain:: "ARCHIVER=arm-none-eabi-ar" "COMPILER_FLAGS=  -O2 -c" "EXTRA_COMPILER_FLAGS=-mcpu=cortex-a9 -mfpu=vfpv3 -mfloat-abi=hard -nost
TRACE::2026-01-20.14:00:18::SCWBDomain::artfiles -g -Wall -Wextra -fno-tree-loop-distribute-patterns"

TRACE::2026-01-20.14:00:18::SCWBDomain::"Running Make include in ps7_cortexa9_0/libsrc/scutimer_v2_3/src"

TRACE::2026-01-20.14:00:18::SCWBDomain::make -C ps7_cortexa9_0/libsrc/scutimer_v2_3/src -s include  "SHELL=CMD" "COMPILER=arm-none-eabi-gcc" "ASSEMBLER=arm-none-eabi-a
TRACE::2026-01-20.14:00:18::SCWBDomain::s" "ARCHIVER=arm-none-eabi-ar" "COMPILER_FLAGS=  -O2 -c" "EXTRA_COMPILER_FLAGS=-mcpu=cortex-a9 -mfpu=vfpv3 -mfloat-abi=hard -no
TRACE::2026-01-20.14:00:18::SCWBDomain::startfiles -g -Wall -Wextra -fno-tree-loop-distribute-patterns"

TRACE::2026-01-20.14:00:18::SCWBDomain::"Running Make include in ps7_cortexa9_0/libsrc/scuwdt_v2_4/src"

TRACE::2026-01-20.14:00:18::SCWBDomain::make -C ps7_cortexa9_0/libsrc/scuwdt_v2_4/src -s include  "SHELL=CMD" "COMPILER=arm-none-eabi-gcc" "ASSEMBLER=arm-none-eabi-as"
TRACE::2026-01-20.14:00:18::SCWBDomain:: "ARCHIVER=arm-none-eabi-ar" "COMPILER_FLAGS=  -O2 -c" "EXTRA_COMPILER_FLAGS=-mcpu=cortex-a9 -mfpu=vfpv3 -mfloat-abi=hard -nost
TRACE::2026-01-20.14:00:18::SCWBDomain::artfiles -g -Wall -Wextra -fno-tree-loop-distribute-patterns"

TRACE::2026-01-20.14:00:18::SCWBDomain::"Running Make include in ps7_cortexa9_0/libsrc/sdps_v3_12/src"

TRACE::2026-01-20.14:00:18::SCWBDomain::make -C ps7_cortexa9_0/libsrc/sdps_v3_12/src -s include  "SHELL=CMD" "COMPILER=arm-none-eabi-gcc" "ASSEMBLER=arm-none-eabi-as" 
TRACE::2026-01-20.14:00:18::SCWBDomain::"ARCHIVER=arm-none-eabi-ar" "COMPILER_FLAGS=  -O2 -c" "EXTRA_COMPILER_FLAGS=-mcpu=cortex-a9 -mfpu=vfpv3 -mfloat-abi=hard -nosta
TRACE::2026-01-20.14:00:18::SCWBDomain::rtfiles -g -Wall -Wextra -fno-tree-loop-distribute-patterns"

TRACE::2026-01-20.14:00:18::SCWBDomain::"Running Make include in ps7_cortexa9_0/libsrc/standalone_v7_5/src"

TRACE::2026-01-20.14:00:18::SCWBDomain::make -C ps7_cortexa9_0/libsrc/standalone_v7_5/src -s include  "SHELL=CMD" "COMPILER=arm-none-eabi-gcc" "ASSEMBLER=arm-none-eabi
TRACE::2026-01-20.14:00:18::SCWBDomain::-as" "ARCHIVER=arm-none-eabi-ar" "COMPILER_FLAGS=  -O2 -c" "EXTRA_COMPILER_FLAGS=-mcpu=cortex-a9 -mfpu=vfpv3 -mfloat-abi=hard -
TRACE::2026-01-20.14:00:18::SCWBDomain::nostartfiles -g -Wall -Wextra -fno-tree-loop-distribute-patterns"

TRACE::2026-01-20.14:00:18::SCWBDomain::"Running Make include in ps7_cortexa9_0/libsrc/uartps_v3_11/src"

TRACE::2026-01-20.14:00:18::SCWBDomain::make -C ps7_cortexa9_0/libsrc/uartps_v3_11/src -s include  "SHELL=CMD" "COMPILER=arm-none-eabi-gcc" "ASSEMBLER=arm-none-eabi-as
TRACE::2026-01-20.14:00:18::SCWBDomain::" "ARCHIVER=arm-none-eabi-ar" "COMPILER_FLAGS=  -O2 -c" "EXTRA_COMPILER_FLAGS=-mcpu=cortex-a9 -mfpu=vfpv3 -mfloat-abi=hard -nos
TRACE::2026-01-20.14:00:18::SCWBDomain::tartfiles -g -Wall -Wextra -fno-tree-loop-distribute-patterns"

TRACE::2026-01-20.14:00:18::SCWBDomain::"Running Make include in ps7_cortexa9_0/libsrc/usbps_v2_7/src"

TRACE::2026-01-20.14:00:18::SCWBDomain::make -C ps7_cortexa9_0/libsrc/usbps_v2_7/src -s include  "SHELL=CMD" "COMPILER=arm-none-eabi-gcc" "ASSEMBLER=arm-none-eabi-as" 
TRACE::2026-01-20.14:00:18::SCWBDomain::"ARCHIVER=arm-none-eabi-ar" "COMPILER_FLAGS=  -O2 -c" "EXTRA_COMPILER_FLAGS=-mcpu=cortex-a9 -mfpu=vfpv3 -mfloat-abi=hard -nosta
TRACE::2026-01-20.14:00:18::SCWBDomain::rtfiles -g -Wall -Wextra -fno-tree-loop-distribute-patterns"

TRACE::2026-01-20.14:00:18::SCWBDomain::"Running Make include in ps7_cortexa9_0/libsrc/xadcps_v2_6/src"

TRACE::2026-01-20.14:00:18::SCWBDomain::make -C ps7_cortexa9_0/libsrc/xadcps_v2_6/src -s include  "SHELL=CMD" "COMPILER=arm-none-eabi-gcc" "ASSEMBLER=arm-none-eabi-as"
TRACE::2026-01-20.14:00:18::SCWBDomain:: "ARCHIVER=arm-none-eabi-ar" "COMPILER_FLAGS=  -O2 -c" "EXTRA_COMPILER_FLAGS=-mcpu=cortex-a9 -mfpu=vfpv3 -mfloat-abi=hard -nost
TRACE::2026-01-20.14:00:18::SCWBDomain::artfiles -g -Wall -Wextra -fno-tree-loop-distribute-patterns"

TRACE::2026-01-20.14:00:18::SCWBDomain::"Running Make include in ps7_cortexa9_0/libsrc/xilffs_v4_5/src"

TRACE::2026-01-20.14:00:18::SCWBDomain::make -C ps7_cortexa9_0/libsrc/xilffs_v4_5/src -s include  "SHELL=CMD" "COMPILER=arm-none-eabi-gcc" "ASSEMBLER=arm-none-eabi-as"
TRACE::2026-01-20.14:00:18::SCWBDomain:: "ARCHIVER=arm-none-eabi-ar" "COMPILER_FLAGS=  -O2 -c" "EXTRA_COMPILER_FLAGS=-mcpu=cortex-a9 -mfpu=vfpv3 -mfloat-abi=hard -nost
TRACE::2026-01-20.14:00:18::SCWBDomain::artfiles -g -Wall -Wextra -fno-tree-loop-distribute-patterns"

TRACE::2026-01-20.14:00:19::SCWBDomain::"Running Make include in ps7_cortexa9_0/libsrc/xilrsa_v1_6/src"

TRACE::2026-01-20.14:00:19::SCWBDomain::make -C ps7_cortexa9_0/libsrc/xilrsa_v1_6/src -s include  "SHELL=CMD" "COMPILER=arm-none-eabi-gcc" "ASSEMBLER=arm-none-eabi-as"
TRACE::2026-01-20.14:00:19::SCWBDomain:: "ARCHIVER=arm-none-eabi-ar" "COMPILER_FLAGS=  -O2 -c" "EXTRA_COMPILER_FLAGS=-mcpu=cortex-a9 -mfpu=vfpv3 -mfloat-abi=hard -nost
TRACE::2026-01-20.14:00:19::SCWBDomain::artfiles -g -Wall -Wextra -fno-tree-loop-distribute-patterns"

TRACE::2026-01-20.14:00:19::SCWBDomain::"Running Make libs in ps7_cortexa9_0/libsrc/DMA_v1_0/src"

TRACE::2026-01-20.14:00:19::SCWBDomain::make -C ps7_cortexa9_0/libsrc/DMA_v1_0/src -s libs  "SHELL=CMD" "COMPILER=arm-none-eabi-gcc" "ASSEMBLER=arm-none-eabi-as" "ARCH
TRACE::2026-01-20.14:00:19::SCWBDomain::IVER=arm-none-eabi-ar" "COMPILER_FLAGS=  -O2 -c" "EXTRA_COMPILER_FLAGS=-mcpu=cortex-a9 -mfpu=vfpv3 -mfloat-abi=hard -nostartfil
TRACE::2026-01-20.14:00:19::SCWBDomain::es -g -Wall -Wextra -fno-tree-loop-distribute-patterns"

TRACE::2026-01-20.14:00:19::SCWBDomain::"Building DMA"

TRACE::2026-01-20.14:00:19::SCWBDomain::"Running Make libs in ps7_cortexa9_0/libsrc/lwip211_v1_5/src"

TRACE::2026-01-20.14:00:19::SCWBDomain::make -C ps7_cortexa9_0/libsrc/lwip211_v1_5/src -s libs  "SHELL=CMD" "COMPILER=arm-none-eabi-gcc" "ASSEMBLER=arm-none-eabi-as" "
TRACE::2026-01-20.14:00:19::SCWBDomain::ARCHIVER=arm-none-eabi-ar" "COMPILER_FLAGS=  -O2 -c" "EXTRA_COMPILER_FLAGS=-mcpu=cortex-a9 -mfpu=vfpv3 -mfloat-abi=hard -nostar
TRACE::2026-01-20.14:00:19::SCWBDomain::tfiles -g -Wall -Wextra -fno-tree-loop-distribute-patterns"

TRACE::2026-01-20.14:00:19::SCWBDomain::"Compiling lwip src and adapter files"

TRACE::2026-01-20.14:00:24::SCWBDomain::"Running Make libs in ps7_cortexa9_0/libsrc/xilrsa_v1_6/src"

TRACE::2026-01-20.14:00:24::SCWBDomain::make -C ps7_cortexa9_0/libsrc/xilrsa_v1_6/src -s libs  "SHELL=CMD" "COMPILER=arm-none-eabi-gcc" "ASSEMBLER=arm-none-eabi-as" "A
TRACE::2026-01-20.14:00:24::SCWBDomain::RCHIVER=arm-none-eabi-ar" "COMPILER_FLAGS=  -O2 -c" "EXTRA_COMPILER_FLAGS=-mcpu=cortex-a9 -mfpu=vfpv3 -mfloat-abi=hard -nostart
TRACE::2026-01-20.14:00:24::SCWBDomain::files -g -Wall -Wextra -fno-tree-loop-distribute-patterns"

TRACE::2026-01-20.14:00:24::SCWBDomain::'Finished building libraries sequentially.'

TRACE::2026-01-20.14:00:24::SCWBDomain::make -j 14 --no-print-directory par_libs

TRACE::2026-01-20.14:00:24::SCWBDomain::"Running Make include in ps7_cortexa9_0/libsrc/coresightps_dcc_v1_8/src"

TRACE::2026-01-20.14:00:24::SCWBDomain::make -C ps7_cortexa9_0/libsrc/coresightps_dcc_v1_8/src -s include  "SHELL=CMD" "COMPILER=arm-none-eabi-gcc" "ASSEMBLER=arm-none
TRACE::2026-01-20.14:00:24::SCWBDomain::-eabi-as" "ARCHIVER=arm-none-eabi-ar" "COMPILER_FLAGS=  -O2 -c" "EXTRA_COMPILER_FLAGS=-mcpu=cortex-a9 -mfpu=vfpv3 -mfloat-abi=h
TRACE::2026-01-20.14:00:24::SCWBDomain::ard -nostartfiles -g -Wall -Wextra -fno-tree-loop-distribute-patterns"

TRACE::2026-01-20.14:00:24::SCWBDomain::"Running Make include in ps7_cortexa9_0/libsrc/cpu_cortexa9_v2_11/src"

TRACE::2026-01-20.14:00:24::SCWBDomain::make -C ps7_cortexa9_0/libsrc/cpu_cortexa9_v2_11/src -s include  "SHELL=CMD" "COMPILER=arm-none-eabi-gcc" "ASSEMBLER=arm-none-e
TRACE::2026-01-20.14:00:24::SCWBDomain::abi-as" "ARCHIVER=arm-none-eabi-ar" "COMPILER_FLAGS=  -O2 -c" "EXTRA_COMPILER_FLAGS=-mcpu=cortex-a9 -mfpu=vfpv3 -mfloat-abi=har
TRACE::2026-01-20.14:00:24::SCWBDomain::d -nostartfiles -g -Wall -Wextra -fno-tree-loop-distribute-patterns"

TRACE::2026-01-20.14:00:24::SCWBDomain::"Running Make include in ps7_cortexa9_0/libsrc/ddrps_v1_2/src"

TRACE::2026-01-20.14:00:24::SCWBDomain::make -C ps7_cortexa9_0/libsrc/ddrps_v1_2/src -s include  "SHELL=CMD" "COMPILER=arm-none-eabi-gcc" "ASSEMBLER=arm-none-eabi-as" 
TRACE::2026-01-20.14:00:24::SCWBDomain::"ARCHIVER=arm-none-eabi-ar" "COMPILER_FLAGS=  -O2 -c" "EXTRA_COMPILER_FLAGS=-mcpu=cortex-a9 -mfpu=vfpv3 -mfloat-abi=hard -nosta
TRACE::2026-01-20.14:00:24::SCWBDomain::rtfiles -g -Wall -Wextra -fno-tree-loop-distribute-patterns"

TRACE::2026-01-20.14:00:24::SCWBDomain::"Running Make include in ps7_cortexa9_0/libsrc/devcfg_v3_7/src"

TRACE::2026-01-20.14:00:24::SCWBDomain::make -C ps7_cortexa9_0/libsrc/devcfg_v3_7/src -s include  "SHELL=CMD" "COMPILER=arm-none-eabi-gcc" "ASSEMBLER=arm-none-eabi-as"
TRACE::2026-01-20.14:00:24::SCWBDomain:: "ARCHIVER=arm-none-eabi-ar" "COMPILER_FLAGS=  -O2 -c" "EXTRA_COMPILER_FLAGS=-mcpu=cortex-a9 -mfpu=vfpv3 -mfloat-abi=hard -nost
TRACE::2026-01-20.14:00:24::SCWBDomain::artfiles -g -Wall -Wextra -fno-tree-loop-distribute-patterns"

TRACE::2026-01-20.14:00:24::SCWBDomain::"Running Make include in ps7_cortexa9_0/libsrc/dmaps_v2_8/src"

TRACE::2026-01-20.14:00:24::SCWBDomain::make -C ps7_cortexa9_0/libsrc/dmaps_v2_8/src -s include  "SHELL=CMD" "COMPILER=arm-none-eabi-gcc" "ASSEMBLER=arm-none-eabi-as" 
TRACE::2026-01-20.14:00:24::SCWBDomain::"ARCHIVER=arm-none-eabi-ar" "COMPILER_FLAGS=  -O2 -c" "EXTRA_COMPILER_FLAGS=-mcpu=cortex-a9 -mfpu=vfpv3 -mfloat-abi=hard -nosta
TRACE::2026-01-20.14:00:24::SCWBDomain::rtfiles -g -Wall -Wextra -fno-tree-loop-distribute-patterns"

TRACE::2026-01-20.14:00:24::SCWBDomain::"Running Make include in ps7_cortexa9_0/libsrc/DMA_v1_0/src"

TRACE::2026-01-20.14:00:24::SCWBDomain::make -C ps7_cortexa9_0/libsrc/DMA_v1_0/src -s include  "SHELL=CMD" "COMPILER=arm-none-eabi-gcc" "ASSEMBLER=arm-none-eabi-as" "A
TRACE::2026-01-20.14:00:24::SCWBDomain::RCHIVER=arm-none-eabi-ar" "COMPILER_FLAGS=  -O2 -c" "EXTRA_COMPILER_FLAGS=-mcpu=cortex-a9 -mfpu=vfpv3 -mfloat-abi=hard -nostart
TRACE::2026-01-20.14:00:24::SCWBDomain::files -g -Wall -Wextra -fno-tree-loop-distribute-patterns"

TRACE::2026-01-20.14:00:24::SCWBDomain::"Running Make include in ps7_cortexa9_0/libsrc/emacps_v3_14/src"

TRACE::2026-01-20.14:00:24::SCWBDomain::make -C ps7_cortexa9_0/libsrc/emacps_v3_14/src -s include  "SHELL=CMD" "COMPILER=arm-none-eabi-gcc" "ASSEMBLER=arm-none-eabi-as
TRACE::2026-01-20.14:00:24::SCWBDomain::" "ARCHIVER=arm-none-eabi-ar" "COMPILER_FLAGS=  -O2 -c" "EXTRA_COMPILER_FLAGS=-mcpu=cortex-a9 -mfpu=vfpv3 -mfloat-abi=hard -nos
TRACE::2026-01-20.14:00:24::SCWBDomain::tartfiles -g -Wall -Wextra -fno-tree-loop-distribute-patterns"

TRACE::2026-01-20.14:00:24::SCWBDomain::"Running Make include in ps7_cortexa9_0/libsrc/gpiops_v3_9/src"

TRACE::2026-01-20.14:00:24::SCWBDomain::make -C ps7_cortexa9_0/libsrc/gpiops_v3_9/src -s include  "SHELL=CMD" "COMPILER=arm-none-eabi-gcc" "ASSEMBLER=arm-none-eabi-as"
TRACE::2026-01-20.14:00:24::SCWBDomain:: "ARCHIVER=arm-none-eabi-ar" "COMPILER_FLAGS=  -O2 -c" "EXTRA_COMPILER_FLAGS=-mcpu=cortex-a9 -mfpu=vfpv3 -mfloat-abi=hard -nost
TRACE::2026-01-20.14:00:24::SCWBDomain::artfiles -g -Wall -Wextra -fno-tree-loop-distribute-patterns"

TRACE::2026-01-20.14:00:24::SCWBDomain::"Running Make include in ps7_cortexa9_0/libsrc/lwip211_v1_5/src"

TRACE::2026-01-20.14:00:24::SCWBDomain::make -C ps7_cortexa9_0/libsrc/lwip211_v1_5/src -s include  "SHELL=CMD" "COMPILER=arm-none-eabi-gcc" "ASSEMBLER=arm-none-eabi-as
TRACE::2026-01-20.14:00:24::SCWBDomain::" "ARCHIVER=arm-none-eabi-ar" "COMPILER_FLAGS=  -O2 -c" "EXTRA_COMPILER_FLAGS=-mcpu=cortex-a9 -mfpu=vfpv3 -mfloat-abi=hard -nos
TRACE::2026-01-20.14:00:24::SCWBDomain::tartfiles -g -Wall -Wextra -fno-tree-loop-distribute-patterns"

TRACE::2026-01-20.14:00:24::SCWBDomain::"Running Make include in ps7_cortexa9_0/libsrc/qspips_v3_9/src"

TRACE::2026-01-20.14:00:24::SCWBDomain::"Running Make include in ps7_cortexa9_0/libsrc/scugic_v4_5/src"

TRACE::2026-01-20.14:00:24::SCWBDomain::make -C ps7_cortexa9_0/libsrc/qspips_v3_9/src -s include  "SHELL=CMD" "COMPILER=arm-none-eabi-gcc" "ASSEMBLER=arm-none-eabi-as"
TRACE::2026-01-20.14:00:24::SCWBDomain:: "ARCHIVER=arm-none-eabi-ar" "COMPILER_FLAGS=  -O2 -c" "EXTRA_COMPILER_FLAGS=-mcpu=cortex-a9 -mfpu=vfpv3 -mfloat-abi=hard -nost
TRACE::2026-01-20.14:00:24::SCWBDomain::artfiles -g -Wall -Wextra -fno-tree-loop-distribute-patterns"

TRACE::2026-01-20.14:00:24::SCWBDomain::make -C ps7_cortexa9_0/libsrc/scugic_v4_5/src -s include  "SHELL=CMD" "COMPILER=arm-none-eabi-gcc" "ASSEMBLER=arm-none-eabi-as"
TRACE::2026-01-20.14:00:24::SCWBDomain:: "ARCHIVER=arm-none-eabi-ar" "COMPILER_FLAGS=  -O2 -c" "EXTRA_COMPILER_FLAGS=-mcpu=cortex-a9 -mfpu=vfpv3 -mfloat-abi=hard -nost
TRACE::2026-01-20.14:00:24::SCWBDomain::artfiles -g -Wall -Wextra -fno-tree-loop-distribute-patterns"

TRACE::2026-01-20.14:00:24::SCWBDomain::"Running Make include in ps7_cortexa9_0/libsrc/scutimer_v2_3/src"

TRACE::2026-01-20.14:00:24::SCWBDomain::make -C ps7_cortexa9_0/libsrc/scutimer_v2_3/src -s include  "SHELL=CMD" "COMPILER=arm-none-eabi-gcc" "ASSEMBLER=arm-none-eabi-a
TRACE::2026-01-20.14:00:24::SCWBDomain::s" "ARCHIVER=arm-none-eabi-ar" "COMPILER_FLAGS=  -O2 -c" "EXTRA_COMPILER_FLAGS=-mcpu=cortex-a9 -mfpu=vfpv3 -mfloat-abi=hard -no
TRACE::2026-01-20.14:00:24::SCWBDomain::startfiles -g -Wall -Wextra -fno-tree-loop-distribute-patterns"

TRACE::2026-01-20.14:00:25::SCWBDomain::"Running Make include in ps7_cortexa9_0/libsrc/scuwdt_v2_4/src"

TRACE::2026-01-20.14:00:25::SCWBDomain::make -C ps7_cortexa9_0/libsrc/scuwdt_v2_4/src -s include  "SHELL=CMD" "COMPILER=arm-none-eabi-gcc" "ASSEMBLER=arm-none-eabi-as"
TRACE::2026-01-20.14:00:25::SCWBDomain:: "ARCHIVER=arm-none-eabi-ar" "COMPILER_FLAGS=  -O2 -c" "EXTRA_COMPILER_FLAGS=-mcpu=cortex-a9 -mfpu=vfpv3 -mfloat-abi=hard -nost
TRACE::2026-01-20.14:00:25::SCWBDomain::artfiles -g -Wall -Wextra -fno-tree-loop-distribute-patterns"

TRACE::2026-01-20.14:00:25::SCWBDomain::"Running Make include in ps7_cortexa9_0/libsrc/sdps_v3_12/src"

TRACE::2026-01-20.14:00:25::SCWBDomain::"Running Make include in ps7_cortexa9_0/libsrc/standalone_v7_5/src"

TRACE::2026-01-20.14:00:25::SCWBDomain::make -C ps7_cortexa9_0/libsrc/sdps_v3_12/src -s include  "SHELL=CMD" "COMPILER=arm-none-eabi-gcc" "ASSEMBLER=arm-none-eabi-as" 
TRACE::2026-01-20.14:00:25::SCWBDomain::"ARCHIVER=arm-none-eabi-ar" "COMPILER_FLAGS=  -O2 -c" "EXTRA_COMPILER_FLAGS=-mcpu=cortex-a9 -mfpu=vfpv3 -mfloat-abi=hard -nosta
TRACE::2026-01-20.14:00:25::SCWBDomain::rtfiles -g -Wall -Wextra -fno-tree-loop-distribute-patterns"

TRACE::2026-01-20.14:00:25::SCWBDomain::make -C ps7_cortexa9_0/libsrc/standalone_v7_5/src -s include  "SHELL=CMD" "COMPILER=arm-none-eabi-gcc" "ASSEMBLER=arm-none-eabi
TRACE::2026-01-20.14:00:25::SCWBDomain::-as" "ARCHIVER=arm-none-eabi-ar" "COMPILER_FLAGS=  -O2 -c" "EXTRA_COMPILER_FLAGS=-mcpu=cortex-a9 -mfpu=vfpv3 -mfloat-abi=hard -
TRACE::2026-01-20.14:00:25::SCWBDomain::nostartfiles -g -Wall -Wextra -fno-tree-loop-distribute-patterns"

TRACE::2026-01-20.14:00:25::SCWBDomain::"Running Make include in ps7_cortexa9_0/libsrc/uartps_v3_11/src"

TRACE::2026-01-20.14:00:25::SCWBDomain::"Running Make include in ps7_cortexa9_0/libsrc/usbps_v2_7/src"

TRACE::2026-01-20.14:00:25::SCWBDomain::make -C ps7_cortexa9_0/libsrc/uartps_v3_11/src -s include  "SHELL=CMD" "COMPILER=arm-none-eabi-gcc" "ASSEMBLER=arm-none-eabi-as
TRACE::2026-01-20.14:00:25::SCWBDomain::" "ARCHIVER=arm-none-eabi-ar" "COMPILER_FLAGS=  -O2 -c" "EXTRA_COMPILER_FLAGS=-mcpu=cortex-a9 -mfpu=vfpv3 -mfloat-abi=hard -nos
TRACE::2026-01-20.14:00:25::SCWBDomain::tartfiles -g -Wall -Wextra -fno-tree-loop-distribute-patterns"

TRACE::2026-01-20.14:00:25::SCWBDomain::make -C ps7_cortexa9_0/libsrc/usbps_v2_7/src -s include  "SHELL=CMD" "COMPILER=arm-none-eabi-gcc" "ASSEMBLER=arm-none-eabi-as" 
TRACE::2026-01-20.14:00:25::SCWBDomain::"ARCHIVER=arm-none-eabi-ar" "COMPILER_FLAGS=  -O2 -c" "EXTRA_COMPILER_FLAGS=-mcpu=cortex-a9 -mfpu=vfpv3 -mfloat-abi=hard -nosta
TRACE::2026-01-20.14:00:25::SCWBDomain::rtfiles -g -Wall -Wextra -fno-tree-loop-distribute-patterns"

TRACE::2026-01-20.14:00:25::SCWBDomain::"Running Make include in ps7_cortexa9_0/libsrc/xadcps_v2_6/src"

TRACE::2026-01-20.14:00:25::SCWBDomain::make -C ps7_cortexa9_0/libsrc/xadcps_v2_6/src -s include  "SHELL=CMD" "COMPILER=arm-none-eabi-gcc" "ASSEMBLER=arm-none-eabi-as"
TRACE::2026-01-20.14:00:25::SCWBDomain:: "ARCHIVER=arm-none-eabi-ar" "COMPILER_FLAGS=  -O2 -c" "EXTRA_COMPILER_FLAGS=-mcpu=cortex-a9 -mfpu=vfpv3 -mfloat-abi=hard -nost
TRACE::2026-01-20.14:00:25::SCWBDomain::artfiles -g -Wall -Wextra -fno-tree-loop-distribute-patterns"

TRACE::2026-01-20.14:00:25::SCWBDomain::"Running Make include in ps7_cortexa9_0/libsrc/xilffs_v4_5/src"

TRACE::2026-01-20.14:00:25::SCWBDomain::make -C ps7_cortexa9_0/libsrc/xilffs_v4_5/src -s include  "SHELL=CMD" "COMPILER=arm-none-eabi-gcc" "ASSEMBLER=arm-none-eabi-as"
TRACE::2026-01-20.14:00:25::SCWBDomain:: "ARCHIVER=arm-none-eabi-ar" "COMPILER_FLAGS=  -O2 -c" "EXTRA_COMPILER_FLAGS=-mcpu=cortex-a9 -mfpu=vfpv3 -mfloat-abi=hard -nost
TRACE::2026-01-20.14:00:25::SCWBDomain::artfiles -g -Wall -Wextra -fno-tree-loop-distribute-patterns"

TRACE::2026-01-20.14:00:25::SCWBDomain::"Running Make include in ps7_cortexa9_0/libsrc/xilrsa_v1_6/src"

TRACE::2026-01-20.14:00:25::SCWBDomain::make -C ps7_cortexa9_0/libsrc/xilrsa_v1_6/src -s include  "SHELL=CMD" "COMPILER=arm-none-eabi-gcc" "ASSEMBLER=arm-none-eabi-as"
TRACE::2026-01-20.14:00:25::SCWBDomain:: "ARCHIVER=arm-none-eabi-ar" "COMPILER_FLAGS=  -O2 -c" "EXTRA_COMPILER_FLAGS=-mcpu=cortex-a9 -mfpu=vfpv3 -mfloat-abi=hard -nost
TRACE::2026-01-20.14:00:25::SCWBDomain::artfiles -g -Wall -Wextra -fno-tree-loop-distribute-patterns"

TRACE::2026-01-20.14:00:25::SCWBDomain::"Running Make libs in ps7_cortexa9_0/libsrc/coresightps_dcc_v1_8/src"

TRACE::2026-01-20.14:00:25::SCWBDomain::make -C ps7_cortexa9_0/libsrc/coresightps_dcc_v1_8/src -s libs  "SHELL=CMD" "COMPILER=arm-none-eabi-gcc" "ASSEMBLER=arm-none-ea
TRACE::2026-01-20.14:00:25::SCWBDomain::bi-as" "ARCHIVER=arm-none-eabi-ar" "COMPILER_FLAGS=  -O2 -c" "EXTRA_COMPILER_FLAGS=-mcpu=cortex-a9 -mfpu=vfpv3 -mfloat-abi=hard
TRACE::2026-01-20.14:00:25::SCWBDomain:: -nostartfiles -g -Wall -Wextra -fno-tree-loop-distribute-patterns"

TRACE::2026-01-20.14:00:25::SCWBDomain::"Running Make libs in ps7_cortexa9_0/libsrc/cpu_cortexa9_v2_11/src"

TRACE::2026-01-20.14:00:25::SCWBDomain::"Running Make libs in ps7_cortexa9_0/libsrc/ddrps_v1_2/src"

TRACE::2026-01-20.14:00:25::SCWBDomain::make -C ps7_cortexa9_0/libsrc/cpu_cortexa9_v2_11/src -s libs  "SHELL=CMD" "COMPILER=arm-none-eabi-gcc" "ASSEMBLER=arm-none-eabi
TRACE::2026-01-20.14:00:25::SCWBDomain::-as" "ARCHIVER=arm-none-eabi-ar" "COMPILER_FLAGS=  -O2 -c" "EXTRA_COMPILER_FLAGS=-mcpu=cortex-a9 -mfpu=vfpv3 -mfloat-abi=hard -
TRACE::2026-01-20.14:00:25::SCWBDomain::nostartfiles -g -Wall -Wextra -fno-tree-loop-distribute-patterns"

TRACE::2026-01-20.14:00:25::SCWBDomain::make -C ps7_cortexa9_0/libsrc/ddrps_v1_2/src -s libs  "SHELL=CMD" "COMPILER=arm-none-eabi-gcc" "ASSEMBLER=arm-none-eabi-as" "AR
TRACE::2026-01-20.14:00:25::SCWBDomain::CHIVER=arm-none-eabi-ar" "COMPILER_FLAGS=  -O2 -c" "EXTRA_COMPILER_FLAGS=-mcpu=cortex-a9 -mfpu=vfpv3 -mfloat-abi=hard -nostartf
TRACE::2026-01-20.14:00:25::SCWBDomain::iles -g -Wall -Wextra -fno-tree-loop-distribute-patterns"

TRACE::2026-01-20.14:00:25::SCWBDomain::"Running Make libs in ps7_cortexa9_0/libsrc/devcfg_v3_7/src"

TRACE::2026-01-20.14:00:25::SCWBDomain::make -C ps7_cortexa9_0/libsrc/devcfg_v3_7/src -s libs  "SHELL=CMD" "COMPILER=arm-none-eabi-gcc" "ASSEMBLER=arm-none-eabi-as" "A
TRACE::2026-01-20.14:00:25::SCWBDomain::RCHIVER=arm-none-eabi-ar" "COMPILER_FLAGS=  -O2 -c" "EXTRA_COMPILER_FLAGS=-mcpu=cortex-a9 -mfpu=vfpv3 -mfloat-abi=hard -nostart
TRACE::2026-01-20.14:00:25::SCWBDomain::files -g -Wall -Wextra -fno-tree-loop-distribute-patterns"

TRACE::2026-01-20.14:00:25::SCWBDomain::"Running Make libs in ps7_cortexa9_0/libsrc/dmaps_v2_8/src"

TRACE::2026-01-20.14:00:25::SCWBDomain::make -C ps7_cortexa9_0/libsrc/dmaps_v2_8/src -s libs  "SHELL=CMD" "COMPILER=arm-none-eabi-gcc" "ASSEMBLER=arm-none-eabi-as" "AR
TRACE::2026-01-20.14:00:25::SCWBDomain::CHIVER=arm-none-eabi-ar" "COMPILER_FLAGS=  -O2 -c" "EXTRA_COMPILER_FLAGS=-mcpu=cortex-a9 -mfpu=vfpv3 -mfloat-abi=hard -nostartf
TRACE::2026-01-20.14:00:25::SCWBDomain::iles -g -Wall -Wextra -fno-tree-loop-distribute-patterns"

TRACE::2026-01-20.14:00:25::SCWBDomain::"Running Make libs in ps7_cortexa9_0/libsrc/emacps_v3_14/src"

TRACE::2026-01-20.14:00:25::SCWBDomain::make -C ps7_cortexa9_0/libsrc/emacps_v3_14/src -s libs  "SHELL=CMD" "COMPILER=arm-none-eabi-gcc" "ASSEMBLER=arm-none-eabi-as" "
TRACE::2026-01-20.14:00:25::SCWBDomain::ARCHIVER=arm-none-eabi-ar" "COMPILER_FLAGS=  -O2 -c" "EXTRA_COMPILER_FLAGS=-mcpu=cortex-a9 -mfpu=vfpv3 -mfloat-abi=hard -nostar
TRACE::2026-01-20.14:00:25::SCWBDomain::tfiles -g -Wall -Wextra -fno-tree-loop-distribute-patterns"

TRACE::2026-01-20.14:00:25::SCWBDomain::"Running Make libs in ps7_cortexa9_0/libsrc/gpiops_v3_9/src"

TRACE::2026-01-20.14:00:25::SCWBDomain::make -C ps7_cortexa9_0/libsrc/gpiops_v3_9/src -s libs  "SHELL=CMD" "COMPILER=arm-none-eabi-gcc" "ASSEMBLER=arm-none-eabi-as" "A
TRACE::2026-01-20.14:00:25::SCWBDomain::RCHIVER=arm-none-eabi-ar" "COMPILER_FLAGS=  -O2 -c" "EXTRA_COMPILER_FLAGS=-mcpu=cortex-a9 -mfpu=vfpv3 -mfloat-abi=hard -nostart
TRACE::2026-01-20.14:00:25::SCWBDomain::files -g -Wall -Wextra -fno-tree-loop-distribute-patterns"

TRACE::2026-01-20.14:00:25::SCWBDomain::"Running Make libs in ps7_cortexa9_0/libsrc/qspips_v3_9/src"

TRACE::2026-01-20.14:00:25::SCWBDomain::make -C ps7_cortexa9_0/libsrc/qspips_v3_9/src -s libs  "SHELL=CMD" "COMPILER=arm-none-eabi-gcc" "ASSEMBLER=arm-none-eabi-as" "A
TRACE::2026-01-20.14:00:25::SCWBDomain::RCHIVER=arm-none-eabi-ar" "COMPILER_FLAGS=  -O2 -c" "EXTRA_COMPILER_FLAGS=-mcpu=cortex-a9 -mfpu=vfpv3 -mfloat-abi=hard -nostart
TRACE::2026-01-20.14:00:25::SCWBDomain::files -g -Wall -Wextra -fno-tree-loop-distribute-patterns"

TRACE::2026-01-20.14:00:25::SCWBDomain::"Running Make libs in ps7_cortexa9_0/libsrc/scugic_v4_5/src"

TRACE::2026-01-20.14:00:25::SCWBDomain::make -C ps7_cortexa9_0/libsrc/scugic_v4_5/src -s libs  "SHELL=CMD" "COMPILER=arm-none-eabi-gcc" "ASSEMBLER=arm-none-eabi-as" "A
TRACE::2026-01-20.14:00:25::SCWBDomain::RCHIVER=arm-none-eabi-ar" "COMPILER_FLAGS=  -O2 -c" "EXTRA_COMPILER_FLAGS=-mcpu=cortex-a9 -mfpu=vfpv3 -mfloat-abi=hard -nostart
TRACE::2026-01-20.14:00:25::SCWBDomain::files -g -Wall -Wextra -fno-tree-loop-distribute-patterns"

TRACE::2026-01-20.14:00:25::SCWBDomain::"Running Make libs in ps7_cortexa9_0/libsrc/scutimer_v2_3/src"

TRACE::2026-01-20.14:00:25::SCWBDomain::make -C ps7_cortexa9_0/libsrc/scutimer_v2_3/src -s libs  "SHELL=CMD" "COMPILER=arm-none-eabi-gcc" "ASSEMBLER=arm-none-eabi-as" 
TRACE::2026-01-20.14:00:25::SCWBDomain::"ARCHIVER=arm-none-eabi-ar" "COMPILER_FLAGS=  -O2 -c" "EXTRA_COMPILER_FLAGS=-mcpu=cortex-a9 -mfpu=vfpv3 -mfloat-abi=hard -nosta
TRACE::2026-01-20.14:00:25::SCWBDomain::rtfiles -g -Wall -Wextra -fno-tree-loop-distribute-patterns"

TRACE::2026-01-20.14:00:25::SCWBDomain::"Running Make libs in ps7_cortexa9_0/libsrc/scuwdt_v2_4/src"

TRACE::2026-01-20.14:00:25::SCWBDomain::make -C ps7_cortexa9_0/libsrc/scuwdt_v2_4/src -s libs  "SHELL=CMD" "COMPILER=arm-none-eabi-gcc" "ASSEMBLER=arm-none-eabi-as" "A
TRACE::2026-01-20.14:00:25::SCWBDomain::RCHIVER=arm-none-eabi-ar" "COMPILER_FLAGS=  -O2 -c" "EXTRA_COMPILER_FLAGS=-mcpu=cortex-a9 -mfpu=vfpv3 -mfloat-abi=hard -nostart
TRACE::2026-01-20.14:00:25::SCWBDomain::files -g -Wall -Wextra -fno-tree-loop-distribute-patterns"

TRACE::2026-01-20.14:00:25::SCWBDomain::"Running Make libs in ps7_cortexa9_0/libsrc/sdps_v3_12/src"

TRACE::2026-01-20.14:00:25::SCWBDomain::make -C ps7_cortexa9_0/libsrc/sdps_v3_12/src -s libs  "SHELL=CMD" "COMPILER=arm-none-eabi-gcc" "ASSEMBLER=arm-none-eabi-as" "AR
TRACE::2026-01-20.14:00:25::SCWBDomain::CHIVER=arm-none-eabi-ar" "COMPILER_FLAGS=  -O2 -c" "EXTRA_COMPILER_FLAGS=-mcpu=cortex-a9 -mfpu=vfpv3 -mfloat-abi=hard -nostartf
TRACE::2026-01-20.14:00:25::SCWBDomain::iles -g -Wall -Wextra -fno-tree-loop-distribute-patterns"

TRACE::2026-01-20.14:00:25::SCWBDomain::"Running Make libs in ps7_cortexa9_0/libsrc/standalone_v7_5/src"

TRACE::2026-01-20.14:00:25::SCWBDomain::make -C ps7_cortexa9_0/libsrc/standalone_v7_5/src -s libs  "SHELL=CMD" "COMPILER=arm-none-eabi-gcc" "ASSEMBLER=arm-none-eabi-as
TRACE::2026-01-20.14:00:25::SCWBDomain::" "ARCHIVER=arm-none-eabi-ar" "COMPILER_FLAGS=  -O2 -c" "EXTRA_COMPILER_FLAGS=-mcpu=cortex-a9 -mfpu=vfpv3 -mfloat-abi=hard -nos
TRACE::2026-01-20.14:00:25::SCWBDomain::tartfiles -g -Wall -Wextra -fno-tree-loop-distribute-patterns"

TRACE::2026-01-20.14:00:26::SCWBDomain::"Running Make libs in ps7_cortexa9_0/libsrc/uartps_v3_11/src"

TRACE::2026-01-20.14:00:26::SCWBDomain::make -C ps7_cortexa9_0/libsrc/uartps_v3_11/src -s libs  "SHELL=CMD" "COMPILER=arm-none-eabi-gcc" "ASSEMBLER=arm-none-eabi-as" "
TRACE::2026-01-20.14:00:26::SCWBDomain::ARCHIVER=arm-none-eabi-ar" "COMPILER_FLAGS=  -O2 -c" "EXTRA_COMPILER_FLAGS=-mcpu=cortex-a9 -mfpu=vfpv3 -mfloat-abi=hard -nostar
TRACE::2026-01-20.14:00:26::SCWBDomain::tfiles -g -Wall -Wextra -fno-tree-loop-distribute-patterns"

TRACE::2026-01-20.14:00:26::SCWBDomain::"Running Make libs in ps7_cortexa9_0/libsrc/usbps_v2_7/src"

TRACE::2026-01-20.14:00:26::SCWBDomain::make -C ps7_cortexa9_0/libsrc/usbps_v2_7/src -s libs  "SHELL=CMD" "COMPILER=arm-none-eabi-gcc" "ASSEMBLER=arm-none-eabi-as" "AR
TRACE::2026-01-20.14:00:26::SCWBDomain::CHIVER=arm-none-eabi-ar" "COMPILER_FLAGS=  -O2 -c" "EXTRA_COMPILER_FLAGS=-mcpu=cortex-a9 -mfpu=vfpv3 -mfloat-abi=hard -nostartf
TRACE::2026-01-20.14:00:26::SCWBDomain::iles -g -Wall -Wextra -fno-tree-loop-distribute-patterns"

TRACE::2026-01-20.14:00:26::SCWBDomain::"Running Make libs in ps7_cortexa9_0/libsrc/xadcps_v2_6/src"

TRACE::2026-01-20.14:00:26::SCWBDomain::make -C ps7_cortexa9_0/libsrc/xadcps_v2_6/src -s libs  "SHELL=CMD" "COMPILER=arm-none-eabi-gcc" "ASSEMBLER=arm-none-eabi-as" "A
TRACE::2026-01-20.14:00:26::SCWBDomain::RCHIVER=arm-none-eabi-ar" "COMPILER_FLAGS=  -O2 -c" "EXTRA_COMPILER_FLAGS=-mcpu=cortex-a9 -mfpu=vfpv3 -mfloat-abi=hard -nostart
TRACE::2026-01-20.14:00:26::SCWBDomain::files -g -Wall -Wextra -fno-tree-loop-distribute-patterns"

TRACE::2026-01-20.14:00:26::SCWBDomain::"Running Make libs in ps7_cortexa9_0/libsrc/xilffs_v4_5/src"

TRACE::2026-01-20.14:00:26::SCWBDomain::make -C ps7_cortexa9_0/libsrc/xilffs_v4_5/src -s libs  "SHELL=CMD" "COMPILER=arm-none-eabi-gcc" "ASSEMBLER=arm-none-eabi-as" "A
TRACE::2026-01-20.14:00:26::SCWBDomain::RCHIVER=arm-none-eabi-ar" "COMPILER_FLAGS=  -O2 -c" "EXTRA_COMPILER_FLAGS=-mcpu=cortex-a9 -mfpu=vfpv3 -mfloat-abi=hard -nostart
TRACE::2026-01-20.14:00:26::SCWBDomain::files -g -Wall -Wextra -fno-tree-loop-distribute-patterns"

TRACE::2026-01-20.14:00:27::SCWBDomain::'Finished building libraries parallelly.'

TRACE::2026-01-20.14:00:27::SCWBDomain::make --no-print-directory archive

TRACE::2026-01-20.14:00:27::SCWBDomain::arm-none-eabi-ar -r  ps7_cortexa9_0/lib/libxil.a ps7_cortexa9_0/lib/xil_testcache.o ps7_cortexa9_0/lib/xadcps_selftest.o ps7_co
TRACE::2026-01-20.14:00:27::SCWBDomain::rtexa9_0/lib/xplatform_info.o ps7_cortexa9_0/lib/xil_mmu.o ps7_cortexa9_0/lib/_exit.o ps7_cortexa9_0/lib/xusbps_sinit.o ps7_cor
TRACE::2026-01-20.14:00:27::SCWBDomain::texa9_0/lib/xdevcfg_hw.o ps7_cortexa9_0/lib/xil_sleeptimer.o ps7_cortexa9_0/lib/xqspips_options.o ps7_cortexa9_0/lib/xdmaps_g.o
TRACE::2026-01-20.14:00:27::SCWBDomain:: ps7_cortexa9_0/lib/xscutimer_g.o ps7_cortexa9_0/lib/xsdps_options.o ps7_cortexa9_0/lib/xil_misc_psreset_api.o ps7_cortexa9_0/l
TRACE::2026-01-20.14:00:27::SCWBDomain::ib/xdmaps_sinit.o ps7_cortexa9_0/lib/xscutimer_sinit.o ps7_cortexa9_0/lib/xemacps_hw.o ps7_cortexa9_0/lib/inbyte.o ps7_cortexa9
TRACE::2026-01-20.14:00:27::SCWBDomain::_0/lib/xdmaps_selftest.o ps7_cortexa9_0/lib/xscutimer_selftest.o ps7_cortexa9_0/lib/putnum.o ps7_cortexa9_0/lib/xqspips_hw.o ps
TRACE::2026-01-20.14:00:27::SCWBDomain::7_cortexa9_0/lib/xgpiops_g.o ps7_cortexa9_0/lib/xsdps.o ps7_cortexa9_0/lib/close.o ps7_cortexa9_0/lib/xgpiops_intr.o ps7_cortex
TRACE::2026-01-20.14:00:27::SCWBDomain::a9_0/lib/xdma_g.o ps7_cortexa9_0/lib/xgpiops_sinit.o ps7_cortexa9_0/lib/xdma_sinit.o ps7_cortexa9_0/lib/xgpiops_selftest.o ps7_
TRACE::2026-01-20.14:00:27::SCWBDomain::cortexa9_0/lib/xscuwdt.o ps7_cortexa9_0/lib/xgpiops.o ps7_cortexa9_0/lib/xil_clocking.o ps7_cortexa9_0/lib/xil_mem.o ps7_cortex
TRACE::2026-01-20.14:00:27::SCWBDomain::a9_0/lib/time.o ps7_cortexa9_0/lib/xil_printf.o ps7_cortexa9_0/lib/kill.o ps7_cortexa9_0/lib/xuartps_g.o ps7_cortexa9_0/lib/xad
TRACE::2026-01-20.14:00:27::SCWBDomain::cps.o ps7_cortexa9_0/lib/xuartps_sinit.o ps7_cortexa9_0/lib/xuartps_selftest.o ps7_cortexa9_0/lib/lseek.o ps7_cortexa9_0/lib/xu
TRACE::2026-01-20.14:00:27::SCWBDomain::sbps_hw.o ps7_cortexa9_0/lib/xl2cc_counter.o ps7_cortexa9_0/lib/asm_vectors.o ps7_cortexa9_0/lib/abort.o ps7_cortexa9_0/lib/xsc
TRACE::2026-01-20.14:00:27::SCWBDomain::ugic_intr.o ps7_cortexa9_0/lib/getpid.o ps7_cortexa9_0/lib/xdevcfg_sinit.o ps7_cortexa9_0/lib/xdmaps.o ps7_cortexa9_0/lib/xscut
TRACE::2026-01-20.14:00:27::SCWBDomain::imer.o ps7_cortexa9_0/lib/xdevcfg_selftest.o ps7_cortexa9_0/lib/xpm_counter.o ps7_cortexa9_0/lib/_sbrk.o ps7_cortexa9_0/lib/xem
TRACE::2026-01-20.14:00:27::SCWBDomain::acps_sinit.o ps7_cortexa9_0/lib/xqspips_g.o ps7_cortexa9_0/lib/xusbps.o ps7_cortexa9_0/lib/xusbps_endpoint.o ps7_cortexa9_0/lib
TRACE::2026-01-20.14:00:27::SCWBDomain::/xusbps_g.o ps7_cortexa9_0/lib/xsdps_sinit.o ps7_cortexa9_0/lib/xqspips_selftest.o ps7_cortexa9_0/lib/xil_exception.o ps7_corte
TRACE::2026-01-20.14:00:27::SCWBDomain::xa9_0/lib/xil_testmem.o ps7_cortexa9_0/lib/xemacps_control.o ps7_cortexa9_0/lib/open.o ps7_cortexa9_0/lib/xil_assert.o ps7_cort
TRACE::2026-01-20.14:00:27::SCWBDomain::exa9_0/lib/xusbps_intr.o ps7_cortexa9_0/lib/xsdps_host.o ps7_cortexa9_0/lib/xcoresightpsdcc.o ps7_cortexa9_0/lib/xscugic_hw.o p
TRACE::2026-01-20.14:00:27::SCWBDomain::s7_cortexa9_0/lib/sleep.o ps7_cortexa9_0/lib/cpputest_time.o ps7_cortexa9_0/lib/_open.o ps7_cortexa9_0/lib/fcntl.o ps7_cortexa9
TRACE::2026-01-20.14:00:27::SCWBDomain::_0/lib/print.o ps7_cortexa9_0/lib/read.o ps7_cortexa9_0/lib/xdevcfg.o ps7_cortexa9_0/lib/xadcps_intr.o ps7_cortexa9_0/lib/xqspi
TRACE::2026-01-20.14:00:27::SCWBDomain::ps.o ps7_cortexa9_0/lib/xemacps.o ps7_cortexa9_0/lib/xil_cache.o ps7_cortexa9_0/lib/xil_testio.o ps7_cortexa9_0/lib/unlink.o ps
TRACE::2026-01-20.14:00:27::SCWBDomain::7_cortexa9_0/lib/xil_spinlock.o ps7_cortexa9_0/lib/translation_table.o ps7_cortexa9_0/lib/write.o ps7_cortexa9_0/lib/boot.o ps7
TRACE::2026-01-20.14:00:27::SCWBDomain::_cortexa9_0/lib/xemacps_bdring.o ps7_cortexa9_0/lib/cpu_init.o ps7_cortexa9_0/lib/vectors.o ps7_cortexa9_0/lib/usleep.o ps7_cor
TRACE::2026-01-20.14:00:27::SCWBDomain::texa9_0/lib/xil_sleepcommon.o ps7_cortexa9_0/lib/xscugic_g.o ps7_cortexa9_0/lib/xscugic_sinit.o ps7_cortexa9_0/lib/xdevcfg_g.o 
TRACE::2026-01-20.14:00:27::SCWBDomain::ps7_cortexa9_0/lib/outbyte.o ps7_cortexa9_0/lib/xtime_l.o ps7_cortexa9_0/lib/xdma_linux.o ps7_cortexa9_0/lib/xscugic_selftest.o
TRACE::2026-01-20.14:00:27::SCWBDomain:: ps7_cortexa9_0/lib/xil_util.o ps7_cortexa9_0/lib/xuartps_intr.o ps7_cortexa9_0/lib/xuartps.o ps7_cortexa9_0/lib/xsdps_card.o p
TRACE::2026-01-20.14:00:27::SCWBDomain::s7_cortexa9_0/lib/xdmaps_hw.o ps7_cortexa9_0/lib/sbrk.o ps7_cortexa9_0/lib/xgpiops_hw.o ps7_cortexa9_0/lib/xsdps_g.o ps7_cortex
TRACE::2026-01-20.14:00:27::SCWBDomain::a9_0/lib/fstat.o ps7_cortexa9_0/lib/errno.o ps7_cortexa9_0/lib/xdevcfg_intr.o ps7_cortexa9_0/lib/xuartps_options.o ps7_cortexa9
TRACE::2026-01-20.14:00:27::SCWBDomain::_0/lib/xscuwdt_g.o ps7_cortexa9_0/lib/xdma.o ps7_cortexa9_0/lib/xemacps_g.o ps7_cortexa9_0/lib/xscuwdt_sinit.o ps7_cortexa9_0/l
TRACE::2026-01-20.14:00:27::SCWBDomain::ib/xemacps_intr.o ps7_cortexa9_0/lib/xscuwdt_selftest.o ps7_cortexa9_0/lib/isatty.o ps7_cortexa9_0/lib/xil-crt0.o ps7_cortexa9_
TRACE::2026-01-20.14:00:27::SCWBDomain::0/lib/xscugic.o ps7_cortexa9_0/lib/xuartps_hw.o ps7_cortexa9_0/lib/xadcps_g.o ps7_cortexa9_0/lib/xqspips_sinit.o ps7_cortexa9_0
TRACE::2026-01-20.14:00:27::SCWBDomain::/lib/xadcps_sinit.o

TRACE::2026-01-20.14:00:27::SCWBDomain::'Finished building libraries'

TRACE::2026-01-20.14:00:27::SCWBDomain::make: Leaving directory 'C:/Users/CamLT/AX7010_Work/UltrasonicFPGA2021/delay-and-sum/delay_and_sum_plat/zynq_fsbl/zynq_fsbl_bsp
TRACE::2026-01-20.14:00:27::SCWBDomain::'

TRACE::2026-01-20.14:00:27::SCWBDomain::arm-none-eabi-gcc -MMD -MP       -mcpu=cortex-a9 -mfpu=vfpv3 -mfloat-abi=hard   -O2 -c -c sd.c -o sd.o -Izynq_fsbl_bsp/ps7_cort
TRACE::2026-01-20.14:00:27::SCWBDomain::exa9_0/include -I.

TRACE::2026-01-20.14:00:27::SCWBDomain::arm-none-eabi-gcc -MMD -MP       -mcpu=cortex-a9 -mfpu=vfpv3 -mfloat-abi=hard   -O2 -c -c nand.c -o nand.o -Izynq_fsbl_bsp/ps7_
TRACE::2026-01-20.14:00:27::SCWBDomain::cortexa9_0/include -I.

TRACE::2026-01-20.14:00:27::SCWBDomain::arm-none-eabi-gcc -MMD -MP       -mcpu=cortex-a9 -mfpu=vfpv3 -mfloat-abi=hard   -O2 -c -c image_mover.c -o image_mover.o -Izynq
TRACE::2026-01-20.14:00:27::SCWBDomain::_fsbl_bsp/ps7_cortexa9_0/include -I.

TRACE::2026-01-20.14:00:27::SCWBDomain::arm-none-eabi-gcc -MMD -MP       -mcpu=cortex-a9 -mfpu=vfpv3 -mfloat-abi=hard   -O2 -c -c md5.c -o md5.o -Izynq_fsbl_bsp/ps7_co
TRACE::2026-01-20.14:00:27::SCWBDomain::rtexa9_0/include -I.

TRACE::2026-01-20.14:00:28::SCWBDomain::arm-none-eabi-gcc -MMD -MP       -mcpu=cortex-a9 -mfpu=vfpv3 -mfloat-abi=hard   -O2 -c -c fsbl_hooks.c -o fsbl_hooks.o -Izynq_f
TRACE::2026-01-20.14:00:28::SCWBDomain::sbl_bsp/ps7_cortexa9_0/include -I.

TRACE::2026-01-20.14:00:28::SCWBDomain::arm-none-eabi-gcc -MMD -MP       -mcpu=cortex-a9 -mfpu=vfpv3 -mfloat-abi=hard   -O2 -c -c main.c -o main.o -Izynq_fsbl_bsp/ps7_
TRACE::2026-01-20.14:00:28::SCWBDomain::cortexa9_0/include -I.

TRACE::2026-01-20.14:00:28::SCWBDomain::arm-none-eabi-gcc -MMD -MP       -mcpu=cortex-a9 -mfpu=vfpv3 -mfloat-abi=hard   -O2 -c -c rsa.c -o rsa.o -Izynq_fsbl_bsp/ps7_co
TRACE::2026-01-20.14:00:28::SCWBDomain::rtexa9_0/include -I.

TRACE::2026-01-20.14:00:28::SCWBDomain::arm-none-eabi-gcc -MMD -MP       -mcpu=cortex-a9 -mfpu=vfpv3 -mfloat-abi=hard   -O2 -c -c nor.c -o nor.o -Izynq_fsbl_bsp/ps7_co
TRACE::2026-01-20.14:00:28::SCWBDomain::rtexa9_0/include -I.

TRACE::2026-01-20.14:00:28::SCWBDomain::arm-none-eabi-gcc -MMD -MP       -mcpu=cortex-a9 -mfpu=vfpv3 -mfloat-abi=hard   -O2 -c -c qspi.c -o qspi.o -Izynq_fsbl_bsp/ps7_
TRACE::2026-01-20.14:00:28::SCWBDomain::cortexa9_0/include -I.

TRACE::2026-01-20.14:00:28::SCWBDomain::arm-none-eabi-gcc -MMD -MP       -mcpu=cortex-a9 -mfpu=vfpv3 -mfloat-abi=hard   -O2 -c -c ps7_init.c -o ps7_init.o -Izynq_fsbl_
TRACE::2026-01-20.14:00:28::SCWBDomain::bsp/ps7_cortexa9_0/include -I.

TRACE::2026-01-20.14:00:28::SCWBDomain::arm-none-eabi-gcc -MMD -MP       -mcpu=cortex-a9 -mfpu=vfpv3 -mfloat-abi=hard   -O2 -c -c pcap.c -o pcap.o -Izynq_fsbl_bsp/ps7_
TRACE::2026-01-20.14:00:28::SCWBDomain::cortexa9_0/include -I.

TRACE::2026-01-20.14:00:28::SCWBDomain::arm-none-eabi-gcc -MMD -MP       -mcpu=cortex-a9 -mfpu=vfpv3 -mfloat-abi=hard   -O2 -c -c fsbl_handoff.S -o fsbl_handoff.o -Izy
TRACE::2026-01-20.14:00:28::SCWBDomain::nq_fsbl_bsp/ps7_cortexa9_0/include -I.

TRACE::2026-01-20.14:00:28::SCWBDomain::arm-none-eabi-gcc -o fsbl.elf  sd.o  nand.o  image_mover.o  md5.o  fsbl_hooks.o  main.o  rsa.o  nor.o  qspi.o  ps7_init.o  pcap
TRACE::2026-01-20.14:00:28::SCWBDomain::.o  fsbl_handoff.o -MMD -MP       -mcpu=cortex-a9 -mfpu=vfpv3 -mfloat-abi=hard   -mcpu=cortex-a9 -mfpu=vfpv3 -mfloat-abi=hard -
TRACE::2026-01-20.14:00:28::SCWBDomain::Wl,-build-id=none -specs=Xilinx.spec  -lrsa -Wl,--start-group,-lxil,-lgcc,-lc,--end-group -Wl,--start-group,-lxilffs,-lxil,-lgc
TRACE::2026-01-20.14:00:28::SCWBDomain::c,-lc,--end-group -Wl,--start-group,-lrsa,-lxil,-lgcc,-lc,--end-group -Wl,--start-group,-lxil,-llwip4,-lgcc,-lc,--end-group    
TRACE::2026-01-20.14:00:28::SCWBDomain::                                -Wl,--gc-sections -Lzynq_fsbl_bsp/ps7_cortexa9_0/lib -L./ -Tlscript.ld

LOG::2026-01-20.14:00:28::SCWSystem::Checking the domain standalone_domain
LOG::2026-01-20.14:00:28::SCWSystem::Not a boot domain 
LOG::2026-01-20.14:00:28::SCWSystem::Started Processing the domain standalone_domain
TRACE::2026-01-20.14:00:28::SCWDomain::Generating domain artifcats
TRACE::2026-01-20.14:00:28::SCWMssOS::Generating standalone artifcats
TRACE::2026-01-20.14:00:28::SCWMssOS::Copying the qemu file from  C:/Xilinx/Vitis/2021.1/data/emulation/platforms/zynq/sw/a9_standalone/qemu/qemu_args.txt To C:/Users/CamLT/AX7010_Work/UltrasonicFPGA2021/delay-and-sum/delay_and_sum_plat/export/delay_and_sum_plat/sw/delay_and_sum_plat/qemu/
TRACE::2026-01-20.14:00:28::SCWMssOS::Copying the qemu file from  C:/Xilinx/Vitis/2021.1/data/emulation/platforms/zynq/sw/a9_standalone/qemu/qemu_args.txt To C:/Users/CamLT/AX7010_Work/UltrasonicFPGA2021/delay-and-sum/delay_and_sum_plat/export/delay_and_sum_plat/sw/delay_and_sum_plat/standalone_domain/qemu/
TRACE::2026-01-20.14:00:28::SCWMssOS:: Copying the user libraries. 
TRACE::2026-01-20.14:00:28::SCWPlatform::Trying to open the hw design at C:/Users/CamLT/AX7010_Work/UltrasonicFPGA2021/delay-and-sum/delay_and_sum_plat/hw/Demodulator_128Ch_wrapper.xsa
TRACE::2026-01-20.14:00:28::SCWPlatform::DSA given C:/Users/CamLT/AX7010_Work/UltrasonicFPGA2021/delay-and-sum/delay_and_sum_plat/hw/Demodulator_128Ch_wrapper.xsa
TRACE::2026-01-20.14:00:28::SCWPlatform::DSA absoulate path C:/Users/CamLT/AX7010_Work/UltrasonicFPGA2021/delay-and-sum/delay_and_sum_plat/hw/Demodulator_128Ch_wrapper.xsa
TRACE::2026-01-20.14:00:28::SCWPlatform::DSA directory C:/Users/CamLT/AX7010_Work/UltrasonicFPGA2021/delay-and-sum/delay_and_sum_plat/hw
TRACE::2026-01-20.14:00:28::SCWPlatform:: Platform Path C:/Users/CamLT/AX7010_Work/UltrasonicFPGA2021/delay-and-sum/delay_and_sum_plat/hw/Demodulator_128Ch_wrapper.xsa
TRACE::2026-01-20.14:00:28::SCWPlatform:: Unique name xilinx:::0.0
TRACE::2026-01-20.14:00:28::SCWPlatform::Trying to set the existing hwdb with name Demodulator_128Ch_wrappe
TRACE::2026-01-20.14:00:28::SCWPlatform::Opened existing hwdb Demodulator_128Ch_wrappe
TRACE::2026-01-20.14:00:28::SCWPlatform::Found the Hw Db part of the input DSA
TRACE::2026-01-20.14:00:28::SCWMssOS::Checking the sw design at  C:/Users/CamLT/AX7010_Work/UltrasonicFPGA2021/delay-and-sum/delay_and_sum_plat/ps7_cortexa9_0/standalone_domain/bsp/system.mss
TRACE::2026-01-20.14:00:28::SCWMssOS::DEBUG:  swdes dump  C:/Users/CamLT/AX7010_Work/UltrasonicFPGA2021/delay-and-sum/delay_and_sum_plat/ps7_cortexa9_0/standalone_domain/bsp/system.mss|system_0||
C:/Users/CamLT/AX7010_Work/UltrasonicFPGA2021/delay-and-sum/delay_and_sum_plat/zynq_fsbl/zynq_fsbl_bsp/system.mss|system||

TRACE::2026-01-20.14:00:28::SCWMssOS::Sw design exists and opened at  C:/Users/CamLT/AX7010_Work/UltrasonicFPGA2021/delay-and-sum/delay_and_sum_plat/ps7_cortexa9_0/standalone_domain/bsp/system.mss
TRACE::2026-01-20.14:00:28::SCWMssOS::Completed writing the mss file at C:/Users/CamLT/AX7010_Work/UltrasonicFPGA2021/delay-and-sum/delay_and_sum_plat/ps7_cortexa9_0/standalone_domain/bsp
TRACE::2026-01-20.14:00:28::SCWMssOS::Mss edits present, copying mssfile into export location C:/Users/CamLT/AX7010_Work/UltrasonicFPGA2021/delay-and-sum/delay_and_sum_plat/ps7_cortexa9_0/standalone_domain/bsp/system.mss
TRACE::2026-01-20.14:00:28::SCWMssOS::bsp generated is upto date with the mss file. Skipping bsp generation.
TRACE::2026-01-20.14:00:28::SCWMssOS::BSP is already built. skipping the bsp build ... 
TRACE::2026-01-20.14:00:28::SCWDomain::Building the domain as part of full build :  standalone_domain
TRACE::2026-01-20.14:00:28::SCWMssOS::doing bsp build ... 
TRACE::2026-01-20.14:00:28::SCWMssOS::System Command Ran  C: & cd  C:/Users/CamLT/AX7010_Work/UltrasonicFPGA2021/delay-and-sum/delay_and_sum_plat/ps7_cortexa9_0/standalone_domain/bsp & make 
TRACE::2026-01-20.14:00:28::SCWMssOS::make --no-print-directory seq_libs

TRACE::2026-01-20.14:00:28::SCWMssOS::"Running Make include in ps7_cortexa9_0/libsrc/coresightps_dcc_v1_8/src"

TRACE::2026-01-20.14:00:28::SCWMssOS::make -C ps7_cortexa9_0/libsrc/coresightps_dcc_v1_8/src -s include  "SHELL=CMD" "COMPILER=arm-none-eabi-gcc" "ASSEMBLER=arm-none
TRACE::2026-01-20.14:00:28::SCWMssOS::-eabi-as" "ARCHIVER=arm-none-eabi-ar" "COMPILER_FLAGS=  -O2 -c" "EXTRA_COMPILER_FLAGS=-mcpu=cortex-a9 -mfpu=vfpv3 -mfloat-abi=h
TRACE::2026-01-20.14:00:28::SCWMssOS::ard -nostartfiles -g -Wall -Wextra -fno-tree-loop-distribute-patterns"

TRACE::2026-01-20.14:00:28::SCWMssOS::"Running Make include in ps7_cortexa9_0/libsrc/cpu_cortexa9_v2_11/src"

TRACE::2026-01-20.14:00:28::SCWMssOS::make -C ps7_cortexa9_0/libsrc/cpu_cortexa9_v2_11/src -s include  "SHELL=CMD" "COMPILER=arm-none-eabi-gcc" "ASSEMBLER=arm-none-e
TRACE::2026-01-20.14:00:28::SCWMssOS::abi-as" "ARCHIVER=arm-none-eabi-ar" "COMPILER_FLAGS=  -O2 -c" "EXTRA_COMPILER_FLAGS=-mcpu=cortex-a9 -mfpu=vfpv3 -mfloat-abi=har
TRACE::2026-01-20.14:00:28::SCWMssOS::d -nostartfiles -g -Wall -Wextra -fno-tree-loop-distribute-patterns"

TRACE::2026-01-20.14:00:29::SCWMssOS::"Running Make include in ps7_cortexa9_0/libsrc/ddrps_v1_2/src"

TRACE::2026-01-20.14:00:29::SCWMssOS::make -C ps7_cortexa9_0/libsrc/ddrps_v1_2/src -s include  "SHELL=CMD" "COMPILER=arm-none-eabi-gcc" "ASSEMBLER=arm-none-eabi-as" 
TRACE::2026-01-20.14:00:29::SCWMssOS::"ARCHIVER=arm-none-eabi-ar" "COMPILER_FLAGS=  -O2 -c" "EXTRA_COMPILER_FLAGS=-mcpu=cortex-a9 -mfpu=vfpv3 -mfloat-abi=hard -nosta
TRACE::2026-01-20.14:00:29::SCWMssOS::rtfiles -g -Wall -Wextra -fno-tree-loop-distribute-patterns"

TRACE::2026-01-20.14:00:29::SCWMssOS::"Running Make include in ps7_cortexa9_0/libsrc/devcfg_v3_7/src"

TRACE::2026-01-20.14:00:29::SCWMssOS::make -C ps7_cortexa9_0/libsrc/devcfg_v3_7/src -s include  "SHELL=CMD" "COMPILER=arm-none-eabi-gcc" "ASSEMBLER=arm-none-eabi-as"
TRACE::2026-01-20.14:00:29::SCWMssOS:: "ARCHIVER=arm-none-eabi-ar" "COMPILER_FLAGS=  -O2 -c" "EXTRA_COMPILER_FLAGS=-mcpu=cortex-a9 -mfpu=vfpv3 -mfloat-abi=hard -nost
TRACE::2026-01-20.14:00:29::SCWMssOS::artfiles -g -Wall -Wextra -fno-tree-loop-distribute-patterns"

TRACE::2026-01-20.14:00:29::SCWMssOS::"Running Make include in ps7_cortexa9_0/libsrc/dmaps_v2_8/src"

TRACE::2026-01-20.14:00:29::SCWMssOS::make -C ps7_cortexa9_0/libsrc/dmaps_v2_8/src -s include  "SHELL=CMD" "COMPILER=arm-none-eabi-gcc" "ASSEMBLER=arm-none-eabi-as" 
TRACE::2026-01-20.14:00:29::SCWMssOS::"ARCHIVER=arm-none-eabi-ar" "COMPILER_FLAGS=  -O2 -c" "EXTRA_COMPILER_FLAGS=-mcpu=cortex-a9 -mfpu=vfpv3 -mfloat-abi=hard -nosta
TRACE::2026-01-20.14:00:29::SCWMssOS::rtfiles -g -Wall -Wextra -fno-tree-loop-distribute-patterns"

TRACE::2026-01-20.14:00:29::SCWMssOS::"Running Make include in ps7_cortexa9_0/libsrc/DMA_v1_0/src"

TRACE::2026-01-20.14:00:29::SCWMssOS::make -C ps7_cortexa9_0/libsrc/DMA_v1_0/src -s include  "SHELL=CMD" "COMPILER=arm-none-eabi-gcc" "ASSEMBLER=arm-none-eabi-as" "A
TRACE::2026-01-20.14:00:29::SCWMssOS::RCHIVER=arm-none-eabi-ar" "COMPILER_FLAGS=  -O2 -c" "EXTRA_COMPILER_FLAGS=-mcpu=cortex-a9 -mfpu=vfpv3 -mfloat-abi=hard -nostart
TRACE::2026-01-20.14:00:29::SCWMssOS::files -g -Wall -Wextra -fno-tree-loop-distribute-patterns"

TRACE::2026-01-20.14:00:29::SCWMssOS::"Running Make include in ps7_cortexa9_0/libsrc/emacps_v3_14/src"

TRACE::2026-01-20.14:00:29::SCWMssOS::make -C ps7_cortexa9_0/libsrc/emacps_v3_14/src -s include  "SHELL=CMD" "COMPILER=arm-none-eabi-gcc" "ASSEMBLER=arm-none-eabi-as
TRACE::2026-01-20.14:00:29::SCWMssOS::" "ARCHIVER=arm-none-eabi-ar" "COMPILER_FLAGS=  -O2 -c" "EXTRA_COMPILER_FLAGS=-mcpu=cortex-a9 -mfpu=vfpv3 -mfloat-abi=hard -nos
TRACE::2026-01-20.14:00:29::SCWMssOS::tartfiles -g -Wall -Wextra -fno-tree-loop-distribute-patterns"

TRACE::2026-01-20.14:00:29::SCWMssOS::"Running Make include in ps7_cortexa9_0/libsrc/gpiops_v3_9/src"

TRACE::2026-01-20.14:00:29::SCWMssOS::make -C ps7_cortexa9_0/libsrc/gpiops_v3_9/src -s include  "SHELL=CMD" "COMPILER=arm-none-eabi-gcc" "ASSEMBLER=arm-none-eabi-as"
TRACE::2026-01-20.14:00:29::SCWMssOS:: "ARCHIVER=arm-none-eabi-ar" "COMPILER_FLAGS=  -O2 -c" "EXTRA_COMPILER_FLAGS=-mcpu=cortex-a9 -mfpu=vfpv3 -mfloat-abi=hard -nost
TRACE::2026-01-20.14:00:29::SCWMssOS::artfiles -g -Wall -Wextra -fno-tree-loop-distribute-patterns"

TRACE::2026-01-20.14:00:29::SCWMssOS::"Running Make include in ps7_cortexa9_0/libsrc/lwip211_v1_5/src"

TRACE::2026-01-20.14:00:29::SCWMssOS::make -C ps7_cortexa9_0/libsrc/lwip211_v1_5/src -s include  "SHELL=CMD" "COMPILER=arm-none-eabi-gcc" "ASSEMBLER=arm-none-eabi-as
TRACE::2026-01-20.14:00:29::SCWMssOS::" "ARCHIVER=arm-none-eabi-ar" "COMPILER_FLAGS=  -O2 -c" "EXTRA_COMPILER_FLAGS=-mcpu=cortex-a9 -mfpu=vfpv3 -mfloat-abi=hard -nos
TRACE::2026-01-20.14:00:29::SCWMssOS::tartfiles -g -Wall -Wextra -fno-tree-loop-distribute-patterns"

TRACE::2026-01-20.14:00:29::SCWMssOS::"Running Make include in ps7_cortexa9_0/libsrc/qspips_v3_9/src"

TRACE::2026-01-20.14:00:29::SCWMssOS::make -C ps7_cortexa9_0/libsrc/qspips_v3_9/src -s include  "SHELL=CMD" "COMPILER=arm-none-eabi-gcc" "ASSEMBLER=arm-none-eabi-as"
TRACE::2026-01-20.14:00:29::SCWMssOS:: "ARCHIVER=arm-none-eabi-ar" "COMPILER_FLAGS=  -O2 -c" "EXTRA_COMPILER_FLAGS=-mcpu=cortex-a9 -mfpu=vfpv3 -mfloat-abi=hard -nost
TRACE::2026-01-20.14:00:29::SCWMssOS::artfiles -g -Wall -Wextra -fno-tree-loop-distribute-patterns"

TRACE::2026-01-20.14:00:29::SCWMssOS::"Running Make include in ps7_cortexa9_0/libsrc/scugic_v4_5/src"

TRACE::2026-01-20.14:00:29::SCWMssOS::make -C ps7_cortexa9_0/libsrc/scugic_v4_5/src -s include  "SHELL=CMD" "COMPILER=arm-none-eabi-gcc" "ASSEMBLER=arm-none-eabi-as"
TRACE::2026-01-20.14:00:29::SCWMssOS:: "ARCHIVER=arm-none-eabi-ar" "COMPILER_FLAGS=  -O2 -c" "EXTRA_COMPILER_FLAGS=-mcpu=cortex-a9 -mfpu=vfpv3 -mfloat-abi=hard -nost
TRACE::2026-01-20.14:00:29::SCWMssOS::artfiles -g -Wall -Wextra -fno-tree-loop-distribute-patterns"

TRACE::2026-01-20.14:00:29::SCWMssOS::"Running Make include in ps7_cortexa9_0/libsrc/scutimer_v2_3/src"

TRACE::2026-01-20.14:00:29::SCWMssOS::make -C ps7_cortexa9_0/libsrc/scutimer_v2_3/src -s include  "SHELL=CMD" "COMPILER=arm-none-eabi-gcc" "ASSEMBLER=arm-none-eabi-a
TRACE::2026-01-20.14:00:29::SCWMssOS::s" "ARCHIVER=arm-none-eabi-ar" "COMPILER_FLAGS=  -O2 -c" "EXTRA_COMPILER_FLAGS=-mcpu=cortex-a9 -mfpu=vfpv3 -mfloat-abi=hard -no
TRACE::2026-01-20.14:00:29::SCWMssOS::startfiles -g -Wall -Wextra -fno-tree-loop-distribute-patterns"

TRACE::2026-01-20.14:00:29::SCWMssOS::"Running Make include in ps7_cortexa9_0/libsrc/scuwdt_v2_4/src"

TRACE::2026-01-20.14:00:29::SCWMssOS::make -C ps7_cortexa9_0/libsrc/scuwdt_v2_4/src -s include  "SHELL=CMD" "COMPILER=arm-none-eabi-gcc" "ASSEMBLER=arm-none-eabi-as"
TRACE::2026-01-20.14:00:29::SCWMssOS:: "ARCHIVER=arm-none-eabi-ar" "COMPILER_FLAGS=  -O2 -c" "EXTRA_COMPILER_FLAGS=-mcpu=cortex-a9 -mfpu=vfpv3 -mfloat-abi=hard -nost
TRACE::2026-01-20.14:00:29::SCWMssOS::artfiles -g -Wall -Wextra -fno-tree-loop-distribute-patterns"

TRACE::2026-01-20.14:00:29::SCWMssOS::"Running Make include in ps7_cortexa9_0/libsrc/sdps_v3_12/src"

TRACE::2026-01-20.14:00:29::SCWMssOS::make -C ps7_cortexa9_0/libsrc/sdps_v3_12/src -s include  "SHELL=CMD" "COMPILER=arm-none-eabi-gcc" "ASSEMBLER=arm-none-eabi-as" 
TRACE::2026-01-20.14:00:29::SCWMssOS::"ARCHIVER=arm-none-eabi-ar" "COMPILER_FLAGS=  -O2 -c" "EXTRA_COMPILER_FLAGS=-mcpu=cortex-a9 -mfpu=vfpv3 -mfloat-abi=hard -nosta
TRACE::2026-01-20.14:00:29::SCWMssOS::rtfiles -g -Wall -Wextra -fno-tree-loop-distribute-patterns"

TRACE::2026-01-20.14:00:29::SCWMssOS::"Running Make include in ps7_cortexa9_0/libsrc/standalone_v7_5/src"

TRACE::2026-01-20.14:00:29::SCWMssOS::make -C ps7_cortexa9_0/libsrc/standalone_v7_5/src -s include  "SHELL=CMD" "COMPILER=arm-none-eabi-gcc" "ASSEMBLER=arm-none-eabi
TRACE::2026-01-20.14:00:29::SCWMssOS::-as" "ARCHIVER=arm-none-eabi-ar" "COMPILER_FLAGS=  -O2 -c" "EXTRA_COMPILER_FLAGS=-mcpu=cortex-a9 -mfpu=vfpv3 -mfloat-abi=hard -
TRACE::2026-01-20.14:00:29::SCWMssOS::nostartfiles -g -Wall -Wextra -fno-tree-loop-distribute-patterns"

TRACE::2026-01-20.14:00:30::SCWMssOS::"Running Make include in ps7_cortexa9_0/libsrc/uartps_v3_11/src"

TRACE::2026-01-20.14:00:30::SCWMssOS::make -C ps7_cortexa9_0/libsrc/uartps_v3_11/src -s include  "SHELL=CMD" "COMPILER=arm-none-eabi-gcc" "ASSEMBLER=arm-none-eabi-as
TRACE::2026-01-20.14:00:30::SCWMssOS::" "ARCHIVER=arm-none-eabi-ar" "COMPILER_FLAGS=  -O2 -c" "EXTRA_COMPILER_FLAGS=-mcpu=cortex-a9 -mfpu=vfpv3 -mfloat-abi=hard -nos
TRACE::2026-01-20.14:00:30::SCWMssOS::tartfiles -g -Wall -Wextra -fno-tree-loop-distribute-patterns"

TRACE::2026-01-20.14:00:30::SCWMssOS::"Running Make include in ps7_cortexa9_0/libsrc/usbps_v2_7/src"

TRACE::2026-01-20.14:00:30::SCWMssOS::make -C ps7_cortexa9_0/libsrc/usbps_v2_7/src -s include  "SHELL=CMD" "COMPILER=arm-none-eabi-gcc" "ASSEMBLER=arm-none-eabi-as" 
TRACE::2026-01-20.14:00:30::SCWMssOS::"ARCHIVER=arm-none-eabi-ar" "COMPILER_FLAGS=  -O2 -c" "EXTRA_COMPILER_FLAGS=-mcpu=cortex-a9 -mfpu=vfpv3 -mfloat-abi=hard -nosta
TRACE::2026-01-20.14:00:30::SCWMssOS::rtfiles -g -Wall -Wextra -fno-tree-loop-distribute-patterns"

TRACE::2026-01-20.14:00:30::SCWMssOS::"Running Make include in ps7_cortexa9_0/libsrc/xadcps_v2_6/src"

TRACE::2026-01-20.14:00:30::SCWMssOS::make -C ps7_cortexa9_0/libsrc/xadcps_v2_6/src -s include  "SHELL=CMD" "COMPILER=arm-none-eabi-gcc" "ASSEMBLER=arm-none-eabi-as"
TRACE::2026-01-20.14:00:30::SCWMssOS:: "ARCHIVER=arm-none-eabi-ar" "COMPILER_FLAGS=  -O2 -c" "EXTRA_COMPILER_FLAGS=-mcpu=cortex-a9 -mfpu=vfpv3 -mfloat-abi=hard -nost
TRACE::2026-01-20.14:00:30::SCWMssOS::artfiles -g -Wall -Wextra -fno-tree-loop-distribute-patterns"

TRACE::2026-01-20.14:00:30::SCWMssOS::"Running Make libs in ps7_cortexa9_0/libsrc/DMA_v1_0/src"

TRACE::2026-01-20.14:00:30::SCWMssOS::make -C ps7_cortexa9_0/libsrc/DMA_v1_0/src -s libs  "SHELL=CMD" "COMPILER=arm-none-eabi-gcc" "ASSEMBLER=arm-none-eabi-as" "ARCH
TRACE::2026-01-20.14:00:30::SCWMssOS::IVER=arm-none-eabi-ar" "COMPILER_FLAGS=  -O2 -c" "EXTRA_COMPILER_FLAGS=-mcpu=cortex-a9 -mfpu=vfpv3 -mfloat-abi=hard -nostartfil
TRACE::2026-01-20.14:00:30::SCWMssOS::es -g -Wall -Wextra -fno-tree-loop-distribute-patterns"

TRACE::2026-01-20.14:00:30::SCWMssOS::"Building DMA"

TRACE::2026-01-20.14:00:30::SCWMssOS::"Running Make libs in ps7_cortexa9_0/libsrc/lwip211_v1_5/src"

TRACE::2026-01-20.14:00:30::SCWMssOS::make -C ps7_cortexa9_0/libsrc/lwip211_v1_5/src -s libs  "SHELL=CMD" "COMPILER=arm-none-eabi-gcc" "ASSEMBLER=arm-none-eabi-as" "
TRACE::2026-01-20.14:00:30::SCWMssOS::ARCHIVER=arm-none-eabi-ar" "COMPILER_FLAGS=  -O2 -c" "EXTRA_COMPILER_FLAGS=-mcpu=cortex-a9 -mfpu=vfpv3 -mfloat-abi=hard -nostar
TRACE::2026-01-20.14:00:30::SCWMssOS::tfiles -g -Wall -Wextra -fno-tree-loop-distribute-patterns"

TRACE::2026-01-20.14:00:30::SCWMssOS::"Compiling lwip src and adapter files"

TRACE::2026-01-20.14:00:35::SCWMssOS::'Finished building libraries sequentially.'

TRACE::2026-01-20.14:00:35::SCWMssOS::make -j 14 --no-print-directory par_libs

TRACE::2026-01-20.14:00:35::SCWMssOS::"Running Make include in ps7_cortexa9_0/libsrc/coresightps_dcc_v1_8/src"

TRACE::2026-01-20.14:00:35::SCWMssOS::make -C ps7_cortexa9_0/libsrc/coresightps_dcc_v1_8/src -s include  "SHELL=CMD" "COMPILER=arm-none-eabi-gcc" "ASSEMBLER=arm-none
TRACE::2026-01-20.14:00:35::SCWMssOS::-eabi-as" "ARCHIVER=arm-none-eabi-ar" "COMPILER_FLAGS=  -O2 -c" "EXTRA_COMPILER_FLAGS=-mcpu=cortex-a9 -mfpu=vfpv3 -mfloat-abi=h
TRACE::2026-01-20.14:00:35::SCWMssOS::ard -nostartfiles -g -Wall -Wextra -fno-tree-loop-distribute-patterns"

TRACE::2026-01-20.14:00:35::SCWMssOS::"Running Make include in ps7_cortexa9_0/libsrc/cpu_cortexa9_v2_11/src"

TRACE::2026-01-20.14:00:35::SCWMssOS::"Running Make include in ps7_cortexa9_0/libsrc/ddrps_v1_2/src"

TRACE::2026-01-20.14:00:35::SCWMssOS::make -C ps7_cortexa9_0/libsrc/cpu_cortexa9_v2_11/src -s include  "SHELL=CMD" "COMPILER=arm-none-eabi-gcc" "ASSEMBLER=arm-none-e
TRACE::2026-01-20.14:00:35::SCWMssOS::abi-as" "ARCHIVER=arm-none-eabi-ar" "COMPILER_FLAGS=  -O2 -c" "EXTRA_COMPILER_FLAGS=-mcpu=cortex-a9 -mfpu=vfpv3 -mfloat-abi=har
TRACE::2026-01-20.14:00:35::SCWMssOS::d -nostartfiles -g -Wall -Wextra -fno-tree-loop-distribute-patterns"

TRACE::2026-01-20.14:00:35::SCWMssOS::make -C ps7_cortexa9_0/libsrc/ddrps_v1_2/src -s include  "SHELL=CMD" "COMPILER=arm-none-eabi-gcc" "ASSEMBLER=arm-none-eabi-as" 
TRACE::2026-01-20.14:00:35::SCWMssOS::"ARCHIVER=arm-none-eabi-ar" "COMPILER_FLAGS=  -O2 -c" "EXTRA_COMPILER_FLAGS=-mcpu=cortex-a9 -mfpu=vfpv3 -mfloat-abi=hard -nosta
TRACE::2026-01-20.14:00:35::SCWMssOS::rtfiles -g -Wall -Wextra -fno-tree-loop-distribute-patterns"

TRACE::2026-01-20.14:00:35::SCWMssOS::"Running Make include in ps7_cortexa9_0/libsrc/devcfg_v3_7/src"

TRACE::2026-01-20.14:00:35::SCWMssOS::make -C ps7_cortexa9_0/libsrc/devcfg_v3_7/src -s include  "SHELL=CMD" "COMPILER=arm-none-eabi-gcc" "ASSEMBLER=arm-none-eabi-as"
TRACE::2026-01-20.14:00:35::SCWMssOS:: "ARCHIVER=arm-none-eabi-ar" "COMPILER_FLAGS=  -O2 -c" "EXTRA_COMPILER_FLAGS=-mcpu=cortex-a9 -mfpu=vfpv3 -mfloat-abi=hard -nost
TRACE::2026-01-20.14:00:35::SCWMssOS::artfiles -g -Wall -Wextra -fno-tree-loop-distribute-patterns"

TRACE::2026-01-20.14:00:35::SCWMssOS::"Running Make include in ps7_cortexa9_0/libsrc/dmaps_v2_8/src"

TRACE::2026-01-20.14:00:35::SCWMssOS::make -C ps7_cortexa9_0/libsrc/dmaps_v2_8/src -s include  "SHELL=CMD" "COMPILER=arm-none-eabi-gcc" "ASSEMBLER=arm-none-eabi-as" 
TRACE::2026-01-20.14:00:35::SCWMssOS::"ARCHIVER=arm-none-eabi-ar" "COMPILER_FLAGS=  -O2 -c" "EXTRA_COMPILER_FLAGS=-mcpu=cortex-a9 -mfpu=vfpv3 -mfloat-abi=hard -nosta
TRACE::2026-01-20.14:00:35::SCWMssOS::rtfiles -g -Wall -Wextra -fno-tree-loop-distribute-patterns"

TRACE::2026-01-20.14:00:35::SCWMssOS::"Running Make include in ps7_cortexa9_0/libsrc/DMA_v1_0/src"

TRACE::2026-01-20.14:00:35::SCWMssOS::make -C ps7_cortexa9_0/libsrc/DMA_v1_0/src -s include  "SHELL=CMD" "COMPILER=arm-none-eabi-gcc" "ASSEMBLER=arm-none-eabi-as" "A
TRACE::2026-01-20.14:00:35::SCWMssOS::RCHIVER=arm-none-eabi-ar" "COMPILER_FLAGS=  -O2 -c" "EXTRA_COMPILER_FLAGS=-mcpu=cortex-a9 -mfpu=vfpv3 -mfloat-abi=hard -nostart
TRACE::2026-01-20.14:00:35::SCWMssOS::files -g -Wall -Wextra -fno-tree-loop-distribute-patterns"

TRACE::2026-01-20.14:00:35::SCWMssOS::"Running Make include in ps7_cortexa9_0/libsrc/emacps_v3_14/src"

TRACE::2026-01-20.14:00:35::SCWMssOS::make -C ps7_cortexa9_0/libsrc/emacps_v3_14/src -s include  "SHELL=CMD" "COMPILER=arm-none-eabi-gcc" "ASSEMBLER=arm-none-eabi-as
TRACE::2026-01-20.14:00:35::SCWMssOS::" "ARCHIVER=arm-none-eabi-ar" "COMPILER_FLAGS=  -O2 -c" "EXTRA_COMPILER_FLAGS=-mcpu=cortex-a9 -mfpu=vfpv3 -mfloat-abi=hard -nos
TRACE::2026-01-20.14:00:35::SCWMssOS::tartfiles -g -Wall -Wextra -fno-tree-loop-distribute-patterns"

TRACE::2026-01-20.14:00:35::SCWMssOS::"Running Make include in ps7_cortexa9_0/libsrc/gpiops_v3_9/src"

TRACE::2026-01-20.14:00:35::SCWMssOS::make -C ps7_cortexa9_0/libsrc/gpiops_v3_9/src -s include  "SHELL=CMD" "COMPILER=arm-none-eabi-gcc" "ASSEMBLER=arm-none-eabi-as"
TRACE::2026-01-20.14:00:35::SCWMssOS:: "ARCHIVER=arm-none-eabi-ar" "COMPILER_FLAGS=  -O2 -c" "EXTRA_COMPILER_FLAGS=-mcpu=cortex-a9 -mfpu=vfpv3 -mfloat-abi=hard -nost
TRACE::2026-01-20.14:00:35::SCWMssOS::artfiles -g -Wall -Wextra -fno-tree-loop-distribute-patterns"

TRACE::2026-01-20.14:00:35::SCWMssOS::"Running Make include in ps7_cortexa9_0/libsrc/lwip211_v1_5/src"

TRACE::2026-01-20.14:00:35::SCWMssOS::"Running Make include in ps7_cortexa9_0/libsrc/qspips_v3_9/src"

TRACE::2026-01-20.14:00:35::SCWMssOS::make -C ps7_cortexa9_0/libsrc/lwip211_v1_5/src -s include  "SHELL=CMD" "COMPILER=arm-none-eabi-gcc" "ASSEMBLER=arm-none-eabi-as
TRACE::2026-01-20.14:00:35::SCWMssOS::" "ARCHIVER=arm-none-eabi-ar" "COMPILER_FLAGS=  -O2 -c" "EXTRA_COMPILER_FLAGS=-mcpu=cortex-a9 -mfpu=vfpv3 -mfloat-abi=hard -nos
TRACE::2026-01-20.14:00:35::SCWMssOS::tartfiles -g -Wall -Wextra -fno-tree-loop-distribute-patterns"

TRACE::2026-01-20.14:00:35::SCWMssOS::make -C ps7_cortexa9_0/libsrc/qspips_v3_9/src -s include  "SHELL=CMD" "COMPILER=arm-none-eabi-gcc" "ASSEMBLER=arm-none-eabi-as"
TRACE::2026-01-20.14:00:35::SCWMssOS:: "ARCHIVER=arm-none-eabi-ar" "COMPILER_FLAGS=  -O2 -c" "EXTRA_COMPILER_FLAGS=-mcpu=cortex-a9 -mfpu=vfpv3 -mfloat-abi=hard -nost
TRACE::2026-01-20.14:00:35::SCWMssOS::artfiles -g -Wall -Wextra -fno-tree-loop-distribute-patterns"

TRACE::2026-01-20.14:00:35::SCWMssOS::"Running Make include in ps7_cortexa9_0/libsrc/scugic_v4_5/src"

TRACE::2026-01-20.14:00:35::SCWMssOS::make -C ps7_cortexa9_0/libsrc/scugic_v4_5/src -s include  "SHELL=CMD" "COMPILER=arm-none-eabi-gcc" "ASSEMBLER=arm-none-eabi-as"
TRACE::2026-01-20.14:00:35::SCWMssOS:: "ARCHIVER=arm-none-eabi-ar" "COMPILER_FLAGS=  -O2 -c" "EXTRA_COMPILER_FLAGS=-mcpu=cortex-a9 -mfpu=vfpv3 -mfloat-abi=hard -nost
TRACE::2026-01-20.14:00:35::SCWMssOS::artfiles -g -Wall -Wextra -fno-tree-loop-distribute-patterns"

TRACE::2026-01-20.14:00:35::SCWMssOS::"Running Make include in ps7_cortexa9_0/libsrc/scutimer_v2_3/src"

TRACE::2026-01-20.14:00:35::SCWMssOS::make -C ps7_cortexa9_0/libsrc/scutimer_v2_3/src -s include  "SHELL=CMD" "COMPILER=arm-none-eabi-gcc" "ASSEMBLER=arm-none-eabi-a
TRACE::2026-01-20.14:00:35::SCWMssOS::s" "ARCHIVER=arm-none-eabi-ar" "COMPILER_FLAGS=  -O2 -c" "EXTRA_COMPILER_FLAGS=-mcpu=cortex-a9 -mfpu=vfpv3 -mfloat-abi=hard -no
TRACE::2026-01-20.14:00:35::SCWMssOS::startfiles -g -Wall -Wextra -fno-tree-loop-distribute-patterns"

TRACE::2026-01-20.14:00:35::SCWMssOS::"Running Make include in ps7_cortexa9_0/libsrc/scuwdt_v2_4/src"

TRACE::2026-01-20.14:00:35::SCWMssOS::make -C ps7_cortexa9_0/libsrc/scuwdt_v2_4/src -s include  "SHELL=CMD" "COMPILER=arm-none-eabi-gcc" "ASSEMBLER=arm-none-eabi-as"
TRACE::2026-01-20.14:00:35::SCWMssOS:: "ARCHIVER=arm-none-eabi-ar" "COMPILER_FLAGS=  -O2 -c" "EXTRA_COMPILER_FLAGS=-mcpu=cortex-a9 -mfpu=vfpv3 -mfloat-abi=hard -nost
TRACE::2026-01-20.14:00:35::SCWMssOS::artfiles -g -Wall -Wextra -fno-tree-loop-distribute-patterns"

TRACE::2026-01-20.14:00:36::SCWMssOS::"Running Make include in ps7_cortexa9_0/libsrc/sdps_v3_12/src"

TRACE::2026-01-20.14:00:36::SCWMssOS::make -C ps7_cortexa9_0/libsrc/sdps_v3_12/src -s include  "SHELL=CMD" "COMPILER=arm-none-eabi-gcc" "ASSEMBLER=arm-none-eabi-as" 
TRACE::2026-01-20.14:00:36::SCWMssOS::"ARCHIVER=arm-none-eabi-ar" "COMPILER_FLAGS=  -O2 -c" "EXTRA_COMPILER_FLAGS=-mcpu=cortex-a9 -mfpu=vfpv3 -mfloat-abi=hard -nosta
TRACE::2026-01-20.14:00:36::SCWMssOS::rtfiles -g -Wall -Wextra -fno-tree-loop-distribute-patterns"

TRACE::2026-01-20.14:00:36::SCWMssOS::"Running Make include in ps7_cortexa9_0/libsrc/standalone_v7_5/src"

TRACE::2026-01-20.14:00:36::SCWMssOS::make -C ps7_cortexa9_0/libsrc/standalone_v7_5/src -s include  "SHELL=CMD" "COMPILER=arm-none-eabi-gcc" "ASSEMBLER=arm-none-eabi
TRACE::2026-01-20.14:00:36::SCWMssOS::-as" "ARCHIVER=arm-none-eabi-ar" "COMPILER_FLAGS=  -O2 -c" "EXTRA_COMPILER_FLAGS=-mcpu=cortex-a9 -mfpu=vfpv3 -mfloat-abi=hard -
TRACE::2026-01-20.14:00:36::SCWMssOS::nostartfiles -g -Wall -Wextra -fno-tree-loop-distribute-patterns"

TRACE::2026-01-20.14:00:36::SCWMssOS::"Running Make include in ps7_cortexa9_0/libsrc/uartps_v3_11/src"

TRACE::2026-01-20.14:00:36::SCWMssOS::"Running Make include in ps7_cortexa9_0/libsrc/usbps_v2_7/src"

TRACE::2026-01-20.14:00:36::SCWMssOS::make -C ps7_cortexa9_0/libsrc/uartps_v3_11/src -s include  "SHELL=CMD" "COMPILER=arm-none-eabi-gcc" "ASSEMBLER=arm-none-eabi-as
TRACE::2026-01-20.14:00:36::SCWMssOS::" "ARCHIVER=arm-none-eabi-ar" "COMPILER_FLAGS=  -O2 -c" "EXTRA_COMPILER_FLAGS=-mcpu=cortex-a9 -mfpu=vfpv3 -mfloat-abi=hard -nos
TRACE::2026-01-20.14:00:36::SCWMssOS::tartfiles -g -Wall -Wextra -fno-tree-loop-distribute-patterns"

TRACE::2026-01-20.14:00:36::SCWMssOS::make -C ps7_cortexa9_0/libsrc/usbps_v2_7/src -s include  "SHELL=CMD" "COMPILER=arm-none-eabi-gcc" "ASSEMBLER=arm-none-eabi-as" 
TRACE::2026-01-20.14:00:36::SCWMssOS::"ARCHIVER=arm-none-eabi-ar" "COMPILER_FLAGS=  -O2 -c" "EXTRA_COMPILER_FLAGS=-mcpu=cortex-a9 -mfpu=vfpv3 -mfloat-abi=hard -nosta
TRACE::2026-01-20.14:00:36::SCWMssOS::rtfiles -g -Wall -Wextra -fno-tree-loop-distribute-patterns"

TRACE::2026-01-20.14:00:36::SCWMssOS::"Running Make include in ps7_cortexa9_0/libsrc/xadcps_v2_6/src"

TRACE::2026-01-20.14:00:36::SCWMssOS::make -C ps7_cortexa9_0/libsrc/xadcps_v2_6/src -s include  "SHELL=CMD" "COMPILER=arm-none-eabi-gcc" "ASSEMBLER=arm-none-eabi-as"
TRACE::2026-01-20.14:00:36::SCWMssOS:: "ARCHIVER=arm-none-eabi-ar" "COMPILER_FLAGS=  -O2 -c" "EXTRA_COMPILER_FLAGS=-mcpu=cortex-a9 -mfpu=vfpv3 -mfloat-abi=hard -nost
TRACE::2026-01-20.14:00:36::SCWMssOS::artfiles -g -Wall -Wextra -fno-tree-loop-distribute-patterns"

TRACE::2026-01-20.14:00:36::SCWMssOS::"Running Make libs in ps7_cortexa9_0/libsrc/coresightps_dcc_v1_8/src"

TRACE::2026-01-20.14:00:36::SCWMssOS::make -C ps7_cortexa9_0/libsrc/coresightps_dcc_v1_8/src -s libs  "SHELL=CMD" "COMPILER=arm-none-eabi-gcc" "ASSEMBLER=arm-none-ea
TRACE::2026-01-20.14:00:36::SCWMssOS::bi-as" "ARCHIVER=arm-none-eabi-ar" "COMPILER_FLAGS=  -O2 -c" "EXTRA_COMPILER_FLAGS=-mcpu=cortex-a9 -mfpu=vfpv3 -mfloat-abi=hard
TRACE::2026-01-20.14:00:36::SCWMssOS:: -nostartfiles -g -Wall -Wextra -fno-tree-loop-distribute-patterns"

TRACE::2026-01-20.14:00:36::SCWMssOS::"Running Make libs in ps7_cortexa9_0/libsrc/cpu_cortexa9_v2_11/src"

TRACE::2026-01-20.14:00:36::SCWMssOS::make -C ps7_cortexa9_0/libsrc/cpu_cortexa9_v2_11/src -s libs  "SHELL=CMD" "COMPILER=arm-none-eabi-gcc" "ASSEMBLER=arm-none-eabi
TRACE::2026-01-20.14:00:36::SCWMssOS::-as" "ARCHIVER=arm-none-eabi-ar" "COMPILER_FLAGS=  -O2 -c" "EXTRA_COMPILER_FLAGS=-mcpu=cortex-a9 -mfpu=vfpv3 -mfloat-abi=hard -
TRACE::2026-01-20.14:00:36::SCWMssOS::nostartfiles -g -Wall -Wextra -fno-tree-loop-distribute-patterns"

TRACE::2026-01-20.14:00:36::SCWMssOS::"Running Make libs in ps7_cortexa9_0/libsrc/ddrps_v1_2/src"

TRACE::2026-01-20.14:00:36::SCWMssOS::"Running Make libs in ps7_cortexa9_0/libsrc/devcfg_v3_7/src"

TRACE::2026-01-20.14:00:36::SCWMssOS::make -C ps7_cortexa9_0/libsrc/ddrps_v1_2/src -s libs  "SHELL=CMD" "COMPILER=arm-none-eabi-gcc" "ASSEMBLER=arm-none-eabi-as" "AR
TRACE::2026-01-20.14:00:36::SCWMssOS::CHIVER=arm-none-eabi-ar" "COMPILER_FLAGS=  -O2 -c" "EXTRA_COMPILER_FLAGS=-mcpu=cortex-a9 -mfpu=vfpv3 -mfloat-abi=hard -nostartf
TRACE::2026-01-20.14:00:36::SCWMssOS::iles -g -Wall -Wextra -fno-tree-loop-distribute-patterns"

TRACE::2026-01-20.14:00:36::SCWMssOS::make -C ps7_cortexa9_0/libsrc/devcfg_v3_7/src -s libs  "SHELL=CMD" "COMPILER=arm-none-eabi-gcc" "ASSEMBLER=arm-none-eabi-as" "A
TRACE::2026-01-20.14:00:36::SCWMssOS::RCHIVER=arm-none-eabi-ar" "COMPILER_FLAGS=  -O2 -c" "EXTRA_COMPILER_FLAGS=-mcpu=cortex-a9 -mfpu=vfpv3 -mfloat-abi=hard -nostart
TRACE::2026-01-20.14:00:36::SCWMssOS::files -g -Wall -Wextra -fno-tree-loop-distribute-patterns"

TRACE::2026-01-20.14:00:36::SCWMssOS::"Running Make libs in ps7_cortexa9_0/libsrc/dmaps_v2_8/src"

TRACE::2026-01-20.14:00:36::SCWMssOS::make -C ps7_cortexa9_0/libsrc/dmaps_v2_8/src -s libs  "SHELL=CMD" "COMPILER=arm-none-eabi-gcc" "ASSEMBLER=arm-none-eabi-as" "AR
TRACE::2026-01-20.14:00:36::SCWMssOS::CHIVER=arm-none-eabi-ar" "COMPILER_FLAGS=  -O2 -c" "EXTRA_COMPILER_FLAGS=-mcpu=cortex-a9 -mfpu=vfpv3 -mfloat-abi=hard -nostartf
TRACE::2026-01-20.14:00:36::SCWMssOS::iles -g -Wall -Wextra -fno-tree-loop-distribute-patterns"

TRACE::2026-01-20.14:00:36::SCWMssOS::"Running Make libs in ps7_cortexa9_0/libsrc/emacps_v3_14/src"

TRACE::2026-01-20.14:00:36::SCWMssOS::make -C ps7_cortexa9_0/libsrc/emacps_v3_14/src -s libs  "SHELL=CMD" "COMPILER=arm-none-eabi-gcc" "ASSEMBLER=arm-none-eabi-as" "
TRACE::2026-01-20.14:00:36::SCWMssOS::ARCHIVER=arm-none-eabi-ar" "COMPILER_FLAGS=  -O2 -c" "EXTRA_COMPILER_FLAGS=-mcpu=cortex-a9 -mfpu=vfpv3 -mfloat-abi=hard -nostar
TRACE::2026-01-20.14:00:36::SCWMssOS::tfiles -g -Wall -Wextra -fno-tree-loop-distribute-patterns"

TRACE::2026-01-20.14:00:36::SCWMssOS::"Running Make libs in ps7_cortexa9_0/libsrc/gpiops_v3_9/src"

TRACE::2026-01-20.14:00:36::SCWMssOS::make -C ps7_cortexa9_0/libsrc/gpiops_v3_9/src -s libs  "SHELL=CMD" "COMPILER=arm-none-eabi-gcc" "ASSEMBLER=arm-none-eabi-as" "A
TRACE::2026-01-20.14:00:36::SCWMssOS::RCHIVER=arm-none-eabi-ar" "COMPILER_FLAGS=  -O2 -c" "EXTRA_COMPILER_FLAGS=-mcpu=cortex-a9 -mfpu=vfpv3 -mfloat-abi=hard -nostart
TRACE::2026-01-20.14:00:36::SCWMssOS::files -g -Wall -Wextra -fno-tree-loop-distribute-patterns"

TRACE::2026-01-20.14:00:36::SCWMssOS::"Running Make libs in ps7_cortexa9_0/libsrc/qspips_v3_9/src"

TRACE::2026-01-20.14:00:36::SCWMssOS::make -C ps7_cortexa9_0/libsrc/qspips_v3_9/src -s libs  "SHELL=CMD" "COMPILER=arm-none-eabi-gcc" "ASSEMBLER=arm-none-eabi-as" "A
TRACE::2026-01-20.14:00:36::SCWMssOS::RCHIVER=arm-none-eabi-ar" "COMPILER_FLAGS=  -O2 -c" "EXTRA_COMPILER_FLAGS=-mcpu=cortex-a9 -mfpu=vfpv3 -mfloat-abi=hard -nostart
TRACE::2026-01-20.14:00:36::SCWMssOS::files -g -Wall -Wextra -fno-tree-loop-distribute-patterns"

TRACE::2026-01-20.14:00:36::SCWMssOS::"Running Make libs in ps7_cortexa9_0/libsrc/scugic_v4_5/src"

TRACE::2026-01-20.14:00:36::SCWMssOS::make -C ps7_cortexa9_0/libsrc/scugic_v4_5/src -s libs  "SHELL=CMD" "COMPILER=arm-none-eabi-gcc" "ASSEMBLER=arm-none-eabi-as" "A
TRACE::2026-01-20.14:00:36::SCWMssOS::RCHIVER=arm-none-eabi-ar" "COMPILER_FLAGS=  -O2 -c" "EXTRA_COMPILER_FLAGS=-mcpu=cortex-a9 -mfpu=vfpv3 -mfloat-abi=hard -nostart
TRACE::2026-01-20.14:00:36::SCWMssOS::files -g -Wall -Wextra -fno-tree-loop-distribute-patterns"

TRACE::2026-01-20.14:00:36::SCWMssOS::"Running Make libs in ps7_cortexa9_0/libsrc/scutimer_v2_3/src"

TRACE::2026-01-20.14:00:36::SCWMssOS::make -C ps7_cortexa9_0/libsrc/scutimer_v2_3/src -s libs  "SHELL=CMD" "COMPILER=arm-none-eabi-gcc" "ASSEMBLER=arm-none-eabi-as" 
TRACE::2026-01-20.14:00:36::SCWMssOS::"ARCHIVER=arm-none-eabi-ar" "COMPILER_FLAGS=  -O2 -c" "EXTRA_COMPILER_FLAGS=-mcpu=cortex-a9 -mfpu=vfpv3 -mfloat-abi=hard -nosta
TRACE::2026-01-20.14:00:36::SCWMssOS::rtfiles -g -Wall -Wextra -fno-tree-loop-distribute-patterns"

TRACE::2026-01-20.14:00:36::SCWMssOS::"Running Make libs in ps7_cortexa9_0/libsrc/scuwdt_v2_4/src"

TRACE::2026-01-20.14:00:36::SCWMssOS::make -C ps7_cortexa9_0/libsrc/scuwdt_v2_4/src -s libs  "SHELL=CMD" "COMPILER=arm-none-eabi-gcc" "ASSEMBLER=arm-none-eabi-as" "A
TRACE::2026-01-20.14:00:36::SCWMssOS::RCHIVER=arm-none-eabi-ar" "COMPILER_FLAGS=  -O2 -c" "EXTRA_COMPILER_FLAGS=-mcpu=cortex-a9 -mfpu=vfpv3 -mfloat-abi=hard -nostart
TRACE::2026-01-20.14:00:36::SCWMssOS::files -g -Wall -Wextra -fno-tree-loop-distribute-patterns"

TRACE::2026-01-20.14:00:36::SCWMssOS::"Running Make libs in ps7_cortexa9_0/libsrc/sdps_v3_12/src"

TRACE::2026-01-20.14:00:36::SCWMssOS::make -C ps7_cortexa9_0/libsrc/sdps_v3_12/src -s libs  "SHELL=CMD" "COMPILER=arm-none-eabi-gcc" "ASSEMBLER=arm-none-eabi-as" "AR
TRACE::2026-01-20.14:00:36::SCWMssOS::CHIVER=arm-none-eabi-ar" "COMPILER_FLAGS=  -O2 -c" "EXTRA_COMPILER_FLAGS=-mcpu=cortex-a9 -mfpu=vfpv3 -mfloat-abi=hard -nostartf
TRACE::2026-01-20.14:00:36::SCWMssOS::iles -g -Wall -Wextra -fno-tree-loop-distribute-patterns"

TRACE::2026-01-20.14:00:36::SCWMssOS::"Running Make libs in ps7_cortexa9_0/libsrc/standalone_v7_5/src"

TRACE::2026-01-20.14:00:37::SCWMssOS::make -C ps7_cortexa9_0/libsrc/standalone_v7_5/src -s libs  "SHELL=CMD" "COMPILER=arm-none-eabi-gcc" "ASSEMBLER=arm-none-eabi-as
TRACE::2026-01-20.14:00:37::SCWMssOS::" "ARCHIVER=arm-none-eabi-ar" "COMPILER_FLAGS=  -O2 -c" "EXTRA_COMPILER_FLAGS=-mcpu=cortex-a9 -mfpu=vfpv3 -mfloat-abi=hard -nos
TRACE::2026-01-20.14:00:37::SCWMssOS::tartfiles -g -Wall -Wextra -fno-tree-loop-distribute-patterns"

TRACE::2026-01-20.14:00:37::SCWMssOS::"Running Make libs in ps7_cortexa9_0/libsrc/uartps_v3_11/src"

TRACE::2026-01-20.14:00:37::SCWMssOS::make -C ps7_cortexa9_0/libsrc/uartps_v3_11/src -s libs  "SHELL=CMD" "COMPILER=arm-none-eabi-gcc" "ASSEMBLER=arm-none-eabi-as" "
TRACE::2026-01-20.14:00:37::SCWMssOS::ARCHIVER=arm-none-eabi-ar" "COMPILER_FLAGS=  -O2 -c" "EXTRA_COMPILER_FLAGS=-mcpu=cortex-a9 -mfpu=vfpv3 -mfloat-abi=hard -nostar
TRACE::2026-01-20.14:00:37::SCWMssOS::tfiles -g -Wall -Wextra -fno-tree-loop-distribute-patterns"

TRACE::2026-01-20.14:00:37::SCWMssOS::"Running Make libs in ps7_cortexa9_0/libsrc/usbps_v2_7/src"

TRACE::2026-01-20.14:00:37::SCWMssOS::make -C ps7_cortexa9_0/libsrc/usbps_v2_7/src -s libs  "SHELL=CMD" "COMPILER=arm-none-eabi-gcc" "ASSEMBLER=arm-none-eabi-as" "AR
TRACE::2026-01-20.14:00:37::SCWMssOS::CHIVER=arm-none-eabi-ar" "COMPILER_FLAGS=  -O2 -c" "EXTRA_COMPILER_FLAGS=-mcpu=cortex-a9 -mfpu=vfpv3 -mfloat-abi=hard -nostartf
TRACE::2026-01-20.14:00:37::SCWMssOS::iles -g -Wall -Wextra -fno-tree-loop-distribute-patterns"

TRACE::2026-01-20.14:00:37::SCWMssOS::"Running Make libs in ps7_cortexa9_0/libsrc/xadcps_v2_6/src"

TRACE::2026-01-20.14:00:37::SCWMssOS::make -C ps7_cortexa9_0/libsrc/xadcps_v2_6/src -s libs  "SHELL=CMD" "COMPILER=arm-none-eabi-gcc" "ASSEMBLER=arm-none-eabi-as" "A
TRACE::2026-01-20.14:00:37::SCWMssOS::RCHIVER=arm-none-eabi-ar" "COMPILER_FLAGS=  -O2 -c" "EXTRA_COMPILER_FLAGS=-mcpu=cortex-a9 -mfpu=vfpv3 -mfloat-abi=hard -nostart
TRACE::2026-01-20.14:00:37::SCWMssOS::files -g -Wall -Wextra -fno-tree-loop-distribute-patterns"

TRACE::2026-01-20.14:00:38::SCWMssOS::'Finished building libraries parallelly.'

TRACE::2026-01-20.14:00:38::SCWMssOS::make --no-print-directory archive

TRACE::2026-01-20.14:00:38::SCWMssOS::arm-none-eabi-ar -r  ps7_cortexa9_0/lib/libxil.a ps7_cortexa9_0/lib/xil_testcache.o ps7_cortexa9_0/lib/xadcps_selftest.o ps7_co
TRACE::2026-01-20.14:00:38::SCWMssOS::rtexa9_0/lib/xplatform_info.o ps7_cortexa9_0/lib/xil_mmu.o ps7_cortexa9_0/lib/_exit.o ps7_cortexa9_0/lib/xusbps_sinit.o ps7_cor
TRACE::2026-01-20.14:00:38::SCWMssOS::texa9_0/lib/xdevcfg_hw.o ps7_cortexa9_0/lib/xil_sleeptimer.o ps7_cortexa9_0/lib/xqspips_options.o ps7_cortexa9_0/lib/xdmaps_g.o
TRACE::2026-01-20.14:00:38::SCWMssOS:: ps7_cortexa9_0/lib/xscutimer_g.o ps7_cortexa9_0/lib/xsdps_options.o ps7_cortexa9_0/lib/xil_misc_psreset_api.o ps7_cortexa9_0/l
TRACE::2026-01-20.14:00:38::SCWMssOS::ib/xdmaps_sinit.o ps7_cortexa9_0/lib/xscutimer_sinit.o ps7_cortexa9_0/lib/xemacps_hw.o ps7_cortexa9_0/lib/inbyte.o ps7_cortexa9
TRACE::2026-01-20.14:00:38::SCWMssOS::_0/lib/xdmaps_selftest.o ps7_cortexa9_0/lib/xscutimer_selftest.o ps7_cortexa9_0/lib/putnum.o ps7_cortexa9_0/lib/xadcps_intr.o p
TRACE::2026-01-20.14:00:38::SCWMssOS::s7_cortexa9_0/lib/xgpiops_g.o ps7_cortexa9_0/lib/xsdps.o ps7_cortexa9_0/lib/close.o ps7_cortexa9_0/lib/xgpiops_intr.o ps7_corte
TRACE::2026-01-20.14:00:38::SCWMssOS::xa9_0/lib/xdma_g.o ps7_cortexa9_0/lib/xgpiops_sinit.o ps7_cortexa9_0/lib/xdma_sinit.o ps7_cortexa9_0/lib/xgpiops_selftest.o ps7
TRACE::2026-01-20.14:00:38::SCWMssOS::_cortexa9_0/lib/xscuwdt.o ps7_cortexa9_0/lib/xgpiops.o ps7_cortexa9_0/lib/xil_clocking.o ps7_cortexa9_0/lib/xil_mem.o ps7_corte
TRACE::2026-01-20.14:00:38::SCWMssOS::xa9_0/lib/time.o ps7_cortexa9_0/lib/xil_printf.o ps7_cortexa9_0/lib/kill.o ps7_cortexa9_0/lib/xuartps_g.o ps7_cortexa9_0/lib/xa
TRACE::2026-01-20.14:00:38::SCWMssOS::dcps.o ps7_cortexa9_0/lib/xuartps_sinit.o ps7_cortexa9_0/lib/xuartps_selftest.o ps7_cortexa9_0/lib/outbyte.o ps7_cortexa9_0/lib
TRACE::2026-01-20.14:00:38::SCWMssOS::/lseek.o ps7_cortexa9_0/lib/xusbps_hw.o ps7_cortexa9_0/lib/xl2cc_counter.o ps7_cortexa9_0/lib/asm_vectors.o ps7_cortexa9_0/lib/
TRACE::2026-01-20.14:00:38::SCWMssOS::abort.o ps7_cortexa9_0/lib/xscugic_intr.o ps7_cortexa9_0/lib/getpid.o ps7_cortexa9_0/lib/xdevcfg_sinit.o ps7_cortexa9_0/lib/xdm
TRACE::2026-01-20.14:00:38::SCWMssOS::aps.o ps7_cortexa9_0/lib/xscutimer.o ps7_cortexa9_0/lib/xdevcfg_selftest.o ps7_cortexa9_0/lib/xpm_counter.o ps7_cortexa9_0/lib/
TRACE::2026-01-20.14:00:38::SCWMssOS::_sbrk.o ps7_cortexa9_0/lib/xemacps_sinit.o ps7_cortexa9_0/lib/xqspips_g.o ps7_cortexa9_0/lib/xusbps.o ps7_cortexa9_0/lib/xusbps
TRACE::2026-01-20.14:00:38::SCWMssOS::_endpoint.o ps7_cortexa9_0/lib/xusbps_g.o ps7_cortexa9_0/lib/xsdps_sinit.o ps7_cortexa9_0/lib/xqspips_selftest.o ps7_cortexa9_0
TRACE::2026-01-20.14:00:38::SCWMssOS::/lib/xil_exception.o ps7_cortexa9_0/lib/xil_testmem.o ps7_cortexa9_0/lib/xemacps_control.o ps7_cortexa9_0/lib/open.o ps7_cortex
TRACE::2026-01-20.14:00:38::SCWMssOS::a9_0/lib/xil_assert.o ps7_cortexa9_0/lib/xusbps_intr.o ps7_cortexa9_0/lib/xsdps_host.o ps7_cortexa9_0/lib/xcoresightpsdcc.o ps7
TRACE::2026-01-20.14:00:38::SCWMssOS::_cortexa9_0/lib/xscugic_hw.o ps7_cortexa9_0/lib/sleep.o ps7_cortexa9_0/lib/cpputest_time.o ps7_cortexa9_0/lib/xil_spinlock.o ps
TRACE::2026-01-20.14:00:38::SCWMssOS::7_cortexa9_0/lib/fcntl.o ps7_cortexa9_0/lib/print.o ps7_cortexa9_0/lib/read.o ps7_cortexa9_0/lib/xdevcfg.o ps7_cortexa9_0/lib/x
TRACE::2026-01-20.14:00:38::SCWMssOS::qspips.o ps7_cortexa9_0/lib/xemacps.o ps7_cortexa9_0/lib/xil_cache.o ps7_cortexa9_0/lib/xil_testio.o ps7_cortexa9_0/lib/_open.o
TRACE::2026-01-20.14:00:38::SCWMssOS:: ps7_cortexa9_0/lib/unlink.o ps7_cortexa9_0/lib/xdma.o ps7_cortexa9_0/lib/translation_table.o ps7_cortexa9_0/lib/write.o ps7_co
TRACE::2026-01-20.14:00:38::SCWMssOS::rtexa9_0/lib/boot.o ps7_cortexa9_0/lib/xemacps_bdring.o ps7_cortexa9_0/lib/cpu_init.o ps7_cortexa9_0/lib/vectors.o ps7_cortexa9
TRACE::2026-01-20.14:00:38::SCWMssOS::_0/lib/usleep.o ps7_cortexa9_0/lib/xil_sleepcommon.o ps7_cortexa9_0/lib/xscugic_g.o ps7_cortexa9_0/lib/xscugic_sinit.o ps7_cort
TRACE::2026-01-20.14:00:38::SCWMssOS::exa9_0/lib/xdevcfg_g.o ps7_cortexa9_0/lib/xtime_l.o ps7_cortexa9_0/lib/xdma_linux.o ps7_cortexa9_0/lib/xscugic_selftest.o ps7_c
TRACE::2026-01-20.14:00:38::SCWMssOS::ortexa9_0/lib/xil_util.o ps7_cortexa9_0/lib/xuartps_intr.o ps7_cortexa9_0/lib/xuartps.o ps7_cortexa9_0/lib/xsdps_card.o ps7_cor
TRACE::2026-01-20.14:00:38::SCWMssOS::texa9_0/lib/xdmaps_hw.o ps7_cortexa9_0/lib/sbrk.o ps7_cortexa9_0/lib/xgpiops_hw.o ps7_cortexa9_0/lib/xsdps_g.o ps7_cortexa9_0/l
TRACE::2026-01-20.14:00:38::SCWMssOS::ib/fstat.o ps7_cortexa9_0/lib/xqspips_hw.o ps7_cortexa9_0/lib/errno.o ps7_cortexa9_0/lib/xdevcfg_intr.o ps7_cortexa9_0/lib/xuar
TRACE::2026-01-20.14:00:38::SCWMssOS::tps_options.o ps7_cortexa9_0/lib/xscuwdt_g.o ps7_cortexa9_0/lib/xemacps_g.o ps7_cortexa9_0/lib/xscuwdt_sinit.o ps7_cortexa9_0/l
TRACE::2026-01-20.14:00:38::SCWMssOS::ib/xemacps_intr.o ps7_cortexa9_0/lib/xscuwdt_selftest.o ps7_cortexa9_0/lib/isatty.o ps7_cortexa9_0/lib/xil-crt0.o ps7_cortexa9_
TRACE::2026-01-20.14:00:38::SCWMssOS::0/lib/xscugic.o ps7_cortexa9_0/lib/xuartps_hw.o ps7_cortexa9_0/lib/xadcps_g.o ps7_cortexa9_0/lib/xqspips_sinit.o ps7_cortexa9_0
TRACE::2026-01-20.14:00:38::SCWMssOS::/lib/xadcps_sinit.o

TRACE::2026-01-20.14:00:38::SCWMssOS::'Finished building libraries'

TRACE::2026-01-20.14:00:38::SCWMssOS::Copying to export directory.
TRACE::2026-01-20.14:00:39::SCWMssOS:: Checking if to create the Supporting Applications
TRACE::2026-01-20.14:00:39::SCWMssOS:: No Linux domain exists, trying to generate FSBL 
LOG::2026-01-20.14:00:39::SCWSystem::Completed Processing the domain standalone_domain
LOG::2026-01-20.14:00:39::SCWSystem::Completed Processing the sysconfig delay_and_sum_plat
LOG::2026-01-20.14:00:39::SCWPlatform::Completed generating the artifacts for system configuration delay_and_sum_plat
TRACE::2026-01-20.14:00:39::SCWPlatform::Started preparing the platform 
TRACE::2026-01-20.14:00:39::SCWSystem::Writing the bif file for system config delay_and_sum_plat
TRACE::2026-01-20.14:00:39::SCWSystem::dir created 
TRACE::2026-01-20.14:00:39::SCWSystem::Writing the bif 
TRACE::2026-01-20.14:00:39::SCWPlatform::Started writing the spfm file 
TRACE::2026-01-20.14:00:39::SCWPlatform::Started writing the xpfm file 
TRACE::2026-01-20.14:00:39::SCWPlatform::Completed generating the platform
TRACE::2026-01-20.14:00:39::SCWMssOS::Saving the mss changes C:/Users/CamLT/AX7010_Work/UltrasonicFPGA2021/delay-and-sum/delay_and_sum_plat/zynq_fsbl/zynq_fsbl_bsp/system.mss
TRACE::2026-01-20.14:00:39::SCWMssOS::Found a swdesign opened with the mssfile.
TRACE::2026-01-20.14:00:39::SCWMssOS::Completed writemss as part of save.
TRACE::2026-01-20.14:00:39::SCWMssOS::Commit changes completed.
TRACE::2026-01-20.14:00:39::SCWMssOS::Saving the mss changes C:/Users/CamLT/AX7010_Work/UltrasonicFPGA2021/delay-and-sum/delay_and_sum_plat/ps7_cortexa9_0/standalone_domain/bsp/system.mss
TRACE::2026-01-20.14:00:39::SCWMssOS::Found a swdesign opened with the mssfile.
TRACE::2026-01-20.14:00:39::SCWMssOS::Completed writemss as part of save.
TRACE::2026-01-20.14:00:39::SCWMssOS::Commit changes completed.
TRACE::2026-01-20.14:00:39::SCWPlatform::Trying to open the hw design at C:/Users/CamLT/AX7010_Work/UltrasonicFPGA2021/delay-and-sum/delay_and_sum_plat/hw/Demodulator_128Ch_wrapper.xsa
TRACE::2026-01-20.14:00:39::SCWPlatform::DSA given C:/Users/CamLT/AX7010_Work/UltrasonicFPGA2021/delay-and-sum/delay_and_sum_plat/hw/Demodulator_128Ch_wrapper.xsa
TRACE::2026-01-20.14:00:39::SCWPlatform::DSA absoulate path C:/Users/CamLT/AX7010_Work/UltrasonicFPGA2021/delay-and-sum/delay_and_sum_plat/hw/Demodulator_128Ch_wrapper.xsa
TRACE::2026-01-20.14:00:39::SCWPlatform::DSA directory C:/Users/CamLT/AX7010_Work/UltrasonicFPGA2021/delay-and-sum/delay_and_sum_plat/hw
TRACE::2026-01-20.14:00:39::SCWPlatform:: Platform Path C:/Users/CamLT/AX7010_Work/UltrasonicFPGA2021/delay-and-sum/delay_and_sum_plat/hw/Demodulator_128Ch_wrapper.xsa
TRACE::2026-01-20.14:00:39::SCWPlatform:: Unique name xilinx:::0.0
TRACE::2026-01-20.14:00:39::SCWPlatform::Trying to set the existing hwdb with name Demodulator_128Ch_wrappe
TRACE::2026-01-20.14:00:39::SCWPlatform::Opened existing hwdb Demodulator_128Ch_wrappe
TRACE::2026-01-20.14:00:39::SCWPlatform::Found the Hw Db part of the input DSA
TRACE::2026-01-20.14:00:39::SCWMssOS::Checking the sw design at  C:/Users/CamLT/AX7010_Work/UltrasonicFPGA2021/delay-and-sum/delay_and_sum_plat/zynq_fsbl/zynq_fsbl_bsp/system.mss
TRACE::2026-01-20.14:00:39::SCWMssOS::DEBUG:  swdes dump  C:/Users/CamLT/AX7010_Work/UltrasonicFPGA2021/delay-and-sum/delay_and_sum_plat/ps7_cortexa9_0/standalone_domain/bsp/system.mss|system_0||
C:/Users/CamLT/AX7010_Work/UltrasonicFPGA2021/delay-and-sum/delay_and_sum_plat/zynq_fsbl/zynq_fsbl_bsp/system.mss|system||

TRACE::2026-01-20.14:00:39::SCWMssOS::Sw design exists and opened at  C:/Users/CamLT/AX7010_Work/UltrasonicFPGA2021/delay-and-sum/delay_and_sum_plat/zynq_fsbl/zynq_fsbl_bsp/system.mss
TRACE::2026-01-20.14:00:39::SCWPlatform::Trying to open the hw design at C:/Users/CamLT/AX7010_Work/UltrasonicFPGA2021/delay-and-sum/delay_and_sum_plat/hw/Demodulator_128Ch_wrapper.xsa
TRACE::2026-01-20.14:00:39::SCWPlatform::DSA given C:/Users/CamLT/AX7010_Work/UltrasonicFPGA2021/delay-and-sum/delay_and_sum_plat/hw/Demodulator_128Ch_wrapper.xsa
TRACE::2026-01-20.14:00:39::SCWPlatform::DSA absoulate path C:/Users/CamLT/AX7010_Work/UltrasonicFPGA2021/delay-and-sum/delay_and_sum_plat/hw/Demodulator_128Ch_wrapper.xsa
TRACE::2026-01-20.14:00:39::SCWPlatform::DSA directory C:/Users/CamLT/AX7010_Work/UltrasonicFPGA2021/delay-and-sum/delay_and_sum_plat/hw
TRACE::2026-01-20.14:00:39::SCWPlatform:: Platform Path C:/Users/CamLT/AX7010_Work/UltrasonicFPGA2021/delay-and-sum/delay_and_sum_plat/hw/Demodulator_128Ch_wrapper.xsa
TRACE::2026-01-20.14:00:39::SCWPlatform:: Unique name xilinx:::0.0
TRACE::2026-01-20.14:00:39::SCWPlatform::Trying to set the existing hwdb with name Demodulator_128Ch_wrappe
TRACE::2026-01-20.14:00:39::SCWPlatform::Opened existing hwdb Demodulator_128Ch_wrappe
TRACE::2026-01-20.14:00:39::SCWPlatform::Found the Hw Db part of the input DSA
TRACE::2026-01-20.14:00:39::SCWMssOS::Checking the sw design at  C:/Users/CamLT/AX7010_Work/UltrasonicFPGA2021/delay-and-sum/delay_and_sum_plat/ps7_cortexa9_0/standalone_domain/bsp/system.mss
TRACE::2026-01-20.14:00:39::SCWMssOS::DEBUG:  swdes dump  C:/Users/CamLT/AX7010_Work/UltrasonicFPGA2021/delay-and-sum/delay_and_sum_plat/ps7_cortexa9_0/standalone_domain/bsp/system.mss|system_0||
C:/Users/CamLT/AX7010_Work/UltrasonicFPGA2021/delay-and-sum/delay_and_sum_plat/zynq_fsbl/zynq_fsbl_bsp/system.mss|system||

TRACE::2026-01-20.14:00:39::SCWMssOS::Sw design exists and opened at  C:/Users/CamLT/AX7010_Work/UltrasonicFPGA2021/delay-and-sum/delay_and_sum_plat/ps7_cortexa9_0/standalone_domain/bsp/system.mss
TRACE::2026-01-20.14:00:39::SCWWriter::formatted JSON is {
	"platformName":	"delay_and_sum_plat",
	"sprVersion":	"2.0",
	"mode":	"gui",
	"dsaType":	"Fixed",
	"platformDesc":	"delay_and_sum_plat",
	"platHandOff":	"C:/Users/CamLT/AX7010_Work/Demodulator_128Ch_wrapper.xsa",
	"platIntHandOff":	"<platformDir>/hw/Demodulator_128Ch_wrapper.xsa",
	"deviceType":	"zynq",
	"platIsPrebuiltAutogen":	"false",
	"platIsNoBootBsp":	"false",
	"hasFsblMakeHasChanges":	"false",
	"hasPmufwMakeHasChanges":	"false",
	"fsblExtraCompilerFlags":	"-MMD -MP       -mcpu=cortex-a9 -mfpu=vfpv3 -mfloat-abi=hard ",
	"platPreBuiltFlag":	false,
	"platformSamplesDir":	"",
	"platActiveSys":	"delay_and_sum_plat",
	"systems":	[{
			"systemName":	"delay_and_sum_plat",
			"systemDesc":	"delay_and_sum_plat",
			"sysIsBootAutoGen":	"true",
			"systemDispName":	"delay_and_sum_plat",
			"sysActiveDom":	"standalone_domain",
			"sysDefaultDom":	"standalone_domain",
			"domains":	[{
					"domainName":	"zynq_fsbl",
					"domainDispName":	"zynq_fsbl",
					"domainDesc":	"FSBL Application BSP - Auto Generated.",
					"processors":	"ps7_cortexa9_0",
					"os":	"standalone",
					"sdxOs":	"standalone",
					"debugEnable":	"",
					"domRuntimes":	["cpp"],
					"swRepo":	"",
					"mssOsVer":	"7.5",
					"mssFile":	"",
					"md5Digest":	"f3dae8f02a170fb93c0638c92ba171da",
					"compatibleApp":	"zynq_fsbl",
					"domType":	"bootDomain",
					"arch":	"32-bit",
					"appSettings":	{
						"appCompilerFlags":	"",
						"appLinkerFlags":	""
					},
					"addedLibs":	["xilffs:4.5", "xilrsa:1.6", "lwip211:1.5"],
					"libOptions":	{
						"libsContainingOptions":	[]
					},
					"prebuiltLibs":	{
						"prebuiltIncPath":	[],
						"prebuiltLibPath":	[]
					},
					"isolation":	{
					}
				}, {
					"domainName":	"standalone_domain",
					"domainDispName":	"standalone on ps7_cortexa9_0",
					"domainDesc":	"standalone_domain",
					"processors":	"ps7_cortexa9_0",
					"os":	"standalone",
					"sdxOs":	"standalone",
					"qemuArgs":	"C:/Xilinx/Vitis/2021.1/data/emulation/platforms/zynq/sw/a9_standalone/qemu/qemu_args.txt",
					"qemuData":	"C:/Xilinx/Vitis/2021.1/data/emulation/platforms/zynq/sw/a9_standalone/qemu/",
					"debugEnable":	"False",
					"domRuntimes":	["cpp"],
					"swRepo":	"",
					"mssOsVer":	"7.5",
					"mssFile":	"",
					"md5Digest":	"c0bcabe2214432c53bf60814567322c2",
					"compatibleApp":	"",
					"domType":	"mssDomain",
					"appSettings":	{
						"appCompilerFlags":	"",
						"appLinkerFlags":	""
					},
					"addedLibs":	["lwip211:1.5"],
					"libOptions":	{
						"libsContainingOptions":	[]
					},
					"prebuiltLibs":	{
						"prebuiltIncPath":	[],
						"prebuiltLibPath":	[]
					},
					"isolation":	{
					}
				}]
		}]
}
KEYINFO::2026-01-20.14:00:39::SCWPlatform::updated the xpfm file.
TRACE::2026-01-20.14:00:39::SCWPlatform::Trying to open the hw design at C:/Users/CamLT/AX7010_Work/UltrasonicFPGA2021/delay-and-sum/delay_and_sum_plat/hw/Demodulator_128Ch_wrapper.xsa
TRACE::2026-01-20.14:00:39::SCWPlatform::DSA given C:/Users/CamLT/AX7010_Work/UltrasonicFPGA2021/delay-and-sum/delay_and_sum_plat/hw/Demodulator_128Ch_wrapper.xsa
TRACE::2026-01-20.14:00:39::SCWPlatform::DSA absoulate path C:/Users/CamLT/AX7010_Work/UltrasonicFPGA2021/delay-and-sum/delay_and_sum_plat/hw/Demodulator_128Ch_wrapper.xsa
TRACE::2026-01-20.14:00:39::SCWPlatform::DSA directory C:/Users/CamLT/AX7010_Work/UltrasonicFPGA2021/delay-and-sum/delay_and_sum_plat/hw
TRACE::2026-01-20.14:00:39::SCWPlatform:: Platform Path C:/Users/CamLT/AX7010_Work/UltrasonicFPGA2021/delay-and-sum/delay_and_sum_plat/hw/Demodulator_128Ch_wrapper.xsa
TRACE::2026-01-20.14:00:39::SCWPlatform:: Unique name xilinx:::0.0
TRACE::2026-01-20.14:00:39::SCWPlatform::Trying to set the existing hwdb with name Demodulator_128Ch_wrappe
TRACE::2026-01-20.14:00:39::SCWPlatform::Opened existing hwdb Demodulator_128Ch_wrappe
TRACE::2026-01-20.14:00:39::SCWPlatform::Found the Hw Db part of the input DSA
TRACE::2026-01-20.14:00:39::SCWMssOS::Checking the sw design at  C:/Users/CamLT/AX7010_Work/UltrasonicFPGA2021/delay-and-sum/delay_and_sum_plat/ps7_cortexa9_0/standalone_domain/bsp/system.mss
TRACE::2026-01-20.14:00:39::SCWMssOS::DEBUG:  swdes dump  C:/Users/CamLT/AX7010_Work/UltrasonicFPGA2021/delay-and-sum/delay_and_sum_plat/ps7_cortexa9_0/standalone_domain/bsp/system.mss|system_0||
C:/Users/CamLT/AX7010_Work/UltrasonicFPGA2021/delay-and-sum/delay_and_sum_plat/zynq_fsbl/zynq_fsbl_bsp/system.mss|system||

TRACE::2026-01-20.14:00:39::SCWMssOS::Sw design exists and opened at  C:/Users/CamLT/AX7010_Work/UltrasonicFPGA2021/delay-and-sum/delay_and_sum_plat/ps7_cortexa9_0/standalone_domain/bsp/system.mss
