TRACE::2026-01-20.16:51:09::SCWPlatform::Trying to open the hw design at C:/Users/CamLT/AX7010_Work/UltrasonicFPGA2021/delay-and-sum-v2/delay-and-sum-v2-platform/hw/Demodulator_128Ch_wrapper.xsa
TRACE::2026-01-20.16:51:09::SCWPlatform::DSA given C:/Users/CamLT/AX7010_Work/UltrasonicFPGA2021/delay-and-sum-v2/delay-and-sum-v2-platform/hw/Demodulator_128Ch_wrapper.xsa
TRACE::2026-01-20.16:51:09::SCWPlatform::DSA absoulate path C:/Users/CamLT/AX7010_Work/UltrasonicFPGA2021/delay-and-sum-v2/delay-and-sum-v2-platform/hw/Demodulator_128Ch_wrapper.xsa
TRACE::2026-01-20.16:51:09::SCWPlatform::DSA directory C:/Users/CamLT/AX7010_Work/UltrasonicFPGA2021/delay-and-sum-v2/delay-and-sum-v2-platform/hw
TRACE::2026-01-20.16:51:09::SCWPlatform:: Platform Path C:/Users/CamLT/AX7010_Work/UltrasonicFPGA2021/delay-and-sum-v2/delay-and-sum-v2-platform/hw/Demodulator_128Ch_wrapper.xsa
TRACE::2026-01-20.16:51:09::SCWPlatform:: Unique name xilinx:::0.0
TRACE::2026-01-20.16:51:09::SCWPlatform::Do not have an existing db opened. 
TRACE::2026-01-20.16:51:12::SCWPlatform::Opened new HwDB with name Demodulator_128Ch_wrapper_0
TRACE::2026-01-20.16:51:12::SCWWriter::formatted JSON is {
	"platformName":	"delay-and-sum-v2-platform",
	"sprVersion":	"2.0",
	"mode":	"gui",
	"dsaType":	"Fixed",
	"platformDesc":	"delay-and-sum-v2-platform",
	"platHandOff":	"C:/Users/CamLT/AX7010_Work/Demodulator_128Ch_wrapper.xsa",
	"platIntHandOff":	"<platformDir>/hw/Demodulator_128Ch_wrapper.xsa",
	"deviceType":	"zynq",
	"platIsPrebuiltAutogen":	"false",
	"platIsNoBootBsp":	"false",
	"hasFsblMakeHasChanges":	"false",
	"hasPmufwMakeHasChanges":	"false",
	"platPreBuiltFlag":	false,
	"platformSamplesDir":	""
}
TRACE::2026-01-20.16:51:12::SCWWriter::formatted JSON is {
	"platformName":	"delay-and-sum-v2-platform",
	"sprVersion":	"2.0",
	"mode":	"gui",
	"dsaType":	"Fixed",
	"platformDesc":	"delay-and-sum-v2-platform",
	"platHandOff":	"C:/Users/CamLT/AX7010_Work/Demodulator_128Ch_wrapper.xsa",
	"platIntHandOff":	"<platformDir>/hw/Demodulator_128Ch_wrapper.xsa",
	"deviceType":	"zynq",
	"platIsPrebuiltAutogen":	"false",
	"platIsNoBootBsp":	"false",
	"hasFsblMakeHasChanges":	"false",
	"hasPmufwMakeHasChanges":	"false",
	"platPreBuiltFlag":	false,
	"platformSamplesDir":	"",
	"platActiveSys":	"delay-and-sum-v2-platform",
	"systems":	[{
			"systemName":	"delay-and-sum-v2-platform",
			"systemDesc":	"delay-and-sum-v2-platform",
			"sysIsBootAutoGen":	"true",
			"systemDispName":	"delay-and-sum-v2-platform"
		}]
}
TRACE::2026-01-20.16:51:12::SCWPlatform::Boot application domains not present, creating them
TRACE::2026-01-20.16:51:12::SCWDomain::checking for install qemu data   : 
TRACE::2026-01-20.16:51:12::SCWDomain:: Using the QEMU Data from install at  : C:/Xilinx/Vitis/2021.1/data/emulation/platforms/zynq/sw/a9_standalone/qemu/
TRACE::2026-01-20.16:51:12::SCWDomain:: Using the QEMU args  from install at  : C:/Xilinx/Vitis/2021.1/data/emulation/platforms/zynq/sw/a9_standalone/qemu/qemu_args.txt
TRACE::2026-01-20.16:51:12::SCWPlatform::Trying to open the hw design at C:/Users/CamLT/AX7010_Work/UltrasonicFPGA2021/delay-and-sum-v2/delay-and-sum-v2-platform/hw/Demodulator_128Ch_wrapper.xsa
TRACE::2026-01-20.16:51:12::SCWPlatform::DSA given C:/Users/CamLT/AX7010_Work/UltrasonicFPGA2021/delay-and-sum-v2/delay-and-sum-v2-platform/hw/Demodulator_128Ch_wrapper.xsa
TRACE::2026-01-20.16:51:12::SCWPlatform::DSA absoulate path C:/Users/CamLT/AX7010_Work/UltrasonicFPGA2021/delay-and-sum-v2/delay-and-sum-v2-platform/hw/Demodulator_128Ch_wrapper.xsa
TRACE::2026-01-20.16:51:12::SCWPlatform::DSA directory C:/Users/CamLT/AX7010_Work/UltrasonicFPGA2021/delay-and-sum-v2/delay-and-sum-v2-platform/hw
TRACE::2026-01-20.16:51:12::SCWPlatform:: Platform Path C:/Users/CamLT/AX7010_Work/UltrasonicFPGA2021/delay-and-sum-v2/delay-and-sum-v2-platform/hw/Demodulator_128Ch_wrapper.xsa
TRACE::2026-01-20.16:51:12::SCWPlatform:: Unique name xilinx:::0.0
TRACE::2026-01-20.16:51:12::SCWPlatform::Trying to set the existing hwdb with name Demodulator_128Ch_wrapper_0
TRACE::2026-01-20.16:51:12::SCWPlatform::Opened existing hwdb Demodulator_128Ch_wrapper_0
TRACE::2026-01-20.16:51:12::SCWPlatform::Found the Hw Db part of the input DSA
TRACE::2026-01-20.16:51:12::SCWPlatform::Trying to open the hw design at C:/Users/CamLT/AX7010_Work/UltrasonicFPGA2021/delay-and-sum-v2/delay-and-sum-v2-platform/hw/Demodulator_128Ch_wrapper.xsa
TRACE::2026-01-20.16:51:12::SCWPlatform::DSA given C:/Users/CamLT/AX7010_Work/UltrasonicFPGA2021/delay-and-sum-v2/delay-and-sum-v2-platform/hw/Demodulator_128Ch_wrapper.xsa
TRACE::2026-01-20.16:51:12::SCWPlatform::DSA absoulate path C:/Users/CamLT/AX7010_Work/UltrasonicFPGA2021/delay-and-sum-v2/delay-and-sum-v2-platform/hw/Demodulator_128Ch_wrapper.xsa
TRACE::2026-01-20.16:51:12::SCWPlatform::DSA directory C:/Users/CamLT/AX7010_Work/UltrasonicFPGA2021/delay-and-sum-v2/delay-and-sum-v2-platform/hw
TRACE::2026-01-20.16:51:12::SCWPlatform:: Platform Path C:/Users/CamLT/AX7010_Work/UltrasonicFPGA2021/delay-and-sum-v2/delay-and-sum-v2-platform/hw/Demodulator_128Ch_wrapper.xsa
TRACE::2026-01-20.16:51:12::SCWPlatform:: Unique name xilinx:::0.0
TRACE::2026-01-20.16:51:12::SCWPlatform::Trying to set the existing hwdb with name Demodulator_128Ch_wrapper_0
TRACE::2026-01-20.16:51:12::SCWPlatform::Opened existing hwdb Demodulator_128Ch_wrapper_0
TRACE::2026-01-20.16:51:12::SCWPlatform::Found the Hw Db part of the input DSA
TRACE::2026-01-20.16:51:12::SCWPlatform::Trying to open the hw design at C:/Users/CamLT/AX7010_Work/UltrasonicFPGA2021/delay-and-sum-v2/delay-and-sum-v2-platform/hw/Demodulator_128Ch_wrapper.xsa
TRACE::2026-01-20.16:51:12::SCWPlatform::DSA given C:/Users/CamLT/AX7010_Work/UltrasonicFPGA2021/delay-and-sum-v2/delay-and-sum-v2-platform/hw/Demodulator_128Ch_wrapper.xsa
TRACE::2026-01-20.16:51:12::SCWPlatform::DSA absoulate path C:/Users/CamLT/AX7010_Work/UltrasonicFPGA2021/delay-and-sum-v2/delay-and-sum-v2-platform/hw/Demodulator_128Ch_wrapper.xsa
TRACE::2026-01-20.16:51:12::SCWPlatform::DSA directory C:/Users/CamLT/AX7010_Work/UltrasonicFPGA2021/delay-and-sum-v2/delay-and-sum-v2-platform/hw
TRACE::2026-01-20.16:51:12::SCWPlatform:: Platform Path C:/Users/CamLT/AX7010_Work/UltrasonicFPGA2021/delay-and-sum-v2/delay-and-sum-v2-platform/hw/Demodulator_128Ch_wrapper.xsa
TRACE::2026-01-20.16:51:12::SCWPlatform:: Unique name xilinx:::0.0
TRACE::2026-01-20.16:51:12::SCWPlatform::Trying to set the existing hwdb with name Demodulator_128Ch_wrapper_0
TRACE::2026-01-20.16:51:12::SCWPlatform::Opened existing hwdb Demodulator_128Ch_wrapper_0
TRACE::2026-01-20.16:51:12::SCWPlatform::Found the Hw Db part of the input DSA
TRACE::2026-01-20.16:51:12::SCWPlatform::Boot application domain added for zynq_fsbl
TRACE::2026-01-20.16:51:12::SCWPlatform::Generating the sources  .
TRACE::2026-01-20.16:51:12::SCWBDomain::Generating boot domain sources.
TRACE::2026-01-20.16:51:12::SCWBDomain:: Generating the zynq_fsbl Application.
TRACE::2026-01-20.16:51:12::SCWPlatform::Trying to open the hw design at C:/Users/CamLT/AX7010_Work/UltrasonicFPGA2021/delay-and-sum-v2/delay-and-sum-v2-platform/hw/Demodulator_128Ch_wrapper.xsa
TRACE::2026-01-20.16:51:12::SCWPlatform::DSA given C:/Users/CamLT/AX7010_Work/UltrasonicFPGA2021/delay-and-sum-v2/delay-and-sum-v2-platform/hw/Demodulator_128Ch_wrapper.xsa
TRACE::2026-01-20.16:51:12::SCWPlatform::DSA absoulate path C:/Users/CamLT/AX7010_Work/UltrasonicFPGA2021/delay-and-sum-v2/delay-and-sum-v2-platform/hw/Demodulator_128Ch_wrapper.xsa
TRACE::2026-01-20.16:51:12::SCWPlatform::DSA directory C:/Users/CamLT/AX7010_Work/UltrasonicFPGA2021/delay-and-sum-v2/delay-and-sum-v2-platform/hw
TRACE::2026-01-20.16:51:12::SCWPlatform:: Platform Path C:/Users/CamLT/AX7010_Work/UltrasonicFPGA2021/delay-and-sum-v2/delay-and-sum-v2-platform/hw/Demodulator_128Ch_wrapper.xsa
TRACE::2026-01-20.16:51:12::SCWPlatform:: Unique name xilinx:::0.0
TRACE::2026-01-20.16:51:12::SCWPlatform::Trying to set the existing hwdb with name Demodulator_128Ch_wrapper_0
TRACE::2026-01-20.16:51:12::SCWPlatform::Opened existing hwdb Demodulator_128Ch_wrapper_0
TRACE::2026-01-20.16:51:12::SCWPlatform::Found the Hw Db part of the input DSA
TRACE::2026-01-20.16:51:12::SCWMssOS::Checking the sw design at  C:/Users/CamLT/AX7010_Work/UltrasonicFPGA2021/delay-and-sum-v2/delay-and-sum-v2-platform/zynq_fsbl/zynq_fsbl_bsp/system.mss
TRACE::2026-01-20.16:51:12::SCWMssOS::DEBUG:  swdes dump  
TRACE::2026-01-20.16:51:12::SCWMssOS::No sw design opened at  C:/Users/CamLT/AX7010_Work/UltrasonicFPGA2021/delay-and-sum-v2/delay-and-sum-v2-platform/zynq_fsbl/zynq_fsbl_bsp/system.mss
TRACE::2026-01-20.16:51:12::SCWMssOS::mss does not exists at C:/Users/CamLT/AX7010_Work/UltrasonicFPGA2021/delay-and-sum-v2/delay-and-sum-v2-platform/zynq_fsbl/zynq_fsbl_bsp/system.mss
TRACE::2026-01-20.16:51:12::SCWMssOS::Creating sw design at  C:/Users/CamLT/AX7010_Work/UltrasonicFPGA2021/delay-and-sum-v2/delay-and-sum-v2-platform/zynq_fsbl/zynq_fsbl_bsp/system.mss
TRACE::2026-01-20.16:51:12::SCWMssOS::Adding the swdes entry, created swdb C:/Users/CamLT/AX7010_Work/UltrasonicFPGA2021/delay-and-sum-v2/delay-and-sum-v2-platform/zynq_fsbl/zynq_fsbl_bsp/system.mss with des name C:/Users/CamLT/AX7010_Work/UltrasonicFPGA2021/delay-and-sum-v2/delay-and-sum-v2-platform/zynq_fsbl/zynq_fsbl_bsp/system.mss
TRACE::2026-01-20.16:51:12::SCWMssOS::updating the scw layer changes to swdes at   C:/Users/CamLT/AX7010_Work/UltrasonicFPGA2021/delay-and-sum-v2/delay-and-sum-v2-platform/zynq_fsbl/zynq_fsbl_bsp/system.mss
TRACE::2026-01-20.16:51:12::SCWMssOS::Writing mss at C:/Users/CamLT/AX7010_Work/UltrasonicFPGA2021/delay-and-sum-v2/delay-and-sum-v2-platform/zynq_fsbl/zynq_fsbl_bsp/system.mss
TRACE::2026-01-20.16:51:12::SCWMssOS::Completed writing the mss file at C:/Users/CamLT/AX7010_Work/UltrasonicFPGA2021/delay-and-sum-v2/delay-and-sum-v2-platform/zynq_fsbl/zynq_fsbl_bsp
TRACE::2026-01-20.16:51:12::SCWMssOS::Picking up changes from newly written mss file into SCW Layer. 
TRACE::2026-01-20.16:51:13::SCWMssOS::Updated the changes from newly written mss file into SCW Layer. 
TRACE::2026-01-20.16:51:13::SCWBDomain::Completed writing the mss file at C:/Users/CamLT/AX7010_Work/UltrasonicFPGA2021/delay-and-sum-v2/delay-and-sum-v2-platform/zynq_fsbl/zynq_fsbl_bsp
TRACE::2026-01-20.16:51:21::SCWPlatform::Generating sources Done.
TRACE::2026-01-20.16:51:21::SCWPlatform::Trying to open the hw design at C:/Users/CamLT/AX7010_Work/UltrasonicFPGA2021/delay-and-sum-v2/delay-and-sum-v2-platform/hw/Demodulator_128Ch_wrapper.xsa
TRACE::2026-01-20.16:51:21::SCWPlatform::DSA given C:/Users/CamLT/AX7010_Work/UltrasonicFPGA2021/delay-and-sum-v2/delay-and-sum-v2-platform/hw/Demodulator_128Ch_wrapper.xsa
TRACE::2026-01-20.16:51:21::SCWPlatform::DSA absoulate path C:/Users/CamLT/AX7010_Work/UltrasonicFPGA2021/delay-and-sum-v2/delay-and-sum-v2-platform/hw/Demodulator_128Ch_wrapper.xsa
TRACE::2026-01-20.16:51:21::SCWPlatform::DSA directory C:/Users/CamLT/AX7010_Work/UltrasonicFPGA2021/delay-and-sum-v2/delay-and-sum-v2-platform/hw
TRACE::2026-01-20.16:51:21::SCWPlatform:: Platform Path C:/Users/CamLT/AX7010_Work/UltrasonicFPGA2021/delay-and-sum-v2/delay-and-sum-v2-platform/hw/Demodulator_128Ch_wrapper.xsa
TRACE::2026-01-20.16:51:21::SCWPlatform:: Unique name xilinx:::0.0
TRACE::2026-01-20.16:51:21::SCWPlatform::Trying to set the existing hwdb with name Demodulator_128Ch_wrapper_0
TRACE::2026-01-20.16:51:21::SCWPlatform::Opened existing hwdb Demodulator_128Ch_wrapper_0
TRACE::2026-01-20.16:51:21::SCWPlatform::Found the Hw Db part of the input DSA
TRACE::2026-01-20.16:51:21::SCWMssOS::Checking the sw design at  C:/Users/CamLT/AX7010_Work/UltrasonicFPGA2021/delay-and-sum-v2/delay-and-sum-v2-platform/zynq_fsbl/zynq_fsbl_bsp/system.mss
TRACE::2026-01-20.16:51:21::SCWMssOS::DEBUG:  swdes dump  
TRACE::2026-01-20.16:51:21::SCWMssOS::No sw design opened at  C:/Users/CamLT/AX7010_Work/UltrasonicFPGA2021/delay-and-sum-v2/delay-and-sum-v2-platform/zynq_fsbl/zynq_fsbl_bsp/system.mss
TRACE::2026-01-20.16:51:21::SCWMssOS::mss exists loading the mss file  C:/Users/CamLT/AX7010_Work/UltrasonicFPGA2021/delay-and-sum-v2/delay-and-sum-v2-platform/zynq_fsbl/zynq_fsbl_bsp/system.mss
TRACE::2026-01-20.16:51:21::SCWMssOS::Opened the sw design from mss  C:/Users/CamLT/AX7010_Work/UltrasonicFPGA2021/delay-and-sum-v2/delay-and-sum-v2-platform/zynq_fsbl/zynq_fsbl_bsp/system.mss
TRACE::2026-01-20.16:51:21::SCWMssOS::Adding the swdes entry C:/Users/CamLT/AX7010_Work/UltrasonicFPGA2021/delay-and-sum-v2/delay-and-sum-v2-platform/zynq_fsbl/zynq_fsbl_bsp/system.mss with des name system
TRACE::2026-01-20.16:51:21::SCWMssOS::updating the scw layer about changes
TRACE::2026-01-20.16:51:21::SCWMssOS::Opened the sw design.  C:/Users/CamLT/AX7010_Work/UltrasonicFPGA2021/delay-and-sum-v2/delay-and-sum-v2-platform/zynq_fsbl/zynq_fsbl_bsp/system.mss
TRACE::2026-01-20.16:51:21::SCWMssOS::Saving the mss changes C:/Users/CamLT/AX7010_Work/UltrasonicFPGA2021/delay-and-sum-v2/delay-and-sum-v2-platform/zynq_fsbl/zynq_fsbl_bsp/system.mss
TRACE::2026-01-20.16:51:21::SCWMssOS::Found a swdesign opened with the mssfile.
TRACE::2026-01-20.16:51:21::SCWMssOS::Completed writemss as part of save.
TRACE::2026-01-20.16:51:21::SCWMssOS::Commit changes completed.
TRACE::2026-01-20.16:51:21::SCWPlatform::Trying to open the hw design at C:/Users/CamLT/AX7010_Work/UltrasonicFPGA2021/delay-and-sum-v2/delay-and-sum-v2-platform/hw/Demodulator_128Ch_wrapper.xsa
TRACE::2026-01-20.16:51:21::SCWPlatform::DSA given C:/Users/CamLT/AX7010_Work/UltrasonicFPGA2021/delay-and-sum-v2/delay-and-sum-v2-platform/hw/Demodulator_128Ch_wrapper.xsa
TRACE::2026-01-20.16:51:21::SCWPlatform::DSA absoulate path C:/Users/CamLT/AX7010_Work/UltrasonicFPGA2021/delay-and-sum-v2/delay-and-sum-v2-platform/hw/Demodulator_128Ch_wrapper.xsa
TRACE::2026-01-20.16:51:21::SCWPlatform::DSA directory C:/Users/CamLT/AX7010_Work/UltrasonicFPGA2021/delay-and-sum-v2/delay-and-sum-v2-platform/hw
TRACE::2026-01-20.16:51:21::SCWPlatform:: Platform Path C:/Users/CamLT/AX7010_Work/UltrasonicFPGA2021/delay-and-sum-v2/delay-and-sum-v2-platform/hw/Demodulator_128Ch_wrapper.xsa
TRACE::2026-01-20.16:51:21::SCWPlatform:: Unique name xilinx:::0.0
TRACE::2026-01-20.16:51:21::SCWPlatform::Trying to set the existing hwdb with name Demodulator_128Ch_wrapper_0
TRACE::2026-01-20.16:51:21::SCWPlatform::Opened existing hwdb Demodulator_128Ch_wrapper_0
TRACE::2026-01-20.16:51:21::SCWPlatform::Found the Hw Db part of the input DSA
TRACE::2026-01-20.16:51:21::SCWMssOS::Checking the sw design at  C:/Users/CamLT/AX7010_Work/UltrasonicFPGA2021/delay-and-sum-v2/delay-and-sum-v2-platform/zynq_fsbl/zynq_fsbl_bsp/system.mss
TRACE::2026-01-20.16:51:21::SCWMssOS::DEBUG:  swdes dump  C:/Users/CamLT/AX7010_Work/UltrasonicFPGA2021/delay-and-sum-v2/delay-and-sum-v2-platform/zynq_fsbl/zynq_fsbl_bsp/system.mss|system||

TRACE::2026-01-20.16:51:21::SCWMssOS::Sw design exists and opened at  C:/Users/CamLT/AX7010_Work/UltrasonicFPGA2021/delay-and-sum-v2/delay-and-sum-v2-platform/zynq_fsbl/zynq_fsbl_bsp/system.mss
TRACE::2026-01-20.16:51:21::SCWPlatform::Trying to open the hw design at C:/Users/CamLT/AX7010_Work/UltrasonicFPGA2021/delay-and-sum-v2/delay-and-sum-v2-platform/hw/Demodulator_128Ch_wrapper.xsa
TRACE::2026-01-20.16:51:21::SCWPlatform::DSA given C:/Users/CamLT/AX7010_Work/UltrasonicFPGA2021/delay-and-sum-v2/delay-and-sum-v2-platform/hw/Demodulator_128Ch_wrapper.xsa
TRACE::2026-01-20.16:51:21::SCWPlatform::DSA absoulate path C:/Users/CamLT/AX7010_Work/UltrasonicFPGA2021/delay-and-sum-v2/delay-and-sum-v2-platform/hw/Demodulator_128Ch_wrapper.xsa
TRACE::2026-01-20.16:51:21::SCWPlatform::DSA directory C:/Users/CamLT/AX7010_Work/UltrasonicFPGA2021/delay-and-sum-v2/delay-and-sum-v2-platform/hw
TRACE::2026-01-20.16:51:21::SCWPlatform:: Platform Path C:/Users/CamLT/AX7010_Work/UltrasonicFPGA2021/delay-and-sum-v2/delay-and-sum-v2-platform/hw/Demodulator_128Ch_wrapper.xsa
TRACE::2026-01-20.16:51:21::SCWPlatform:: Unique name xilinx:::0.0
TRACE::2026-01-20.16:51:21::SCWPlatform::Trying to set the existing hwdb with name Demodulator_128Ch_wrapper_0
TRACE::2026-01-20.16:51:21::SCWPlatform::Opened existing hwdb Demodulator_128Ch_wrapper_0
TRACE::2026-01-20.16:51:21::SCWPlatform::Found the Hw Db part of the input DSA
TRACE::2026-01-20.16:51:21::SCWMssOS::Checking the sw design at  C:/Users/CamLT/AX7010_Work/UltrasonicFPGA2021/delay-and-sum-v2/delay-and-sum-v2-platform/zynq_fsbl/zynq_fsbl_bsp/system.mss
TRACE::2026-01-20.16:51:21::SCWMssOS::DEBUG:  swdes dump  C:/Users/CamLT/AX7010_Work/UltrasonicFPGA2021/delay-and-sum-v2/delay-and-sum-v2-platform/zynq_fsbl/zynq_fsbl_bsp/system.mss|system||

TRACE::2026-01-20.16:51:21::SCWMssOS::Sw design exists and opened at  C:/Users/CamLT/AX7010_Work/UltrasonicFPGA2021/delay-and-sum-v2/delay-and-sum-v2-platform/zynq_fsbl/zynq_fsbl_bsp/system.mss
TRACE::2026-01-20.16:51:21::SCWPlatform::Trying to open the hw design at C:/Users/CamLT/AX7010_Work/UltrasonicFPGA2021/delay-and-sum-v2/delay-and-sum-v2-platform/hw/Demodulator_128Ch_wrapper.xsa
TRACE::2026-01-20.16:51:21::SCWPlatform::DSA given C:/Users/CamLT/AX7010_Work/UltrasonicFPGA2021/delay-and-sum-v2/delay-and-sum-v2-platform/hw/Demodulator_128Ch_wrapper.xsa
TRACE::2026-01-20.16:51:21::SCWPlatform::DSA absoulate path C:/Users/CamLT/AX7010_Work/UltrasonicFPGA2021/delay-and-sum-v2/delay-and-sum-v2-platform/hw/Demodulator_128Ch_wrapper.xsa
TRACE::2026-01-20.16:51:21::SCWPlatform::DSA directory C:/Users/CamLT/AX7010_Work/UltrasonicFPGA2021/delay-and-sum-v2/delay-and-sum-v2-platform/hw
TRACE::2026-01-20.16:51:21::SCWPlatform:: Platform Path C:/Users/CamLT/AX7010_Work/UltrasonicFPGA2021/delay-and-sum-v2/delay-and-sum-v2-platform/hw/Demodulator_128Ch_wrapper.xsa
TRACE::2026-01-20.16:51:21::SCWPlatform:: Unique name xilinx:::0.0
TRACE::2026-01-20.16:51:21::SCWPlatform::Trying to set the existing hwdb with name Demodulator_128Ch_wrapper_0
TRACE::2026-01-20.16:51:21::SCWPlatform::Opened existing hwdb Demodulator_128Ch_wrapper_0
TRACE::2026-01-20.16:51:21::SCWPlatform::Found the Hw Db part of the input DSA
TRACE::2026-01-20.16:51:21::SCWMssOS::Checking the sw design at  C:/Users/CamLT/AX7010_Work/UltrasonicFPGA2021/delay-and-sum-v2/delay-and-sum-v2-platform/zynq_fsbl/zynq_fsbl_bsp/system.mss
TRACE::2026-01-20.16:51:21::SCWMssOS::DEBUG:  swdes dump  C:/Users/CamLT/AX7010_Work/UltrasonicFPGA2021/delay-and-sum-v2/delay-and-sum-v2-platform/zynq_fsbl/zynq_fsbl_bsp/system.mss|system||

TRACE::2026-01-20.16:51:21::SCWMssOS::Sw design exists and opened at  C:/Users/CamLT/AX7010_Work/UltrasonicFPGA2021/delay-and-sum-v2/delay-and-sum-v2-platform/zynq_fsbl/zynq_fsbl_bsp/system.mss
TRACE::2026-01-20.16:51:21::SCWWriter::formatted JSON is {
	"platformName":	"delay-and-sum-v2-platform",
	"sprVersion":	"2.0",
	"mode":	"gui",
	"dsaType":	"Fixed",
	"platformDesc":	"delay-and-sum-v2-platform",
	"platHandOff":	"C:/Users/CamLT/AX7010_Work/Demodulator_128Ch_wrapper.xsa",
	"platIntHandOff":	"<platformDir>/hw/Demodulator_128Ch_wrapper.xsa",
	"deviceType":	"zynq",
	"platIsPrebuiltAutogen":	"false",
	"platIsNoBootBsp":	"false",
	"platFsblTarget":	"ps7_cortexa9_0",
	"hasFsblMakeHasChanges":	"false",
	"hasPmufwMakeHasChanges":	"false",
	"fsblExtraCompilerFlags":	"-MMD -MP       -mcpu=cortex-a9 -mfpu=vfpv3 -mfloat-abi=hard ",
	"platPreBuiltFlag":	false,
	"platformSamplesDir":	"",
	"platActiveSys":	"delay-and-sum-v2-platform",
	"systems":	[{
			"systemName":	"delay-and-sum-v2-platform",
			"systemDesc":	"delay-and-sum-v2-platform",
			"sysIsBootAutoGen":	"true",
			"systemDispName":	"delay-and-sum-v2-platform",
			"sysActiveDom":	"zynq_fsbl",
			"sysDefaultDom":	"",
			"domains":	[{
					"domainName":	"zynq_fsbl",
					"domainDispName":	"zynq_fsbl",
					"domainDesc":	"FSBL Application BSP - Auto Generated.",
					"processors":	"ps7_cortexa9_0",
					"os":	"standalone",
					"sdxOs":	"standalone",
					"debugEnable":	"",
					"domRuntimes":	["cpp"],
					"swRepo":	"",
					"mssOsVer":	"7.5",
					"mssFile":	"",
					"md5Digest":	"8d3fc67baac38ac96da78567c4cbff96",
					"compatibleApp":	"zynq_fsbl",
					"domType":	"bootDomain",
					"arch":	"32-bit",
					"appSettings":	{
						"appCompilerFlags":	"",
						"appLinkerFlags":	""
					},
					"addedLibs":	["xilffs:4.5", "xilrsa:1.6"],
					"libOptions":	{
						"libsContainingOptions":	[]
					},
					"prebuiltLibs":	{
						"prebuiltIncPath":	[],
						"prebuiltLibPath":	[]
					},
					"isolation":	{
					}
				}]
		}]
}
TRACE::2026-01-20.16:51:21::SCWPlatform::Trying to open the hw design at C:/Users/CamLT/AX7010_Work/UltrasonicFPGA2021/delay-and-sum-v2/delay-and-sum-v2-platform/hw/Demodulator_128Ch_wrapper.xsa
TRACE::2026-01-20.16:51:21::SCWPlatform::DSA given C:/Users/CamLT/AX7010_Work/UltrasonicFPGA2021/delay-and-sum-v2/delay-and-sum-v2-platform/hw/Demodulator_128Ch_wrapper.xsa
TRACE::2026-01-20.16:51:21::SCWPlatform::DSA absoulate path C:/Users/CamLT/AX7010_Work/UltrasonicFPGA2021/delay-and-sum-v2/delay-and-sum-v2-platform/hw/Demodulator_128Ch_wrapper.xsa
TRACE::2026-01-20.16:51:21::SCWPlatform::DSA directory C:/Users/CamLT/AX7010_Work/UltrasonicFPGA2021/delay-and-sum-v2/delay-and-sum-v2-platform/hw
TRACE::2026-01-20.16:51:21::SCWPlatform:: Platform Path C:/Users/CamLT/AX7010_Work/UltrasonicFPGA2021/delay-and-sum-v2/delay-and-sum-v2-platform/hw/Demodulator_128Ch_wrapper.xsa
TRACE::2026-01-20.16:51:21::SCWPlatform:: Unique name xilinx:::0.0
TRACE::2026-01-20.16:51:21::SCWPlatform::Trying to set the existing hwdb with name Demodulator_128Ch_wrapper_0
TRACE::2026-01-20.16:51:21::SCWPlatform::Opened existing hwdb Demodulator_128Ch_wrapper_0
TRACE::2026-01-20.16:51:21::SCWPlatform::Found the Hw Db part of the input DSA
TRACE::2026-01-20.16:51:21::SCWPlatform::Trying to open the hw design at C:/Users/CamLT/AX7010_Work/UltrasonicFPGA2021/delay-and-sum-v2/delay-and-sum-v2-platform/hw/Demodulator_128Ch_wrapper.xsa
TRACE::2026-01-20.16:51:21::SCWPlatform::DSA given C:/Users/CamLT/AX7010_Work/UltrasonicFPGA2021/delay-and-sum-v2/delay-and-sum-v2-platform/hw/Demodulator_128Ch_wrapper.xsa
TRACE::2026-01-20.16:51:21::SCWPlatform::DSA absoulate path C:/Users/CamLT/AX7010_Work/UltrasonicFPGA2021/delay-and-sum-v2/delay-and-sum-v2-platform/hw/Demodulator_128Ch_wrapper.xsa
TRACE::2026-01-20.16:51:21::SCWPlatform::DSA directory C:/Users/CamLT/AX7010_Work/UltrasonicFPGA2021/delay-and-sum-v2/delay-and-sum-v2-platform/hw
TRACE::2026-01-20.16:51:21::SCWPlatform:: Platform Path C:/Users/CamLT/AX7010_Work/UltrasonicFPGA2021/delay-and-sum-v2/delay-and-sum-v2-platform/hw/Demodulator_128Ch_wrapper.xsa
TRACE::2026-01-20.16:51:21::SCWPlatform:: Unique name xilinx:::0.0
TRACE::2026-01-20.16:51:21::SCWPlatform::Trying to set the existing hwdb with name Demodulator_128Ch_wrapper_0
TRACE::2026-01-20.16:51:21::SCWPlatform::Opened existing hwdb Demodulator_128Ch_wrapper_0
TRACE::2026-01-20.16:51:21::SCWPlatform::Found the Hw Db part of the input DSA
TRACE::2026-01-20.16:51:21::SCWDomain::checking for install qemu data   : 
TRACE::2026-01-20.16:51:21::SCWDomain:: Using the QEMU Data from install at  : C:/Xilinx/Vitis/2021.1/data/emulation/platforms/zynq/sw/a9_standalone/qemu/
TRACE::2026-01-20.16:51:21::SCWDomain:: Using the QEMU args  from install at  : C:/Xilinx/Vitis/2021.1/data/emulation/platforms/zynq/sw/a9_standalone/qemu/qemu_args.txt
TRACE::2026-01-20.16:51:21::SCWPlatform::Trying to open the hw design at C:/Users/CamLT/AX7010_Work/UltrasonicFPGA2021/delay-and-sum-v2/delay-and-sum-v2-platform/hw/Demodulator_128Ch_wrapper.xsa
TRACE::2026-01-20.16:51:21::SCWPlatform::DSA given C:/Users/CamLT/AX7010_Work/UltrasonicFPGA2021/delay-and-sum-v2/delay-and-sum-v2-platform/hw/Demodulator_128Ch_wrapper.xsa
TRACE::2026-01-20.16:51:21::SCWPlatform::DSA absoulate path C:/Users/CamLT/AX7010_Work/UltrasonicFPGA2021/delay-and-sum-v2/delay-and-sum-v2-platform/hw/Demodulator_128Ch_wrapper.xsa
TRACE::2026-01-20.16:51:21::SCWPlatform::DSA directory C:/Users/CamLT/AX7010_Work/UltrasonicFPGA2021/delay-and-sum-v2/delay-and-sum-v2-platform/hw
TRACE::2026-01-20.16:51:21::SCWPlatform:: Platform Path C:/Users/CamLT/AX7010_Work/UltrasonicFPGA2021/delay-and-sum-v2/delay-and-sum-v2-platform/hw/Demodulator_128Ch_wrapper.xsa
TRACE::2026-01-20.16:51:21::SCWPlatform:: Unique name xilinx:::0.0
TRACE::2026-01-20.16:51:21::SCWPlatform::Trying to set the existing hwdb with name Demodulator_128Ch_wrapper_0
TRACE::2026-01-20.16:51:21::SCWPlatform::Opened existing hwdb Demodulator_128Ch_wrapper_0
TRACE::2026-01-20.16:51:21::SCWPlatform::Found the Hw Db part of the input DSA
TRACE::2026-01-20.16:51:21::SCWPlatform::Trying to open the hw design at C:/Users/CamLT/AX7010_Work/UltrasonicFPGA2021/delay-and-sum-v2/delay-and-sum-v2-platform/hw/Demodulator_128Ch_wrapper.xsa
TRACE::2026-01-20.16:51:21::SCWPlatform::DSA given C:/Users/CamLT/AX7010_Work/UltrasonicFPGA2021/delay-and-sum-v2/delay-and-sum-v2-platform/hw/Demodulator_128Ch_wrapper.xsa
TRACE::2026-01-20.16:51:21::SCWPlatform::DSA absoulate path C:/Users/CamLT/AX7010_Work/UltrasonicFPGA2021/delay-and-sum-v2/delay-and-sum-v2-platform/hw/Demodulator_128Ch_wrapper.xsa
TRACE::2026-01-20.16:51:21::SCWPlatform::DSA directory C:/Users/CamLT/AX7010_Work/UltrasonicFPGA2021/delay-and-sum-v2/delay-and-sum-v2-platform/hw
TRACE::2026-01-20.16:51:21::SCWPlatform:: Platform Path C:/Users/CamLT/AX7010_Work/UltrasonicFPGA2021/delay-and-sum-v2/delay-and-sum-v2-platform/hw/Demodulator_128Ch_wrapper.xsa
TRACE::2026-01-20.16:51:21::SCWPlatform:: Unique name xilinx:::0.0
TRACE::2026-01-20.16:51:21::SCWPlatform::Trying to set the existing hwdb with name Demodulator_128Ch_wrapper_0
TRACE::2026-01-20.16:51:21::SCWPlatform::Opened existing hwdb Demodulator_128Ch_wrapper_0
TRACE::2026-01-20.16:51:21::SCWPlatform::Found the Hw Db part of the input DSA
TRACE::2026-01-20.16:51:21::SCWPlatform::Trying to open the hw design at C:/Users/CamLT/AX7010_Work/UltrasonicFPGA2021/delay-and-sum-v2/delay-and-sum-v2-platform/hw/Demodulator_128Ch_wrapper.xsa
TRACE::2026-01-20.16:51:21::SCWPlatform::DSA given C:/Users/CamLT/AX7010_Work/UltrasonicFPGA2021/delay-and-sum-v2/delay-and-sum-v2-platform/hw/Demodulator_128Ch_wrapper.xsa
TRACE::2026-01-20.16:51:21::SCWPlatform::DSA absoulate path C:/Users/CamLT/AX7010_Work/UltrasonicFPGA2021/delay-and-sum-v2/delay-and-sum-v2-platform/hw/Demodulator_128Ch_wrapper.xsa
TRACE::2026-01-20.16:51:21::SCWPlatform::DSA directory C:/Users/CamLT/AX7010_Work/UltrasonicFPGA2021/delay-and-sum-v2/delay-and-sum-v2-platform/hw
TRACE::2026-01-20.16:51:21::SCWPlatform:: Platform Path C:/Users/CamLT/AX7010_Work/UltrasonicFPGA2021/delay-and-sum-v2/delay-and-sum-v2-platform/hw/Demodulator_128Ch_wrapper.xsa
TRACE::2026-01-20.16:51:21::SCWPlatform:: Unique name xilinx:::0.0
TRACE::2026-01-20.16:51:21::SCWPlatform::Trying to set the existing hwdb with name Demodulator_128Ch_wrapper_0
TRACE::2026-01-20.16:51:21::SCWPlatform::Opened existing hwdb Demodulator_128Ch_wrapper_0
TRACE::2026-01-20.16:51:21::SCWPlatform::Found the Hw Db part of the input DSA
TRACE::2026-01-20.16:51:21::SCWMssOS::Checking the sw design at  C:/Users/CamLT/AX7010_Work/UltrasonicFPGA2021/delay-and-sum-v2/delay-and-sum-v2-platform/ps7_cortexa9_0/standalone_domain/bsp/system.mss
TRACE::2026-01-20.16:51:21::SCWMssOS::DEBUG:  swdes dump  C:/Users/CamLT/AX7010_Work/UltrasonicFPGA2021/delay-and-sum-v2/delay-and-sum-v2-platform/zynq_fsbl/zynq_fsbl_bsp/system.mss|system||

TRACE::2026-01-20.16:51:21::SCWMssOS::No sw design opened at  C:/Users/CamLT/AX7010_Work/UltrasonicFPGA2021/delay-and-sum-v2/delay-and-sum-v2-platform/ps7_cortexa9_0/standalone_domain/bsp/system.mss
TRACE::2026-01-20.16:51:21::SCWMssOS::mss does not exists at C:/Users/CamLT/AX7010_Work/UltrasonicFPGA2021/delay-and-sum-v2/delay-and-sum-v2-platform/ps7_cortexa9_0/standalone_domain/bsp/system.mss
TRACE::2026-01-20.16:51:21::SCWMssOS::Creating sw design at  C:/Users/CamLT/AX7010_Work/UltrasonicFPGA2021/delay-and-sum-v2/delay-and-sum-v2-platform/ps7_cortexa9_0/standalone_domain/bsp/system.mss
TRACE::2026-01-20.16:51:21::SCWMssOS::Adding the swdes entry, created swdb C:/Users/CamLT/AX7010_Work/UltrasonicFPGA2021/delay-and-sum-v2/delay-and-sum-v2-platform/ps7_cortexa9_0/standalone_domain/bsp/system.mss with des name C:/Users/CamLT/AX7010_Work/UltrasonicFPGA2021/delay-and-sum-v2/delay-and-sum-v2-platform/ps7_cortexa9_0/standalone_domain/bsp/system.mss
TRACE::2026-01-20.16:51:21::SCWMssOS::updating the scw layer changes to swdes at   C:/Users/CamLT/AX7010_Work/UltrasonicFPGA2021/delay-and-sum-v2/delay-and-sum-v2-platform/ps7_cortexa9_0/standalone_domain/bsp/system.mss
TRACE::2026-01-20.16:51:21::SCWMssOS::Writing mss at C:/Users/CamLT/AX7010_Work/UltrasonicFPGA2021/delay-and-sum-v2/delay-and-sum-v2-platform/ps7_cortexa9_0/standalone_domain/bsp/system.mss
TRACE::2026-01-20.16:51:21::SCWMssOS::Completed writing the mss file at C:/Users/CamLT/AX7010_Work/UltrasonicFPGA2021/delay-and-sum-v2/delay-and-sum-v2-platform/ps7_cortexa9_0/standalone_domain/bsp
TRACE::2026-01-20.16:51:21::SCWMssOS::Picking up changes from newly written mss file into SCW Layer. 
TRACE::2026-01-20.16:51:21::SCWMssOS::Updated the changes from newly written mss file into SCW Layer. 
TRACE::2026-01-20.16:51:21::SCWMssOS::Completed writing the mss file at C:/Users/CamLT/AX7010_Work/UltrasonicFPGA2021/delay-and-sum-v2/delay-and-sum-v2-platform/ps7_cortexa9_0/standalone_domain/bsp
TRACE::2026-01-20.16:51:21::SCWMssOS::Forcing BSP Sources regeneration.
TRACE::2026-01-20.16:51:22::SCWMssOS::Saving the mss changes C:/Users/CamLT/AX7010_Work/UltrasonicFPGA2021/delay-and-sum-v2/delay-and-sum-v2-platform/zynq_fsbl/zynq_fsbl_bsp/system.mss
TRACE::2026-01-20.16:51:22::SCWMssOS::Found a swdesign opened with the mssfile.
TRACE::2026-01-20.16:51:22::SCWMssOS::Completed writemss as part of save.
TRACE::2026-01-20.16:51:22::SCWMssOS::Commit changes completed.
TRACE::2026-01-20.16:51:22::SCWMssOS::Saving the mss changes C:/Users/CamLT/AX7010_Work/UltrasonicFPGA2021/delay-and-sum-v2/delay-and-sum-v2-platform/ps7_cortexa9_0/standalone_domain/bsp/system.mss
TRACE::2026-01-20.16:51:22::SCWMssOS::Adding the swdes entry, mss present, able to open swdb C:/Users/CamLT/AX7010_Work/UltrasonicFPGA2021/delay-and-sum-v2/delay-and-sum-v2-platform/ps7_cortexa9_0/standalone_domain/bsp/system.mss with des name system_0
TRACE::2026-01-20.16:51:22::SCWMssOS::Writing the mss file completed C:/Users/CamLT/AX7010_Work/UltrasonicFPGA2021/delay-and-sum-v2/delay-and-sum-v2-platform/ps7_cortexa9_0/standalone_domain/bsp/system.mss
TRACE::2026-01-20.16:51:22::SCWMssOS::Commit changes completed.
TRACE::2026-01-20.16:51:22::SCWPlatform::Trying to open the hw design at C:/Users/CamLT/AX7010_Work/UltrasonicFPGA2021/delay-and-sum-v2/delay-and-sum-v2-platform/hw/Demodulator_128Ch_wrapper.xsa
TRACE::2026-01-20.16:51:22::SCWPlatform::DSA given C:/Users/CamLT/AX7010_Work/UltrasonicFPGA2021/delay-and-sum-v2/delay-and-sum-v2-platform/hw/Demodulator_128Ch_wrapper.xsa
TRACE::2026-01-20.16:51:22::SCWPlatform::DSA absoulate path C:/Users/CamLT/AX7010_Work/UltrasonicFPGA2021/delay-and-sum-v2/delay-and-sum-v2-platform/hw/Demodulator_128Ch_wrapper.xsa
TRACE::2026-01-20.16:51:22::SCWPlatform::DSA directory C:/Users/CamLT/AX7010_Work/UltrasonicFPGA2021/delay-and-sum-v2/delay-and-sum-v2-platform/hw
TRACE::2026-01-20.16:51:22::SCWPlatform:: Platform Path C:/Users/CamLT/AX7010_Work/UltrasonicFPGA2021/delay-and-sum-v2/delay-and-sum-v2-platform/hw/Demodulator_128Ch_wrapper.xsa
TRACE::2026-01-20.16:51:22::SCWPlatform:: Unique name xilinx:::0.0
TRACE::2026-01-20.16:51:22::SCWPlatform::Trying to set the existing hwdb with name Demodulator_128Ch_wrapper_0
TRACE::2026-01-20.16:51:22::SCWPlatform::Opened existing hwdb Demodulator_128Ch_wrapper_0
TRACE::2026-01-20.16:51:22::SCWPlatform::Found the Hw Db part of the input DSA
TRACE::2026-01-20.16:51:22::SCWMssOS::Checking the sw design at  C:/Users/CamLT/AX7010_Work/UltrasonicFPGA2021/delay-and-sum-v2/delay-and-sum-v2-platform/zynq_fsbl/zynq_fsbl_bsp/system.mss
TRACE::2026-01-20.16:51:22::SCWMssOS::DEBUG:  swdes dump  C:/Users/CamLT/AX7010_Work/UltrasonicFPGA2021/delay-and-sum-v2/delay-and-sum-v2-platform/ps7_cortexa9_0/standalone_domain/bsp/system.mss|system_0||
C:/Users/CamLT/AX7010_Work/UltrasonicFPGA2021/delay-and-sum-v2/delay-and-sum-v2-platform/zynq_fsbl/zynq_fsbl_bsp/system.mss|system||

TRACE::2026-01-20.16:51:22::SCWMssOS::Sw design exists and opened at  C:/Users/CamLT/AX7010_Work/UltrasonicFPGA2021/delay-and-sum-v2/delay-and-sum-v2-platform/zynq_fsbl/zynq_fsbl_bsp/system.mss
TRACE::2026-01-20.16:51:22::SCWPlatform::Trying to open the hw design at C:/Users/CamLT/AX7010_Work/UltrasonicFPGA2021/delay-and-sum-v2/delay-and-sum-v2-platform/hw/Demodulator_128Ch_wrapper.xsa
TRACE::2026-01-20.16:51:22::SCWPlatform::DSA given C:/Users/CamLT/AX7010_Work/UltrasonicFPGA2021/delay-and-sum-v2/delay-and-sum-v2-platform/hw/Demodulator_128Ch_wrapper.xsa
TRACE::2026-01-20.16:51:22::SCWPlatform::DSA absoulate path C:/Users/CamLT/AX7010_Work/UltrasonicFPGA2021/delay-and-sum-v2/delay-and-sum-v2-platform/hw/Demodulator_128Ch_wrapper.xsa
TRACE::2026-01-20.16:51:22::SCWPlatform::DSA directory C:/Users/CamLT/AX7010_Work/UltrasonicFPGA2021/delay-and-sum-v2/delay-and-sum-v2-platform/hw
TRACE::2026-01-20.16:51:22::SCWPlatform:: Platform Path C:/Users/CamLT/AX7010_Work/UltrasonicFPGA2021/delay-and-sum-v2/delay-and-sum-v2-platform/hw/Demodulator_128Ch_wrapper.xsa
TRACE::2026-01-20.16:51:22::SCWPlatform:: Unique name xilinx:::0.0
TRACE::2026-01-20.16:51:22::SCWPlatform::Trying to set the existing hwdb with name Demodulator_128Ch_wrapper_0
TRACE::2026-01-20.16:51:22::SCWPlatform::Opened existing hwdb Demodulator_128Ch_wrapper_0
TRACE::2026-01-20.16:51:22::SCWPlatform::Found the Hw Db part of the input DSA
TRACE::2026-01-20.16:51:22::SCWMssOS::Checking the sw design at  C:/Users/CamLT/AX7010_Work/UltrasonicFPGA2021/delay-and-sum-v2/delay-and-sum-v2-platform/zynq_fsbl/zynq_fsbl_bsp/system.mss
TRACE::2026-01-20.16:51:22::SCWMssOS::DEBUG:  swdes dump  C:/Users/CamLT/AX7010_Work/UltrasonicFPGA2021/delay-and-sum-v2/delay-and-sum-v2-platform/ps7_cortexa9_0/standalone_domain/bsp/system.mss|system_0||
C:/Users/CamLT/AX7010_Work/UltrasonicFPGA2021/delay-and-sum-v2/delay-and-sum-v2-platform/zynq_fsbl/zynq_fsbl_bsp/system.mss|system||

TRACE::2026-01-20.16:51:22::SCWMssOS::Sw design exists and opened at  C:/Users/CamLT/AX7010_Work/UltrasonicFPGA2021/delay-and-sum-v2/delay-and-sum-v2-platform/zynq_fsbl/zynq_fsbl_bsp/system.mss
TRACE::2026-01-20.16:51:22::SCWPlatform::Trying to open the hw design at C:/Users/CamLT/AX7010_Work/UltrasonicFPGA2021/delay-and-sum-v2/delay-and-sum-v2-platform/hw/Demodulator_128Ch_wrapper.xsa
TRACE::2026-01-20.16:51:22::SCWPlatform::DSA given C:/Users/CamLT/AX7010_Work/UltrasonicFPGA2021/delay-and-sum-v2/delay-and-sum-v2-platform/hw/Demodulator_128Ch_wrapper.xsa
TRACE::2026-01-20.16:51:22::SCWPlatform::DSA absoulate path C:/Users/CamLT/AX7010_Work/UltrasonicFPGA2021/delay-and-sum-v2/delay-and-sum-v2-platform/hw/Demodulator_128Ch_wrapper.xsa
TRACE::2026-01-20.16:51:22::SCWPlatform::DSA directory C:/Users/CamLT/AX7010_Work/UltrasonicFPGA2021/delay-and-sum-v2/delay-and-sum-v2-platform/hw
TRACE::2026-01-20.16:51:22::SCWPlatform:: Platform Path C:/Users/CamLT/AX7010_Work/UltrasonicFPGA2021/delay-and-sum-v2/delay-and-sum-v2-platform/hw/Demodulator_128Ch_wrapper.xsa
TRACE::2026-01-20.16:51:22::SCWPlatform:: Unique name xilinx:::0.0
TRACE::2026-01-20.16:51:22::SCWPlatform::Trying to set the existing hwdb with name Demodulator_128Ch_wrapper_0
TRACE::2026-01-20.16:51:22::SCWPlatform::Opened existing hwdb Demodulator_128Ch_wrapper_0
TRACE::2026-01-20.16:51:22::SCWPlatform::Found the Hw Db part of the input DSA
TRACE::2026-01-20.16:51:22::SCWMssOS::Checking the sw design at  C:/Users/CamLT/AX7010_Work/UltrasonicFPGA2021/delay-and-sum-v2/delay-and-sum-v2-platform/zynq_fsbl/zynq_fsbl_bsp/system.mss
TRACE::2026-01-20.16:51:22::SCWMssOS::DEBUG:  swdes dump  C:/Users/CamLT/AX7010_Work/UltrasonicFPGA2021/delay-and-sum-v2/delay-and-sum-v2-platform/ps7_cortexa9_0/standalone_domain/bsp/system.mss|system_0||
C:/Users/CamLT/AX7010_Work/UltrasonicFPGA2021/delay-and-sum-v2/delay-and-sum-v2-platform/zynq_fsbl/zynq_fsbl_bsp/system.mss|system||

TRACE::2026-01-20.16:51:22::SCWMssOS::Sw design exists and opened at  C:/Users/CamLT/AX7010_Work/UltrasonicFPGA2021/delay-and-sum-v2/delay-and-sum-v2-platform/zynq_fsbl/zynq_fsbl_bsp/system.mss
TRACE::2026-01-20.16:51:22::SCWPlatform::Trying to open the hw design at C:/Users/CamLT/AX7010_Work/UltrasonicFPGA2021/delay-and-sum-v2/delay-and-sum-v2-platform/hw/Demodulator_128Ch_wrapper.xsa
TRACE::2026-01-20.16:51:22::SCWPlatform::DSA given C:/Users/CamLT/AX7010_Work/UltrasonicFPGA2021/delay-and-sum-v2/delay-and-sum-v2-platform/hw/Demodulator_128Ch_wrapper.xsa
TRACE::2026-01-20.16:51:22::SCWPlatform::DSA absoulate path C:/Users/CamLT/AX7010_Work/UltrasonicFPGA2021/delay-and-sum-v2/delay-and-sum-v2-platform/hw/Demodulator_128Ch_wrapper.xsa
TRACE::2026-01-20.16:51:22::SCWPlatform::DSA directory C:/Users/CamLT/AX7010_Work/UltrasonicFPGA2021/delay-and-sum-v2/delay-and-sum-v2-platform/hw
TRACE::2026-01-20.16:51:22::SCWPlatform:: Platform Path C:/Users/CamLT/AX7010_Work/UltrasonicFPGA2021/delay-and-sum-v2/delay-and-sum-v2-platform/hw/Demodulator_128Ch_wrapper.xsa
TRACE::2026-01-20.16:51:22::SCWPlatform:: Unique name xilinx:::0.0
TRACE::2026-01-20.16:51:22::SCWPlatform::Trying to set the existing hwdb with name Demodulator_128Ch_wrapper_0
TRACE::2026-01-20.16:51:22::SCWPlatform::Opened existing hwdb Demodulator_128Ch_wrapper_0
TRACE::2026-01-20.16:51:22::SCWPlatform::Found the Hw Db part of the input DSA
TRACE::2026-01-20.16:51:22::SCWMssOS::Checking the sw design at  C:/Users/CamLT/AX7010_Work/UltrasonicFPGA2021/delay-and-sum-v2/delay-and-sum-v2-platform/ps7_cortexa9_0/standalone_domain/bsp/system.mss
TRACE::2026-01-20.16:51:22::SCWMssOS::DEBUG:  swdes dump  C:/Users/CamLT/AX7010_Work/UltrasonicFPGA2021/delay-and-sum-v2/delay-and-sum-v2-platform/ps7_cortexa9_0/standalone_domain/bsp/system.mss|system_0||
C:/Users/CamLT/AX7010_Work/UltrasonicFPGA2021/delay-and-sum-v2/delay-and-sum-v2-platform/zynq_fsbl/zynq_fsbl_bsp/system.mss|system||

TRACE::2026-01-20.16:51:22::SCWMssOS::Sw design exists and opened at  C:/Users/CamLT/AX7010_Work/UltrasonicFPGA2021/delay-and-sum-v2/delay-and-sum-v2-platform/ps7_cortexa9_0/standalone_domain/bsp/system.mss
TRACE::2026-01-20.16:51:22::SCWPlatform::Trying to open the hw design at C:/Users/CamLT/AX7010_Work/UltrasonicFPGA2021/delay-and-sum-v2/delay-and-sum-v2-platform/hw/Demodulator_128Ch_wrapper.xsa
TRACE::2026-01-20.16:51:22::SCWPlatform::DSA given C:/Users/CamLT/AX7010_Work/UltrasonicFPGA2021/delay-and-sum-v2/delay-and-sum-v2-platform/hw/Demodulator_128Ch_wrapper.xsa
TRACE::2026-01-20.16:51:22::SCWPlatform::DSA absoulate path C:/Users/CamLT/AX7010_Work/UltrasonicFPGA2021/delay-and-sum-v2/delay-and-sum-v2-platform/hw/Demodulator_128Ch_wrapper.xsa
TRACE::2026-01-20.16:51:22::SCWPlatform::DSA directory C:/Users/CamLT/AX7010_Work/UltrasonicFPGA2021/delay-and-sum-v2/delay-and-sum-v2-platform/hw
TRACE::2026-01-20.16:51:22::SCWPlatform:: Platform Path C:/Users/CamLT/AX7010_Work/UltrasonicFPGA2021/delay-and-sum-v2/delay-and-sum-v2-platform/hw/Demodulator_128Ch_wrapper.xsa
TRACE::2026-01-20.16:51:22::SCWPlatform:: Unique name xilinx:::0.0
TRACE::2026-01-20.16:51:22::SCWPlatform::Trying to set the existing hwdb with name Demodulator_128Ch_wrapper_0
TRACE::2026-01-20.16:51:22::SCWPlatform::Opened existing hwdb Demodulator_128Ch_wrapper_0
TRACE::2026-01-20.16:51:22::SCWPlatform::Found the Hw Db part of the input DSA
TRACE::2026-01-20.16:51:22::SCWMssOS::Checking the sw design at  C:/Users/CamLT/AX7010_Work/UltrasonicFPGA2021/delay-and-sum-v2/delay-and-sum-v2-platform/ps7_cortexa9_0/standalone_domain/bsp/system.mss
TRACE::2026-01-20.16:51:22::SCWMssOS::DEBUG:  swdes dump  C:/Users/CamLT/AX7010_Work/UltrasonicFPGA2021/delay-and-sum-v2/delay-and-sum-v2-platform/ps7_cortexa9_0/standalone_domain/bsp/system.mss|system_0||
C:/Users/CamLT/AX7010_Work/UltrasonicFPGA2021/delay-and-sum-v2/delay-and-sum-v2-platform/zynq_fsbl/zynq_fsbl_bsp/system.mss|system||

TRACE::2026-01-20.16:51:22::SCWMssOS::Sw design exists and opened at  C:/Users/CamLT/AX7010_Work/UltrasonicFPGA2021/delay-and-sum-v2/delay-and-sum-v2-platform/ps7_cortexa9_0/standalone_domain/bsp/system.mss
TRACE::2026-01-20.16:51:22::SCWPlatform::Trying to open the hw design at C:/Users/CamLT/AX7010_Work/UltrasonicFPGA2021/delay-and-sum-v2/delay-and-sum-v2-platform/hw/Demodulator_128Ch_wrapper.xsa
TRACE::2026-01-20.16:51:22::SCWPlatform::DSA given C:/Users/CamLT/AX7010_Work/UltrasonicFPGA2021/delay-and-sum-v2/delay-and-sum-v2-platform/hw/Demodulator_128Ch_wrapper.xsa
TRACE::2026-01-20.16:51:22::SCWPlatform::DSA absoulate path C:/Users/CamLT/AX7010_Work/UltrasonicFPGA2021/delay-and-sum-v2/delay-and-sum-v2-platform/hw/Demodulator_128Ch_wrapper.xsa
TRACE::2026-01-20.16:51:22::SCWPlatform::DSA directory C:/Users/CamLT/AX7010_Work/UltrasonicFPGA2021/delay-and-sum-v2/delay-and-sum-v2-platform/hw
TRACE::2026-01-20.16:51:22::SCWPlatform:: Platform Path C:/Users/CamLT/AX7010_Work/UltrasonicFPGA2021/delay-and-sum-v2/delay-and-sum-v2-platform/hw/Demodulator_128Ch_wrapper.xsa
TRACE::2026-01-20.16:51:22::SCWPlatform:: Unique name xilinx:::0.0
TRACE::2026-01-20.16:51:22::SCWPlatform::Trying to set the existing hwdb with name Demodulator_128Ch_wrapper_0
TRACE::2026-01-20.16:51:22::SCWPlatform::Opened existing hwdb Demodulator_128Ch_wrapper_0
TRACE::2026-01-20.16:51:22::SCWPlatform::Found the Hw Db part of the input DSA
TRACE::2026-01-20.16:51:22::SCWMssOS::Checking the sw design at  C:/Users/CamLT/AX7010_Work/UltrasonicFPGA2021/delay-and-sum-v2/delay-and-sum-v2-platform/ps7_cortexa9_0/standalone_domain/bsp/system.mss
TRACE::2026-01-20.16:51:22::SCWMssOS::DEBUG:  swdes dump  C:/Users/CamLT/AX7010_Work/UltrasonicFPGA2021/delay-and-sum-v2/delay-and-sum-v2-platform/ps7_cortexa9_0/standalone_domain/bsp/system.mss|system_0||
C:/Users/CamLT/AX7010_Work/UltrasonicFPGA2021/delay-and-sum-v2/delay-and-sum-v2-platform/zynq_fsbl/zynq_fsbl_bsp/system.mss|system||

TRACE::2026-01-20.16:51:22::SCWMssOS::Sw design exists and opened at  C:/Users/CamLT/AX7010_Work/UltrasonicFPGA2021/delay-and-sum-v2/delay-and-sum-v2-platform/ps7_cortexa9_0/standalone_domain/bsp/system.mss
TRACE::2026-01-20.16:51:22::SCWWriter::formatted JSON is {
	"platformName":	"delay-and-sum-v2-platform",
	"sprVersion":	"2.0",
	"mode":	"gui",
	"dsaType":	"Fixed",
	"platformDesc":	"delay-and-sum-v2-platform",
	"platHandOff":	"C:/Users/CamLT/AX7010_Work/Demodulator_128Ch_wrapper.xsa",
	"platIntHandOff":	"<platformDir>/hw/Demodulator_128Ch_wrapper.xsa",
	"deviceType":	"zynq",
	"platIsPrebuiltAutogen":	"false",
	"platIsNoBootBsp":	"false",
	"platFsblTarget":	"ps7_cortexa9_0",
	"hasFsblMakeHasChanges":	"false",
	"hasPmufwMakeHasChanges":	"false",
	"fsblExtraCompilerFlags":	"-MMD -MP       -mcpu=cortex-a9 -mfpu=vfpv3 -mfloat-abi=hard ",
	"platPreBuiltFlag":	false,
	"platformSamplesDir":	"",
	"platActiveSys":	"delay-and-sum-v2-platform",
	"systems":	[{
			"systemName":	"delay-and-sum-v2-platform",
			"systemDesc":	"delay-and-sum-v2-platform",
			"sysIsBootAutoGen":	"true",
			"systemDispName":	"delay-and-sum-v2-platform",
			"sysActiveDom":	"standalone_domain",
			"sysDefaultDom":	"standalone_domain",
			"domains":	[{
					"domainName":	"zynq_fsbl",
					"domainDispName":	"zynq_fsbl",
					"domainDesc":	"FSBL Application BSP - Auto Generated.",
					"processors":	"ps7_cortexa9_0",
					"os":	"standalone",
					"sdxOs":	"standalone",
					"debugEnable":	"",
					"domRuntimes":	["cpp"],
					"swRepo":	"",
					"mssOsVer":	"7.5",
					"mssFile":	"",
					"md5Digest":	"8d3fc67baac38ac96da78567c4cbff96",
					"compatibleApp":	"zynq_fsbl",
					"domType":	"bootDomain",
					"arch":	"32-bit",
					"appSettings":	{
						"appCompilerFlags":	"",
						"appLinkerFlags":	""
					},
					"addedLibs":	["xilffs:4.5", "xilrsa:1.6"],
					"libOptions":	{
						"libsContainingOptions":	[]
					},
					"prebuiltLibs":	{
						"prebuiltIncPath":	[],
						"prebuiltLibPath":	[]
					},
					"isolation":	{
					}
				}, {
					"domainName":	"standalone_domain",
					"domainDispName":	"standalone_domain",
					"domainDesc":	"standalone_domain",
					"processors":	"ps7_cortexa9_0",
					"os":	"standalone",
					"sdxOs":	"standalone",
					"qemuArgs":	"C:/Xilinx/Vitis/2021.1/data/emulation/platforms/zynq/sw/a9_standalone/qemu/qemu_args.txt",
					"qemuData":	"C:/Xilinx/Vitis/2021.1/data/emulation/platforms/zynq/sw/a9_standalone/qemu/",
					"debugEnable":	"False",
					"domRuntimes":	["cpp"],
					"swRepo":	"",
					"mssOsVer":	"7.5",
					"mssFile":	"",
					"md5Digest":	"e1314fc24394511c64ca9c8e839a63cb",
					"compatibleApp":	"",
					"domType":	"mssDomain",
					"appSettings":	{
						"appCompilerFlags":	"",
						"appLinkerFlags":	""
					},
					"addedLibs":	[],
					"libOptions":	{
						"libsContainingOptions":	[]
					},
					"prebuiltLibs":	{
						"prebuiltIncPath":	[],
						"prebuiltLibPath":	[]
					},
					"isolation":	{
					}
				}]
		}]
}
LOG::2026-01-20.16:51:22::SCWPlatform::Started generating the artifacts platform delay-and-sum-v2-platform
TRACE::2026-01-20.16:51:22::SCWPlatform::Sanity checking of platform is completed
LOG::2026-01-20.16:51:22::SCWPlatform::Started generating the artifacts for system configuration delay-and-sum-v2-platform
LOG::2026-01-20.16:51:22::SCWSystem::Checking the domain zynq_fsbl
LOG::2026-01-20.16:51:22::SCWSystem::Doing application build for :  zynq_fsbl
TRACE::2026-01-20.16:51:22::SCWBDomain::Not a forced makefile updation, No changes are present. 
TRACE::2026-01-20.16:51:22::SCWDomain::Skipping the build for domain :  zynq_fsbl
LOG::2026-01-20.16:51:22::SCWSystem::Checking the domain standalone_domain
LOG::2026-01-20.16:51:22::SCWSystem::Not a boot domain 
LOG::2026-01-20.16:51:22::SCWSystem::Started Processing the domain standalone_domain
TRACE::2026-01-20.16:51:22::SCWDomain::Generating domain artifcats
TRACE::2026-01-20.16:51:22::SCWMssOS::Generating standalone artifcats
TRACE::2026-01-20.16:51:22::SCWMssOS::Copying the qemu file from  C:/Xilinx/Vitis/2021.1/data/emulation/platforms/zynq/sw/a9_standalone/qemu/qemu_args.txt To C:/Users/CamLT/AX7010_Work/UltrasonicFPGA2021/delay-and-sum-v2/delay-and-sum-v2-platform/export/delay-and-sum-v2-platform/sw/delay-and-sum-v2-platform/qemu/
TRACE::2026-01-20.16:51:22::SCWMssOS::Copying the qemu file from  C:/Xilinx/Vitis/2021.1/data/emulation/platforms/zynq/sw/a9_standalone/qemu/qemu_args.txt To C:/Users/CamLT/AX7010_Work/UltrasonicFPGA2021/delay-and-sum-v2/delay-and-sum-v2-platform/export/delay-and-sum-v2-platform/sw/delay-and-sum-v2-platform/standalone_domain/qemu/
TRACE::2026-01-20.16:51:22::SCWMssOS:: Copying the user libraries. 
TRACE::2026-01-20.16:51:22::SCWPlatform::Trying to open the hw design at C:/Users/CamLT/AX7010_Work/UltrasonicFPGA2021/delay-and-sum-v2/delay-and-sum-v2-platform/hw/Demodulator_128Ch_wrapper.xsa
TRACE::2026-01-20.16:51:22::SCWPlatform::DSA given C:/Users/CamLT/AX7010_Work/UltrasonicFPGA2021/delay-and-sum-v2/delay-and-sum-v2-platform/hw/Demodulator_128Ch_wrapper.xsa
TRACE::2026-01-20.16:51:22::SCWPlatform::DSA absoulate path C:/Users/CamLT/AX7010_Work/UltrasonicFPGA2021/delay-and-sum-v2/delay-and-sum-v2-platform/hw/Demodulator_128Ch_wrapper.xsa
TRACE::2026-01-20.16:51:22::SCWPlatform::DSA directory C:/Users/CamLT/AX7010_Work/UltrasonicFPGA2021/delay-and-sum-v2/delay-and-sum-v2-platform/hw
TRACE::2026-01-20.16:51:22::SCWPlatform:: Platform Path C:/Users/CamLT/AX7010_Work/UltrasonicFPGA2021/delay-and-sum-v2/delay-and-sum-v2-platform/hw/Demodulator_128Ch_wrapper.xsa
TRACE::2026-01-20.16:51:22::SCWPlatform:: Unique name xilinx:::0.0
TRACE::2026-01-20.16:51:22::SCWPlatform::Trying to set the existing hwdb with name Demodulator_128Ch_wrapper_0
TRACE::2026-01-20.16:51:22::SCWPlatform::Opened existing hwdb Demodulator_128Ch_wrapper_0
TRACE::2026-01-20.16:51:22::SCWPlatform::Found the Hw Db part of the input DSA
TRACE::2026-01-20.16:51:22::SCWMssOS::Checking the sw design at  C:/Users/CamLT/AX7010_Work/UltrasonicFPGA2021/delay-and-sum-v2/delay-and-sum-v2-platform/ps7_cortexa9_0/standalone_domain/bsp/system.mss
TRACE::2026-01-20.16:51:22::SCWMssOS::DEBUG:  swdes dump  C:/Users/CamLT/AX7010_Work/UltrasonicFPGA2021/delay-and-sum-v2/delay-and-sum-v2-platform/ps7_cortexa9_0/standalone_domain/bsp/system.mss|system_0||
C:/Users/CamLT/AX7010_Work/UltrasonicFPGA2021/delay-and-sum-v2/delay-and-sum-v2-platform/zynq_fsbl/zynq_fsbl_bsp/system.mss|system||

TRACE::2026-01-20.16:51:22::SCWMssOS::Sw design exists and opened at  C:/Users/CamLT/AX7010_Work/UltrasonicFPGA2021/delay-and-sum-v2/delay-and-sum-v2-platform/ps7_cortexa9_0/standalone_domain/bsp/system.mss
TRACE::2026-01-20.16:51:22::SCWMssOS::Completed writing the mss file at C:/Users/CamLT/AX7010_Work/UltrasonicFPGA2021/delay-and-sum-v2/delay-and-sum-v2-platform/ps7_cortexa9_0/standalone_domain/bsp
TRACE::2026-01-20.16:51:22::SCWMssOS::Mss edits present, copying mssfile into export location C:/Users/CamLT/AX7010_Work/UltrasonicFPGA2021/delay-and-sum-v2/delay-and-sum-v2-platform/ps7_cortexa9_0/standalone_domain/bsp/system.mss
TRACE::2026-01-20.16:51:22::SCWMssOS::bsp generated is upto date with the mss file. Skipping bsp generation.
TRACE::2026-01-20.16:51:22::SCWMssOS::BSP is already built. skipping the bsp build ... 
TRACE::2026-01-20.16:51:22::SCWDomain::Skipping the build for domain :  standalone_domain
TRACE::2026-01-20.16:51:22::SCWMssOS::skipping the bsp build ... 
TRACE::2026-01-20.16:51:22::SCWMssOS::Copying to export directory.
TRACE::2026-01-20.16:51:22::SCWMssOS:: Checking if to create the Supporting Applications
TRACE::2026-01-20.16:51:22::SCWMssOS:: No Linux domain exists, trying to generate FSBL 
TRACE::2026-01-20.16:51:22::SCWMssOS:: Completed Standalone Artifacts creation 
LOG::2026-01-20.16:51:22::SCWSystem::Completed Processing the domain standalone_domain
LOG::2026-01-20.16:51:22::SCWSystem::Completed Processing the sysconfig delay-and-sum-v2-platform
LOG::2026-01-20.16:51:22::SCWPlatform::Completed generating the artifacts for system configuration delay-and-sum-v2-platform
TRACE::2026-01-20.16:51:22::SCWPlatform::Started preparing the platform 
TRACE::2026-01-20.16:51:22::SCWSystem::Writing the bif file for system config delay-and-sum-v2-platform
TRACE::2026-01-20.16:51:22::SCWSystem::dir created 
TRACE::2026-01-20.16:51:22::SCWSystem::Writing the bif 
TRACE::2026-01-20.16:51:22::SCWPlatform::Started writing the spfm file 
TRACE::2026-01-20.16:51:22::SCWPlatform::Started writing the xpfm file 
TRACE::2026-01-20.16:51:22::SCWPlatform::Completed generating the platform
TRACE::2026-01-20.16:51:22::SCWMssOS::Saving the mss changes C:/Users/CamLT/AX7010_Work/UltrasonicFPGA2021/delay-and-sum-v2/delay-and-sum-v2-platform/zynq_fsbl/zynq_fsbl_bsp/system.mss
TRACE::2026-01-20.16:51:22::SCWMssOS::Found a swdesign opened with the mssfile.
TRACE::2026-01-20.16:51:22::SCWMssOS::Completed writemss as part of save.
TRACE::2026-01-20.16:51:22::SCWMssOS::Commit changes completed.
TRACE::2026-01-20.16:51:22::SCWMssOS::Saving the mss changes C:/Users/CamLT/AX7010_Work/UltrasonicFPGA2021/delay-and-sum-v2/delay-and-sum-v2-platform/ps7_cortexa9_0/standalone_domain/bsp/system.mss
TRACE::2026-01-20.16:51:22::SCWMssOS::Found a swdesign opened with the mssfile.
TRACE::2026-01-20.16:51:22::SCWMssOS::Completed writemss as part of save.
TRACE::2026-01-20.16:51:22::SCWMssOS::Commit changes completed.
TRACE::2026-01-20.16:51:22::SCWPlatform::Trying to open the hw design at C:/Users/CamLT/AX7010_Work/UltrasonicFPGA2021/delay-and-sum-v2/delay-and-sum-v2-platform/hw/Demodulator_128Ch_wrapper.xsa
TRACE::2026-01-20.16:51:22::SCWPlatform::DSA given C:/Users/CamLT/AX7010_Work/UltrasonicFPGA2021/delay-and-sum-v2/delay-and-sum-v2-platform/hw/Demodulator_128Ch_wrapper.xsa
TRACE::2026-01-20.16:51:22::SCWPlatform::DSA absoulate path C:/Users/CamLT/AX7010_Work/UltrasonicFPGA2021/delay-and-sum-v2/delay-and-sum-v2-platform/hw/Demodulator_128Ch_wrapper.xsa
TRACE::2026-01-20.16:51:22::SCWPlatform::DSA directory C:/Users/CamLT/AX7010_Work/UltrasonicFPGA2021/delay-and-sum-v2/delay-and-sum-v2-platform/hw
TRACE::2026-01-20.16:51:22::SCWPlatform:: Platform Path C:/Users/CamLT/AX7010_Work/UltrasonicFPGA2021/delay-and-sum-v2/delay-and-sum-v2-platform/hw/Demodulator_128Ch_wrapper.xsa
TRACE::2026-01-20.16:51:22::SCWPlatform:: Unique name xilinx:::0.0
TRACE::2026-01-20.16:51:22::SCWPlatform::Trying to set the existing hwdb with name Demodulator_128Ch_wrapper_0
TRACE::2026-01-20.16:51:22::SCWPlatform::Opened existing hwdb Demodulator_128Ch_wrapper_0
TRACE::2026-01-20.16:51:22::SCWPlatform::Found the Hw Db part of the input DSA
TRACE::2026-01-20.16:51:22::SCWMssOS::Checking the sw design at  C:/Users/CamLT/AX7010_Work/UltrasonicFPGA2021/delay-and-sum-v2/delay-and-sum-v2-platform/zynq_fsbl/zynq_fsbl_bsp/system.mss
TRACE::2026-01-20.16:51:22::SCWMssOS::DEBUG:  swdes dump  C:/Users/CamLT/AX7010_Work/UltrasonicFPGA2021/delay-and-sum-v2/delay-and-sum-v2-platform/ps7_cortexa9_0/standalone_domain/bsp/system.mss|system_0||
C:/Users/CamLT/AX7010_Work/UltrasonicFPGA2021/delay-and-sum-v2/delay-and-sum-v2-platform/zynq_fsbl/zynq_fsbl_bsp/system.mss|system||

TRACE::2026-01-20.16:51:22::SCWMssOS::Sw design exists and opened at  C:/Users/CamLT/AX7010_Work/UltrasonicFPGA2021/delay-and-sum-v2/delay-and-sum-v2-platform/zynq_fsbl/zynq_fsbl_bsp/system.mss
TRACE::2026-01-20.16:51:22::SCWPlatform::Trying to open the hw design at C:/Users/CamLT/AX7010_Work/UltrasonicFPGA2021/delay-and-sum-v2/delay-and-sum-v2-platform/hw/Demodulator_128Ch_wrapper.xsa
TRACE::2026-01-20.16:51:22::SCWPlatform::DSA given C:/Users/CamLT/AX7010_Work/UltrasonicFPGA2021/delay-and-sum-v2/delay-and-sum-v2-platform/hw/Demodulator_128Ch_wrapper.xsa
TRACE::2026-01-20.16:51:22::SCWPlatform::DSA absoulate path C:/Users/CamLT/AX7010_Work/UltrasonicFPGA2021/delay-and-sum-v2/delay-and-sum-v2-platform/hw/Demodulator_128Ch_wrapper.xsa
TRACE::2026-01-20.16:51:22::SCWPlatform::DSA directory C:/Users/CamLT/AX7010_Work/UltrasonicFPGA2021/delay-and-sum-v2/delay-and-sum-v2-platform/hw
TRACE::2026-01-20.16:51:22::SCWPlatform:: Platform Path C:/Users/CamLT/AX7010_Work/UltrasonicFPGA2021/delay-and-sum-v2/delay-and-sum-v2-platform/hw/Demodulator_128Ch_wrapper.xsa
TRACE::2026-01-20.16:51:22::SCWPlatform:: Unique name xilinx:::0.0
TRACE::2026-01-20.16:51:22::SCWPlatform::Trying to set the existing hwdb with name Demodulator_128Ch_wrapper_0
TRACE::2026-01-20.16:51:22::SCWPlatform::Opened existing hwdb Demodulator_128Ch_wrapper_0
TRACE::2026-01-20.16:51:22::SCWPlatform::Found the Hw Db part of the input DSA
TRACE::2026-01-20.16:51:22::SCWMssOS::Checking the sw design at  C:/Users/CamLT/AX7010_Work/UltrasonicFPGA2021/delay-and-sum-v2/delay-and-sum-v2-platform/zynq_fsbl/zynq_fsbl_bsp/system.mss
TRACE::2026-01-20.16:51:22::SCWMssOS::DEBUG:  swdes dump  C:/Users/CamLT/AX7010_Work/UltrasonicFPGA2021/delay-and-sum-v2/delay-and-sum-v2-platform/ps7_cortexa9_0/standalone_domain/bsp/system.mss|system_0||
C:/Users/CamLT/AX7010_Work/UltrasonicFPGA2021/delay-and-sum-v2/delay-and-sum-v2-platform/zynq_fsbl/zynq_fsbl_bsp/system.mss|system||

TRACE::2026-01-20.16:51:22::SCWMssOS::Sw design exists and opened at  C:/Users/CamLT/AX7010_Work/UltrasonicFPGA2021/delay-and-sum-v2/delay-and-sum-v2-platform/zynq_fsbl/zynq_fsbl_bsp/system.mss
TRACE::2026-01-20.16:51:22::SCWPlatform::Trying to open the hw design at C:/Users/CamLT/AX7010_Work/UltrasonicFPGA2021/delay-and-sum-v2/delay-and-sum-v2-platform/hw/Demodulator_128Ch_wrapper.xsa
TRACE::2026-01-20.16:51:22::SCWPlatform::DSA given C:/Users/CamLT/AX7010_Work/UltrasonicFPGA2021/delay-and-sum-v2/delay-and-sum-v2-platform/hw/Demodulator_128Ch_wrapper.xsa
TRACE::2026-01-20.16:51:22::SCWPlatform::DSA absoulate path C:/Users/CamLT/AX7010_Work/UltrasonicFPGA2021/delay-and-sum-v2/delay-and-sum-v2-platform/hw/Demodulator_128Ch_wrapper.xsa
TRACE::2026-01-20.16:51:22::SCWPlatform::DSA directory C:/Users/CamLT/AX7010_Work/UltrasonicFPGA2021/delay-and-sum-v2/delay-and-sum-v2-platform/hw
TRACE::2026-01-20.16:51:22::SCWPlatform:: Platform Path C:/Users/CamLT/AX7010_Work/UltrasonicFPGA2021/delay-and-sum-v2/delay-and-sum-v2-platform/hw/Demodulator_128Ch_wrapper.xsa
TRACE::2026-01-20.16:51:22::SCWPlatform:: Unique name xilinx:::0.0
TRACE::2026-01-20.16:51:22::SCWPlatform::Trying to set the existing hwdb with name Demodulator_128Ch_wrapper_0
TRACE::2026-01-20.16:51:22::SCWPlatform::Opened existing hwdb Demodulator_128Ch_wrapper_0
TRACE::2026-01-20.16:51:22::SCWPlatform::Found the Hw Db part of the input DSA
TRACE::2026-01-20.16:51:22::SCWMssOS::Checking the sw design at  C:/Users/CamLT/AX7010_Work/UltrasonicFPGA2021/delay-and-sum-v2/delay-and-sum-v2-platform/zynq_fsbl/zynq_fsbl_bsp/system.mss
TRACE::2026-01-20.16:51:22::SCWMssOS::DEBUG:  swdes dump  C:/Users/CamLT/AX7010_Work/UltrasonicFPGA2021/delay-and-sum-v2/delay-and-sum-v2-platform/ps7_cortexa9_0/standalone_domain/bsp/system.mss|system_0||
C:/Users/CamLT/AX7010_Work/UltrasonicFPGA2021/delay-and-sum-v2/delay-and-sum-v2-platform/zynq_fsbl/zynq_fsbl_bsp/system.mss|system||

TRACE::2026-01-20.16:51:22::SCWMssOS::Sw design exists and opened at  C:/Users/CamLT/AX7010_Work/UltrasonicFPGA2021/delay-and-sum-v2/delay-and-sum-v2-platform/zynq_fsbl/zynq_fsbl_bsp/system.mss
TRACE::2026-01-20.16:51:22::SCWPlatform::Trying to open the hw design at C:/Users/CamLT/AX7010_Work/UltrasonicFPGA2021/delay-and-sum-v2/delay-and-sum-v2-platform/hw/Demodulator_128Ch_wrapper.xsa
TRACE::2026-01-20.16:51:22::SCWPlatform::DSA given C:/Users/CamLT/AX7010_Work/UltrasonicFPGA2021/delay-and-sum-v2/delay-and-sum-v2-platform/hw/Demodulator_128Ch_wrapper.xsa
TRACE::2026-01-20.16:51:22::SCWPlatform::DSA absoulate path C:/Users/CamLT/AX7010_Work/UltrasonicFPGA2021/delay-and-sum-v2/delay-and-sum-v2-platform/hw/Demodulator_128Ch_wrapper.xsa
TRACE::2026-01-20.16:51:22::SCWPlatform::DSA directory C:/Users/CamLT/AX7010_Work/UltrasonicFPGA2021/delay-and-sum-v2/delay-and-sum-v2-platform/hw
TRACE::2026-01-20.16:51:22::SCWPlatform:: Platform Path C:/Users/CamLT/AX7010_Work/UltrasonicFPGA2021/delay-and-sum-v2/delay-and-sum-v2-platform/hw/Demodulator_128Ch_wrapper.xsa
TRACE::2026-01-20.16:51:22::SCWPlatform:: Unique name xilinx:::0.0
TRACE::2026-01-20.16:51:22::SCWPlatform::Trying to set the existing hwdb with name Demodulator_128Ch_wrapper_0
TRACE::2026-01-20.16:51:22::SCWPlatform::Opened existing hwdb Demodulator_128Ch_wrapper_0
TRACE::2026-01-20.16:51:22::SCWPlatform::Found the Hw Db part of the input DSA
TRACE::2026-01-20.16:51:22::SCWMssOS::Checking the sw design at  C:/Users/CamLT/AX7010_Work/UltrasonicFPGA2021/delay-and-sum-v2/delay-and-sum-v2-platform/ps7_cortexa9_0/standalone_domain/bsp/system.mss
TRACE::2026-01-20.16:51:22::SCWMssOS::DEBUG:  swdes dump  C:/Users/CamLT/AX7010_Work/UltrasonicFPGA2021/delay-and-sum-v2/delay-and-sum-v2-platform/ps7_cortexa9_0/standalone_domain/bsp/system.mss|system_0||
C:/Users/CamLT/AX7010_Work/UltrasonicFPGA2021/delay-and-sum-v2/delay-and-sum-v2-platform/zynq_fsbl/zynq_fsbl_bsp/system.mss|system||

TRACE::2026-01-20.16:51:22::SCWMssOS::Sw design exists and opened at  C:/Users/CamLT/AX7010_Work/UltrasonicFPGA2021/delay-and-sum-v2/delay-and-sum-v2-platform/ps7_cortexa9_0/standalone_domain/bsp/system.mss
TRACE::2026-01-20.16:51:22::SCWPlatform::Trying to open the hw design at C:/Users/CamLT/AX7010_Work/UltrasonicFPGA2021/delay-and-sum-v2/delay-and-sum-v2-platform/hw/Demodulator_128Ch_wrapper.xsa
TRACE::2026-01-20.16:51:22::SCWPlatform::DSA given C:/Users/CamLT/AX7010_Work/UltrasonicFPGA2021/delay-and-sum-v2/delay-and-sum-v2-platform/hw/Demodulator_128Ch_wrapper.xsa
TRACE::2026-01-20.16:51:22::SCWPlatform::DSA absoulate path C:/Users/CamLT/AX7010_Work/UltrasonicFPGA2021/delay-and-sum-v2/delay-and-sum-v2-platform/hw/Demodulator_128Ch_wrapper.xsa
TRACE::2026-01-20.16:51:22::SCWPlatform::DSA directory C:/Users/CamLT/AX7010_Work/UltrasonicFPGA2021/delay-and-sum-v2/delay-and-sum-v2-platform/hw
TRACE::2026-01-20.16:51:22::SCWPlatform:: Platform Path C:/Users/CamLT/AX7010_Work/UltrasonicFPGA2021/delay-and-sum-v2/delay-and-sum-v2-platform/hw/Demodulator_128Ch_wrapper.xsa
TRACE::2026-01-20.16:51:22::SCWPlatform:: Unique name xilinx:::0.0
TRACE::2026-01-20.16:51:22::SCWPlatform::Trying to set the existing hwdb with name Demodulator_128Ch_wrapper_0
TRACE::2026-01-20.16:51:22::SCWPlatform::Opened existing hwdb Demodulator_128Ch_wrapper_0
TRACE::2026-01-20.16:51:22::SCWPlatform::Found the Hw Db part of the input DSA
TRACE::2026-01-20.16:51:22::SCWMssOS::Checking the sw design at  C:/Users/CamLT/AX7010_Work/UltrasonicFPGA2021/delay-and-sum-v2/delay-and-sum-v2-platform/ps7_cortexa9_0/standalone_domain/bsp/system.mss
TRACE::2026-01-20.16:51:22::SCWMssOS::DEBUG:  swdes dump  C:/Users/CamLT/AX7010_Work/UltrasonicFPGA2021/delay-and-sum-v2/delay-and-sum-v2-platform/ps7_cortexa9_0/standalone_domain/bsp/system.mss|system_0||
C:/Users/CamLT/AX7010_Work/UltrasonicFPGA2021/delay-and-sum-v2/delay-and-sum-v2-platform/zynq_fsbl/zynq_fsbl_bsp/system.mss|system||

TRACE::2026-01-20.16:51:22::SCWMssOS::Sw design exists and opened at  C:/Users/CamLT/AX7010_Work/UltrasonicFPGA2021/delay-and-sum-v2/delay-and-sum-v2-platform/ps7_cortexa9_0/standalone_domain/bsp/system.mss
TRACE::2026-01-20.16:51:22::SCWPlatform::Trying to open the hw design at C:/Users/CamLT/AX7010_Work/UltrasonicFPGA2021/delay-and-sum-v2/delay-and-sum-v2-platform/hw/Demodulator_128Ch_wrapper.xsa
TRACE::2026-01-20.16:51:22::SCWPlatform::DSA given C:/Users/CamLT/AX7010_Work/UltrasonicFPGA2021/delay-and-sum-v2/delay-and-sum-v2-platform/hw/Demodulator_128Ch_wrapper.xsa
TRACE::2026-01-20.16:51:22::SCWPlatform::DSA absoulate path C:/Users/CamLT/AX7010_Work/UltrasonicFPGA2021/delay-and-sum-v2/delay-and-sum-v2-platform/hw/Demodulator_128Ch_wrapper.xsa
TRACE::2026-01-20.16:51:22::SCWPlatform::DSA directory C:/Users/CamLT/AX7010_Work/UltrasonicFPGA2021/delay-and-sum-v2/delay-and-sum-v2-platform/hw
TRACE::2026-01-20.16:51:22::SCWPlatform:: Platform Path C:/Users/CamLT/AX7010_Work/UltrasonicFPGA2021/delay-and-sum-v2/delay-and-sum-v2-platform/hw/Demodulator_128Ch_wrapper.xsa
TRACE::2026-01-20.16:51:22::SCWPlatform:: Unique name xilinx:::0.0
TRACE::2026-01-20.16:51:22::SCWPlatform::Trying to set the existing hwdb with name Demodulator_128Ch_wrapper_0
TRACE::2026-01-20.16:51:22::SCWPlatform::Opened existing hwdb Demodulator_128Ch_wrapper_0
TRACE::2026-01-20.16:51:22::SCWPlatform::Found the Hw Db part of the input DSA
TRACE::2026-01-20.16:51:22::SCWMssOS::Checking the sw design at  C:/Users/CamLT/AX7010_Work/UltrasonicFPGA2021/delay-and-sum-v2/delay-and-sum-v2-platform/ps7_cortexa9_0/standalone_domain/bsp/system.mss
TRACE::2026-01-20.16:51:22::SCWMssOS::DEBUG:  swdes dump  C:/Users/CamLT/AX7010_Work/UltrasonicFPGA2021/delay-and-sum-v2/delay-and-sum-v2-platform/ps7_cortexa9_0/standalone_domain/bsp/system.mss|system_0||
C:/Users/CamLT/AX7010_Work/UltrasonicFPGA2021/delay-and-sum-v2/delay-and-sum-v2-platform/zynq_fsbl/zynq_fsbl_bsp/system.mss|system||

TRACE::2026-01-20.16:51:22::SCWMssOS::Sw design exists and opened at  C:/Users/CamLT/AX7010_Work/UltrasonicFPGA2021/delay-and-sum-v2/delay-and-sum-v2-platform/ps7_cortexa9_0/standalone_domain/bsp/system.mss
TRACE::2026-01-20.16:51:22::SCWWriter::formatted JSON is {
	"platformName":	"delay-and-sum-v2-platform",
	"sprVersion":	"2.0",
	"mode":	"gui",
	"dsaType":	"Fixed",
	"platformDesc":	"delay-and-sum-v2-platform",
	"platHandOff":	"C:/Users/CamLT/AX7010_Work/Demodulator_128Ch_wrapper.xsa",
	"platIntHandOff":	"<platformDir>/hw/Demodulator_128Ch_wrapper.xsa",
	"deviceType":	"zynq",
	"platIsPrebuiltAutogen":	"false",
	"platIsNoBootBsp":	"false",
	"platFsblTarget":	"ps7_cortexa9_0",
	"hasFsblMakeHasChanges":	"false",
	"hasPmufwMakeHasChanges":	"false",
	"fsblExtraCompilerFlags":	"-MMD -MP       -mcpu=cortex-a9 -mfpu=vfpv3 -mfloat-abi=hard ",
	"platPreBuiltFlag":	false,
	"platformSamplesDir":	"",
	"platActiveSys":	"delay-and-sum-v2-platform",
	"systems":	[{
			"systemName":	"delay-and-sum-v2-platform",
			"systemDesc":	"delay-and-sum-v2-platform",
			"sysIsBootAutoGen":	"true",
			"systemDispName":	"delay-and-sum-v2-platform",
			"sysActiveDom":	"standalone_domain",
			"sysDefaultDom":	"standalone_domain",
			"domains":	[{
					"domainName":	"zynq_fsbl",
					"domainDispName":	"zynq_fsbl",
					"domainDesc":	"FSBL Application BSP - Auto Generated.",
					"processors":	"ps7_cortexa9_0",
					"os":	"standalone",
					"sdxOs":	"standalone",
					"debugEnable":	"",
					"domRuntimes":	["cpp"],
					"swRepo":	"",
					"mssOsVer":	"7.5",
					"mssFile":	"",
					"md5Digest":	"8d3fc67baac38ac96da78567c4cbff96",
					"compatibleApp":	"zynq_fsbl",
					"domType":	"bootDomain",
					"arch":	"32-bit",
					"appSettings":	{
						"appCompilerFlags":	"",
						"appLinkerFlags":	""
					},
					"addedLibs":	["xilffs:4.5", "xilrsa:1.6"],
					"libOptions":	{
						"libsContainingOptions":	[]
					},
					"prebuiltLibs":	{
						"prebuiltIncPath":	[],
						"prebuiltLibPath":	[]
					},
					"isolation":	{
					}
				}, {
					"domainName":	"standalone_domain",
					"domainDispName":	"standalone_domain",
					"domainDesc":	"standalone_domain",
					"processors":	"ps7_cortexa9_0",
					"os":	"standalone",
					"sdxOs":	"standalone",
					"qemuArgs":	"C:/Xilinx/Vitis/2021.1/data/emulation/platforms/zynq/sw/a9_standalone/qemu/qemu_args.txt",
					"qemuData":	"C:/Xilinx/Vitis/2021.1/data/emulation/platforms/zynq/sw/a9_standalone/qemu/",
					"debugEnable":	"False",
					"domRuntimes":	["cpp"],
					"swRepo":	"",
					"mssOsVer":	"7.5",
					"mssFile":	"",
					"md5Digest":	"e1314fc24394511c64ca9c8e839a63cb",
					"compatibleApp":	"",
					"domType":	"mssDomain",
					"appSettings":	{
						"appCompilerFlags":	"",
						"appLinkerFlags":	""
					},
					"addedLibs":	[],
					"libOptions":	{
						"libsContainingOptions":	[]
					},
					"prebuiltLibs":	{
						"prebuiltIncPath":	[],
						"prebuiltLibPath":	[]
					},
					"isolation":	{
					}
				}]
		}]
}
KEYINFO::2026-01-20.16:51:22::SCWPlatform::updated the xpfm file.
TRACE::2026-01-20.16:51:22::SCWPlatform::Trying to open the hw design at C:/Users/CamLT/AX7010_Work/UltrasonicFPGA2021/delay-and-sum-v2/delay-and-sum-v2-platform/hw/Demodulator_128Ch_wrapper.xsa
TRACE::2026-01-20.16:51:22::SCWPlatform::DSA given C:/Users/CamLT/AX7010_Work/UltrasonicFPGA2021/delay-and-sum-v2/delay-and-sum-v2-platform/hw/Demodulator_128Ch_wrapper.xsa
TRACE::2026-01-20.16:51:22::SCWPlatform::DSA absoulate path C:/Users/CamLT/AX7010_Work/UltrasonicFPGA2021/delay-and-sum-v2/delay-and-sum-v2-platform/hw/Demodulator_128Ch_wrapper.xsa
TRACE::2026-01-20.16:51:22::SCWPlatform::DSA directory C:/Users/CamLT/AX7010_Work/UltrasonicFPGA2021/delay-and-sum-v2/delay-and-sum-v2-platform/hw
TRACE::2026-01-20.16:51:22::SCWPlatform:: Platform Path C:/Users/CamLT/AX7010_Work/UltrasonicFPGA2021/delay-and-sum-v2/delay-and-sum-v2-platform/hw/Demodulator_128Ch_wrapper.xsa
TRACE::2026-01-20.16:51:22::SCWPlatform:: Unique name xilinx:::0.0
TRACE::2026-01-20.16:51:22::SCWPlatform::Trying to set the existing hwdb with name Demodulator_128Ch_wrapper_0
TRACE::2026-01-20.16:51:22::SCWPlatform::Opened existing hwdb Demodulator_128Ch_wrapper_0
TRACE::2026-01-20.16:51:22::SCWPlatform::Found the Hw Db part of the input DSA
TRACE::2026-01-20.16:51:22::SCWMssOS::Checking the sw design at  C:/Users/CamLT/AX7010_Work/UltrasonicFPGA2021/delay-and-sum-v2/delay-and-sum-v2-platform/ps7_cortexa9_0/standalone_domain/bsp/system.mss
TRACE::2026-01-20.16:51:22::SCWMssOS::DEBUG:  swdes dump  C:/Users/CamLT/AX7010_Work/UltrasonicFPGA2021/delay-and-sum-v2/delay-and-sum-v2-platform/ps7_cortexa9_0/standalone_domain/bsp/system.mss|system_0||
C:/Users/CamLT/AX7010_Work/UltrasonicFPGA2021/delay-and-sum-v2/delay-and-sum-v2-platform/zynq_fsbl/zynq_fsbl_bsp/system.mss|system||

TRACE::2026-01-20.16:51:22::SCWMssOS::Sw design exists and opened at  C:/Users/CamLT/AX7010_Work/UltrasonicFPGA2021/delay-and-sum-v2/delay-and-sum-v2-platform/ps7_cortexa9_0/standalone_domain/bsp/system.mss
TRACE::2026-01-20.16:51:22::SCWMssOS::Saving the mss changes C:/Users/CamLT/AX7010_Work/UltrasonicFPGA2021/delay-and-sum-v2/delay-and-sum-v2-platform/zynq_fsbl/zynq_fsbl_bsp/system.mss
TRACE::2026-01-20.16:51:22::SCWMssOS::Found a swdesign opened with the mssfile.
TRACE::2026-01-20.16:51:22::SCWMssOS::Completed writemss as part of save.
TRACE::2026-01-20.16:51:22::SCWMssOS::Commit changes completed.
TRACE::2026-01-20.16:51:22::SCWMssOS::Saving the mss changes C:/Users/CamLT/AX7010_Work/UltrasonicFPGA2021/delay-and-sum-v2/delay-and-sum-v2-platform/ps7_cortexa9_0/standalone_domain/bsp/system.mss
TRACE::2026-01-20.16:51:22::SCWMssOS::Found a swdesign opened with the mssfile.
TRACE::2026-01-20.16:51:22::SCWMssOS::Completed writemss as part of save.
TRACE::2026-01-20.16:51:22::SCWMssOS::Commit changes completed.
TRACE::2026-01-20.16:51:22::SCWPlatform::Trying to open the hw design at C:/Users/CamLT/AX7010_Work/UltrasonicFPGA2021/delay-and-sum-v2/delay-and-sum-v2-platform/hw/Demodulator_128Ch_wrapper.xsa
TRACE::2026-01-20.16:51:22::SCWPlatform::DSA given C:/Users/CamLT/AX7010_Work/UltrasonicFPGA2021/delay-and-sum-v2/delay-and-sum-v2-platform/hw/Demodulator_128Ch_wrapper.xsa
TRACE::2026-01-20.16:51:22::SCWPlatform::DSA absoulate path C:/Users/CamLT/AX7010_Work/UltrasonicFPGA2021/delay-and-sum-v2/delay-and-sum-v2-platform/hw/Demodulator_128Ch_wrapper.xsa
TRACE::2026-01-20.16:51:22::SCWPlatform::DSA directory C:/Users/CamLT/AX7010_Work/UltrasonicFPGA2021/delay-and-sum-v2/delay-and-sum-v2-platform/hw
TRACE::2026-01-20.16:51:22::SCWPlatform:: Platform Path C:/Users/CamLT/AX7010_Work/UltrasonicFPGA2021/delay-and-sum-v2/delay-and-sum-v2-platform/hw/Demodulator_128Ch_wrapper.xsa
TRACE::2026-01-20.16:51:22::SCWPlatform:: Unique name xilinx:::0.0
TRACE::2026-01-20.16:51:22::SCWPlatform::Trying to set the existing hwdb with name Demodulator_128Ch_wrapper_0
TRACE::2026-01-20.16:51:22::SCWPlatform::Opened existing hwdb Demodulator_128Ch_wrapper_0
TRACE::2026-01-20.16:51:22::SCWPlatform::Found the Hw Db part of the input DSA
TRACE::2026-01-20.16:51:22::SCWMssOS::Checking the sw design at  C:/Users/CamLT/AX7010_Work/UltrasonicFPGA2021/delay-and-sum-v2/delay-and-sum-v2-platform/zynq_fsbl/zynq_fsbl_bsp/system.mss
TRACE::2026-01-20.16:51:22::SCWMssOS::DEBUG:  swdes dump  C:/Users/CamLT/AX7010_Work/UltrasonicFPGA2021/delay-and-sum-v2/delay-and-sum-v2-platform/ps7_cortexa9_0/standalone_domain/bsp/system.mss|system_0||
C:/Users/CamLT/AX7010_Work/UltrasonicFPGA2021/delay-and-sum-v2/delay-and-sum-v2-platform/zynq_fsbl/zynq_fsbl_bsp/system.mss|system||

TRACE::2026-01-20.16:51:22::SCWMssOS::Sw design exists and opened at  C:/Users/CamLT/AX7010_Work/UltrasonicFPGA2021/delay-and-sum-v2/delay-and-sum-v2-platform/zynq_fsbl/zynq_fsbl_bsp/system.mss
TRACE::2026-01-20.16:51:22::SCWPlatform::Trying to open the hw design at C:/Users/CamLT/AX7010_Work/UltrasonicFPGA2021/delay-and-sum-v2/delay-and-sum-v2-platform/hw/Demodulator_128Ch_wrapper.xsa
TRACE::2026-01-20.16:51:22::SCWPlatform::DSA given C:/Users/CamLT/AX7010_Work/UltrasonicFPGA2021/delay-and-sum-v2/delay-and-sum-v2-platform/hw/Demodulator_128Ch_wrapper.xsa
TRACE::2026-01-20.16:51:22::SCWPlatform::DSA absoulate path C:/Users/CamLT/AX7010_Work/UltrasonicFPGA2021/delay-and-sum-v2/delay-and-sum-v2-platform/hw/Demodulator_128Ch_wrapper.xsa
TRACE::2026-01-20.16:51:22::SCWPlatform::DSA directory C:/Users/CamLT/AX7010_Work/UltrasonicFPGA2021/delay-and-sum-v2/delay-and-sum-v2-platform/hw
TRACE::2026-01-20.16:51:22::SCWPlatform:: Platform Path C:/Users/CamLT/AX7010_Work/UltrasonicFPGA2021/delay-and-sum-v2/delay-and-sum-v2-platform/hw/Demodulator_128Ch_wrapper.xsa
TRACE::2026-01-20.16:51:22::SCWPlatform:: Unique name xilinx:::0.0
TRACE::2026-01-20.16:51:22::SCWPlatform::Trying to set the existing hwdb with name Demodulator_128Ch_wrapper_0
TRACE::2026-01-20.16:51:22::SCWPlatform::Opened existing hwdb Demodulator_128Ch_wrapper_0
TRACE::2026-01-20.16:51:22::SCWPlatform::Found the Hw Db part of the input DSA
TRACE::2026-01-20.16:51:22::SCWMssOS::Checking the sw design at  C:/Users/CamLT/AX7010_Work/UltrasonicFPGA2021/delay-and-sum-v2/delay-and-sum-v2-platform/zynq_fsbl/zynq_fsbl_bsp/system.mss
TRACE::2026-01-20.16:51:22::SCWMssOS::DEBUG:  swdes dump  C:/Users/CamLT/AX7010_Work/UltrasonicFPGA2021/delay-and-sum-v2/delay-and-sum-v2-platform/ps7_cortexa9_0/standalone_domain/bsp/system.mss|system_0||
C:/Users/CamLT/AX7010_Work/UltrasonicFPGA2021/delay-and-sum-v2/delay-and-sum-v2-platform/zynq_fsbl/zynq_fsbl_bsp/system.mss|system||

TRACE::2026-01-20.16:51:22::SCWMssOS::Sw design exists and opened at  C:/Users/CamLT/AX7010_Work/UltrasonicFPGA2021/delay-and-sum-v2/delay-and-sum-v2-platform/zynq_fsbl/zynq_fsbl_bsp/system.mss
TRACE::2026-01-20.16:51:22::SCWPlatform::Trying to open the hw design at C:/Users/CamLT/AX7010_Work/UltrasonicFPGA2021/delay-and-sum-v2/delay-and-sum-v2-platform/hw/Demodulator_128Ch_wrapper.xsa
TRACE::2026-01-20.16:51:22::SCWPlatform::DSA given C:/Users/CamLT/AX7010_Work/UltrasonicFPGA2021/delay-and-sum-v2/delay-and-sum-v2-platform/hw/Demodulator_128Ch_wrapper.xsa
TRACE::2026-01-20.16:51:22::SCWPlatform::DSA absoulate path C:/Users/CamLT/AX7010_Work/UltrasonicFPGA2021/delay-and-sum-v2/delay-and-sum-v2-platform/hw/Demodulator_128Ch_wrapper.xsa
TRACE::2026-01-20.16:51:22::SCWPlatform::DSA directory C:/Users/CamLT/AX7010_Work/UltrasonicFPGA2021/delay-and-sum-v2/delay-and-sum-v2-platform/hw
TRACE::2026-01-20.16:51:22::SCWPlatform:: Platform Path C:/Users/CamLT/AX7010_Work/UltrasonicFPGA2021/delay-and-sum-v2/delay-and-sum-v2-platform/hw/Demodulator_128Ch_wrapper.xsa
TRACE::2026-01-20.16:51:22::SCWPlatform:: Unique name xilinx:::0.0
TRACE::2026-01-20.16:51:22::SCWPlatform::Trying to set the existing hwdb with name Demodulator_128Ch_wrapper_0
TRACE::2026-01-20.16:51:22::SCWPlatform::Opened existing hwdb Demodulator_128Ch_wrapper_0
TRACE::2026-01-20.16:51:22::SCWPlatform::Found the Hw Db part of the input DSA
TRACE::2026-01-20.16:51:22::SCWMssOS::Checking the sw design at  C:/Users/CamLT/AX7010_Work/UltrasonicFPGA2021/delay-and-sum-v2/delay-and-sum-v2-platform/zynq_fsbl/zynq_fsbl_bsp/system.mss
TRACE::2026-01-20.16:51:22::SCWMssOS::DEBUG:  swdes dump  C:/Users/CamLT/AX7010_Work/UltrasonicFPGA2021/delay-and-sum-v2/delay-and-sum-v2-platform/ps7_cortexa9_0/standalone_domain/bsp/system.mss|system_0||
C:/Users/CamLT/AX7010_Work/UltrasonicFPGA2021/delay-and-sum-v2/delay-and-sum-v2-platform/zynq_fsbl/zynq_fsbl_bsp/system.mss|system||

TRACE::2026-01-20.16:51:22::SCWMssOS::Sw design exists and opened at  C:/Users/CamLT/AX7010_Work/UltrasonicFPGA2021/delay-and-sum-v2/delay-and-sum-v2-platform/zynq_fsbl/zynq_fsbl_bsp/system.mss
TRACE::2026-01-20.16:51:22::SCWPlatform::Trying to open the hw design at C:/Users/CamLT/AX7010_Work/UltrasonicFPGA2021/delay-and-sum-v2/delay-and-sum-v2-platform/hw/Demodulator_128Ch_wrapper.xsa
TRACE::2026-01-20.16:51:22::SCWPlatform::DSA given C:/Users/CamLT/AX7010_Work/UltrasonicFPGA2021/delay-and-sum-v2/delay-and-sum-v2-platform/hw/Demodulator_128Ch_wrapper.xsa
TRACE::2026-01-20.16:51:22::SCWPlatform::DSA absoulate path C:/Users/CamLT/AX7010_Work/UltrasonicFPGA2021/delay-and-sum-v2/delay-and-sum-v2-platform/hw/Demodulator_128Ch_wrapper.xsa
TRACE::2026-01-20.16:51:22::SCWPlatform::DSA directory C:/Users/CamLT/AX7010_Work/UltrasonicFPGA2021/delay-and-sum-v2/delay-and-sum-v2-platform/hw
TRACE::2026-01-20.16:51:22::SCWPlatform:: Platform Path C:/Users/CamLT/AX7010_Work/UltrasonicFPGA2021/delay-and-sum-v2/delay-and-sum-v2-platform/hw/Demodulator_128Ch_wrapper.xsa
TRACE::2026-01-20.16:51:22::SCWPlatform:: Unique name xilinx:::0.0
TRACE::2026-01-20.16:51:22::SCWPlatform::Trying to set the existing hwdb with name Demodulator_128Ch_wrapper_0
TRACE::2026-01-20.16:51:22::SCWPlatform::Opened existing hwdb Demodulator_128Ch_wrapper_0
TRACE::2026-01-20.16:51:22::SCWPlatform::Found the Hw Db part of the input DSA
TRACE::2026-01-20.16:51:22::SCWMssOS::Checking the sw design at  C:/Users/CamLT/AX7010_Work/UltrasonicFPGA2021/delay-and-sum-v2/delay-and-sum-v2-platform/ps7_cortexa9_0/standalone_domain/bsp/system.mss
TRACE::2026-01-20.16:51:22::SCWMssOS::DEBUG:  swdes dump  C:/Users/CamLT/AX7010_Work/UltrasonicFPGA2021/delay-and-sum-v2/delay-and-sum-v2-platform/ps7_cortexa9_0/standalone_domain/bsp/system.mss|system_0||
C:/Users/CamLT/AX7010_Work/UltrasonicFPGA2021/delay-and-sum-v2/delay-and-sum-v2-platform/zynq_fsbl/zynq_fsbl_bsp/system.mss|system||

TRACE::2026-01-20.16:51:22::SCWMssOS::Sw design exists and opened at  C:/Users/CamLT/AX7010_Work/UltrasonicFPGA2021/delay-and-sum-v2/delay-and-sum-v2-platform/ps7_cortexa9_0/standalone_domain/bsp/system.mss
TRACE::2026-01-20.16:51:22::SCWPlatform::Trying to open the hw design at C:/Users/CamLT/AX7010_Work/UltrasonicFPGA2021/delay-and-sum-v2/delay-and-sum-v2-platform/hw/Demodulator_128Ch_wrapper.xsa
TRACE::2026-01-20.16:51:22::SCWPlatform::DSA given C:/Users/CamLT/AX7010_Work/UltrasonicFPGA2021/delay-and-sum-v2/delay-and-sum-v2-platform/hw/Demodulator_128Ch_wrapper.xsa
TRACE::2026-01-20.16:51:22::SCWPlatform::DSA absoulate path C:/Users/CamLT/AX7010_Work/UltrasonicFPGA2021/delay-and-sum-v2/delay-and-sum-v2-platform/hw/Demodulator_128Ch_wrapper.xsa
TRACE::2026-01-20.16:51:22::SCWPlatform::DSA directory C:/Users/CamLT/AX7010_Work/UltrasonicFPGA2021/delay-and-sum-v2/delay-and-sum-v2-platform/hw
TRACE::2026-01-20.16:51:22::SCWPlatform:: Platform Path C:/Users/CamLT/AX7010_Work/UltrasonicFPGA2021/delay-and-sum-v2/delay-and-sum-v2-platform/hw/Demodulator_128Ch_wrapper.xsa
TRACE::2026-01-20.16:51:22::SCWPlatform:: Unique name xilinx:::0.0
TRACE::2026-01-20.16:51:22::SCWPlatform::Trying to set the existing hwdb with name Demodulator_128Ch_wrapper_0
TRACE::2026-01-20.16:51:22::SCWPlatform::Opened existing hwdb Demodulator_128Ch_wrapper_0
TRACE::2026-01-20.16:51:22::SCWPlatform::Found the Hw Db part of the input DSA
TRACE::2026-01-20.16:51:22::SCWMssOS::Checking the sw design at  C:/Users/CamLT/AX7010_Work/UltrasonicFPGA2021/delay-and-sum-v2/delay-and-sum-v2-platform/ps7_cortexa9_0/standalone_domain/bsp/system.mss
TRACE::2026-01-20.16:51:22::SCWMssOS::DEBUG:  swdes dump  C:/Users/CamLT/AX7010_Work/UltrasonicFPGA2021/delay-and-sum-v2/delay-and-sum-v2-platform/ps7_cortexa9_0/standalone_domain/bsp/system.mss|system_0||
C:/Users/CamLT/AX7010_Work/UltrasonicFPGA2021/delay-and-sum-v2/delay-and-sum-v2-platform/zynq_fsbl/zynq_fsbl_bsp/system.mss|system||

TRACE::2026-01-20.16:51:22::SCWMssOS::Sw design exists and opened at  C:/Users/CamLT/AX7010_Work/UltrasonicFPGA2021/delay-and-sum-v2/delay-and-sum-v2-platform/ps7_cortexa9_0/standalone_domain/bsp/system.mss
TRACE::2026-01-20.16:51:22::SCWPlatform::Trying to open the hw design at C:/Users/CamLT/AX7010_Work/UltrasonicFPGA2021/delay-and-sum-v2/delay-and-sum-v2-platform/hw/Demodulator_128Ch_wrapper.xsa
TRACE::2026-01-20.16:51:22::SCWPlatform::DSA given C:/Users/CamLT/AX7010_Work/UltrasonicFPGA2021/delay-and-sum-v2/delay-and-sum-v2-platform/hw/Demodulator_128Ch_wrapper.xsa
TRACE::2026-01-20.16:51:22::SCWPlatform::DSA absoulate path C:/Users/CamLT/AX7010_Work/UltrasonicFPGA2021/delay-and-sum-v2/delay-and-sum-v2-platform/hw/Demodulator_128Ch_wrapper.xsa
TRACE::2026-01-20.16:51:22::SCWPlatform::DSA directory C:/Users/CamLT/AX7010_Work/UltrasonicFPGA2021/delay-and-sum-v2/delay-and-sum-v2-platform/hw
TRACE::2026-01-20.16:51:22::SCWPlatform:: Platform Path C:/Users/CamLT/AX7010_Work/UltrasonicFPGA2021/delay-and-sum-v2/delay-and-sum-v2-platform/hw/Demodulator_128Ch_wrapper.xsa
TRACE::2026-01-20.16:51:22::SCWPlatform:: Unique name xilinx:::0.0
TRACE::2026-01-20.16:51:22::SCWPlatform::Trying to set the existing hwdb with name Demodulator_128Ch_wrapper_0
TRACE::2026-01-20.16:51:22::SCWPlatform::Opened existing hwdb Demodulator_128Ch_wrapper_0
TRACE::2026-01-20.16:51:22::SCWPlatform::Found the Hw Db part of the input DSA
TRACE::2026-01-20.16:51:22::SCWMssOS::Checking the sw design at  C:/Users/CamLT/AX7010_Work/UltrasonicFPGA2021/delay-and-sum-v2/delay-and-sum-v2-platform/ps7_cortexa9_0/standalone_domain/bsp/system.mss
TRACE::2026-01-20.16:51:22::SCWMssOS::DEBUG:  swdes dump  C:/Users/CamLT/AX7010_Work/UltrasonicFPGA2021/delay-and-sum-v2/delay-and-sum-v2-platform/ps7_cortexa9_0/standalone_domain/bsp/system.mss|system_0||
C:/Users/CamLT/AX7010_Work/UltrasonicFPGA2021/delay-and-sum-v2/delay-and-sum-v2-platform/zynq_fsbl/zynq_fsbl_bsp/system.mss|system||

TRACE::2026-01-20.16:51:22::SCWMssOS::Sw design exists and opened at  C:/Users/CamLT/AX7010_Work/UltrasonicFPGA2021/delay-and-sum-v2/delay-and-sum-v2-platform/ps7_cortexa9_0/standalone_domain/bsp/system.mss
TRACE::2026-01-20.16:51:22::SCWWriter::formatted JSON is {
	"platformName":	"delay-and-sum-v2-platform",
	"sprVersion":	"2.0",
	"mode":	"gui",
	"dsaType":	"Fixed",
	"platformDesc":	"delay-and-sum-v2-platform",
	"platHandOff":	"C:/Users/CamLT/AX7010_Work/Demodulator_128Ch_wrapper.xsa",
	"platIntHandOff":	"<platformDir>/hw/Demodulator_128Ch_wrapper.xsa",
	"deviceType":	"zynq",
	"platIsPrebuiltAutogen":	"false",
	"platIsNoBootBsp":	"false",
	"platFsblTarget":	"ps7_cortexa9_0",
	"hasFsblMakeHasChanges":	"false",
	"hasPmufwMakeHasChanges":	"false",
	"fsblExtraCompilerFlags":	"-MMD -MP       -mcpu=cortex-a9 -mfpu=vfpv3 -mfloat-abi=hard ",
	"platPreBuiltFlag":	false,
	"platformSamplesDir":	"",
	"platActiveSys":	"delay-and-sum-v2-platform",
	"systems":	[{
			"systemName":	"delay-and-sum-v2-platform",
			"systemDesc":	"delay-and-sum-v2-platform",
			"sysIsBootAutoGen":	"true",
			"systemDispName":	"delay-and-sum-v2-platform",
			"sysActiveDom":	"standalone_domain",
			"sysDefaultDom":	"standalone_domain",
			"domains":	[{
					"domainName":	"zynq_fsbl",
					"domainDispName":	"zynq_fsbl",
					"domainDesc":	"FSBL Application BSP - Auto Generated.",
					"processors":	"ps7_cortexa9_0",
					"os":	"standalone",
					"sdxOs":	"standalone",
					"debugEnable":	"",
					"domRuntimes":	["cpp"],
					"swRepo":	"",
					"mssOsVer":	"7.5",
					"mssFile":	"",
					"md5Digest":	"8d3fc67baac38ac96da78567c4cbff96",
					"compatibleApp":	"zynq_fsbl",
					"domType":	"bootDomain",
					"arch":	"32-bit",
					"appSettings":	{
						"appCompilerFlags":	"",
						"appLinkerFlags":	""
					},
					"addedLibs":	["xilffs:4.5", "xilrsa:1.6"],
					"libOptions":	{
						"libsContainingOptions":	[]
					},
					"prebuiltLibs":	{
						"prebuiltIncPath":	[],
						"prebuiltLibPath":	[]
					},
					"isolation":	{
					}
				}, {
					"domainName":	"standalone_domain",
					"domainDispName":	"standalone_domain",
					"domainDesc":	"standalone_domain",
					"processors":	"ps7_cortexa9_0",
					"os":	"standalone",
					"sdxOs":	"standalone",
					"qemuArgs":	"C:/Xilinx/Vitis/2021.1/data/emulation/platforms/zynq/sw/a9_standalone/qemu/qemu_args.txt",
					"qemuData":	"C:/Xilinx/Vitis/2021.1/data/emulation/platforms/zynq/sw/a9_standalone/qemu/",
					"debugEnable":	"False",
					"domRuntimes":	["cpp"],
					"swRepo":	"",
					"mssOsVer":	"7.5",
					"mssFile":	"",
					"md5Digest":	"e1314fc24394511c64ca9c8e839a63cb",
					"compatibleApp":	"",
					"domType":	"mssDomain",
					"appSettings":	{
						"appCompilerFlags":	"",
						"appLinkerFlags":	""
					},
					"addedLibs":	[],
					"libOptions":	{
						"libsContainingOptions":	[]
					},
					"prebuiltLibs":	{
						"prebuiltIncPath":	[],
						"prebuiltLibPath":	[]
					},
					"isolation":	{
					}
				}]
		}]
}
TRACE::2026-01-20.16:51:22::SCWPlatform::Trying to open the hw design at C:/Users/CamLT/AX7010_Work/UltrasonicFPGA2021/delay-and-sum-v2/delay-and-sum-v2-platform/hw/Demodulator_128Ch_wrapper.xsa
TRACE::2026-01-20.16:51:22::SCWPlatform::DSA given C:/Users/CamLT/AX7010_Work/UltrasonicFPGA2021/delay-and-sum-v2/delay-and-sum-v2-platform/hw/Demodulator_128Ch_wrapper.xsa
TRACE::2026-01-20.16:51:22::SCWPlatform::DSA absoulate path C:/Users/CamLT/AX7010_Work/UltrasonicFPGA2021/delay-and-sum-v2/delay-and-sum-v2-platform/hw/Demodulator_128Ch_wrapper.xsa
TRACE::2026-01-20.16:51:22::SCWPlatform::DSA directory C:/Users/CamLT/AX7010_Work/UltrasonicFPGA2021/delay-and-sum-v2/delay-and-sum-v2-platform/hw
TRACE::2026-01-20.16:51:22::SCWPlatform:: Platform Path C:/Users/CamLT/AX7010_Work/UltrasonicFPGA2021/delay-and-sum-v2/delay-and-sum-v2-platform/hw/Demodulator_128Ch_wrapper.xsa
TRACE::2026-01-20.16:51:22::SCWPlatform:: Unique name xilinx:::0.0
TRACE::2026-01-20.16:51:22::SCWPlatform::Trying to set the existing hwdb with name Demodulator_128Ch_wrapper_0
TRACE::2026-01-20.16:51:22::SCWPlatform::Opened existing hwdb Demodulator_128Ch_wrapper_0
TRACE::2026-01-20.16:51:22::SCWPlatform::Found the Hw Db part of the input DSA
TRACE::2026-01-20.16:51:22::SCWMssOS::Checking the sw design at  C:/Users/CamLT/AX7010_Work/UltrasonicFPGA2021/delay-and-sum-v2/delay-and-sum-v2-platform/ps7_cortexa9_0/standalone_domain/bsp/system.mss
TRACE::2026-01-20.16:51:22::SCWMssOS::DEBUG:  swdes dump  C:/Users/CamLT/AX7010_Work/UltrasonicFPGA2021/delay-and-sum-v2/delay-and-sum-v2-platform/ps7_cortexa9_0/standalone_domain/bsp/system.mss|system_0||
C:/Users/CamLT/AX7010_Work/UltrasonicFPGA2021/delay-and-sum-v2/delay-and-sum-v2-platform/zynq_fsbl/zynq_fsbl_bsp/system.mss|system||

TRACE::2026-01-20.16:51:22::SCWMssOS::Sw design exists and opened at  C:/Users/CamLT/AX7010_Work/UltrasonicFPGA2021/delay-and-sum-v2/delay-and-sum-v2-platform/ps7_cortexa9_0/standalone_domain/bsp/system.mss
TRACE::2026-01-20.16:51:22::SCWPlatform::Trying to open the hw design at C:/Users/CamLT/AX7010_Work/UltrasonicFPGA2021/delay-and-sum-v2/delay-and-sum-v2-platform/hw/Demodulator_128Ch_wrapper.xsa
TRACE::2026-01-20.16:51:22::SCWPlatform::DSA given C:/Users/CamLT/AX7010_Work/UltrasonicFPGA2021/delay-and-sum-v2/delay-and-sum-v2-platform/hw/Demodulator_128Ch_wrapper.xsa
TRACE::2026-01-20.16:51:22::SCWPlatform::DSA absoulate path C:/Users/CamLT/AX7010_Work/UltrasonicFPGA2021/delay-and-sum-v2/delay-and-sum-v2-platform/hw/Demodulator_128Ch_wrapper.xsa
TRACE::2026-01-20.16:51:22::SCWPlatform::DSA directory C:/Users/CamLT/AX7010_Work/UltrasonicFPGA2021/delay-and-sum-v2/delay-and-sum-v2-platform/hw
TRACE::2026-01-20.16:51:22::SCWPlatform:: Platform Path C:/Users/CamLT/AX7010_Work/UltrasonicFPGA2021/delay-and-sum-v2/delay-and-sum-v2-platform/hw/Demodulator_128Ch_wrapper.xsa
TRACE::2026-01-20.16:51:22::SCWPlatform:: Unique name xilinx:::0.0
TRACE::2026-01-20.16:51:22::SCWPlatform::Trying to set the existing hwdb with name Demodulator_128Ch_wrapper_0
TRACE::2026-01-20.16:51:22::SCWPlatform::Opened existing hwdb Demodulator_128Ch_wrapper_0
TRACE::2026-01-20.16:51:22::SCWPlatform::Found the Hw Db part of the input DSA
TRACE::2026-01-20.16:51:22::SCWMssOS::Checking the sw design at  C:/Users/CamLT/AX7010_Work/UltrasonicFPGA2021/delay-and-sum-v2/delay-and-sum-v2-platform/ps7_cortexa9_0/standalone_domain/bsp/system.mss
TRACE::2026-01-20.16:51:22::SCWMssOS::DEBUG:  swdes dump  C:/Users/CamLT/AX7010_Work/UltrasonicFPGA2021/delay-and-sum-v2/delay-and-sum-v2-platform/ps7_cortexa9_0/standalone_domain/bsp/system.mss|system_0||
C:/Users/CamLT/AX7010_Work/UltrasonicFPGA2021/delay-and-sum-v2/delay-and-sum-v2-platform/zynq_fsbl/zynq_fsbl_bsp/system.mss|system||

TRACE::2026-01-20.16:51:22::SCWMssOS::Sw design exists and opened at  C:/Users/CamLT/AX7010_Work/UltrasonicFPGA2021/delay-and-sum-v2/delay-and-sum-v2-platform/ps7_cortexa9_0/standalone_domain/bsp/system.mss
TRACE::2026-01-20.16:51:22::SCWPlatform::Trying to open the hw design at C:/Users/CamLT/AX7010_Work/UltrasonicFPGA2021/delay-and-sum-v2/delay-and-sum-v2-platform/hw/Demodulator_128Ch_wrapper.xsa
TRACE::2026-01-20.16:51:22::SCWPlatform::DSA given C:/Users/CamLT/AX7010_Work/UltrasonicFPGA2021/delay-and-sum-v2/delay-and-sum-v2-platform/hw/Demodulator_128Ch_wrapper.xsa
TRACE::2026-01-20.16:51:22::SCWPlatform::DSA absoulate path C:/Users/CamLT/AX7010_Work/UltrasonicFPGA2021/delay-and-sum-v2/delay-and-sum-v2-platform/hw/Demodulator_128Ch_wrapper.xsa
TRACE::2026-01-20.16:51:22::SCWPlatform::DSA directory C:/Users/CamLT/AX7010_Work/UltrasonicFPGA2021/delay-and-sum-v2/delay-and-sum-v2-platform/hw
TRACE::2026-01-20.16:51:22::SCWPlatform:: Platform Path C:/Users/CamLT/AX7010_Work/UltrasonicFPGA2021/delay-and-sum-v2/delay-and-sum-v2-platform/hw/Demodulator_128Ch_wrapper.xsa
TRACE::2026-01-20.16:51:22::SCWPlatform:: Unique name xilinx:::0.0
TRACE::2026-01-20.16:51:22::SCWPlatform::Trying to set the existing hwdb with name Demodulator_128Ch_wrapper_0
TRACE::2026-01-20.16:51:22::SCWPlatform::Opened existing hwdb Demodulator_128Ch_wrapper_0
TRACE::2026-01-20.16:51:22::SCWPlatform::Found the Hw Db part of the input DSA
TRACE::2026-01-20.16:51:22::SCWMssOS::Checking the sw design at  C:/Users/CamLT/AX7010_Work/UltrasonicFPGA2021/delay-and-sum-v2/delay-and-sum-v2-platform/ps7_cortexa9_0/standalone_domain/bsp/system.mss
TRACE::2026-01-20.16:51:22::SCWMssOS::DEBUG:  swdes dump  C:/Users/CamLT/AX7010_Work/UltrasonicFPGA2021/delay-and-sum-v2/delay-and-sum-v2-platform/ps7_cortexa9_0/standalone_domain/bsp/system.mss|system_0||
C:/Users/CamLT/AX7010_Work/UltrasonicFPGA2021/delay-and-sum-v2/delay-and-sum-v2-platform/zynq_fsbl/zynq_fsbl_bsp/system.mss|system||

TRACE::2026-01-20.16:51:22::SCWMssOS::Sw design exists and opened at  C:/Users/CamLT/AX7010_Work/UltrasonicFPGA2021/delay-and-sum-v2/delay-and-sum-v2-platform/ps7_cortexa9_0/standalone_domain/bsp/system.mss
TRACE::2026-01-20.16:51:22::SCWMssOS::Saving the mss changes C:/Users/CamLT/AX7010_Work/UltrasonicFPGA2021/delay-and-sum-v2/delay-and-sum-v2-platform/zynq_fsbl/zynq_fsbl_bsp/system.mss
TRACE::2026-01-20.16:51:22::SCWMssOS::Found a swdesign opened with the mssfile.
TRACE::2026-01-20.16:51:22::SCWMssOS::Completed writemss as part of save.
TRACE::2026-01-20.16:51:22::SCWMssOS::Commit changes completed.
TRACE::2026-01-20.16:51:22::SCWMssOS::Saving the mss changes C:/Users/CamLT/AX7010_Work/UltrasonicFPGA2021/delay-and-sum-v2/delay-and-sum-v2-platform/ps7_cortexa9_0/standalone_domain/bsp/system.mss
TRACE::2026-01-20.16:51:22::SCWMssOS::Found a swdesign opened with the mssfile.
TRACE::2026-01-20.16:51:22::SCWMssOS::Completed writemss as part of save.
TRACE::2026-01-20.16:51:22::SCWMssOS::Commit changes completed.
TRACE::2026-01-20.16:51:22::SCWPlatform::Trying to open the hw design at C:/Users/CamLT/AX7010_Work/UltrasonicFPGA2021/delay-and-sum-v2/delay-and-sum-v2-platform/hw/Demodulator_128Ch_wrapper.xsa
TRACE::2026-01-20.16:51:22::SCWPlatform::DSA given C:/Users/CamLT/AX7010_Work/UltrasonicFPGA2021/delay-and-sum-v2/delay-and-sum-v2-platform/hw/Demodulator_128Ch_wrapper.xsa
TRACE::2026-01-20.16:51:22::SCWPlatform::DSA absoulate path C:/Users/CamLT/AX7010_Work/UltrasonicFPGA2021/delay-and-sum-v2/delay-and-sum-v2-platform/hw/Demodulator_128Ch_wrapper.xsa
TRACE::2026-01-20.16:51:22::SCWPlatform::DSA directory C:/Users/CamLT/AX7010_Work/UltrasonicFPGA2021/delay-and-sum-v2/delay-and-sum-v2-platform/hw
TRACE::2026-01-20.16:51:22::SCWPlatform:: Platform Path C:/Users/CamLT/AX7010_Work/UltrasonicFPGA2021/delay-and-sum-v2/delay-and-sum-v2-platform/hw/Demodulator_128Ch_wrapper.xsa
TRACE::2026-01-20.16:51:22::SCWPlatform:: Unique name xilinx:::0.0
TRACE::2026-01-20.16:51:22::SCWPlatform::Trying to set the existing hwdb with name Demodulator_128Ch_wrapper_0
TRACE::2026-01-20.16:51:22::SCWPlatform::Opened existing hwdb Demodulator_128Ch_wrapper_0
TRACE::2026-01-20.16:51:22::SCWPlatform::Found the Hw Db part of the input DSA
TRACE::2026-01-20.16:51:22::SCWMssOS::Checking the sw design at  C:/Users/CamLT/AX7010_Work/UltrasonicFPGA2021/delay-and-sum-v2/delay-and-sum-v2-platform/zynq_fsbl/zynq_fsbl_bsp/system.mss
TRACE::2026-01-20.16:51:22::SCWMssOS::DEBUG:  swdes dump  C:/Users/CamLT/AX7010_Work/UltrasonicFPGA2021/delay-and-sum-v2/delay-and-sum-v2-platform/ps7_cortexa9_0/standalone_domain/bsp/system.mss|system_0||
C:/Users/CamLT/AX7010_Work/UltrasonicFPGA2021/delay-and-sum-v2/delay-and-sum-v2-platform/zynq_fsbl/zynq_fsbl_bsp/system.mss|system||

TRACE::2026-01-20.16:51:22::SCWMssOS::Sw design exists and opened at  C:/Users/CamLT/AX7010_Work/UltrasonicFPGA2021/delay-and-sum-v2/delay-and-sum-v2-platform/zynq_fsbl/zynq_fsbl_bsp/system.mss
TRACE::2026-01-20.16:51:22::SCWPlatform::Trying to open the hw design at C:/Users/CamLT/AX7010_Work/UltrasonicFPGA2021/delay-and-sum-v2/delay-and-sum-v2-platform/hw/Demodulator_128Ch_wrapper.xsa
TRACE::2026-01-20.16:51:22::SCWPlatform::DSA given C:/Users/CamLT/AX7010_Work/UltrasonicFPGA2021/delay-and-sum-v2/delay-and-sum-v2-platform/hw/Demodulator_128Ch_wrapper.xsa
TRACE::2026-01-20.16:51:22::SCWPlatform::DSA absoulate path C:/Users/CamLT/AX7010_Work/UltrasonicFPGA2021/delay-and-sum-v2/delay-and-sum-v2-platform/hw/Demodulator_128Ch_wrapper.xsa
TRACE::2026-01-20.16:51:22::SCWPlatform::DSA directory C:/Users/CamLT/AX7010_Work/UltrasonicFPGA2021/delay-and-sum-v2/delay-and-sum-v2-platform/hw
TRACE::2026-01-20.16:51:22::SCWPlatform:: Platform Path C:/Users/CamLT/AX7010_Work/UltrasonicFPGA2021/delay-and-sum-v2/delay-and-sum-v2-platform/hw/Demodulator_128Ch_wrapper.xsa
TRACE::2026-01-20.16:51:22::SCWPlatform:: Unique name xilinx:::0.0
TRACE::2026-01-20.16:51:22::SCWPlatform::Trying to set the existing hwdb with name Demodulator_128Ch_wrapper_0
TRACE::2026-01-20.16:51:22::SCWPlatform::Opened existing hwdb Demodulator_128Ch_wrapper_0
TRACE::2026-01-20.16:51:22::SCWPlatform::Found the Hw Db part of the input DSA
TRACE::2026-01-20.16:51:22::SCWMssOS::Checking the sw design at  C:/Users/CamLT/AX7010_Work/UltrasonicFPGA2021/delay-and-sum-v2/delay-and-sum-v2-platform/zynq_fsbl/zynq_fsbl_bsp/system.mss
TRACE::2026-01-20.16:51:22::SCWMssOS::DEBUG:  swdes dump  C:/Users/CamLT/AX7010_Work/UltrasonicFPGA2021/delay-and-sum-v2/delay-and-sum-v2-platform/ps7_cortexa9_0/standalone_domain/bsp/system.mss|system_0||
C:/Users/CamLT/AX7010_Work/UltrasonicFPGA2021/delay-and-sum-v2/delay-and-sum-v2-platform/zynq_fsbl/zynq_fsbl_bsp/system.mss|system||

TRACE::2026-01-20.16:51:22::SCWMssOS::Sw design exists and opened at  C:/Users/CamLT/AX7010_Work/UltrasonicFPGA2021/delay-and-sum-v2/delay-and-sum-v2-platform/zynq_fsbl/zynq_fsbl_bsp/system.mss
TRACE::2026-01-20.16:51:22::SCWPlatform::Trying to open the hw design at C:/Users/CamLT/AX7010_Work/UltrasonicFPGA2021/delay-and-sum-v2/delay-and-sum-v2-platform/hw/Demodulator_128Ch_wrapper.xsa
TRACE::2026-01-20.16:51:22::SCWPlatform::DSA given C:/Users/CamLT/AX7010_Work/UltrasonicFPGA2021/delay-and-sum-v2/delay-and-sum-v2-platform/hw/Demodulator_128Ch_wrapper.xsa
TRACE::2026-01-20.16:51:22::SCWPlatform::DSA absoulate path C:/Users/CamLT/AX7010_Work/UltrasonicFPGA2021/delay-and-sum-v2/delay-and-sum-v2-platform/hw/Demodulator_128Ch_wrapper.xsa
TRACE::2026-01-20.16:51:22::SCWPlatform::DSA directory C:/Users/CamLT/AX7010_Work/UltrasonicFPGA2021/delay-and-sum-v2/delay-and-sum-v2-platform/hw
TRACE::2026-01-20.16:51:22::SCWPlatform:: Platform Path C:/Users/CamLT/AX7010_Work/UltrasonicFPGA2021/delay-and-sum-v2/delay-and-sum-v2-platform/hw/Demodulator_128Ch_wrapper.xsa
TRACE::2026-01-20.16:51:22::SCWPlatform:: Unique name xilinx:::0.0
TRACE::2026-01-20.16:51:22::SCWPlatform::Trying to set the existing hwdb with name Demodulator_128Ch_wrapper_0
TRACE::2026-01-20.16:51:22::SCWPlatform::Opened existing hwdb Demodulator_128Ch_wrapper_0
TRACE::2026-01-20.16:51:22::SCWPlatform::Found the Hw Db part of the input DSA
TRACE::2026-01-20.16:51:22::SCWMssOS::Checking the sw design at  C:/Users/CamLT/AX7010_Work/UltrasonicFPGA2021/delay-and-sum-v2/delay-and-sum-v2-platform/zynq_fsbl/zynq_fsbl_bsp/system.mss
TRACE::2026-01-20.16:51:22::SCWMssOS::DEBUG:  swdes dump  C:/Users/CamLT/AX7010_Work/UltrasonicFPGA2021/delay-and-sum-v2/delay-and-sum-v2-platform/ps7_cortexa9_0/standalone_domain/bsp/system.mss|system_0||
C:/Users/CamLT/AX7010_Work/UltrasonicFPGA2021/delay-and-sum-v2/delay-and-sum-v2-platform/zynq_fsbl/zynq_fsbl_bsp/system.mss|system||

TRACE::2026-01-20.16:51:22::SCWMssOS::Sw design exists and opened at  C:/Users/CamLT/AX7010_Work/UltrasonicFPGA2021/delay-and-sum-v2/delay-and-sum-v2-platform/zynq_fsbl/zynq_fsbl_bsp/system.mss
TRACE::2026-01-20.16:51:22::SCWPlatform::Trying to open the hw design at C:/Users/CamLT/AX7010_Work/UltrasonicFPGA2021/delay-and-sum-v2/delay-and-sum-v2-platform/hw/Demodulator_128Ch_wrapper.xsa
TRACE::2026-01-20.16:51:22::SCWPlatform::DSA given C:/Users/CamLT/AX7010_Work/UltrasonicFPGA2021/delay-and-sum-v2/delay-and-sum-v2-platform/hw/Demodulator_128Ch_wrapper.xsa
TRACE::2026-01-20.16:51:22::SCWPlatform::DSA absoulate path C:/Users/CamLT/AX7010_Work/UltrasonicFPGA2021/delay-and-sum-v2/delay-and-sum-v2-platform/hw/Demodulator_128Ch_wrapper.xsa
TRACE::2026-01-20.16:51:22::SCWPlatform::DSA directory C:/Users/CamLT/AX7010_Work/UltrasonicFPGA2021/delay-and-sum-v2/delay-and-sum-v2-platform/hw
TRACE::2026-01-20.16:51:22::SCWPlatform:: Platform Path C:/Users/CamLT/AX7010_Work/UltrasonicFPGA2021/delay-and-sum-v2/delay-and-sum-v2-platform/hw/Demodulator_128Ch_wrapper.xsa
TRACE::2026-01-20.16:51:22::SCWPlatform:: Unique name xilinx:::0.0
TRACE::2026-01-20.16:51:22::SCWPlatform::Trying to set the existing hwdb with name Demodulator_128Ch_wrapper_0
TRACE::2026-01-20.16:51:22::SCWPlatform::Opened existing hwdb Demodulator_128Ch_wrapper_0
TRACE::2026-01-20.16:51:22::SCWPlatform::Found the Hw Db part of the input DSA
TRACE::2026-01-20.16:51:22::SCWMssOS::Checking the sw design at  C:/Users/CamLT/AX7010_Work/UltrasonicFPGA2021/delay-and-sum-v2/delay-and-sum-v2-platform/ps7_cortexa9_0/standalone_domain/bsp/system.mss
TRACE::2026-01-20.16:51:22::SCWMssOS::DEBUG:  swdes dump  C:/Users/CamLT/AX7010_Work/UltrasonicFPGA2021/delay-and-sum-v2/delay-and-sum-v2-platform/ps7_cortexa9_0/standalone_domain/bsp/system.mss|system_0||
C:/Users/CamLT/AX7010_Work/UltrasonicFPGA2021/delay-and-sum-v2/delay-and-sum-v2-platform/zynq_fsbl/zynq_fsbl_bsp/system.mss|system||

TRACE::2026-01-20.16:51:22::SCWMssOS::Sw design exists and opened at  C:/Users/CamLT/AX7010_Work/UltrasonicFPGA2021/delay-and-sum-v2/delay-and-sum-v2-platform/ps7_cortexa9_0/standalone_domain/bsp/system.mss
TRACE::2026-01-20.16:51:22::SCWPlatform::Trying to open the hw design at C:/Users/CamLT/AX7010_Work/UltrasonicFPGA2021/delay-and-sum-v2/delay-and-sum-v2-platform/hw/Demodulator_128Ch_wrapper.xsa
TRACE::2026-01-20.16:51:22::SCWPlatform::DSA given C:/Users/CamLT/AX7010_Work/UltrasonicFPGA2021/delay-and-sum-v2/delay-and-sum-v2-platform/hw/Demodulator_128Ch_wrapper.xsa
TRACE::2026-01-20.16:51:22::SCWPlatform::DSA absoulate path C:/Users/CamLT/AX7010_Work/UltrasonicFPGA2021/delay-and-sum-v2/delay-and-sum-v2-platform/hw/Demodulator_128Ch_wrapper.xsa
TRACE::2026-01-20.16:51:22::SCWPlatform::DSA directory C:/Users/CamLT/AX7010_Work/UltrasonicFPGA2021/delay-and-sum-v2/delay-and-sum-v2-platform/hw
TRACE::2026-01-20.16:51:22::SCWPlatform:: Platform Path C:/Users/CamLT/AX7010_Work/UltrasonicFPGA2021/delay-and-sum-v2/delay-and-sum-v2-platform/hw/Demodulator_128Ch_wrapper.xsa
TRACE::2026-01-20.16:51:22::SCWPlatform:: Unique name xilinx:::0.0
TRACE::2026-01-20.16:51:22::SCWPlatform::Trying to set the existing hwdb with name Demodulator_128Ch_wrapper_0
TRACE::2026-01-20.16:51:22::SCWPlatform::Opened existing hwdb Demodulator_128Ch_wrapper_0
TRACE::2026-01-20.16:51:22::SCWPlatform::Found the Hw Db part of the input DSA
TRACE::2026-01-20.16:51:22::SCWMssOS::Checking the sw design at  C:/Users/CamLT/AX7010_Work/UltrasonicFPGA2021/delay-and-sum-v2/delay-and-sum-v2-platform/ps7_cortexa9_0/standalone_domain/bsp/system.mss
TRACE::2026-01-20.16:51:22::SCWMssOS::DEBUG:  swdes dump  C:/Users/CamLT/AX7010_Work/UltrasonicFPGA2021/delay-and-sum-v2/delay-and-sum-v2-platform/ps7_cortexa9_0/standalone_domain/bsp/system.mss|system_0||
C:/Users/CamLT/AX7010_Work/UltrasonicFPGA2021/delay-and-sum-v2/delay-and-sum-v2-platform/zynq_fsbl/zynq_fsbl_bsp/system.mss|system||

TRACE::2026-01-20.16:51:22::SCWMssOS::Sw design exists and opened at  C:/Users/CamLT/AX7010_Work/UltrasonicFPGA2021/delay-and-sum-v2/delay-and-sum-v2-platform/ps7_cortexa9_0/standalone_domain/bsp/system.mss
TRACE::2026-01-20.16:51:22::SCWPlatform::Trying to open the hw design at C:/Users/CamLT/AX7010_Work/UltrasonicFPGA2021/delay-and-sum-v2/delay-and-sum-v2-platform/hw/Demodulator_128Ch_wrapper.xsa
TRACE::2026-01-20.16:51:22::SCWPlatform::DSA given C:/Users/CamLT/AX7010_Work/UltrasonicFPGA2021/delay-and-sum-v2/delay-and-sum-v2-platform/hw/Demodulator_128Ch_wrapper.xsa
TRACE::2026-01-20.16:51:22::SCWPlatform::DSA absoulate path C:/Users/CamLT/AX7010_Work/UltrasonicFPGA2021/delay-and-sum-v2/delay-and-sum-v2-platform/hw/Demodulator_128Ch_wrapper.xsa
TRACE::2026-01-20.16:51:22::SCWPlatform::DSA directory C:/Users/CamLT/AX7010_Work/UltrasonicFPGA2021/delay-and-sum-v2/delay-and-sum-v2-platform/hw
TRACE::2026-01-20.16:51:22::SCWPlatform:: Platform Path C:/Users/CamLT/AX7010_Work/UltrasonicFPGA2021/delay-and-sum-v2/delay-and-sum-v2-platform/hw/Demodulator_128Ch_wrapper.xsa
TRACE::2026-01-20.16:51:22::SCWPlatform:: Unique name xilinx:::0.0
TRACE::2026-01-20.16:51:22::SCWPlatform::Trying to set the existing hwdb with name Demodulator_128Ch_wrapper_0
TRACE::2026-01-20.16:51:22::SCWPlatform::Opened existing hwdb Demodulator_128Ch_wrapper_0
TRACE::2026-01-20.16:51:22::SCWPlatform::Found the Hw Db part of the input DSA
TRACE::2026-01-20.16:51:22::SCWMssOS::Checking the sw design at  C:/Users/CamLT/AX7010_Work/UltrasonicFPGA2021/delay-and-sum-v2/delay-and-sum-v2-platform/ps7_cortexa9_0/standalone_domain/bsp/system.mss
TRACE::2026-01-20.16:51:22::SCWMssOS::DEBUG:  swdes dump  C:/Users/CamLT/AX7010_Work/UltrasonicFPGA2021/delay-and-sum-v2/delay-and-sum-v2-platform/ps7_cortexa9_0/standalone_domain/bsp/system.mss|system_0||
C:/Users/CamLT/AX7010_Work/UltrasonicFPGA2021/delay-and-sum-v2/delay-and-sum-v2-platform/zynq_fsbl/zynq_fsbl_bsp/system.mss|system||

TRACE::2026-01-20.16:51:22::SCWMssOS::Sw design exists and opened at  C:/Users/CamLT/AX7010_Work/UltrasonicFPGA2021/delay-and-sum-v2/delay-and-sum-v2-platform/ps7_cortexa9_0/standalone_domain/bsp/system.mss
TRACE::2026-01-20.16:51:22::SCWWriter::formatted JSON is {
	"platformName":	"delay-and-sum-v2-platform",
	"sprVersion":	"2.0",
	"mode":	"gui",
	"dsaType":	"Fixed",
	"platformDesc":	"delay-and-sum-v2-platform",
	"platHandOff":	"C:/Users/CamLT/AX7010_Work/Demodulator_128Ch_wrapper.xsa",
	"platIntHandOff":	"<platformDir>/hw/Demodulator_128Ch_wrapper.xsa",
	"deviceType":	"zynq",
	"platIsPrebuiltAutogen":	"false",
	"platIsNoBootBsp":	"false",
	"platFsblTarget":	"ps7_cortexa9_0",
	"hasFsblMakeHasChanges":	"false",
	"hasPmufwMakeHasChanges":	"false",
	"fsblExtraCompilerFlags":	"-MMD -MP       -mcpu=cortex-a9 -mfpu=vfpv3 -mfloat-abi=hard ",
	"platPreBuiltFlag":	false,
	"platformSamplesDir":	"",
	"platActiveSys":	"delay-and-sum-v2-platform",
	"systems":	[{
			"systemName":	"delay-and-sum-v2-platform",
			"systemDesc":	"delay-and-sum-v2-platform",
			"sysIsBootAutoGen":	"true",
			"systemDispName":	"delay-and-sum-v2-platform",
			"sysActiveDom":	"standalone_domain",
			"sysDefaultDom":	"standalone_domain",
			"domains":	[{
					"domainName":	"zynq_fsbl",
					"domainDispName":	"zynq_fsbl",
					"domainDesc":	"FSBL Application BSP - Auto Generated.",
					"processors":	"ps7_cortexa9_0",
					"os":	"standalone",
					"sdxOs":	"standalone",
					"debugEnable":	"",
					"domRuntimes":	["cpp"],
					"swRepo":	"",
					"mssOsVer":	"7.5",
					"mssFile":	"",
					"md5Digest":	"8d3fc67baac38ac96da78567c4cbff96",
					"compatibleApp":	"zynq_fsbl",
					"domType":	"bootDomain",
					"arch":	"32-bit",
					"appSettings":	{
						"appCompilerFlags":	"",
						"appLinkerFlags":	""
					},
					"addedLibs":	["xilffs:4.5", "xilrsa:1.6"],
					"libOptions":	{
						"libsContainingOptions":	[]
					},
					"prebuiltLibs":	{
						"prebuiltIncPath":	[],
						"prebuiltLibPath":	[]
					},
					"isolation":	{
					}
				}, {
					"domainName":	"standalone_domain",
					"domainDispName":	"standalone on ps7_cortexa9_0",
					"domainDesc":	"standalone_domain",
					"processors":	"ps7_cortexa9_0",
					"os":	"standalone",
					"sdxOs":	"standalone",
					"qemuArgs":	"C:/Xilinx/Vitis/2021.1/data/emulation/platforms/zynq/sw/a9_standalone/qemu/qemu_args.txt",
					"qemuData":	"C:/Xilinx/Vitis/2021.1/data/emulation/platforms/zynq/sw/a9_standalone/qemu/",
					"debugEnable":	"False",
					"domRuntimes":	["cpp"],
					"swRepo":	"",
					"mssOsVer":	"7.5",
					"mssFile":	"",
					"md5Digest":	"e1314fc24394511c64ca9c8e839a63cb",
					"compatibleApp":	"",
					"domType":	"mssDomain",
					"appSettings":	{
						"appCompilerFlags":	"",
						"appLinkerFlags":	""
					},
					"addedLibs":	[],
					"libOptions":	{
						"libsContainingOptions":	[]
					},
					"prebuiltLibs":	{
						"prebuiltIncPath":	[],
						"prebuiltLibPath":	[]
					},
					"isolation":	{
					}
				}]
		}]
}
TRACE::2026-01-20.16:51:22::SCWMssOS::Saving the mss changes C:/Users/CamLT/AX7010_Work/UltrasonicFPGA2021/delay-and-sum-v2/delay-and-sum-v2-platform/zynq_fsbl/zynq_fsbl_bsp/system.mss
TRACE::2026-01-20.16:51:22::SCWMssOS::Found a swdesign opened with the mssfile.
TRACE::2026-01-20.16:51:22::SCWMssOS::Completed writemss as part of save.
TRACE::2026-01-20.16:51:22::SCWMssOS::Commit changes completed.
TRACE::2026-01-20.16:51:22::SCWMssOS::Saving the mss changes C:/Users/CamLT/AX7010_Work/UltrasonicFPGA2021/delay-and-sum-v2/delay-and-sum-v2-platform/ps7_cortexa9_0/standalone_domain/bsp/system.mss
TRACE::2026-01-20.16:51:22::SCWMssOS::Found a swdesign opened with the mssfile.
TRACE::2026-01-20.16:51:22::SCWMssOS::Completed writemss as part of save.
TRACE::2026-01-20.16:51:22::SCWMssOS::Commit changes completed.
TRACE::2026-01-20.16:51:22::SCWPlatform::Trying to open the hw design at C:/Users/CamLT/AX7010_Work/UltrasonicFPGA2021/delay-and-sum-v2/delay-and-sum-v2-platform/hw/Demodulator_128Ch_wrapper.xsa
TRACE::2026-01-20.16:51:22::SCWPlatform::DSA given C:/Users/CamLT/AX7010_Work/UltrasonicFPGA2021/delay-and-sum-v2/delay-and-sum-v2-platform/hw/Demodulator_128Ch_wrapper.xsa
TRACE::2026-01-20.16:51:22::SCWPlatform::DSA absoulate path C:/Users/CamLT/AX7010_Work/UltrasonicFPGA2021/delay-and-sum-v2/delay-and-sum-v2-platform/hw/Demodulator_128Ch_wrapper.xsa
TRACE::2026-01-20.16:51:22::SCWPlatform::DSA directory C:/Users/CamLT/AX7010_Work/UltrasonicFPGA2021/delay-and-sum-v2/delay-and-sum-v2-platform/hw
TRACE::2026-01-20.16:51:22::SCWPlatform:: Platform Path C:/Users/CamLT/AX7010_Work/UltrasonicFPGA2021/delay-and-sum-v2/delay-and-sum-v2-platform/hw/Demodulator_128Ch_wrapper.xsa
TRACE::2026-01-20.16:51:22::SCWPlatform:: Unique name xilinx:::0.0
TRACE::2026-01-20.16:51:22::SCWPlatform::Trying to set the existing hwdb with name Demodulator_128Ch_wrapper_0
TRACE::2026-01-20.16:51:22::SCWPlatform::Opened existing hwdb Demodulator_128Ch_wrapper_0
TRACE::2026-01-20.16:51:22::SCWPlatform::Found the Hw Db part of the input DSA
TRACE::2026-01-20.16:51:22::SCWMssOS::Checking the sw design at  C:/Users/CamLT/AX7010_Work/UltrasonicFPGA2021/delay-and-sum-v2/delay-and-sum-v2-platform/zynq_fsbl/zynq_fsbl_bsp/system.mss
TRACE::2026-01-20.16:51:22::SCWMssOS::DEBUG:  swdes dump  C:/Users/CamLT/AX7010_Work/UltrasonicFPGA2021/delay-and-sum-v2/delay-and-sum-v2-platform/ps7_cortexa9_0/standalone_domain/bsp/system.mss|system_0||
C:/Users/CamLT/AX7010_Work/UltrasonicFPGA2021/delay-and-sum-v2/delay-and-sum-v2-platform/zynq_fsbl/zynq_fsbl_bsp/system.mss|system||

TRACE::2026-01-20.16:51:22::SCWMssOS::Sw design exists and opened at  C:/Users/CamLT/AX7010_Work/UltrasonicFPGA2021/delay-and-sum-v2/delay-and-sum-v2-platform/zynq_fsbl/zynq_fsbl_bsp/system.mss
TRACE::2026-01-20.16:51:22::SCWPlatform::Trying to open the hw design at C:/Users/CamLT/AX7010_Work/UltrasonicFPGA2021/delay-and-sum-v2/delay-and-sum-v2-platform/hw/Demodulator_128Ch_wrapper.xsa
TRACE::2026-01-20.16:51:22::SCWPlatform::DSA given C:/Users/CamLT/AX7010_Work/UltrasonicFPGA2021/delay-and-sum-v2/delay-and-sum-v2-platform/hw/Demodulator_128Ch_wrapper.xsa
TRACE::2026-01-20.16:51:22::SCWPlatform::DSA absoulate path C:/Users/CamLT/AX7010_Work/UltrasonicFPGA2021/delay-and-sum-v2/delay-and-sum-v2-platform/hw/Demodulator_128Ch_wrapper.xsa
TRACE::2026-01-20.16:51:22::SCWPlatform::DSA directory C:/Users/CamLT/AX7010_Work/UltrasonicFPGA2021/delay-and-sum-v2/delay-and-sum-v2-platform/hw
TRACE::2026-01-20.16:51:22::SCWPlatform:: Platform Path C:/Users/CamLT/AX7010_Work/UltrasonicFPGA2021/delay-and-sum-v2/delay-and-sum-v2-platform/hw/Demodulator_128Ch_wrapper.xsa
TRACE::2026-01-20.16:51:22::SCWPlatform:: Unique name xilinx:::0.0
TRACE::2026-01-20.16:51:22::SCWPlatform::Trying to set the existing hwdb with name Demodulator_128Ch_wrapper_0
TRACE::2026-01-20.16:51:22::SCWPlatform::Opened existing hwdb Demodulator_128Ch_wrapper_0
TRACE::2026-01-20.16:51:22::SCWPlatform::Found the Hw Db part of the input DSA
TRACE::2026-01-20.16:51:22::SCWMssOS::Checking the sw design at  C:/Users/CamLT/AX7010_Work/UltrasonicFPGA2021/delay-and-sum-v2/delay-and-sum-v2-platform/zynq_fsbl/zynq_fsbl_bsp/system.mss
TRACE::2026-01-20.16:51:22::SCWMssOS::DEBUG:  swdes dump  C:/Users/CamLT/AX7010_Work/UltrasonicFPGA2021/delay-and-sum-v2/delay-and-sum-v2-platform/ps7_cortexa9_0/standalone_domain/bsp/system.mss|system_0||
C:/Users/CamLT/AX7010_Work/UltrasonicFPGA2021/delay-and-sum-v2/delay-and-sum-v2-platform/zynq_fsbl/zynq_fsbl_bsp/system.mss|system||

TRACE::2026-01-20.16:51:22::SCWMssOS::Sw design exists and opened at  C:/Users/CamLT/AX7010_Work/UltrasonicFPGA2021/delay-and-sum-v2/delay-and-sum-v2-platform/zynq_fsbl/zynq_fsbl_bsp/system.mss
TRACE::2026-01-20.16:51:22::SCWPlatform::Trying to open the hw design at C:/Users/CamLT/AX7010_Work/UltrasonicFPGA2021/delay-and-sum-v2/delay-and-sum-v2-platform/hw/Demodulator_128Ch_wrapper.xsa
TRACE::2026-01-20.16:51:22::SCWPlatform::DSA given C:/Users/CamLT/AX7010_Work/UltrasonicFPGA2021/delay-and-sum-v2/delay-and-sum-v2-platform/hw/Demodulator_128Ch_wrapper.xsa
TRACE::2026-01-20.16:51:22::SCWPlatform::DSA absoulate path C:/Users/CamLT/AX7010_Work/UltrasonicFPGA2021/delay-and-sum-v2/delay-and-sum-v2-platform/hw/Demodulator_128Ch_wrapper.xsa
TRACE::2026-01-20.16:51:22::SCWPlatform::DSA directory C:/Users/CamLT/AX7010_Work/UltrasonicFPGA2021/delay-and-sum-v2/delay-and-sum-v2-platform/hw
TRACE::2026-01-20.16:51:22::SCWPlatform:: Platform Path C:/Users/CamLT/AX7010_Work/UltrasonicFPGA2021/delay-and-sum-v2/delay-and-sum-v2-platform/hw/Demodulator_128Ch_wrapper.xsa
TRACE::2026-01-20.16:51:22::SCWPlatform:: Unique name xilinx:::0.0
TRACE::2026-01-20.16:51:22::SCWPlatform::Trying to set the existing hwdb with name Demodulator_128Ch_wrapper_0
TRACE::2026-01-20.16:51:22::SCWPlatform::Opened existing hwdb Demodulator_128Ch_wrapper_0
TRACE::2026-01-20.16:51:22::SCWPlatform::Found the Hw Db part of the input DSA
TRACE::2026-01-20.16:51:22::SCWMssOS::Checking the sw design at  C:/Users/CamLT/AX7010_Work/UltrasonicFPGA2021/delay-and-sum-v2/delay-and-sum-v2-platform/zynq_fsbl/zynq_fsbl_bsp/system.mss
TRACE::2026-01-20.16:51:22::SCWMssOS::DEBUG:  swdes dump  C:/Users/CamLT/AX7010_Work/UltrasonicFPGA2021/delay-and-sum-v2/delay-and-sum-v2-platform/ps7_cortexa9_0/standalone_domain/bsp/system.mss|system_0||
C:/Users/CamLT/AX7010_Work/UltrasonicFPGA2021/delay-and-sum-v2/delay-and-sum-v2-platform/zynq_fsbl/zynq_fsbl_bsp/system.mss|system||

TRACE::2026-01-20.16:51:22::SCWMssOS::Sw design exists and opened at  C:/Users/CamLT/AX7010_Work/UltrasonicFPGA2021/delay-and-sum-v2/delay-and-sum-v2-platform/zynq_fsbl/zynq_fsbl_bsp/system.mss
TRACE::2026-01-20.16:51:22::SCWPlatform::Trying to open the hw design at C:/Users/CamLT/AX7010_Work/UltrasonicFPGA2021/delay-and-sum-v2/delay-and-sum-v2-platform/hw/Demodulator_128Ch_wrapper.xsa
TRACE::2026-01-20.16:51:22::SCWPlatform::DSA given C:/Users/CamLT/AX7010_Work/UltrasonicFPGA2021/delay-and-sum-v2/delay-and-sum-v2-platform/hw/Demodulator_128Ch_wrapper.xsa
TRACE::2026-01-20.16:51:22::SCWPlatform::DSA absoulate path C:/Users/CamLT/AX7010_Work/UltrasonicFPGA2021/delay-and-sum-v2/delay-and-sum-v2-platform/hw/Demodulator_128Ch_wrapper.xsa
TRACE::2026-01-20.16:51:22::SCWPlatform::DSA directory C:/Users/CamLT/AX7010_Work/UltrasonicFPGA2021/delay-and-sum-v2/delay-and-sum-v2-platform/hw
TRACE::2026-01-20.16:51:22::SCWPlatform:: Platform Path C:/Users/CamLT/AX7010_Work/UltrasonicFPGA2021/delay-and-sum-v2/delay-and-sum-v2-platform/hw/Demodulator_128Ch_wrapper.xsa
TRACE::2026-01-20.16:51:22::SCWPlatform:: Unique name xilinx:::0.0
TRACE::2026-01-20.16:51:22::SCWPlatform::Trying to set the existing hwdb with name Demodulator_128Ch_wrapper_0
TRACE::2026-01-20.16:51:22::SCWPlatform::Opened existing hwdb Demodulator_128Ch_wrapper_0
TRACE::2026-01-20.16:51:22::SCWPlatform::Found the Hw Db part of the input DSA
TRACE::2026-01-20.16:51:22::SCWMssOS::Checking the sw design at  C:/Users/CamLT/AX7010_Work/UltrasonicFPGA2021/delay-and-sum-v2/delay-and-sum-v2-platform/ps7_cortexa9_0/standalone_domain/bsp/system.mss
TRACE::2026-01-20.16:51:22::SCWMssOS::DEBUG:  swdes dump  C:/Users/CamLT/AX7010_Work/UltrasonicFPGA2021/delay-and-sum-v2/delay-and-sum-v2-platform/ps7_cortexa9_0/standalone_domain/bsp/system.mss|system_0||
C:/Users/CamLT/AX7010_Work/UltrasonicFPGA2021/delay-and-sum-v2/delay-and-sum-v2-platform/zynq_fsbl/zynq_fsbl_bsp/system.mss|system||

TRACE::2026-01-20.16:51:22::SCWMssOS::Sw design exists and opened at  C:/Users/CamLT/AX7010_Work/UltrasonicFPGA2021/delay-and-sum-v2/delay-and-sum-v2-platform/ps7_cortexa9_0/standalone_domain/bsp/system.mss
TRACE::2026-01-20.16:51:22::SCWPlatform::Trying to open the hw design at C:/Users/CamLT/AX7010_Work/UltrasonicFPGA2021/delay-and-sum-v2/delay-and-sum-v2-platform/hw/Demodulator_128Ch_wrapper.xsa
TRACE::2026-01-20.16:51:22::SCWPlatform::DSA given C:/Users/CamLT/AX7010_Work/UltrasonicFPGA2021/delay-and-sum-v2/delay-and-sum-v2-platform/hw/Demodulator_128Ch_wrapper.xsa
TRACE::2026-01-20.16:51:22::SCWPlatform::DSA absoulate path C:/Users/CamLT/AX7010_Work/UltrasonicFPGA2021/delay-and-sum-v2/delay-and-sum-v2-platform/hw/Demodulator_128Ch_wrapper.xsa
TRACE::2026-01-20.16:51:22::SCWPlatform::DSA directory C:/Users/CamLT/AX7010_Work/UltrasonicFPGA2021/delay-and-sum-v2/delay-and-sum-v2-platform/hw
TRACE::2026-01-20.16:51:22::SCWPlatform:: Platform Path C:/Users/CamLT/AX7010_Work/UltrasonicFPGA2021/delay-and-sum-v2/delay-and-sum-v2-platform/hw/Demodulator_128Ch_wrapper.xsa
TRACE::2026-01-20.16:51:22::SCWPlatform:: Unique name xilinx:::0.0
TRACE::2026-01-20.16:51:22::SCWPlatform::Trying to set the existing hwdb with name Demodulator_128Ch_wrapper_0
TRACE::2026-01-20.16:51:22::SCWPlatform::Opened existing hwdb Demodulator_128Ch_wrapper_0
TRACE::2026-01-20.16:51:22::SCWPlatform::Found the Hw Db part of the input DSA
TRACE::2026-01-20.16:51:22::SCWMssOS::Checking the sw design at  C:/Users/CamLT/AX7010_Work/UltrasonicFPGA2021/delay-and-sum-v2/delay-and-sum-v2-platform/ps7_cortexa9_0/standalone_domain/bsp/system.mss
TRACE::2026-01-20.16:51:22::SCWMssOS::DEBUG:  swdes dump  C:/Users/CamLT/AX7010_Work/UltrasonicFPGA2021/delay-and-sum-v2/delay-and-sum-v2-platform/ps7_cortexa9_0/standalone_domain/bsp/system.mss|system_0||
C:/Users/CamLT/AX7010_Work/UltrasonicFPGA2021/delay-and-sum-v2/delay-and-sum-v2-platform/zynq_fsbl/zynq_fsbl_bsp/system.mss|system||

TRACE::2026-01-20.16:51:22::SCWMssOS::Sw design exists and opened at  C:/Users/CamLT/AX7010_Work/UltrasonicFPGA2021/delay-and-sum-v2/delay-and-sum-v2-platform/ps7_cortexa9_0/standalone_domain/bsp/system.mss
TRACE::2026-01-20.16:51:22::SCWPlatform::Trying to open the hw design at C:/Users/CamLT/AX7010_Work/UltrasonicFPGA2021/delay-and-sum-v2/delay-and-sum-v2-platform/hw/Demodulator_128Ch_wrapper.xsa
TRACE::2026-01-20.16:51:22::SCWPlatform::DSA given C:/Users/CamLT/AX7010_Work/UltrasonicFPGA2021/delay-and-sum-v2/delay-and-sum-v2-platform/hw/Demodulator_128Ch_wrapper.xsa
TRACE::2026-01-20.16:51:22::SCWPlatform::DSA absoulate path C:/Users/CamLT/AX7010_Work/UltrasonicFPGA2021/delay-and-sum-v2/delay-and-sum-v2-platform/hw/Demodulator_128Ch_wrapper.xsa
TRACE::2026-01-20.16:51:22::SCWPlatform::DSA directory C:/Users/CamLT/AX7010_Work/UltrasonicFPGA2021/delay-and-sum-v2/delay-and-sum-v2-platform/hw
TRACE::2026-01-20.16:51:22::SCWPlatform:: Platform Path C:/Users/CamLT/AX7010_Work/UltrasonicFPGA2021/delay-and-sum-v2/delay-and-sum-v2-platform/hw/Demodulator_128Ch_wrapper.xsa
TRACE::2026-01-20.16:51:22::SCWPlatform:: Unique name xilinx:::0.0
TRACE::2026-01-20.16:51:22::SCWPlatform::Trying to set the existing hwdb with name Demodulator_128Ch_wrapper_0
TRACE::2026-01-20.16:51:22::SCWPlatform::Opened existing hwdb Demodulator_128Ch_wrapper_0
TRACE::2026-01-20.16:51:22::SCWPlatform::Found the Hw Db part of the input DSA
TRACE::2026-01-20.16:51:22::SCWMssOS::Checking the sw design at  C:/Users/CamLT/AX7010_Work/UltrasonicFPGA2021/delay-and-sum-v2/delay-and-sum-v2-platform/ps7_cortexa9_0/standalone_domain/bsp/system.mss
TRACE::2026-01-20.16:51:22::SCWMssOS::DEBUG:  swdes dump  C:/Users/CamLT/AX7010_Work/UltrasonicFPGA2021/delay-and-sum-v2/delay-and-sum-v2-platform/ps7_cortexa9_0/standalone_domain/bsp/system.mss|system_0||
C:/Users/CamLT/AX7010_Work/UltrasonicFPGA2021/delay-and-sum-v2/delay-and-sum-v2-platform/zynq_fsbl/zynq_fsbl_bsp/system.mss|system||

TRACE::2026-01-20.16:51:22::SCWMssOS::Sw design exists and opened at  C:/Users/CamLT/AX7010_Work/UltrasonicFPGA2021/delay-and-sum-v2/delay-and-sum-v2-platform/ps7_cortexa9_0/standalone_domain/bsp/system.mss
TRACE::2026-01-20.16:51:22::SCWWriter::formatted JSON is {
	"platformName":	"delay-and-sum-v2-platform",
	"sprVersion":	"2.0",
	"mode":	"gui",
	"dsaType":	"Fixed",
	"platformDesc":	"delay-and-sum-v2-platform",
	"platHandOff":	"C:/Users/CamLT/AX7010_Work/Demodulator_128Ch_wrapper.xsa",
	"platIntHandOff":	"<platformDir>/hw/Demodulator_128Ch_wrapper.xsa",
	"deviceType":	"zynq",
	"platIsPrebuiltAutogen":	"false",
	"platIsNoBootBsp":	"false",
	"platFsblTarget":	"ps7_cortexa9_0",
	"hasFsblMakeHasChanges":	"false",
	"hasPmufwMakeHasChanges":	"false",
	"fsblExtraCompilerFlags":	"-MMD -MP       -mcpu=cortex-a9 -mfpu=vfpv3 -mfloat-abi=hard ",
	"platPreBuiltFlag":	false,
	"platformSamplesDir":	"",
	"platActiveSys":	"delay-and-sum-v2-platform",
	"systems":	[{
			"systemName":	"delay-and-sum-v2-platform",
			"systemDesc":	"delay-and-sum-v2-platform",
			"sysIsBootAutoGen":	"true",
			"systemDispName":	"delay-and-sum-v2-platform",
			"sysActiveDom":	"standalone_domain",
			"sysDefaultDom":	"standalone_domain",
			"domains":	[{
					"domainName":	"zynq_fsbl",
					"domainDispName":	"zynq_fsbl",
					"domainDesc":	"FSBL Application BSP - Auto Generated.",
					"processors":	"ps7_cortexa9_0",
					"os":	"standalone",
					"sdxOs":	"standalone",
					"debugEnable":	"",
					"domRuntimes":	["cpp"],
					"swRepo":	"",
					"mssOsVer":	"7.5",
					"mssFile":	"",
					"md5Digest":	"8d3fc67baac38ac96da78567c4cbff96",
					"compatibleApp":	"zynq_fsbl",
					"domType":	"bootDomain",
					"arch":	"32-bit",
					"appSettings":	{
						"appCompilerFlags":	"",
						"appLinkerFlags":	""
					},
					"addedLibs":	["xilffs:4.5", "xilrsa:1.6"],
					"libOptions":	{
						"libsContainingOptions":	[]
					},
					"prebuiltLibs":	{
						"prebuiltIncPath":	[],
						"prebuiltLibPath":	[]
					},
					"isolation":	{
					}
				}, {
					"domainName":	"standalone_domain",
					"domainDispName":	"standalone on ps7_cortexa9_0",
					"domainDesc":	"standalone_domain",
					"processors":	"ps7_cortexa9_0",
					"os":	"standalone",
					"sdxOs":	"standalone",
					"qemuArgs":	"C:/Xilinx/Vitis/2021.1/data/emulation/platforms/zynq/sw/a9_standalone/qemu/qemu_args.txt",
					"qemuData":	"C:/Xilinx/Vitis/2021.1/data/emulation/platforms/zynq/sw/a9_standalone/qemu/",
					"debugEnable":	"False",
					"domRuntimes":	["cpp"],
					"swRepo":	"",
					"mssOsVer":	"7.5",
					"mssFile":	"",
					"md5Digest":	"e1314fc24394511c64ca9c8e839a63cb",
					"compatibleApp":	"",
					"domType":	"mssDomain",
					"appSettings":	{
						"appCompilerFlags":	"",
						"appLinkerFlags":	""
					},
					"addedLibs":	[],
					"libOptions":	{
						"libsContainingOptions":	[]
					},
					"prebuiltLibs":	{
						"prebuiltIncPath":	[],
						"prebuiltLibPath":	[]
					},
					"isolation":	{
					}
				}]
		}]
}
TRACE::2026-01-20.16:51:23::SCWPlatform::Clearing the existing platform
TRACE::2026-01-20.16:51:23::SCWSystem::Clearing the existing sysconfig
TRACE::2026-01-20.16:51:23::SCWBDomain::clearing the fsbl build
TRACE::2026-01-20.16:51:23::SCWMssOS::Removing the swdes entry for  C:/Users/CamLT/AX7010_Work/UltrasonicFPGA2021/delay-and-sum-v2/delay-and-sum-v2-platform/zynq_fsbl/zynq_fsbl_bsp/system.mss
TRACE::2026-01-20.16:51:23::SCWMssOS::Removing the swdes entry for  C:/Users/CamLT/AX7010_Work/UltrasonicFPGA2021/delay-and-sum-v2/delay-and-sum-v2-platform/ps7_cortexa9_0/standalone_domain/bsp/system.mss
TRACE::2026-01-20.16:51:23::SCWSystem::Clearing the domains completed.
TRACE::2026-01-20.16:51:23::SCWPlatform::Clearing the opened hw db.
TRACE::2026-01-20.16:51:23::SCWPlatform::DSA given C:/Users/CamLT/AX7010_Work/UltrasonicFPGA2021/delay-and-sum-v2/delay-and-sum-v2-platform/hw/Demodulator_128Ch_wrapper.xsa
TRACE::2026-01-20.16:51:23::SCWPlatform::DSA absoulate path C:/Users/CamLT/AX7010_Work/UltrasonicFPGA2021/delay-and-sum-v2/delay-and-sum-v2-platform/hw/Demodulator_128Ch_wrapper.xsa
TRACE::2026-01-20.16:51:23::SCWPlatform:: Platform location is C:/Users/CamLT/AX7010_Work/UltrasonicFPGA2021/delay-and-sum-v2/delay-and-sum-v2-platform/hw
TRACE::2026-01-20.16:51:23::SCWPlatform:: Platform Path C:/Users/CamLT/AX7010_Work/UltrasonicFPGA2021/delay-and-sum-v2/delay-and-sum-v2-platform/hw/Demodulator_128Ch_wrapper.xsa
TRACE::2026-01-20.16:51:23::SCWPlatform:: Unique name xilinx:::0.0
TRACE::2026-01-20.16:51:23::SCWPlatform::Removing the HwDB with name C:/Users/CamLT/AX7010_Work/UltrasonicFPGA2021/delay-and-sum-v2/delay-and-sum-v2-platform/hw/Demodulator_128Ch_wrapper.xsa
TRACE::2026-01-20.16:51:23::SCWPlatform::Trying to open the hw design at C:/Users/CamLT/AX7010_Work/UltrasonicFPGA2021/delay-and-sum-v2/delay-and-sum-v2-platform/hw/Demodulator_128Ch_wrapper.xsa
TRACE::2026-01-20.16:51:23::SCWPlatform::DSA given C:/Users/CamLT/AX7010_Work/UltrasonicFPGA2021/delay-and-sum-v2/delay-and-sum-v2-platform/hw/Demodulator_128Ch_wrapper.xsa
TRACE::2026-01-20.16:51:23::SCWPlatform::DSA absoulate path C:/Users/CamLT/AX7010_Work/UltrasonicFPGA2021/delay-and-sum-v2/delay-and-sum-v2-platform/hw/Demodulator_128Ch_wrapper.xsa
TRACE::2026-01-20.16:51:23::SCWPlatform::DSA directory C:/Users/CamLT/AX7010_Work/UltrasonicFPGA2021/delay-and-sum-v2/delay-and-sum-v2-platform/hw
TRACE::2026-01-20.16:51:23::SCWPlatform:: Platform Path C:/Users/CamLT/AX7010_Work/UltrasonicFPGA2021/delay-and-sum-v2/delay-and-sum-v2-platform/hw/Demodulator_128Ch_wrapper.xsa
TRACE::2026-01-20.16:51:23::SCWPlatform:: Unique name xilinx:::0.0
TRACE::2026-01-20.16:51:23::SCWPlatform::Do not have an existing db opened. 
TRACE::2026-01-20.16:51:25::SCWPlatform::Opened new HwDB with name Demodulator_128Ch_wrapper_1
TRACE::2026-01-20.16:51:25::SCWReader::Active system found as  delay-and-sum-v2-platform
TRACE::2026-01-20.16:51:25::SCWReader::Handling sysconfig delay-and-sum-v2-platform
TRACE::2026-01-20.16:51:25::SCWDomain::checking for install qemu data   : 
TRACE::2026-01-20.16:51:25::SCWDomain:: Using the QEMU Data from install at  : C:/Xilinx/Vitis/2021.1/data/emulation/platforms/zynq/sw/a9_standalone/qemu/
TRACE::2026-01-20.16:51:25::SCWDomain:: Using the QEMU args  from install at  : C:/Xilinx/Vitis/2021.1/data/emulation/platforms/zynq/sw/a9_standalone/qemu/qemu_args.txt
TRACE::2026-01-20.16:51:25::SCWPlatform::Trying to open the hw design at C:/Users/CamLT/AX7010_Work/UltrasonicFPGA2021/delay-and-sum-v2/delay-and-sum-v2-platform/hw/Demodulator_128Ch_wrapper.xsa
TRACE::2026-01-20.16:51:25::SCWPlatform::DSA given C:/Users/CamLT/AX7010_Work/UltrasonicFPGA2021/delay-and-sum-v2/delay-and-sum-v2-platform/hw/Demodulator_128Ch_wrapper.xsa
TRACE::2026-01-20.16:51:25::SCWPlatform::DSA absoulate path C:/Users/CamLT/AX7010_Work/UltrasonicFPGA2021/delay-and-sum-v2/delay-and-sum-v2-platform/hw/Demodulator_128Ch_wrapper.xsa
TRACE::2026-01-20.16:51:25::SCWPlatform::DSA directory C:/Users/CamLT/AX7010_Work/UltrasonicFPGA2021/delay-and-sum-v2/delay-and-sum-v2-platform/hw
TRACE::2026-01-20.16:51:25::SCWPlatform:: Platform Path C:/Users/CamLT/AX7010_Work/UltrasonicFPGA2021/delay-and-sum-v2/delay-and-sum-v2-platform/hw/Demodulator_128Ch_wrapper.xsa
TRACE::2026-01-20.16:51:25::SCWPlatform:: Unique name xilinx:::0.0
TRACE::2026-01-20.16:51:25::SCWPlatform::Trying to set the existing hwdb with name Demodulator_128Ch_wrapper_1
TRACE::2026-01-20.16:51:25::SCWPlatform::Opened existing hwdb Demodulator_128Ch_wrapper_1
TRACE::2026-01-20.16:51:25::SCWPlatform::Found the Hw Db part of the input DSA
TRACE::2026-01-20.16:51:25::SCWPlatform::Trying to open the hw design at C:/Users/CamLT/AX7010_Work/UltrasonicFPGA2021/delay-and-sum-v2/delay-and-sum-v2-platform/hw/Demodulator_128Ch_wrapper.xsa
TRACE::2026-01-20.16:51:25::SCWPlatform::DSA given C:/Users/CamLT/AX7010_Work/UltrasonicFPGA2021/delay-and-sum-v2/delay-and-sum-v2-platform/hw/Demodulator_128Ch_wrapper.xsa
TRACE::2026-01-20.16:51:25::SCWPlatform::DSA absoulate path C:/Users/CamLT/AX7010_Work/UltrasonicFPGA2021/delay-and-sum-v2/delay-and-sum-v2-platform/hw/Demodulator_128Ch_wrapper.xsa
TRACE::2026-01-20.16:51:25::SCWPlatform::DSA directory C:/Users/CamLT/AX7010_Work/UltrasonicFPGA2021/delay-and-sum-v2/delay-and-sum-v2-platform/hw
TRACE::2026-01-20.16:51:25::SCWPlatform:: Platform Path C:/Users/CamLT/AX7010_Work/UltrasonicFPGA2021/delay-and-sum-v2/delay-and-sum-v2-platform/hw/Demodulator_128Ch_wrapper.xsa
TRACE::2026-01-20.16:51:25::SCWPlatform:: Unique name xilinx:::0.0
TRACE::2026-01-20.16:51:25::SCWPlatform::Trying to set the existing hwdb with name Demodulator_128Ch_wrapper_1
TRACE::2026-01-20.16:51:25::SCWPlatform::Opened existing hwdb Demodulator_128Ch_wrapper_1
TRACE::2026-01-20.16:51:25::SCWPlatform::Found the Hw Db part of the input DSA
TRACE::2026-01-20.16:51:25::SCWPlatform::Trying to open the hw design at C:/Users/CamLT/AX7010_Work/UltrasonicFPGA2021/delay-and-sum-v2/delay-and-sum-v2-platform/hw/Demodulator_128Ch_wrapper.xsa
TRACE::2026-01-20.16:51:25::SCWPlatform::DSA given C:/Users/CamLT/AX7010_Work/UltrasonicFPGA2021/delay-and-sum-v2/delay-and-sum-v2-platform/hw/Demodulator_128Ch_wrapper.xsa
TRACE::2026-01-20.16:51:25::SCWPlatform::DSA absoulate path C:/Users/CamLT/AX7010_Work/UltrasonicFPGA2021/delay-and-sum-v2/delay-and-sum-v2-platform/hw/Demodulator_128Ch_wrapper.xsa
TRACE::2026-01-20.16:51:25::SCWPlatform::DSA directory C:/Users/CamLT/AX7010_Work/UltrasonicFPGA2021/delay-and-sum-v2/delay-and-sum-v2-platform/hw
TRACE::2026-01-20.16:51:25::SCWPlatform:: Platform Path C:/Users/CamLT/AX7010_Work/UltrasonicFPGA2021/delay-and-sum-v2/delay-and-sum-v2-platform/hw/Demodulator_128Ch_wrapper.xsa
TRACE::2026-01-20.16:51:25::SCWPlatform:: Unique name xilinx:::0.0
TRACE::2026-01-20.16:51:25::SCWPlatform::Trying to set the existing hwdb with name Demodulator_128Ch_wrapper_1
TRACE::2026-01-20.16:51:25::SCWPlatform::Opened existing hwdb Demodulator_128Ch_wrapper_1
TRACE::2026-01-20.16:51:25::SCWPlatform::Found the Hw Db part of the input DSA
TRACE::2026-01-20.16:51:25::SCWReader::Boot application domain added for zynq_fsbl
TRACE::2026-01-20.16:51:25::SCWPlatform::Trying to open the hw design at C:/Users/CamLT/AX7010_Work/UltrasonicFPGA2021/delay-and-sum-v2/delay-and-sum-v2-platform/hw/Demodulator_128Ch_wrapper.xsa
TRACE::2026-01-20.16:51:25::SCWPlatform::DSA given C:/Users/CamLT/AX7010_Work/UltrasonicFPGA2021/delay-and-sum-v2/delay-and-sum-v2-platform/hw/Demodulator_128Ch_wrapper.xsa
TRACE::2026-01-20.16:51:25::SCWPlatform::DSA absoulate path C:/Users/CamLT/AX7010_Work/UltrasonicFPGA2021/delay-and-sum-v2/delay-and-sum-v2-platform/hw/Demodulator_128Ch_wrapper.xsa
TRACE::2026-01-20.16:51:25::SCWPlatform::DSA directory C:/Users/CamLT/AX7010_Work/UltrasonicFPGA2021/delay-and-sum-v2/delay-and-sum-v2-platform/hw
TRACE::2026-01-20.16:51:25::SCWPlatform:: Platform Path C:/Users/CamLT/AX7010_Work/UltrasonicFPGA2021/delay-and-sum-v2/delay-and-sum-v2-platform/hw/Demodulator_128Ch_wrapper.xsa
TRACE::2026-01-20.16:51:25::SCWPlatform:: Unique name xilinx:::0.0
TRACE::2026-01-20.16:51:25::SCWPlatform::Trying to set the existing hwdb with name Demodulator_128Ch_wrapper_1
TRACE::2026-01-20.16:51:25::SCWPlatform::Opened existing hwdb Demodulator_128Ch_wrapper_1
TRACE::2026-01-20.16:51:25::SCWPlatform::Found the Hw Db part of the input DSA
TRACE::2026-01-20.16:51:25::SCWMssOS::Checking the sw design at  C:/Users/CamLT/AX7010_Work/UltrasonicFPGA2021/delay-and-sum-v2/delay-and-sum-v2-platform/zynq_fsbl/zynq_fsbl_bsp/system.mss
TRACE::2026-01-20.16:51:25::SCWMssOS::DEBUG:  swdes dump  
TRACE::2026-01-20.16:51:25::SCWMssOS::No sw design opened at  C:/Users/CamLT/AX7010_Work/UltrasonicFPGA2021/delay-and-sum-v2/delay-and-sum-v2-platform/zynq_fsbl/zynq_fsbl_bsp/system.mss
TRACE::2026-01-20.16:51:25::SCWMssOS::mss exists loading the mss file  C:/Users/CamLT/AX7010_Work/UltrasonicFPGA2021/delay-and-sum-v2/delay-and-sum-v2-platform/zynq_fsbl/zynq_fsbl_bsp/system.mss
TRACE::2026-01-20.16:51:25::SCWMssOS::Opened the sw design from mss  C:/Users/CamLT/AX7010_Work/UltrasonicFPGA2021/delay-and-sum-v2/delay-and-sum-v2-platform/zynq_fsbl/zynq_fsbl_bsp/system.mss
TRACE::2026-01-20.16:51:25::SCWMssOS::Adding the swdes entry C:/Users/CamLT/AX7010_Work/UltrasonicFPGA2021/delay-and-sum-v2/delay-and-sum-v2-platform/zynq_fsbl/zynq_fsbl_bsp/system.mss with des name system
TRACE::2026-01-20.16:51:25::SCWMssOS::updating the scw layer about changes
TRACE::2026-01-20.16:51:25::SCWMssOS::Opened the sw design.  C:/Users/CamLT/AX7010_Work/UltrasonicFPGA2021/delay-and-sum-v2/delay-and-sum-v2-platform/zynq_fsbl/zynq_fsbl_bsp/system.mss
TRACE::2026-01-20.16:51:25::SCWPlatform::Trying to open the hw design at C:/Users/CamLT/AX7010_Work/UltrasonicFPGA2021/delay-and-sum-v2/delay-and-sum-v2-platform/hw/Demodulator_128Ch_wrapper.xsa
TRACE::2026-01-20.16:51:25::SCWPlatform::DSA given C:/Users/CamLT/AX7010_Work/UltrasonicFPGA2021/delay-and-sum-v2/delay-and-sum-v2-platform/hw/Demodulator_128Ch_wrapper.xsa
TRACE::2026-01-20.16:51:25::SCWPlatform::DSA absoulate path C:/Users/CamLT/AX7010_Work/UltrasonicFPGA2021/delay-and-sum-v2/delay-and-sum-v2-platform/hw/Demodulator_128Ch_wrapper.xsa
TRACE::2026-01-20.16:51:25::SCWPlatform::DSA directory C:/Users/CamLT/AX7010_Work/UltrasonicFPGA2021/delay-and-sum-v2/delay-and-sum-v2-platform/hw
TRACE::2026-01-20.16:51:25::SCWPlatform:: Platform Path C:/Users/CamLT/AX7010_Work/UltrasonicFPGA2021/delay-and-sum-v2/delay-and-sum-v2-platform/hw/Demodulator_128Ch_wrapper.xsa
TRACE::2026-01-20.16:51:25::SCWPlatform:: Unique name xilinx:::0.0
TRACE::2026-01-20.16:51:25::SCWPlatform::Trying to set the existing hwdb with name Demodulator_128Ch_wrapper_1
TRACE::2026-01-20.16:51:25::SCWPlatform::Opened existing hwdb Demodulator_128Ch_wrapper_1
TRACE::2026-01-20.16:51:25::SCWPlatform::Found the Hw Db part of the input DSA
TRACE::2026-01-20.16:51:25::SCWMssOS::Checking the sw design at  C:/Users/CamLT/AX7010_Work/UltrasonicFPGA2021/delay-and-sum-v2/delay-and-sum-v2-platform/zynq_fsbl/zynq_fsbl_bsp/system.mss
TRACE::2026-01-20.16:51:25::SCWMssOS::DEBUG:  swdes dump  C:/Users/CamLT/AX7010_Work/UltrasonicFPGA2021/delay-and-sum-v2/delay-and-sum-v2-platform/zynq_fsbl/zynq_fsbl_bsp/system.mss|system||

TRACE::2026-01-20.16:51:25::SCWMssOS::Sw design exists and opened at  C:/Users/CamLT/AX7010_Work/UltrasonicFPGA2021/delay-and-sum-v2/delay-and-sum-v2-platform/zynq_fsbl/zynq_fsbl_bsp/system.mss
TRACE::2026-01-20.16:51:25::SCWMssOS:: library already available in sw design:  xilffs:4.5
TRACE::2026-01-20.16:51:25::SCWPlatform::Trying to open the hw design at C:/Users/CamLT/AX7010_Work/UltrasonicFPGA2021/delay-and-sum-v2/delay-and-sum-v2-platform/hw/Demodulator_128Ch_wrapper.xsa
TRACE::2026-01-20.16:51:25::SCWPlatform::DSA given C:/Users/CamLT/AX7010_Work/UltrasonicFPGA2021/delay-and-sum-v2/delay-and-sum-v2-platform/hw/Demodulator_128Ch_wrapper.xsa
TRACE::2026-01-20.16:51:25::SCWPlatform::DSA absoulate path C:/Users/CamLT/AX7010_Work/UltrasonicFPGA2021/delay-and-sum-v2/delay-and-sum-v2-platform/hw/Demodulator_128Ch_wrapper.xsa
TRACE::2026-01-20.16:51:25::SCWPlatform::DSA directory C:/Users/CamLT/AX7010_Work/UltrasonicFPGA2021/delay-and-sum-v2/delay-and-sum-v2-platform/hw
TRACE::2026-01-20.16:51:25::SCWPlatform:: Platform Path C:/Users/CamLT/AX7010_Work/UltrasonicFPGA2021/delay-and-sum-v2/delay-and-sum-v2-platform/hw/Demodulator_128Ch_wrapper.xsa
TRACE::2026-01-20.16:51:25::SCWPlatform:: Unique name xilinx:::0.0
TRACE::2026-01-20.16:51:25::SCWPlatform::Trying to set the existing hwdb with name Demodulator_128Ch_wrapper_1
TRACE::2026-01-20.16:51:25::SCWPlatform::Opened existing hwdb Demodulator_128Ch_wrapper_1
TRACE::2026-01-20.16:51:25::SCWPlatform::Found the Hw Db part of the input DSA
TRACE::2026-01-20.16:51:25::SCWMssOS::Checking the sw design at  C:/Users/CamLT/AX7010_Work/UltrasonicFPGA2021/delay-and-sum-v2/delay-and-sum-v2-platform/zynq_fsbl/zynq_fsbl_bsp/system.mss
TRACE::2026-01-20.16:51:25::SCWMssOS::DEBUG:  swdes dump  C:/Users/CamLT/AX7010_Work/UltrasonicFPGA2021/delay-and-sum-v2/delay-and-sum-v2-platform/zynq_fsbl/zynq_fsbl_bsp/system.mss|system||

TRACE::2026-01-20.16:51:25::SCWMssOS::Sw design exists and opened at  C:/Users/CamLT/AX7010_Work/UltrasonicFPGA2021/delay-and-sum-v2/delay-and-sum-v2-platform/zynq_fsbl/zynq_fsbl_bsp/system.mss
TRACE::2026-01-20.16:51:25::SCWMssOS:: library already available in sw design:  xilrsa:1.6
TRACE::2026-01-20.16:51:25::SCWMssOS::Saving the mss changes C:/Users/CamLT/AX7010_Work/UltrasonicFPGA2021/delay-and-sum-v2/delay-and-sum-v2-platform/zynq_fsbl/zynq_fsbl_bsp/system.mss
TRACE::2026-01-20.16:51:25::SCWMssOS::Found a swdesign opened with the mssfile.
TRACE::2026-01-20.16:51:25::SCWMssOS::Completed writemss as part of save.
TRACE::2026-01-20.16:51:25::SCWMssOS::Commit changes completed.
TRACE::2026-01-20.16:51:25::SCWReader::Adding prebuilt librarypaths as   
TRACE::2026-01-20.16:51:25::SCWReader::Adding prebuilt incpaths  as   
TRACE::2026-01-20.16:51:25::SCWPlatform::Trying to open the hw design at C:/Users/CamLT/AX7010_Work/UltrasonicFPGA2021/delay-and-sum-v2/delay-and-sum-v2-platform/hw/Demodulator_128Ch_wrapper.xsa
TRACE::2026-01-20.16:51:25::SCWPlatform::DSA given C:/Users/CamLT/AX7010_Work/UltrasonicFPGA2021/delay-and-sum-v2/delay-and-sum-v2-platform/hw/Demodulator_128Ch_wrapper.xsa
TRACE::2026-01-20.16:51:25::SCWPlatform::DSA absoulate path C:/Users/CamLT/AX7010_Work/UltrasonicFPGA2021/delay-and-sum-v2/delay-and-sum-v2-platform/hw/Demodulator_128Ch_wrapper.xsa
TRACE::2026-01-20.16:51:25::SCWPlatform::DSA directory C:/Users/CamLT/AX7010_Work/UltrasonicFPGA2021/delay-and-sum-v2/delay-and-sum-v2-platform/hw
TRACE::2026-01-20.16:51:25::SCWPlatform:: Platform Path C:/Users/CamLT/AX7010_Work/UltrasonicFPGA2021/delay-and-sum-v2/delay-and-sum-v2-platform/hw/Demodulator_128Ch_wrapper.xsa
TRACE::2026-01-20.16:51:25::SCWPlatform:: Unique name xilinx:::0.0
TRACE::2026-01-20.16:51:25::SCWPlatform::Trying to set the existing hwdb with name Demodulator_128Ch_wrapper_1
TRACE::2026-01-20.16:51:25::SCWPlatform::Opened existing hwdb Demodulator_128Ch_wrapper_1
TRACE::2026-01-20.16:51:25::SCWPlatform::Found the Hw Db part of the input DSA
TRACE::2026-01-20.16:51:25::SCWMssOS::Checking the sw design at  C:/Users/CamLT/AX7010_Work/UltrasonicFPGA2021/delay-and-sum-v2/delay-and-sum-v2-platform/zynq_fsbl/zynq_fsbl_bsp/system.mss
TRACE::2026-01-20.16:51:25::SCWMssOS::DEBUG:  swdes dump  C:/Users/CamLT/AX7010_Work/UltrasonicFPGA2021/delay-and-sum-v2/delay-and-sum-v2-platform/zynq_fsbl/zynq_fsbl_bsp/system.mss|system||

TRACE::2026-01-20.16:51:25::SCWMssOS::Sw design exists and opened at  C:/Users/CamLT/AX7010_Work/UltrasonicFPGA2021/delay-and-sum-v2/delay-and-sum-v2-platform/zynq_fsbl/zynq_fsbl_bsp/system.mss
TRACE::2026-01-20.16:51:25::SCWReader::No isolation master present  
TRACE::2026-01-20.16:51:25::SCWDomain::checking for install qemu data   : 
TRACE::2026-01-20.16:51:25::SCWDomain:: Using the QEMU Data from install at  : C:/Xilinx/Vitis/2021.1/data/emulation/platforms/zynq/sw/a9_standalone/qemu/
TRACE::2026-01-20.16:51:25::SCWDomain:: Using the QEMU args  from install at  : C:/Xilinx/Vitis/2021.1/data/emulation/platforms/zynq/sw/a9_standalone/qemu/qemu_args.txt
TRACE::2026-01-20.16:51:25::SCWPlatform::Trying to open the hw design at C:/Users/CamLT/AX7010_Work/UltrasonicFPGA2021/delay-and-sum-v2/delay-and-sum-v2-platform/hw/Demodulator_128Ch_wrapper.xsa
TRACE::2026-01-20.16:51:25::SCWPlatform::DSA given C:/Users/CamLT/AX7010_Work/UltrasonicFPGA2021/delay-and-sum-v2/delay-and-sum-v2-platform/hw/Demodulator_128Ch_wrapper.xsa
TRACE::2026-01-20.16:51:25::SCWPlatform::DSA absoulate path C:/Users/CamLT/AX7010_Work/UltrasonicFPGA2021/delay-and-sum-v2/delay-and-sum-v2-platform/hw/Demodulator_128Ch_wrapper.xsa
TRACE::2026-01-20.16:51:25::SCWPlatform::DSA directory C:/Users/CamLT/AX7010_Work/UltrasonicFPGA2021/delay-and-sum-v2/delay-and-sum-v2-platform/hw
TRACE::2026-01-20.16:51:25::SCWPlatform:: Platform Path C:/Users/CamLT/AX7010_Work/UltrasonicFPGA2021/delay-and-sum-v2/delay-and-sum-v2-platform/hw/Demodulator_128Ch_wrapper.xsa
TRACE::2026-01-20.16:51:25::SCWPlatform:: Unique name xilinx:::0.0
TRACE::2026-01-20.16:51:25::SCWPlatform::Trying to set the existing hwdb with name Demodulator_128Ch_wrapper_1
TRACE::2026-01-20.16:51:25::SCWPlatform::Opened existing hwdb Demodulator_128Ch_wrapper_1
TRACE::2026-01-20.16:51:25::SCWPlatform::Found the Hw Db part of the input DSA
TRACE::2026-01-20.16:51:25::SCWPlatform::Trying to open the hw design at C:/Users/CamLT/AX7010_Work/UltrasonicFPGA2021/delay-and-sum-v2/delay-and-sum-v2-platform/hw/Demodulator_128Ch_wrapper.xsa
TRACE::2026-01-20.16:51:25::SCWPlatform::DSA given C:/Users/CamLT/AX7010_Work/UltrasonicFPGA2021/delay-and-sum-v2/delay-and-sum-v2-platform/hw/Demodulator_128Ch_wrapper.xsa
TRACE::2026-01-20.16:51:25::SCWPlatform::DSA absoulate path C:/Users/CamLT/AX7010_Work/UltrasonicFPGA2021/delay-and-sum-v2/delay-and-sum-v2-platform/hw/Demodulator_128Ch_wrapper.xsa
TRACE::2026-01-20.16:51:25::SCWPlatform::DSA directory C:/Users/CamLT/AX7010_Work/UltrasonicFPGA2021/delay-and-sum-v2/delay-and-sum-v2-platform/hw
TRACE::2026-01-20.16:51:25::SCWPlatform:: Platform Path C:/Users/CamLT/AX7010_Work/UltrasonicFPGA2021/delay-and-sum-v2/delay-and-sum-v2-platform/hw/Demodulator_128Ch_wrapper.xsa
TRACE::2026-01-20.16:51:25::SCWPlatform:: Unique name xilinx:::0.0
TRACE::2026-01-20.16:51:25::SCWPlatform::Trying to set the existing hwdb with name Demodulator_128Ch_wrapper_1
TRACE::2026-01-20.16:51:25::SCWPlatform::Opened existing hwdb Demodulator_128Ch_wrapper_1
TRACE::2026-01-20.16:51:25::SCWPlatform::Found the Hw Db part of the input DSA
TRACE::2026-01-20.16:51:25::SCWPlatform::Trying to open the hw design at C:/Users/CamLT/AX7010_Work/UltrasonicFPGA2021/delay-and-sum-v2/delay-and-sum-v2-platform/hw/Demodulator_128Ch_wrapper.xsa
TRACE::2026-01-20.16:51:25::SCWPlatform::DSA given C:/Users/CamLT/AX7010_Work/UltrasonicFPGA2021/delay-and-sum-v2/delay-and-sum-v2-platform/hw/Demodulator_128Ch_wrapper.xsa
TRACE::2026-01-20.16:51:25::SCWPlatform::DSA absoulate path C:/Users/CamLT/AX7010_Work/UltrasonicFPGA2021/delay-and-sum-v2/delay-and-sum-v2-platform/hw/Demodulator_128Ch_wrapper.xsa
TRACE::2026-01-20.16:51:25::SCWPlatform::DSA directory C:/Users/CamLT/AX7010_Work/UltrasonicFPGA2021/delay-and-sum-v2/delay-and-sum-v2-platform/hw
TRACE::2026-01-20.16:51:25::SCWPlatform:: Platform Path C:/Users/CamLT/AX7010_Work/UltrasonicFPGA2021/delay-and-sum-v2/delay-and-sum-v2-platform/hw/Demodulator_128Ch_wrapper.xsa
TRACE::2026-01-20.16:51:25::SCWPlatform:: Unique name xilinx:::0.0
TRACE::2026-01-20.16:51:25::SCWPlatform::Trying to set the existing hwdb with name Demodulator_128Ch_wrapper_1
TRACE::2026-01-20.16:51:25::SCWPlatform::Opened existing hwdb Demodulator_128Ch_wrapper_1
TRACE::2026-01-20.16:51:25::SCWPlatform::Found the Hw Db part of the input DSA
TRACE::2026-01-20.16:51:25::SCWMssOS::Checking the sw design at  C:/Users/CamLT/AX7010_Work/UltrasonicFPGA2021/delay-and-sum-v2/delay-and-sum-v2-platform/ps7_cortexa9_0/standalone_domain/bsp/system.mss
TRACE::2026-01-20.16:51:25::SCWMssOS::DEBUG:  swdes dump  C:/Users/CamLT/AX7010_Work/UltrasonicFPGA2021/delay-and-sum-v2/delay-and-sum-v2-platform/zynq_fsbl/zynq_fsbl_bsp/system.mss|system||

TRACE::2026-01-20.16:51:25::SCWMssOS::No sw design opened at  C:/Users/CamLT/AX7010_Work/UltrasonicFPGA2021/delay-and-sum-v2/delay-and-sum-v2-platform/ps7_cortexa9_0/standalone_domain/bsp/system.mss
TRACE::2026-01-20.16:51:25::SCWMssOS::mss exists loading the mss file  C:/Users/CamLT/AX7010_Work/UltrasonicFPGA2021/delay-and-sum-v2/delay-and-sum-v2-platform/ps7_cortexa9_0/standalone_domain/bsp/system.mss
TRACE::2026-01-20.16:51:25::SCWMssOS::Opened the sw design from mss  C:/Users/CamLT/AX7010_Work/UltrasonicFPGA2021/delay-and-sum-v2/delay-and-sum-v2-platform/ps7_cortexa9_0/standalone_domain/bsp/system.mss
TRACE::2026-01-20.16:51:25::SCWMssOS::Adding the swdes entry C:/Users/CamLT/AX7010_Work/UltrasonicFPGA2021/delay-and-sum-v2/delay-and-sum-v2-platform/ps7_cortexa9_0/standalone_domain/bsp/system.mss with des name system_0
TRACE::2026-01-20.16:51:25::SCWMssOS::updating the scw layer about changes
TRACE::2026-01-20.16:51:25::SCWMssOS::Opened the sw design.  C:/Users/CamLT/AX7010_Work/UltrasonicFPGA2021/delay-and-sum-v2/delay-and-sum-v2-platform/ps7_cortexa9_0/standalone_domain/bsp/system.mss
TRACE::2026-01-20.16:51:25::SCWMssOS::Saving the mss changes C:/Users/CamLT/AX7010_Work/UltrasonicFPGA2021/delay-and-sum-v2/delay-and-sum-v2-platform/ps7_cortexa9_0/standalone_domain/bsp/system.mss
TRACE::2026-01-20.16:51:25::SCWMssOS::Found a swdesign opened with the mssfile.
TRACE::2026-01-20.16:51:25::SCWMssOS::Completed writemss as part of save.
TRACE::2026-01-20.16:51:25::SCWMssOS::Commit changes completed.
TRACE::2026-01-20.16:51:25::SCWReader::Adding prebuilt librarypaths as   
TRACE::2026-01-20.16:51:25::SCWReader::Adding prebuilt incpaths  as   
TRACE::2026-01-20.16:51:25::SCWPlatform::Trying to open the hw design at C:/Users/CamLT/AX7010_Work/UltrasonicFPGA2021/delay-and-sum-v2/delay-and-sum-v2-platform/hw/Demodulator_128Ch_wrapper.xsa
TRACE::2026-01-20.16:51:25::SCWPlatform::DSA given C:/Users/CamLT/AX7010_Work/UltrasonicFPGA2021/delay-and-sum-v2/delay-and-sum-v2-platform/hw/Demodulator_128Ch_wrapper.xsa
TRACE::2026-01-20.16:51:25::SCWPlatform::DSA absoulate path C:/Users/CamLT/AX7010_Work/UltrasonicFPGA2021/delay-and-sum-v2/delay-and-sum-v2-platform/hw/Demodulator_128Ch_wrapper.xsa
TRACE::2026-01-20.16:51:25::SCWPlatform::DSA directory C:/Users/CamLT/AX7010_Work/UltrasonicFPGA2021/delay-and-sum-v2/delay-and-sum-v2-platform/hw
TRACE::2026-01-20.16:51:25::SCWPlatform:: Platform Path C:/Users/CamLT/AX7010_Work/UltrasonicFPGA2021/delay-and-sum-v2/delay-and-sum-v2-platform/hw/Demodulator_128Ch_wrapper.xsa
TRACE::2026-01-20.16:51:25::SCWPlatform:: Unique name xilinx:::0.0
TRACE::2026-01-20.16:51:25::SCWPlatform::Trying to set the existing hwdb with name Demodulator_128Ch_wrapper_1
TRACE::2026-01-20.16:51:25::SCWPlatform::Opened existing hwdb Demodulator_128Ch_wrapper_1
TRACE::2026-01-20.16:51:25::SCWPlatform::Found the Hw Db part of the input DSA
TRACE::2026-01-20.16:51:25::SCWMssOS::Checking the sw design at  C:/Users/CamLT/AX7010_Work/UltrasonicFPGA2021/delay-and-sum-v2/delay-and-sum-v2-platform/ps7_cortexa9_0/standalone_domain/bsp/system.mss
TRACE::2026-01-20.16:51:25::SCWMssOS::DEBUG:  swdes dump  C:/Users/CamLT/AX7010_Work/UltrasonicFPGA2021/delay-and-sum-v2/delay-and-sum-v2-platform/ps7_cortexa9_0/standalone_domain/bsp/system.mss|system_0||
C:/Users/CamLT/AX7010_Work/UltrasonicFPGA2021/delay-and-sum-v2/delay-and-sum-v2-platform/zynq_fsbl/zynq_fsbl_bsp/system.mss|system||

TRACE::2026-01-20.16:51:25::SCWMssOS::Sw design exists and opened at  C:/Users/CamLT/AX7010_Work/UltrasonicFPGA2021/delay-and-sum-v2/delay-and-sum-v2-platform/ps7_cortexa9_0/standalone_domain/bsp/system.mss
TRACE::2026-01-20.16:51:25::SCWReader::No isolation master present  
TRACE::2026-01-20.16:51:28::SCWPlatform::Trying to open the hw design at C:/Users/CamLT/AX7010_Work/UltrasonicFPGA2021/delay-and-sum-v2/delay-and-sum-v2-platform/hw/Demodulator_128Ch_wrapper.xsa
TRACE::2026-01-20.16:51:28::SCWPlatform::DSA given C:/Users/CamLT/AX7010_Work/UltrasonicFPGA2021/delay-and-sum-v2/delay-and-sum-v2-platform/hw/Demodulator_128Ch_wrapper.xsa
TRACE::2026-01-20.16:51:28::SCWPlatform::DSA absoulate path C:/Users/CamLT/AX7010_Work/UltrasonicFPGA2021/delay-and-sum-v2/delay-and-sum-v2-platform/hw/Demodulator_128Ch_wrapper.xsa
TRACE::2026-01-20.16:51:28::SCWPlatform::DSA directory C:/Users/CamLT/AX7010_Work/UltrasonicFPGA2021/delay-and-sum-v2/delay-and-sum-v2-platform/hw
TRACE::2026-01-20.16:51:28::SCWPlatform:: Platform Path C:/Users/CamLT/AX7010_Work/UltrasonicFPGA2021/delay-and-sum-v2/delay-and-sum-v2-platform/hw/Demodulator_128Ch_wrapper.xsa
TRACE::2026-01-20.16:51:28::SCWPlatform:: Unique name xilinx:::0.0
TRACE::2026-01-20.16:51:28::SCWPlatform::Trying to set the existing hwdb with name Demodulator_128Ch_wrapper_1
TRACE::2026-01-20.16:51:28::SCWPlatform::Opened existing hwdb Demodulator_128Ch_wrapper_1
TRACE::2026-01-20.16:51:28::SCWPlatform::Found the Hw Db part of the input DSA
TRACE::2026-01-20.16:51:28::SCWMssOS::Checking the sw design at  C:/Users/CamLT/AX7010_Work/UltrasonicFPGA2021/delay-and-sum-v2/delay-and-sum-v2-platform/zynq_fsbl/zynq_fsbl_bsp/system.mss
TRACE::2026-01-20.16:51:28::SCWMssOS::DEBUG:  swdes dump  C:/Users/CamLT/AX7010_Work/UltrasonicFPGA2021/delay-and-sum-v2/delay-and-sum-v2-platform/ps7_cortexa9_0/standalone_domain/bsp/system.mss|system_0||
C:/Users/CamLT/AX7010_Work/UltrasonicFPGA2021/delay-and-sum-v2/delay-and-sum-v2-platform/zynq_fsbl/zynq_fsbl_bsp/system.mss|system||

TRACE::2026-01-20.16:51:28::SCWMssOS::Sw design exists and opened at  C:/Users/CamLT/AX7010_Work/UltrasonicFPGA2021/delay-and-sum-v2/delay-and-sum-v2-platform/zynq_fsbl/zynq_fsbl_bsp/system.mss
TRACE::2026-01-20.16:51:29::SCWMssOS::In reload Mss file.
TRACE::2026-01-20.16:51:29::SCWPlatform::Trying to open the hw design at C:/Users/CamLT/AX7010_Work/UltrasonicFPGA2021/delay-and-sum-v2/delay-and-sum-v2-platform/hw/Demodulator_128Ch_wrapper.xsa
TRACE::2026-01-20.16:51:29::SCWPlatform::DSA given C:/Users/CamLT/AX7010_Work/UltrasonicFPGA2021/delay-and-sum-v2/delay-and-sum-v2-platform/hw/Demodulator_128Ch_wrapper.xsa
TRACE::2026-01-20.16:51:29::SCWPlatform::DSA absoulate path C:/Users/CamLT/AX7010_Work/UltrasonicFPGA2021/delay-and-sum-v2/delay-and-sum-v2-platform/hw/Demodulator_128Ch_wrapper.xsa
TRACE::2026-01-20.16:51:29::SCWPlatform::DSA directory C:/Users/CamLT/AX7010_Work/UltrasonicFPGA2021/delay-and-sum-v2/delay-and-sum-v2-platform/hw
TRACE::2026-01-20.16:51:29::SCWPlatform:: Platform Path C:/Users/CamLT/AX7010_Work/UltrasonicFPGA2021/delay-and-sum-v2/delay-and-sum-v2-platform/hw/Demodulator_128Ch_wrapper.xsa
TRACE::2026-01-20.16:51:29::SCWPlatform:: Unique name xilinx:::0.0
TRACE::2026-01-20.16:51:29::SCWPlatform::Trying to set the existing hwdb with name Demodulator_128Ch_wrapper_1
TRACE::2026-01-20.16:51:29::SCWPlatform::Opened existing hwdb Demodulator_128Ch_wrapper_1
TRACE::2026-01-20.16:51:29::SCWPlatform::Found the Hw Db part of the input DSA
TRACE::2026-01-20.16:51:29::SCWMssOS::Checking the sw design at  C:/Users/CamLT/AX7010_Work/UltrasonicFPGA2021/delay-and-sum-v2/delay-and-sum-v2-platform/zynq_fsbl/zynq_fsbl_bsp/system.mss
TRACE::2026-01-20.16:51:29::SCWMssOS::DEBUG:  swdes dump  C:/Users/CamLT/AX7010_Work/UltrasonicFPGA2021/delay-and-sum-v2/delay-and-sum-v2-platform/ps7_cortexa9_0/standalone_domain/bsp/system.mss|system_0||

TRACE::2026-01-20.16:51:29::SCWMssOS::No sw design opened at  C:/Users/CamLT/AX7010_Work/UltrasonicFPGA2021/delay-and-sum-v2/delay-and-sum-v2-platform/zynq_fsbl/zynq_fsbl_bsp/system.mss
TRACE::2026-01-20.16:51:29::SCWMssOS::mss exists loading the mss file  C:/Users/CamLT/AX7010_Work/UltrasonicFPGA2021/delay-and-sum-v2/delay-and-sum-v2-platform/zynq_fsbl/zynq_fsbl_bsp/system.mss
TRACE::2026-01-20.16:51:29::SCWMssOS::Opened the sw design from mss  C:/Users/CamLT/AX7010_Work/UltrasonicFPGA2021/delay-and-sum-v2/delay-and-sum-v2-platform/zynq_fsbl/zynq_fsbl_bsp/system.mss
TRACE::2026-01-20.16:51:29::SCWMssOS::Adding the swdes entry C:/Users/CamLT/AX7010_Work/UltrasonicFPGA2021/delay-and-sum-v2/delay-and-sum-v2-platform/zynq_fsbl/zynq_fsbl_bsp/system.mss with des name system
TRACE::2026-01-20.16:51:29::SCWMssOS::updating the scw layer about changes
TRACE::2026-01-20.16:51:29::SCWMssOS::Opened the sw design.  C:/Users/CamLT/AX7010_Work/UltrasonicFPGA2021/delay-and-sum-v2/delay-and-sum-v2-platform/zynq_fsbl/zynq_fsbl_bsp/system.mss
TRACE::2026-01-20.16:51:29::SCWPlatform::Trying to open the hw design at C:/Users/CamLT/AX7010_Work/UltrasonicFPGA2021/delay-and-sum-v2/delay-and-sum-v2-platform/hw/Demodulator_128Ch_wrapper.xsa
TRACE::2026-01-20.16:51:29::SCWPlatform::DSA given C:/Users/CamLT/AX7010_Work/UltrasonicFPGA2021/delay-and-sum-v2/delay-and-sum-v2-platform/hw/Demodulator_128Ch_wrapper.xsa
TRACE::2026-01-20.16:51:29::SCWPlatform::DSA absoulate path C:/Users/CamLT/AX7010_Work/UltrasonicFPGA2021/delay-and-sum-v2/delay-and-sum-v2-platform/hw/Demodulator_128Ch_wrapper.xsa
TRACE::2026-01-20.16:51:29::SCWPlatform::DSA directory C:/Users/CamLT/AX7010_Work/UltrasonicFPGA2021/delay-and-sum-v2/delay-and-sum-v2-platform/hw
TRACE::2026-01-20.16:51:29::SCWPlatform:: Platform Path C:/Users/CamLT/AX7010_Work/UltrasonicFPGA2021/delay-and-sum-v2/delay-and-sum-v2-platform/hw/Demodulator_128Ch_wrapper.xsa
TRACE::2026-01-20.16:51:29::SCWPlatform:: Unique name xilinx:::0.0
TRACE::2026-01-20.16:51:29::SCWPlatform::Trying to set the existing hwdb with name Demodulator_128Ch_wrapper_1
TRACE::2026-01-20.16:51:29::SCWPlatform::Opened existing hwdb Demodulator_128Ch_wrapper_1
TRACE::2026-01-20.16:51:29::SCWPlatform::Found the Hw Db part of the input DSA
TRACE::2026-01-20.16:51:29::SCWMssOS::Checking the sw design at  C:/Users/CamLT/AX7010_Work/UltrasonicFPGA2021/delay-and-sum-v2/delay-and-sum-v2-platform/zynq_fsbl/zynq_fsbl_bsp/system.mss
TRACE::2026-01-20.16:51:29::SCWMssOS::DEBUG:  swdes dump  C:/Users/CamLT/AX7010_Work/UltrasonicFPGA2021/delay-and-sum-v2/delay-and-sum-v2-platform/ps7_cortexa9_0/standalone_domain/bsp/system.mss|system_0||
C:/Users/CamLT/AX7010_Work/UltrasonicFPGA2021/delay-and-sum-v2/delay-and-sum-v2-platform/zynq_fsbl/zynq_fsbl_bsp/system.mss|system||

TRACE::2026-01-20.16:51:29::SCWMssOS::Sw design exists and opened at  C:/Users/CamLT/AX7010_Work/UltrasonicFPGA2021/delay-and-sum-v2/delay-and-sum-v2-platform/zynq_fsbl/zynq_fsbl_bsp/system.mss
TRACE::2026-01-20.16:51:29::SCWMssOS:: library already available in sw design:  xilffs:4.5
TRACE::2026-01-20.16:51:29::SCWPlatform::Trying to open the hw design at C:/Users/CamLT/AX7010_Work/UltrasonicFPGA2021/delay-and-sum-v2/delay-and-sum-v2-platform/hw/Demodulator_128Ch_wrapper.xsa
TRACE::2026-01-20.16:51:29::SCWPlatform::DSA given C:/Users/CamLT/AX7010_Work/UltrasonicFPGA2021/delay-and-sum-v2/delay-and-sum-v2-platform/hw/Demodulator_128Ch_wrapper.xsa
TRACE::2026-01-20.16:51:29::SCWPlatform::DSA absoulate path C:/Users/CamLT/AX7010_Work/UltrasonicFPGA2021/delay-and-sum-v2/delay-and-sum-v2-platform/hw/Demodulator_128Ch_wrapper.xsa
TRACE::2026-01-20.16:51:29::SCWPlatform::DSA directory C:/Users/CamLT/AX7010_Work/UltrasonicFPGA2021/delay-and-sum-v2/delay-and-sum-v2-platform/hw
TRACE::2026-01-20.16:51:29::SCWPlatform:: Platform Path C:/Users/CamLT/AX7010_Work/UltrasonicFPGA2021/delay-and-sum-v2/delay-and-sum-v2-platform/hw/Demodulator_128Ch_wrapper.xsa
TRACE::2026-01-20.16:51:29::SCWPlatform:: Unique name xilinx:::0.0
TRACE::2026-01-20.16:51:29::SCWPlatform::Trying to set the existing hwdb with name Demodulator_128Ch_wrapper_1
TRACE::2026-01-20.16:51:29::SCWPlatform::Opened existing hwdb Demodulator_128Ch_wrapper_1
TRACE::2026-01-20.16:51:29::SCWPlatform::Found the Hw Db part of the input DSA
TRACE::2026-01-20.16:51:29::SCWMssOS::Checking the sw design at  C:/Users/CamLT/AX7010_Work/UltrasonicFPGA2021/delay-and-sum-v2/delay-and-sum-v2-platform/zynq_fsbl/zynq_fsbl_bsp/system.mss
TRACE::2026-01-20.16:51:29::SCWMssOS::DEBUG:  swdes dump  C:/Users/CamLT/AX7010_Work/UltrasonicFPGA2021/delay-and-sum-v2/delay-and-sum-v2-platform/ps7_cortexa9_0/standalone_domain/bsp/system.mss|system_0||
C:/Users/CamLT/AX7010_Work/UltrasonicFPGA2021/delay-and-sum-v2/delay-and-sum-v2-platform/zynq_fsbl/zynq_fsbl_bsp/system.mss|system||

TRACE::2026-01-20.16:51:29::SCWMssOS::Sw design exists and opened at  C:/Users/CamLT/AX7010_Work/UltrasonicFPGA2021/delay-and-sum-v2/delay-and-sum-v2-platform/zynq_fsbl/zynq_fsbl_bsp/system.mss
TRACE::2026-01-20.16:51:29::SCWMssOS:: library already available in sw design:  xilrsa:1.6
TRACE::2026-01-20.16:51:29::SCWMssOS::Saving the mss changes C:/Users/CamLT/AX7010_Work/UltrasonicFPGA2021/delay-and-sum-v2/delay-and-sum-v2-platform/zynq_fsbl/zynq_fsbl_bsp/system.mss
TRACE::2026-01-20.16:51:29::SCWMssOS::Found a swdesign opened with the mssfile.
TRACE::2026-01-20.16:51:29::SCWMssOS::Completed writemss as part of save.
TRACE::2026-01-20.16:51:29::SCWMssOS::Commit changes completed.
TRACE::2026-01-20.16:51:29::SCWPlatform::Trying to open the hw design at C:/Users/CamLT/AX7010_Work/UltrasonicFPGA2021/delay-and-sum-v2/delay-and-sum-v2-platform/hw/Demodulator_128Ch_wrapper.xsa
TRACE::2026-01-20.16:51:29::SCWPlatform::DSA given C:/Users/CamLT/AX7010_Work/UltrasonicFPGA2021/delay-and-sum-v2/delay-and-sum-v2-platform/hw/Demodulator_128Ch_wrapper.xsa
TRACE::2026-01-20.16:51:29::SCWPlatform::DSA absoulate path C:/Users/CamLT/AX7010_Work/UltrasonicFPGA2021/delay-and-sum-v2/delay-and-sum-v2-platform/hw/Demodulator_128Ch_wrapper.xsa
TRACE::2026-01-20.16:51:29::SCWPlatform::DSA directory C:/Users/CamLT/AX7010_Work/UltrasonicFPGA2021/delay-and-sum-v2/delay-and-sum-v2-platform/hw
TRACE::2026-01-20.16:51:29::SCWPlatform:: Platform Path C:/Users/CamLT/AX7010_Work/UltrasonicFPGA2021/delay-and-sum-v2/delay-and-sum-v2-platform/hw/Demodulator_128Ch_wrapper.xsa
TRACE::2026-01-20.16:51:29::SCWPlatform:: Unique name xilinx:::0.0
TRACE::2026-01-20.16:51:29::SCWPlatform::Trying to set the existing hwdb with name Demodulator_128Ch_wrapper_1
TRACE::2026-01-20.16:51:29::SCWPlatform::Opened existing hwdb Demodulator_128Ch_wrapper_1
TRACE::2026-01-20.16:51:29::SCWPlatform::Found the Hw Db part of the input DSA
TRACE::2026-01-20.16:51:29::SCWMssOS::Checking the sw design at  C:/Users/CamLT/AX7010_Work/UltrasonicFPGA2021/delay-and-sum-v2/delay-and-sum-v2-platform/zynq_fsbl/zynq_fsbl_bsp/system.mss
TRACE::2026-01-20.16:51:29::SCWMssOS::DEBUG:  swdes dump  C:/Users/CamLT/AX7010_Work/UltrasonicFPGA2021/delay-and-sum-v2/delay-and-sum-v2-platform/ps7_cortexa9_0/standalone_domain/bsp/system.mss|system_0||
C:/Users/CamLT/AX7010_Work/UltrasonicFPGA2021/delay-and-sum-v2/delay-and-sum-v2-platform/zynq_fsbl/zynq_fsbl_bsp/system.mss|system||

TRACE::2026-01-20.16:51:29::SCWMssOS::Sw design exists and opened at  C:/Users/CamLT/AX7010_Work/UltrasonicFPGA2021/delay-and-sum-v2/delay-and-sum-v2-platform/zynq_fsbl/zynq_fsbl_bsp/system.mss
TRACE::2026-01-20.16:51:29::SCWMssOS::Removing the swdes entry for  C:/Users/CamLT/AX7010_Work/UltrasonicFPGA2021/delay-and-sum-v2/delay-and-sum-v2-platform/zynq_fsbl/zynq_fsbl_bsp/system.mss
TRACE::2026-01-20.16:51:29::SCWPlatform::Trying to open the hw design at C:/Users/CamLT/AX7010_Work/UltrasonicFPGA2021/delay-and-sum-v2/delay-and-sum-v2-platform/hw/Demodulator_128Ch_wrapper.xsa
TRACE::2026-01-20.16:51:29::SCWPlatform::DSA given C:/Users/CamLT/AX7010_Work/UltrasonicFPGA2021/delay-and-sum-v2/delay-and-sum-v2-platform/hw/Demodulator_128Ch_wrapper.xsa
TRACE::2026-01-20.16:51:29::SCWPlatform::DSA absoulate path C:/Users/CamLT/AX7010_Work/UltrasonicFPGA2021/delay-and-sum-v2/delay-and-sum-v2-platform/hw/Demodulator_128Ch_wrapper.xsa
TRACE::2026-01-20.16:51:29::SCWPlatform::DSA directory C:/Users/CamLT/AX7010_Work/UltrasonicFPGA2021/delay-and-sum-v2/delay-and-sum-v2-platform/hw
TRACE::2026-01-20.16:51:29::SCWPlatform:: Platform Path C:/Users/CamLT/AX7010_Work/UltrasonicFPGA2021/delay-and-sum-v2/delay-and-sum-v2-platform/hw/Demodulator_128Ch_wrapper.xsa
TRACE::2026-01-20.16:51:29::SCWPlatform:: Unique name xilinx:::0.0
TRACE::2026-01-20.16:51:29::SCWPlatform::Trying to set the existing hwdb with name Demodulator_128Ch_wrapper_1
TRACE::2026-01-20.16:51:29::SCWPlatform::Opened existing hwdb Demodulator_128Ch_wrapper_1
TRACE::2026-01-20.16:51:29::SCWPlatform::Found the Hw Db part of the input DSA
TRACE::2026-01-20.16:51:29::SCWMssOS::Checking the sw design at  C:/Users/CamLT/AX7010_Work/UltrasonicFPGA2021/delay-and-sum-v2/delay-and-sum-v2-platform/zynq_fsbl/zynq_fsbl_bsp/system.mss
TRACE::2026-01-20.16:51:29::SCWMssOS::DEBUG:  swdes dump  C:/Users/CamLT/AX7010_Work/UltrasonicFPGA2021/delay-and-sum-v2/delay-and-sum-v2-platform/ps7_cortexa9_0/standalone_domain/bsp/system.mss|system_0||

TRACE::2026-01-20.16:51:29::SCWMssOS::No sw design opened at  C:/Users/CamLT/AX7010_Work/UltrasonicFPGA2021/delay-and-sum-v2/delay-and-sum-v2-platform/zynq_fsbl/zynq_fsbl_bsp/system.mss
TRACE::2026-01-20.16:51:29::SCWMssOS::mss exists loading the mss file  C:/Users/CamLT/AX7010_Work/UltrasonicFPGA2021/delay-and-sum-v2/delay-and-sum-v2-platform/zynq_fsbl/zynq_fsbl_bsp/system.mss
TRACE::2026-01-20.16:51:29::SCWMssOS::Opened the sw design from mss  C:/Users/CamLT/AX7010_Work/UltrasonicFPGA2021/delay-and-sum-v2/delay-and-sum-v2-platform/zynq_fsbl/zynq_fsbl_bsp/system.mss
TRACE::2026-01-20.16:51:29::SCWMssOS::Adding the swdes entry C:/Users/CamLT/AX7010_Work/UltrasonicFPGA2021/delay-and-sum-v2/delay-and-sum-v2-platform/zynq_fsbl/zynq_fsbl_bsp/system.mss with des name system
TRACE::2026-01-20.16:51:29::SCWMssOS::updating the scw layer about changes
TRACE::2026-01-20.16:51:29::SCWMssOS::Opened the sw design.  C:/Users/CamLT/AX7010_Work/UltrasonicFPGA2021/delay-and-sum-v2/delay-and-sum-v2-platform/zynq_fsbl/zynq_fsbl_bsp/system.mss
TRACE::2026-01-20.16:51:34::SCWPlatform::Trying to open the hw design at C:/Users/CamLT/AX7010_Work/UltrasonicFPGA2021/delay-and-sum-v2/delay-and-sum-v2-platform/hw/Demodulator_128Ch_wrapper.xsa
TRACE::2026-01-20.16:51:34::SCWPlatform::DSA given C:/Users/CamLT/AX7010_Work/UltrasonicFPGA2021/delay-and-sum-v2/delay-and-sum-v2-platform/hw/Demodulator_128Ch_wrapper.xsa
TRACE::2026-01-20.16:51:34::SCWPlatform::DSA absoulate path C:/Users/CamLT/AX7010_Work/UltrasonicFPGA2021/delay-and-sum-v2/delay-and-sum-v2-platform/hw/Demodulator_128Ch_wrapper.xsa
TRACE::2026-01-20.16:51:34::SCWPlatform::DSA directory C:/Users/CamLT/AX7010_Work/UltrasonicFPGA2021/delay-and-sum-v2/delay-and-sum-v2-platform/hw
TRACE::2026-01-20.16:51:34::SCWPlatform:: Platform Path C:/Users/CamLT/AX7010_Work/UltrasonicFPGA2021/delay-and-sum-v2/delay-and-sum-v2-platform/hw/Demodulator_128Ch_wrapper.xsa
TRACE::2026-01-20.16:51:34::SCWPlatform:: Unique name xilinx:::0.0
TRACE::2026-01-20.16:51:34::SCWPlatform::Trying to set the existing hwdb with name Demodulator_128Ch_wrapper_1
TRACE::2026-01-20.16:51:34::SCWPlatform::Opened existing hwdb Demodulator_128Ch_wrapper_1
TRACE::2026-01-20.16:51:34::SCWPlatform::Found the Hw Db part of the input DSA
TRACE::2026-01-20.16:51:34::SCWMssOS::Checking the sw design at  C:/Users/CamLT/AX7010_Work/UltrasonicFPGA2021/delay-and-sum-v2/delay-and-sum-v2-platform/zynq_fsbl/zynq_fsbl_bsp/system.mss
TRACE::2026-01-20.16:51:34::SCWMssOS::DEBUG:  swdes dump  C:/Users/CamLT/AX7010_Work/UltrasonicFPGA2021/delay-and-sum-v2/delay-and-sum-v2-platform/ps7_cortexa9_0/standalone_domain/bsp/system.mss|system_0||
C:/Users/CamLT/AX7010_Work/UltrasonicFPGA2021/delay-and-sum-v2/delay-and-sum-v2-platform/zynq_fsbl/zynq_fsbl_bsp/system.mss|system||

TRACE::2026-01-20.16:51:34::SCWMssOS::Sw design exists and opened at  C:/Users/CamLT/AX7010_Work/UltrasonicFPGA2021/delay-and-sum-v2/delay-and-sum-v2-platform/zynq_fsbl/zynq_fsbl_bsp/system.mss
TRACE::2026-01-20.16:51:34::SCWMssOS::Adding Library:  lwip211:1.5
TRACE::2026-01-20.16:51:34::SCWMssOS::Added Library:  lwip211
TRACE::2026-01-20.16:51:34::SCWPlatform::Trying to open the hw design at C:/Users/CamLT/AX7010_Work/UltrasonicFPGA2021/delay-and-sum-v2/delay-and-sum-v2-platform/hw/Demodulator_128Ch_wrapper.xsa
TRACE::2026-01-20.16:51:34::SCWPlatform::DSA given C:/Users/CamLT/AX7010_Work/UltrasonicFPGA2021/delay-and-sum-v2/delay-and-sum-v2-platform/hw/Demodulator_128Ch_wrapper.xsa
TRACE::2026-01-20.16:51:34::SCWPlatform::DSA absoulate path C:/Users/CamLT/AX7010_Work/UltrasonicFPGA2021/delay-and-sum-v2/delay-and-sum-v2-platform/hw/Demodulator_128Ch_wrapper.xsa
TRACE::2026-01-20.16:51:34::SCWPlatform::DSA directory C:/Users/CamLT/AX7010_Work/UltrasonicFPGA2021/delay-and-sum-v2/delay-and-sum-v2-platform/hw
TRACE::2026-01-20.16:51:34::SCWPlatform:: Platform Path C:/Users/CamLT/AX7010_Work/UltrasonicFPGA2021/delay-and-sum-v2/delay-and-sum-v2-platform/hw/Demodulator_128Ch_wrapper.xsa
TRACE::2026-01-20.16:51:34::SCWPlatform:: Unique name xilinx:::0.0
TRACE::2026-01-20.16:51:34::SCWPlatform::Trying to set the existing hwdb with name Demodulator_128Ch_wrapper_1
TRACE::2026-01-20.16:51:34::SCWPlatform::Opened existing hwdb Demodulator_128Ch_wrapper_1
TRACE::2026-01-20.16:51:34::SCWPlatform::Found the Hw Db part of the input DSA
TRACE::2026-01-20.16:51:34::SCWMssOS::Checking the sw design at  C:/Users/CamLT/AX7010_Work/UltrasonicFPGA2021/delay-and-sum-v2/delay-and-sum-v2-platform/zynq_fsbl/zynq_fsbl_bsp/system.mss
TRACE::2026-01-20.16:51:34::SCWMssOS::DEBUG:  swdes dump  C:/Users/CamLT/AX7010_Work/UltrasonicFPGA2021/delay-and-sum-v2/delay-and-sum-v2-platform/ps7_cortexa9_0/standalone_domain/bsp/system.mss|system_0||
C:/Users/CamLT/AX7010_Work/UltrasonicFPGA2021/delay-and-sum-v2/delay-and-sum-v2-platform/zynq_fsbl/zynq_fsbl_bsp/system.mss|system||

TRACE::2026-01-20.16:51:34::SCWMssOS::Sw design exists and opened at  C:/Users/CamLT/AX7010_Work/UltrasonicFPGA2021/delay-and-sum-v2/delay-and-sum-v2-platform/zynq_fsbl/zynq_fsbl_bsp/system.mss
TRACE::2026-01-20.16:51:36::SCWMssOS::Saving the mss changes C:/Users/CamLT/AX7010_Work/UltrasonicFPGA2021/delay-and-sum-v2/delay-and-sum-v2-platform/zynq_fsbl/zynq_fsbl_bsp/system.mss
TRACE::2026-01-20.16:51:36::SCWMssOS::Found a swdesign opened with the mssfile.
TRACE::2026-01-20.16:51:36::SCWMssOS::Completed writemss as part of save.
TRACE::2026-01-20.16:51:36::SCWMssOS::Commit changes completed.
TRACE::2026-01-20.16:51:36::SCWMssOS::Saving the mss changes C:/Users/CamLT/AX7010_Work/UltrasonicFPGA2021/delay-and-sum-v2/delay-and-sum-v2-platform/ps7_cortexa9_0/standalone_domain/bsp/system.mss
TRACE::2026-01-20.16:51:36::SCWMssOS::Found a swdesign opened with the mssfile.
TRACE::2026-01-20.16:51:36::SCWMssOS::Completed writemss as part of save.
TRACE::2026-01-20.16:51:36::SCWMssOS::Commit changes completed.
TRACE::2026-01-20.16:51:36::SCWPlatform::Trying to open the hw design at C:/Users/CamLT/AX7010_Work/UltrasonicFPGA2021/delay-and-sum-v2/delay-and-sum-v2-platform/hw/Demodulator_128Ch_wrapper.xsa
TRACE::2026-01-20.16:51:36::SCWPlatform::DSA given C:/Users/CamLT/AX7010_Work/UltrasonicFPGA2021/delay-and-sum-v2/delay-and-sum-v2-platform/hw/Demodulator_128Ch_wrapper.xsa
TRACE::2026-01-20.16:51:36::SCWPlatform::DSA absoulate path C:/Users/CamLT/AX7010_Work/UltrasonicFPGA2021/delay-and-sum-v2/delay-and-sum-v2-platform/hw/Demodulator_128Ch_wrapper.xsa
TRACE::2026-01-20.16:51:36::SCWPlatform::DSA directory C:/Users/CamLT/AX7010_Work/UltrasonicFPGA2021/delay-and-sum-v2/delay-and-sum-v2-platform/hw
TRACE::2026-01-20.16:51:36::SCWPlatform:: Platform Path C:/Users/CamLT/AX7010_Work/UltrasonicFPGA2021/delay-and-sum-v2/delay-and-sum-v2-platform/hw/Demodulator_128Ch_wrapper.xsa
TRACE::2026-01-20.16:51:36::SCWPlatform:: Unique name xilinx:::0.0
TRACE::2026-01-20.16:51:36::SCWPlatform::Trying to set the existing hwdb with name Demodulator_128Ch_wrapper_1
TRACE::2026-01-20.16:51:36::SCWPlatform::Opened existing hwdb Demodulator_128Ch_wrapper_1
TRACE::2026-01-20.16:51:36::SCWPlatform::Found the Hw Db part of the input DSA
TRACE::2026-01-20.16:51:36::SCWMssOS::Checking the sw design at  C:/Users/CamLT/AX7010_Work/UltrasonicFPGA2021/delay-and-sum-v2/delay-and-sum-v2-platform/zynq_fsbl/zynq_fsbl_bsp/system.mss
TRACE::2026-01-20.16:51:36::SCWMssOS::DEBUG:  swdes dump  C:/Users/CamLT/AX7010_Work/UltrasonicFPGA2021/delay-and-sum-v2/delay-and-sum-v2-platform/ps7_cortexa9_0/standalone_domain/bsp/system.mss|system_0||
C:/Users/CamLT/AX7010_Work/UltrasonicFPGA2021/delay-and-sum-v2/delay-and-sum-v2-platform/zynq_fsbl/zynq_fsbl_bsp/system.mss|system||

TRACE::2026-01-20.16:51:36::SCWMssOS::Sw design exists and opened at  C:/Users/CamLT/AX7010_Work/UltrasonicFPGA2021/delay-and-sum-v2/delay-and-sum-v2-platform/zynq_fsbl/zynq_fsbl_bsp/system.mss
TRACE::2026-01-20.16:51:36::SCWPlatform::Trying to open the hw design at C:/Users/CamLT/AX7010_Work/UltrasonicFPGA2021/delay-and-sum-v2/delay-and-sum-v2-platform/hw/Demodulator_128Ch_wrapper.xsa
TRACE::2026-01-20.16:51:36::SCWPlatform::DSA given C:/Users/CamLT/AX7010_Work/UltrasonicFPGA2021/delay-and-sum-v2/delay-and-sum-v2-platform/hw/Demodulator_128Ch_wrapper.xsa
TRACE::2026-01-20.16:51:36::SCWPlatform::DSA absoulate path C:/Users/CamLT/AX7010_Work/UltrasonicFPGA2021/delay-and-sum-v2/delay-and-sum-v2-platform/hw/Demodulator_128Ch_wrapper.xsa
TRACE::2026-01-20.16:51:36::SCWPlatform::DSA directory C:/Users/CamLT/AX7010_Work/UltrasonicFPGA2021/delay-and-sum-v2/delay-and-sum-v2-platform/hw
TRACE::2026-01-20.16:51:36::SCWPlatform:: Platform Path C:/Users/CamLT/AX7010_Work/UltrasonicFPGA2021/delay-and-sum-v2/delay-and-sum-v2-platform/hw/Demodulator_128Ch_wrapper.xsa
TRACE::2026-01-20.16:51:36::SCWPlatform:: Unique name xilinx:::0.0
TRACE::2026-01-20.16:51:36::SCWPlatform::Trying to set the existing hwdb with name Demodulator_128Ch_wrapper_1
TRACE::2026-01-20.16:51:36::SCWPlatform::Opened existing hwdb Demodulator_128Ch_wrapper_1
TRACE::2026-01-20.16:51:36::SCWPlatform::Found the Hw Db part of the input DSA
TRACE::2026-01-20.16:51:36::SCWMssOS::Checking the sw design at  C:/Users/CamLT/AX7010_Work/UltrasonicFPGA2021/delay-and-sum-v2/delay-and-sum-v2-platform/ps7_cortexa9_0/standalone_domain/bsp/system.mss
TRACE::2026-01-20.16:51:36::SCWMssOS::DEBUG:  swdes dump  C:/Users/CamLT/AX7010_Work/UltrasonicFPGA2021/delay-and-sum-v2/delay-and-sum-v2-platform/ps7_cortexa9_0/standalone_domain/bsp/system.mss|system_0||
C:/Users/CamLT/AX7010_Work/UltrasonicFPGA2021/delay-and-sum-v2/delay-and-sum-v2-platform/zynq_fsbl/zynq_fsbl_bsp/system.mss|system||

TRACE::2026-01-20.16:51:36::SCWMssOS::Sw design exists and opened at  C:/Users/CamLT/AX7010_Work/UltrasonicFPGA2021/delay-and-sum-v2/delay-and-sum-v2-platform/ps7_cortexa9_0/standalone_domain/bsp/system.mss
TRACE::2026-01-20.16:51:36::SCWWriter::formatted JSON is {
	"platformName":	"delay-and-sum-v2-platform",
	"sprVersion":	"2.0",
	"mode":	"gui",
	"dsaType":	"Fixed",
	"platformDesc":	"delay-and-sum-v2-platform",
	"platHandOff":	"C:/Users/CamLT/AX7010_Work/Demodulator_128Ch_wrapper.xsa",
	"platIntHandOff":	"<platformDir>/hw/Demodulator_128Ch_wrapper.xsa",
	"deviceType":	"zynq",
	"platIsPrebuiltAutogen":	"false",
	"platIsNoBootBsp":	"false",
	"hasFsblMakeHasChanges":	"false",
	"hasPmufwMakeHasChanges":	"false",
	"fsblExtraCompilerFlags":	"-MMD -MP       -mcpu=cortex-a9 -mfpu=vfpv3 -mfloat-abi=hard ",
	"platPreBuiltFlag":	false,
	"platformSamplesDir":	"",
	"platActiveSys":	"delay-and-sum-v2-platform",
	"systems":	[{
			"systemName":	"delay-and-sum-v2-platform",
			"systemDesc":	"delay-and-sum-v2-platform",
			"sysIsBootAutoGen":	"true",
			"systemDispName":	"delay-and-sum-v2-platform",
			"sysActiveDom":	"zynq_fsbl",
			"sysDefaultDom":	"standalone_domain",
			"domains":	[{
					"domainName":	"zynq_fsbl",
					"domainDispName":	"zynq_fsbl",
					"domainDesc":	"FSBL Application BSP - Auto Generated.",
					"processors":	"ps7_cortexa9_0",
					"os":	"standalone",
					"sdxOs":	"standalone",
					"debugEnable":	"",
					"domRuntimes":	["cpp"],
					"swRepo":	"",
					"mssOsVer":	"7.5",
					"mssFile":	"",
					"md5Digest":	"8d3fc67baac38ac96da78567c4cbff96",
					"compatibleApp":	"zynq_fsbl",
					"domType":	"bootDomain",
					"arch":	"32-bit",
					"appSettings":	{
						"appCompilerFlags":	"",
						"appLinkerFlags":	""
					},
					"addedLibs":	["xilffs:4.5", "xilrsa:1.6", "lwip211:1.5"],
					"libOptions":	{
						"libsContainingOptions":	[]
					},
					"prebuiltLibs":	{
						"prebuiltIncPath":	[],
						"prebuiltLibPath":	[]
					},
					"isolation":	{
					}
				}, {
					"domainName":	"standalone_domain",
					"domainDispName":	"standalone on ps7_cortexa9_0",
					"domainDesc":	"standalone_domain",
					"processors":	"ps7_cortexa9_0",
					"os":	"standalone",
					"sdxOs":	"standalone",
					"qemuArgs":	"C:/Xilinx/Vitis/2021.1/data/emulation/platforms/zynq/sw/a9_standalone/qemu/qemu_args.txt",
					"qemuData":	"C:/Xilinx/Vitis/2021.1/data/emulation/platforms/zynq/sw/a9_standalone/qemu/",
					"debugEnable":	"False",
					"domRuntimes":	["cpp"],
					"swRepo":	"",
					"mssOsVer":	"7.5",
					"mssFile":	"",
					"md5Digest":	"e1314fc24394511c64ca9c8e839a63cb",
					"compatibleApp":	"",
					"domType":	"mssDomain",
					"appSettings":	{
						"appCompilerFlags":	"",
						"appLinkerFlags":	""
					},
					"addedLibs":	[],
					"libOptions":	{
						"libsContainingOptions":	[]
					},
					"prebuiltLibs":	{
						"prebuiltIncPath":	[],
						"prebuiltLibPath":	[]
					},
					"isolation":	{
					}
				}]
		}]
}
TRACE::2026-01-20.16:51:36::SCWMssOS::Saving the mss changes C:/Users/CamLT/AX7010_Work/UltrasonicFPGA2021/delay-and-sum-v2/delay-and-sum-v2-platform/zynq_fsbl/zynq_fsbl_bsp/system.mss
TRACE::2026-01-20.16:51:36::SCWMssOS::Found a swdesign opened with the mssfile.
TRACE::2026-01-20.16:51:36::SCWMssOS::Completed writemss as part of save.
TRACE::2026-01-20.16:51:36::SCWMssOS::Commit changes completed.
TRACE::2026-01-20.16:51:36::SCWPlatform::Trying to open the hw design at C:/Users/CamLT/AX7010_Work/UltrasonicFPGA2021/delay-and-sum-v2/delay-and-sum-v2-platform/hw/Demodulator_128Ch_wrapper.xsa
TRACE::2026-01-20.16:51:36::SCWPlatform::DSA given C:/Users/CamLT/AX7010_Work/UltrasonicFPGA2021/delay-and-sum-v2/delay-and-sum-v2-platform/hw/Demodulator_128Ch_wrapper.xsa
TRACE::2026-01-20.16:51:36::SCWPlatform::DSA absoulate path C:/Users/CamLT/AX7010_Work/UltrasonicFPGA2021/delay-and-sum-v2/delay-and-sum-v2-platform/hw/Demodulator_128Ch_wrapper.xsa
TRACE::2026-01-20.16:51:36::SCWPlatform::DSA directory C:/Users/CamLT/AX7010_Work/UltrasonicFPGA2021/delay-and-sum-v2/delay-and-sum-v2-platform/hw
TRACE::2026-01-20.16:51:36::SCWPlatform:: Platform Path C:/Users/CamLT/AX7010_Work/UltrasonicFPGA2021/delay-and-sum-v2/delay-and-sum-v2-platform/hw/Demodulator_128Ch_wrapper.xsa
TRACE::2026-01-20.16:51:36::SCWPlatform:: Unique name xilinx:::0.0
TRACE::2026-01-20.16:51:36::SCWPlatform::Trying to set the existing hwdb with name Demodulator_128Ch_wrapper_1
TRACE::2026-01-20.16:51:36::SCWPlatform::Opened existing hwdb Demodulator_128Ch_wrapper_1
TRACE::2026-01-20.16:51:36::SCWPlatform::Found the Hw Db part of the input DSA
TRACE::2026-01-20.16:51:36::SCWMssOS::Checking the sw design at  C:/Users/CamLT/AX7010_Work/UltrasonicFPGA2021/delay-and-sum-v2/delay-and-sum-v2-platform/zynq_fsbl/zynq_fsbl_bsp/system.mss
TRACE::2026-01-20.16:51:36::SCWMssOS::DEBUG:  swdes dump  C:/Users/CamLT/AX7010_Work/UltrasonicFPGA2021/delay-and-sum-v2/delay-and-sum-v2-platform/ps7_cortexa9_0/standalone_domain/bsp/system.mss|system_0||
C:/Users/CamLT/AX7010_Work/UltrasonicFPGA2021/delay-and-sum-v2/delay-and-sum-v2-platform/zynq_fsbl/zynq_fsbl_bsp/system.mss|system||

TRACE::2026-01-20.16:51:36::SCWMssOS::Sw design exists and opened at  C:/Users/CamLT/AX7010_Work/UltrasonicFPGA2021/delay-and-sum-v2/delay-and-sum-v2-platform/zynq_fsbl/zynq_fsbl_bsp/system.mss
TRACE::2026-01-20.16:51:36::SCWMssOS::Removing the swdes entry for  C:/Users/CamLT/AX7010_Work/UltrasonicFPGA2021/delay-and-sum-v2/delay-and-sum-v2-platform/zynq_fsbl/zynq_fsbl_bsp/system.mss
TRACE::2026-01-20.16:51:36::SCWMssOS::In reload Mss file.
TRACE::2026-01-20.16:51:36::SCWPlatform::Trying to open the hw design at C:/Users/CamLT/AX7010_Work/UltrasonicFPGA2021/delay-and-sum-v2/delay-and-sum-v2-platform/hw/Demodulator_128Ch_wrapper.xsa
TRACE::2026-01-20.16:51:36::SCWPlatform::DSA given C:/Users/CamLT/AX7010_Work/UltrasonicFPGA2021/delay-and-sum-v2/delay-and-sum-v2-platform/hw/Demodulator_128Ch_wrapper.xsa
TRACE::2026-01-20.16:51:36::SCWPlatform::DSA absoulate path C:/Users/CamLT/AX7010_Work/UltrasonicFPGA2021/delay-and-sum-v2/delay-and-sum-v2-platform/hw/Demodulator_128Ch_wrapper.xsa
TRACE::2026-01-20.16:51:36::SCWPlatform::DSA directory C:/Users/CamLT/AX7010_Work/UltrasonicFPGA2021/delay-and-sum-v2/delay-and-sum-v2-platform/hw
TRACE::2026-01-20.16:51:36::SCWPlatform:: Platform Path C:/Users/CamLT/AX7010_Work/UltrasonicFPGA2021/delay-and-sum-v2/delay-and-sum-v2-platform/hw/Demodulator_128Ch_wrapper.xsa
TRACE::2026-01-20.16:51:36::SCWPlatform:: Unique name xilinx:::0.0
TRACE::2026-01-20.16:51:36::SCWPlatform::Trying to set the existing hwdb with name Demodulator_128Ch_wrapper_1
TRACE::2026-01-20.16:51:36::SCWPlatform::Opened existing hwdb Demodulator_128Ch_wrapper_1
TRACE::2026-01-20.16:51:36::SCWPlatform::Found the Hw Db part of the input DSA
TRACE::2026-01-20.16:51:36::SCWMssOS::Checking the sw design at  C:/Users/CamLT/AX7010_Work/UltrasonicFPGA2021/delay-and-sum-v2/delay-and-sum-v2-platform/zynq_fsbl/zynq_fsbl_bsp/system.mss
TRACE::2026-01-20.16:51:36::SCWMssOS::DEBUG:  swdes dump  C:/Users/CamLT/AX7010_Work/UltrasonicFPGA2021/delay-and-sum-v2/delay-and-sum-v2-platform/ps7_cortexa9_0/standalone_domain/bsp/system.mss|system_0||

TRACE::2026-01-20.16:51:36::SCWMssOS::No sw design opened at  C:/Users/CamLT/AX7010_Work/UltrasonicFPGA2021/delay-and-sum-v2/delay-and-sum-v2-platform/zynq_fsbl/zynq_fsbl_bsp/system.mss
TRACE::2026-01-20.16:51:36::SCWMssOS::mss exists loading the mss file  C:/Users/CamLT/AX7010_Work/UltrasonicFPGA2021/delay-and-sum-v2/delay-and-sum-v2-platform/zynq_fsbl/zynq_fsbl_bsp/system.mss
TRACE::2026-01-20.16:51:36::SCWMssOS::Opened the sw design from mss  C:/Users/CamLT/AX7010_Work/UltrasonicFPGA2021/delay-and-sum-v2/delay-and-sum-v2-platform/zynq_fsbl/zynq_fsbl_bsp/system.mss
TRACE::2026-01-20.16:51:36::SCWMssOS::Adding the swdes entry C:/Users/CamLT/AX7010_Work/UltrasonicFPGA2021/delay-and-sum-v2/delay-and-sum-v2-platform/zynq_fsbl/zynq_fsbl_bsp/system.mss with des name system
TRACE::2026-01-20.16:51:36::SCWMssOS::updating the scw layer about changes
TRACE::2026-01-20.16:51:36::SCWMssOS::Opened the sw design.  C:/Users/CamLT/AX7010_Work/UltrasonicFPGA2021/delay-and-sum-v2/delay-and-sum-v2-platform/zynq_fsbl/zynq_fsbl_bsp/system.mss
TRACE::2026-01-20.16:51:36::SCWPlatform::Trying to open the hw design at C:/Users/CamLT/AX7010_Work/UltrasonicFPGA2021/delay-and-sum-v2/delay-and-sum-v2-platform/hw/Demodulator_128Ch_wrapper.xsa
TRACE::2026-01-20.16:51:36::SCWPlatform::DSA given C:/Users/CamLT/AX7010_Work/UltrasonicFPGA2021/delay-and-sum-v2/delay-and-sum-v2-platform/hw/Demodulator_128Ch_wrapper.xsa
TRACE::2026-01-20.16:51:36::SCWPlatform::DSA absoulate path C:/Users/CamLT/AX7010_Work/UltrasonicFPGA2021/delay-and-sum-v2/delay-and-sum-v2-platform/hw/Demodulator_128Ch_wrapper.xsa
TRACE::2026-01-20.16:51:36::SCWPlatform::DSA directory C:/Users/CamLT/AX7010_Work/UltrasonicFPGA2021/delay-and-sum-v2/delay-and-sum-v2-platform/hw
TRACE::2026-01-20.16:51:36::SCWPlatform:: Platform Path C:/Users/CamLT/AX7010_Work/UltrasonicFPGA2021/delay-and-sum-v2/delay-and-sum-v2-platform/hw/Demodulator_128Ch_wrapper.xsa
TRACE::2026-01-20.16:51:36::SCWPlatform:: Unique name xilinx:::0.0
TRACE::2026-01-20.16:51:36::SCWPlatform::Trying to set the existing hwdb with name Demodulator_128Ch_wrapper_1
TRACE::2026-01-20.16:51:36::SCWPlatform::Opened existing hwdb Demodulator_128Ch_wrapper_1
TRACE::2026-01-20.16:51:36::SCWPlatform::Found the Hw Db part of the input DSA
TRACE::2026-01-20.16:51:36::SCWMssOS::Checking the sw design at  C:/Users/CamLT/AX7010_Work/UltrasonicFPGA2021/delay-and-sum-v2/delay-and-sum-v2-platform/zynq_fsbl/zynq_fsbl_bsp/system.mss
TRACE::2026-01-20.16:51:36::SCWMssOS::DEBUG:  swdes dump  C:/Users/CamLT/AX7010_Work/UltrasonicFPGA2021/delay-and-sum-v2/delay-and-sum-v2-platform/ps7_cortexa9_0/standalone_domain/bsp/system.mss|system_0||
C:/Users/CamLT/AX7010_Work/UltrasonicFPGA2021/delay-and-sum-v2/delay-and-sum-v2-platform/zynq_fsbl/zynq_fsbl_bsp/system.mss|system||

TRACE::2026-01-20.16:51:36::SCWMssOS::Sw design exists and opened at  C:/Users/CamLT/AX7010_Work/UltrasonicFPGA2021/delay-and-sum-v2/delay-and-sum-v2-platform/zynq_fsbl/zynq_fsbl_bsp/system.mss
TRACE::2026-01-20.16:51:36::SCWMssOS:: library already available in sw design:  xilffs:4.5
TRACE::2026-01-20.16:51:36::SCWPlatform::Trying to open the hw design at C:/Users/CamLT/AX7010_Work/UltrasonicFPGA2021/delay-and-sum-v2/delay-and-sum-v2-platform/hw/Demodulator_128Ch_wrapper.xsa
TRACE::2026-01-20.16:51:36::SCWPlatform::DSA given C:/Users/CamLT/AX7010_Work/UltrasonicFPGA2021/delay-and-sum-v2/delay-and-sum-v2-platform/hw/Demodulator_128Ch_wrapper.xsa
TRACE::2026-01-20.16:51:36::SCWPlatform::DSA absoulate path C:/Users/CamLT/AX7010_Work/UltrasonicFPGA2021/delay-and-sum-v2/delay-and-sum-v2-platform/hw/Demodulator_128Ch_wrapper.xsa
TRACE::2026-01-20.16:51:36::SCWPlatform::DSA directory C:/Users/CamLT/AX7010_Work/UltrasonicFPGA2021/delay-and-sum-v2/delay-and-sum-v2-platform/hw
TRACE::2026-01-20.16:51:36::SCWPlatform:: Platform Path C:/Users/CamLT/AX7010_Work/UltrasonicFPGA2021/delay-and-sum-v2/delay-and-sum-v2-platform/hw/Demodulator_128Ch_wrapper.xsa
TRACE::2026-01-20.16:51:36::SCWPlatform:: Unique name xilinx:::0.0
TRACE::2026-01-20.16:51:36::SCWPlatform::Trying to set the existing hwdb with name Demodulator_128Ch_wrapper_1
TRACE::2026-01-20.16:51:36::SCWPlatform::Opened existing hwdb Demodulator_128Ch_wrapper_1
TRACE::2026-01-20.16:51:36::SCWPlatform::Found the Hw Db part of the input DSA
TRACE::2026-01-20.16:51:36::SCWMssOS::Checking the sw design at  C:/Users/CamLT/AX7010_Work/UltrasonicFPGA2021/delay-and-sum-v2/delay-and-sum-v2-platform/zynq_fsbl/zynq_fsbl_bsp/system.mss
TRACE::2026-01-20.16:51:36::SCWMssOS::DEBUG:  swdes dump  C:/Users/CamLT/AX7010_Work/UltrasonicFPGA2021/delay-and-sum-v2/delay-and-sum-v2-platform/ps7_cortexa9_0/standalone_domain/bsp/system.mss|system_0||
C:/Users/CamLT/AX7010_Work/UltrasonicFPGA2021/delay-and-sum-v2/delay-and-sum-v2-platform/zynq_fsbl/zynq_fsbl_bsp/system.mss|system||

TRACE::2026-01-20.16:51:36::SCWMssOS::Sw design exists and opened at  C:/Users/CamLT/AX7010_Work/UltrasonicFPGA2021/delay-and-sum-v2/delay-and-sum-v2-platform/zynq_fsbl/zynq_fsbl_bsp/system.mss
TRACE::2026-01-20.16:51:36::SCWMssOS:: library already available in sw design:  xilrsa:1.6
TRACE::2026-01-20.16:51:36::SCWPlatform::Trying to open the hw design at C:/Users/CamLT/AX7010_Work/UltrasonicFPGA2021/delay-and-sum-v2/delay-and-sum-v2-platform/hw/Demodulator_128Ch_wrapper.xsa
TRACE::2026-01-20.16:51:36::SCWPlatform::DSA given C:/Users/CamLT/AX7010_Work/UltrasonicFPGA2021/delay-and-sum-v2/delay-and-sum-v2-platform/hw/Demodulator_128Ch_wrapper.xsa
TRACE::2026-01-20.16:51:36::SCWPlatform::DSA absoulate path C:/Users/CamLT/AX7010_Work/UltrasonicFPGA2021/delay-and-sum-v2/delay-and-sum-v2-platform/hw/Demodulator_128Ch_wrapper.xsa
TRACE::2026-01-20.16:51:36::SCWPlatform::DSA directory C:/Users/CamLT/AX7010_Work/UltrasonicFPGA2021/delay-and-sum-v2/delay-and-sum-v2-platform/hw
TRACE::2026-01-20.16:51:36::SCWPlatform:: Platform Path C:/Users/CamLT/AX7010_Work/UltrasonicFPGA2021/delay-and-sum-v2/delay-and-sum-v2-platform/hw/Demodulator_128Ch_wrapper.xsa
TRACE::2026-01-20.16:51:36::SCWPlatform:: Unique name xilinx:::0.0
TRACE::2026-01-20.16:51:36::SCWPlatform::Trying to set the existing hwdb with name Demodulator_128Ch_wrapper_1
TRACE::2026-01-20.16:51:36::SCWPlatform::Opened existing hwdb Demodulator_128Ch_wrapper_1
TRACE::2026-01-20.16:51:36::SCWPlatform::Found the Hw Db part of the input DSA
TRACE::2026-01-20.16:51:36::SCWMssOS::Checking the sw design at  C:/Users/CamLT/AX7010_Work/UltrasonicFPGA2021/delay-and-sum-v2/delay-and-sum-v2-platform/zynq_fsbl/zynq_fsbl_bsp/system.mss
TRACE::2026-01-20.16:51:36::SCWMssOS::DEBUG:  swdes dump  C:/Users/CamLT/AX7010_Work/UltrasonicFPGA2021/delay-and-sum-v2/delay-and-sum-v2-platform/ps7_cortexa9_0/standalone_domain/bsp/system.mss|system_0||
C:/Users/CamLT/AX7010_Work/UltrasonicFPGA2021/delay-and-sum-v2/delay-and-sum-v2-platform/zynq_fsbl/zynq_fsbl_bsp/system.mss|system||

TRACE::2026-01-20.16:51:36::SCWMssOS::Sw design exists and opened at  C:/Users/CamLT/AX7010_Work/UltrasonicFPGA2021/delay-and-sum-v2/delay-and-sum-v2-platform/zynq_fsbl/zynq_fsbl_bsp/system.mss
TRACE::2026-01-20.16:51:36::SCWMssOS:: library already available in sw design:  lwip211:1.5
TRACE::2026-01-20.16:51:36::SCWMssOS::Saving the mss changes C:/Users/CamLT/AX7010_Work/UltrasonicFPGA2021/delay-and-sum-v2/delay-and-sum-v2-platform/zynq_fsbl/zynq_fsbl_bsp/system.mss
TRACE::2026-01-20.16:51:36::SCWMssOS::Found a swdesign opened with the mssfile.
TRACE::2026-01-20.16:51:36::SCWMssOS::Completed writemss as part of save.
TRACE::2026-01-20.16:51:36::SCWMssOS::Commit changes completed.
TRACE::2026-01-20.16:51:36::SCWPlatform::Trying to open the hw design at C:/Users/CamLT/AX7010_Work/UltrasonicFPGA2021/delay-and-sum-v2/delay-and-sum-v2-platform/hw/Demodulator_128Ch_wrapper.xsa
TRACE::2026-01-20.16:51:36::SCWPlatform::DSA given C:/Users/CamLT/AX7010_Work/UltrasonicFPGA2021/delay-and-sum-v2/delay-and-sum-v2-platform/hw/Demodulator_128Ch_wrapper.xsa
TRACE::2026-01-20.16:51:36::SCWPlatform::DSA absoulate path C:/Users/CamLT/AX7010_Work/UltrasonicFPGA2021/delay-and-sum-v2/delay-and-sum-v2-platform/hw/Demodulator_128Ch_wrapper.xsa
TRACE::2026-01-20.16:51:36::SCWPlatform::DSA directory C:/Users/CamLT/AX7010_Work/UltrasonicFPGA2021/delay-and-sum-v2/delay-and-sum-v2-platform/hw
TRACE::2026-01-20.16:51:36::SCWPlatform:: Platform Path C:/Users/CamLT/AX7010_Work/UltrasonicFPGA2021/delay-and-sum-v2/delay-and-sum-v2-platform/hw/Demodulator_128Ch_wrapper.xsa
TRACE::2026-01-20.16:51:36::SCWPlatform:: Unique name xilinx:::0.0
TRACE::2026-01-20.16:51:36::SCWPlatform::Trying to set the existing hwdb with name Demodulator_128Ch_wrapper_1
TRACE::2026-01-20.16:51:36::SCWPlatform::Opened existing hwdb Demodulator_128Ch_wrapper_1
TRACE::2026-01-20.16:51:36::SCWPlatform::Found the Hw Db part of the input DSA
TRACE::2026-01-20.16:51:36::SCWMssOS::Checking the sw design at  C:/Users/CamLT/AX7010_Work/UltrasonicFPGA2021/delay-and-sum-v2/delay-and-sum-v2-platform/zynq_fsbl/zynq_fsbl_bsp/system.mss
TRACE::2026-01-20.16:51:36::SCWMssOS::DEBUG:  swdes dump  C:/Users/CamLT/AX7010_Work/UltrasonicFPGA2021/delay-and-sum-v2/delay-and-sum-v2-platform/ps7_cortexa9_0/standalone_domain/bsp/system.mss|system_0||
C:/Users/CamLT/AX7010_Work/UltrasonicFPGA2021/delay-and-sum-v2/delay-and-sum-v2-platform/zynq_fsbl/zynq_fsbl_bsp/system.mss|system||

TRACE::2026-01-20.16:51:36::SCWMssOS::Sw design exists and opened at  C:/Users/CamLT/AX7010_Work/UltrasonicFPGA2021/delay-and-sum-v2/delay-and-sum-v2-platform/zynq_fsbl/zynq_fsbl_bsp/system.mss
TRACE::2026-01-20.16:51:36::SCWMssOS::Removing the swdes entry for  C:/Users/CamLT/AX7010_Work/UltrasonicFPGA2021/delay-and-sum-v2/delay-and-sum-v2-platform/zynq_fsbl/zynq_fsbl_bsp/system.mss
TRACE::2026-01-20.16:51:36::SCWPlatform::Trying to open the hw design at C:/Users/CamLT/AX7010_Work/UltrasonicFPGA2021/delay-and-sum-v2/delay-and-sum-v2-platform/hw/Demodulator_128Ch_wrapper.xsa
TRACE::2026-01-20.16:51:36::SCWPlatform::DSA given C:/Users/CamLT/AX7010_Work/UltrasonicFPGA2021/delay-and-sum-v2/delay-and-sum-v2-platform/hw/Demodulator_128Ch_wrapper.xsa
TRACE::2026-01-20.16:51:36::SCWPlatform::DSA absoulate path C:/Users/CamLT/AX7010_Work/UltrasonicFPGA2021/delay-and-sum-v2/delay-and-sum-v2-platform/hw/Demodulator_128Ch_wrapper.xsa
TRACE::2026-01-20.16:51:36::SCWPlatform::DSA directory C:/Users/CamLT/AX7010_Work/UltrasonicFPGA2021/delay-and-sum-v2/delay-and-sum-v2-platform/hw
TRACE::2026-01-20.16:51:36::SCWPlatform:: Platform Path C:/Users/CamLT/AX7010_Work/UltrasonicFPGA2021/delay-and-sum-v2/delay-and-sum-v2-platform/hw/Demodulator_128Ch_wrapper.xsa
TRACE::2026-01-20.16:51:36::SCWPlatform:: Unique name xilinx:::0.0
TRACE::2026-01-20.16:51:36::SCWPlatform::Trying to set the existing hwdb with name Demodulator_128Ch_wrapper_1
TRACE::2026-01-20.16:51:36::SCWPlatform::Opened existing hwdb Demodulator_128Ch_wrapper_1
TRACE::2026-01-20.16:51:36::SCWPlatform::Found the Hw Db part of the input DSA
TRACE::2026-01-20.16:51:36::SCWMssOS::Checking the sw design at  C:/Users/CamLT/AX7010_Work/UltrasonicFPGA2021/delay-and-sum-v2/delay-and-sum-v2-platform/zynq_fsbl/zynq_fsbl_bsp/system.mss
TRACE::2026-01-20.16:51:36::SCWMssOS::DEBUG:  swdes dump  C:/Users/CamLT/AX7010_Work/UltrasonicFPGA2021/delay-and-sum-v2/delay-and-sum-v2-platform/ps7_cortexa9_0/standalone_domain/bsp/system.mss|system_0||

TRACE::2026-01-20.16:51:36::SCWMssOS::No sw design opened at  C:/Users/CamLT/AX7010_Work/UltrasonicFPGA2021/delay-and-sum-v2/delay-and-sum-v2-platform/zynq_fsbl/zynq_fsbl_bsp/system.mss
TRACE::2026-01-20.16:51:36::SCWMssOS::mss exists loading the mss file  C:/Users/CamLT/AX7010_Work/UltrasonicFPGA2021/delay-and-sum-v2/delay-and-sum-v2-platform/zynq_fsbl/zynq_fsbl_bsp/system.mss
TRACE::2026-01-20.16:51:36::SCWMssOS::Opened the sw design from mss  C:/Users/CamLT/AX7010_Work/UltrasonicFPGA2021/delay-and-sum-v2/delay-and-sum-v2-platform/zynq_fsbl/zynq_fsbl_bsp/system.mss
TRACE::2026-01-20.16:51:36::SCWMssOS::Adding the swdes entry C:/Users/CamLT/AX7010_Work/UltrasonicFPGA2021/delay-and-sum-v2/delay-and-sum-v2-platform/zynq_fsbl/zynq_fsbl_bsp/system.mss with des name system
TRACE::2026-01-20.16:51:36::SCWMssOS::updating the scw layer about changes
TRACE::2026-01-20.16:51:37::SCWMssOS::Opened the sw design.  C:/Users/CamLT/AX7010_Work/UltrasonicFPGA2021/delay-and-sum-v2/delay-and-sum-v2-platform/zynq_fsbl/zynq_fsbl_bsp/system.mss
TRACE::2026-01-20.16:51:37::SCWBDomain::Completed writing the mss file at C:/Users/CamLT/AX7010_Work/UltrasonicFPGA2021/delay-and-sum-v2/delay-and-sum-v2-platform/zynq_fsbl/zynq_fsbl_bsp
TRACE::2026-01-20.16:51:37::SCWBDomain::Forcing BSP Sources regeneration.
TRACE::2026-01-20.16:51:38::SCWBDomain::Updating the makefile used for building the Application zynq_fsbl
TRACE::2026-01-20.16:51:38::SCWPlatform::Trying to open the hw design at C:/Users/CamLT/AX7010_Work/UltrasonicFPGA2021/delay-and-sum-v2/delay-and-sum-v2-platform/hw/Demodulator_128Ch_wrapper.xsa
TRACE::2026-01-20.16:51:38::SCWPlatform::DSA given C:/Users/CamLT/AX7010_Work/UltrasonicFPGA2021/delay-and-sum-v2/delay-and-sum-v2-platform/hw/Demodulator_128Ch_wrapper.xsa
TRACE::2026-01-20.16:51:38::SCWPlatform::DSA absoulate path C:/Users/CamLT/AX7010_Work/UltrasonicFPGA2021/delay-and-sum-v2/delay-and-sum-v2-platform/hw/Demodulator_128Ch_wrapper.xsa
TRACE::2026-01-20.16:51:38::SCWPlatform::DSA directory C:/Users/CamLT/AX7010_Work/UltrasonicFPGA2021/delay-and-sum-v2/delay-and-sum-v2-platform/hw
TRACE::2026-01-20.16:51:38::SCWPlatform:: Platform Path C:/Users/CamLT/AX7010_Work/UltrasonicFPGA2021/delay-and-sum-v2/delay-and-sum-v2-platform/hw/Demodulator_128Ch_wrapper.xsa
TRACE::2026-01-20.16:51:38::SCWPlatform:: Unique name xilinx:::0.0
TRACE::2026-01-20.16:51:38::SCWPlatform::Trying to set the existing hwdb with name Demodulator_128Ch_wrapper_1
TRACE::2026-01-20.16:51:38::SCWPlatform::Opened existing hwdb Demodulator_128Ch_wrapper_1
TRACE::2026-01-20.16:51:38::SCWPlatform::Found the Hw Db part of the input DSA
TRACE::2026-01-20.16:51:38::SCWMssOS::Checking the sw design at  C:/Users/CamLT/AX7010_Work/UltrasonicFPGA2021/delay-and-sum-v2/delay-and-sum-v2-platform/zynq_fsbl/zynq_fsbl_bsp/system.mss
TRACE::2026-01-20.16:51:38::SCWMssOS::DEBUG:  swdes dump  C:/Users/CamLT/AX7010_Work/UltrasonicFPGA2021/delay-and-sum-v2/delay-and-sum-v2-platform/ps7_cortexa9_0/standalone_domain/bsp/system.mss|system_0||

TRACE::2026-01-20.16:51:38::SCWMssOS::No sw design opened at  C:/Users/CamLT/AX7010_Work/UltrasonicFPGA2021/delay-and-sum-v2/delay-and-sum-v2-platform/zynq_fsbl/zynq_fsbl_bsp/system.mss
TRACE::2026-01-20.16:51:38::SCWMssOS::mss exists loading the mss file  C:/Users/CamLT/AX7010_Work/UltrasonicFPGA2021/delay-and-sum-v2/delay-and-sum-v2-platform/zynq_fsbl/zynq_fsbl_bsp/system.mss
TRACE::2026-01-20.16:51:38::SCWMssOS::Opened the sw design from mss  C:/Users/CamLT/AX7010_Work/UltrasonicFPGA2021/delay-and-sum-v2/delay-and-sum-v2-platform/zynq_fsbl/zynq_fsbl_bsp/system.mss
TRACE::2026-01-20.16:51:38::SCWMssOS::Adding the swdes entry C:/Users/CamLT/AX7010_Work/UltrasonicFPGA2021/delay-and-sum-v2/delay-and-sum-v2-platform/zynq_fsbl/zynq_fsbl_bsp/system.mss with des name system
TRACE::2026-01-20.16:51:38::SCWMssOS::updating the scw layer about changes
TRACE::2026-01-20.16:51:38::SCWMssOS::Opened the sw design.  C:/Users/CamLT/AX7010_Work/UltrasonicFPGA2021/delay-and-sum-v2/delay-and-sum-v2-platform/zynq_fsbl/zynq_fsbl_bsp/system.mss
TRACE::2026-01-20.16:51:44::SCWBDomain::removing the temporary location in _platform.
TRACE::2026-01-20.16:51:44::SCWBDomain::Makefile is Updated.
TRACE::2026-01-20.16:51:44::SCWBDomain::doing clean.
TRACE::2026-01-20.16:51:44::SCWBDomain::System Command Ran  C:&  cd  C:/Users/CamLT/AX7010_Work/UltrasonicFPGA2021/delay-and-sum-v2/delay-and-sum-v2-platform/zynq_fsbl & make clean
TRACE::2026-01-20.16:51:44::SCWBDomain::rm -rf  sd.o  nand.o  nor.o  image_mover.o  md5.o  fsbl_hooks.o  main.o  rsa.o  qspi.o  ps7_init.o  pcap.o  fsbl_handoff.o zynq
TRACE::2026-01-20.16:51:44::SCWBDomain::_fsbl_bsp/ps7_cortexa9_0/lib/libxil.a fsbl.elf *.o

TRACE::2026-01-20.16:51:47::SCWPlatform::Trying to open the hw design at C:/Users/CamLT/AX7010_Work/UltrasonicFPGA2021/delay-and-sum-v2/delay-and-sum-v2-platform/hw/Demodulator_128Ch_wrapper.xsa
TRACE::2026-01-20.16:51:47::SCWPlatform::DSA given C:/Users/CamLT/AX7010_Work/UltrasonicFPGA2021/delay-and-sum-v2/delay-and-sum-v2-platform/hw/Demodulator_128Ch_wrapper.xsa
TRACE::2026-01-20.16:51:47::SCWPlatform::DSA absoulate path C:/Users/CamLT/AX7010_Work/UltrasonicFPGA2021/delay-and-sum-v2/delay-and-sum-v2-platform/hw/Demodulator_128Ch_wrapper.xsa
TRACE::2026-01-20.16:51:47::SCWPlatform::DSA directory C:/Users/CamLT/AX7010_Work/UltrasonicFPGA2021/delay-and-sum-v2/delay-and-sum-v2-platform/hw
TRACE::2026-01-20.16:51:47::SCWPlatform:: Platform Path C:/Users/CamLT/AX7010_Work/UltrasonicFPGA2021/delay-and-sum-v2/delay-and-sum-v2-platform/hw/Demodulator_128Ch_wrapper.xsa
TRACE::2026-01-20.16:51:47::SCWPlatform:: Unique name xilinx:::0.0
TRACE::2026-01-20.16:51:47::SCWPlatform::Trying to set the existing hwdb with name Demodulator_128Ch_wrapper_1
TRACE::2026-01-20.16:51:47::SCWPlatform::Opened existing hwdb Demodulator_128Ch_wrapper_1
TRACE::2026-01-20.16:51:47::SCWPlatform::Found the Hw Db part of the input DSA
TRACE::2026-01-20.16:51:47::SCWMssOS::Checking the sw design at  C:/Users/CamLT/AX7010_Work/UltrasonicFPGA2021/delay-and-sum-v2/delay-and-sum-v2-platform/ps7_cortexa9_0/standalone_domain/bsp/system.mss
TRACE::2026-01-20.16:51:47::SCWMssOS::DEBUG:  swdes dump  C:/Users/CamLT/AX7010_Work/UltrasonicFPGA2021/delay-and-sum-v2/delay-and-sum-v2-platform/ps7_cortexa9_0/standalone_domain/bsp/system.mss|system_0||
C:/Users/CamLT/AX7010_Work/UltrasonicFPGA2021/delay-and-sum-v2/delay-and-sum-v2-platform/zynq_fsbl/zynq_fsbl_bsp/system.mss|system||

TRACE::2026-01-20.16:51:47::SCWMssOS::Sw design exists and opened at  C:/Users/CamLT/AX7010_Work/UltrasonicFPGA2021/delay-and-sum-v2/delay-and-sum-v2-platform/ps7_cortexa9_0/standalone_domain/bsp/system.mss
TRACE::2026-01-20.16:51:47::SCWMssOS::In reload Mss file.
TRACE::2026-01-20.16:51:47::SCWPlatform::Trying to open the hw design at C:/Users/CamLT/AX7010_Work/UltrasonicFPGA2021/delay-and-sum-v2/delay-and-sum-v2-platform/hw/Demodulator_128Ch_wrapper.xsa
TRACE::2026-01-20.16:51:47::SCWPlatform::DSA given C:/Users/CamLT/AX7010_Work/UltrasonicFPGA2021/delay-and-sum-v2/delay-and-sum-v2-platform/hw/Demodulator_128Ch_wrapper.xsa
TRACE::2026-01-20.16:51:47::SCWPlatform::DSA absoulate path C:/Users/CamLT/AX7010_Work/UltrasonicFPGA2021/delay-and-sum-v2/delay-and-sum-v2-platform/hw/Demodulator_128Ch_wrapper.xsa
TRACE::2026-01-20.16:51:47::SCWPlatform::DSA directory C:/Users/CamLT/AX7010_Work/UltrasonicFPGA2021/delay-and-sum-v2/delay-and-sum-v2-platform/hw
TRACE::2026-01-20.16:51:47::SCWPlatform:: Platform Path C:/Users/CamLT/AX7010_Work/UltrasonicFPGA2021/delay-and-sum-v2/delay-and-sum-v2-platform/hw/Demodulator_128Ch_wrapper.xsa
TRACE::2026-01-20.16:51:47::SCWPlatform:: Unique name xilinx:::0.0
TRACE::2026-01-20.16:51:47::SCWPlatform::Trying to set the existing hwdb with name Demodulator_128Ch_wrapper_1
TRACE::2026-01-20.16:51:47::SCWPlatform::Opened existing hwdb Demodulator_128Ch_wrapper_1
TRACE::2026-01-20.16:51:47::SCWPlatform::Found the Hw Db part of the input DSA
TRACE::2026-01-20.16:51:47::SCWMssOS::Checking the sw design at  C:/Users/CamLT/AX7010_Work/UltrasonicFPGA2021/delay-and-sum-v2/delay-and-sum-v2-platform/ps7_cortexa9_0/standalone_domain/bsp/system.mss
TRACE::2026-01-20.16:51:47::SCWMssOS::DEBUG:  swdes dump  C:/Users/CamLT/AX7010_Work/UltrasonicFPGA2021/delay-and-sum-v2/delay-and-sum-v2-platform/zynq_fsbl/zynq_fsbl_bsp/system.mss|system||

TRACE::2026-01-20.16:51:47::SCWMssOS::No sw design opened at  C:/Users/CamLT/AX7010_Work/UltrasonicFPGA2021/delay-and-sum-v2/delay-and-sum-v2-platform/ps7_cortexa9_0/standalone_domain/bsp/system.mss
TRACE::2026-01-20.16:51:47::SCWMssOS::mss exists loading the mss file  C:/Users/CamLT/AX7010_Work/UltrasonicFPGA2021/delay-and-sum-v2/delay-and-sum-v2-platform/ps7_cortexa9_0/standalone_domain/bsp/system.mss
TRACE::2026-01-20.16:51:47::SCWMssOS::Opened the sw design from mss  C:/Users/CamLT/AX7010_Work/UltrasonicFPGA2021/delay-and-sum-v2/delay-and-sum-v2-platform/ps7_cortexa9_0/standalone_domain/bsp/system.mss
TRACE::2026-01-20.16:51:47::SCWMssOS::Adding the swdes entry C:/Users/CamLT/AX7010_Work/UltrasonicFPGA2021/delay-and-sum-v2/delay-and-sum-v2-platform/ps7_cortexa9_0/standalone_domain/bsp/system.mss with des name system
TRACE::2026-01-20.16:51:47::SCWMssOS::updating the scw layer about changes
TRACE::2026-01-20.16:51:47::SCWMssOS::Opened the sw design.  C:/Users/CamLT/AX7010_Work/UltrasonicFPGA2021/delay-and-sum-v2/delay-and-sum-v2-platform/ps7_cortexa9_0/standalone_domain/bsp/system.mss
TRACE::2026-01-20.16:51:47::SCWMssOS::Saving the mss changes C:/Users/CamLT/AX7010_Work/UltrasonicFPGA2021/delay-and-sum-v2/delay-and-sum-v2-platform/ps7_cortexa9_0/standalone_domain/bsp/system.mss
TRACE::2026-01-20.16:51:47::SCWMssOS::Found a swdesign opened with the mssfile.
TRACE::2026-01-20.16:51:47::SCWMssOS::Completed writemss as part of save.
TRACE::2026-01-20.16:51:47::SCWMssOS::Commit changes completed.
TRACE::2026-01-20.16:51:47::SCWPlatform::Trying to open the hw design at C:/Users/CamLT/AX7010_Work/UltrasonicFPGA2021/delay-and-sum-v2/delay-and-sum-v2-platform/hw/Demodulator_128Ch_wrapper.xsa
TRACE::2026-01-20.16:51:47::SCWPlatform::DSA given C:/Users/CamLT/AX7010_Work/UltrasonicFPGA2021/delay-and-sum-v2/delay-and-sum-v2-platform/hw/Demodulator_128Ch_wrapper.xsa
TRACE::2026-01-20.16:51:47::SCWPlatform::DSA absoulate path C:/Users/CamLT/AX7010_Work/UltrasonicFPGA2021/delay-and-sum-v2/delay-and-sum-v2-platform/hw/Demodulator_128Ch_wrapper.xsa
TRACE::2026-01-20.16:51:47::SCWPlatform::DSA directory C:/Users/CamLT/AX7010_Work/UltrasonicFPGA2021/delay-and-sum-v2/delay-and-sum-v2-platform/hw
TRACE::2026-01-20.16:51:47::SCWPlatform:: Platform Path C:/Users/CamLT/AX7010_Work/UltrasonicFPGA2021/delay-and-sum-v2/delay-and-sum-v2-platform/hw/Demodulator_128Ch_wrapper.xsa
TRACE::2026-01-20.16:51:47::SCWPlatform:: Unique name xilinx:::0.0
TRACE::2026-01-20.16:51:47::SCWPlatform::Trying to set the existing hwdb with name Demodulator_128Ch_wrapper_1
TRACE::2026-01-20.16:51:47::SCWPlatform::Opened existing hwdb Demodulator_128Ch_wrapper_1
TRACE::2026-01-20.16:51:47::SCWPlatform::Found the Hw Db part of the input DSA
TRACE::2026-01-20.16:51:47::SCWMssOS::Checking the sw design at  C:/Users/CamLT/AX7010_Work/UltrasonicFPGA2021/delay-and-sum-v2/delay-and-sum-v2-platform/ps7_cortexa9_0/standalone_domain/bsp/system.mss
TRACE::2026-01-20.16:51:47::SCWMssOS::DEBUG:  swdes dump  C:/Users/CamLT/AX7010_Work/UltrasonicFPGA2021/delay-and-sum-v2/delay-and-sum-v2-platform/ps7_cortexa9_0/standalone_domain/bsp/system.mss|system||

TRACE::2026-01-20.16:51:47::SCWMssOS::Sw design exists and opened at  C:/Users/CamLT/AX7010_Work/UltrasonicFPGA2021/delay-and-sum-v2/delay-and-sum-v2-platform/ps7_cortexa9_0/standalone_domain/bsp/system.mss
TRACE::2026-01-20.16:51:47::SCWMssOS::Removing the swdes entry for  C:/Users/CamLT/AX7010_Work/UltrasonicFPGA2021/delay-and-sum-v2/delay-and-sum-v2-platform/ps7_cortexa9_0/standalone_domain/bsp/system.mss
TRACE::2026-01-20.16:51:48::SCWPlatform::Trying to open the hw design at C:/Users/CamLT/AX7010_Work/UltrasonicFPGA2021/delay-and-sum-v2/delay-and-sum-v2-platform/hw/Demodulator_128Ch_wrapper.xsa
TRACE::2026-01-20.16:51:48::SCWPlatform::DSA given C:/Users/CamLT/AX7010_Work/UltrasonicFPGA2021/delay-and-sum-v2/delay-and-sum-v2-platform/hw/Demodulator_128Ch_wrapper.xsa
TRACE::2026-01-20.16:51:48::SCWPlatform::DSA absoulate path C:/Users/CamLT/AX7010_Work/UltrasonicFPGA2021/delay-and-sum-v2/delay-and-sum-v2-platform/hw/Demodulator_128Ch_wrapper.xsa
TRACE::2026-01-20.16:51:48::SCWPlatform::DSA directory C:/Users/CamLT/AX7010_Work/UltrasonicFPGA2021/delay-and-sum-v2/delay-and-sum-v2-platform/hw
TRACE::2026-01-20.16:51:48::SCWPlatform:: Platform Path C:/Users/CamLT/AX7010_Work/UltrasonicFPGA2021/delay-and-sum-v2/delay-and-sum-v2-platform/hw/Demodulator_128Ch_wrapper.xsa
TRACE::2026-01-20.16:51:48::SCWPlatform:: Unique name xilinx:::0.0
TRACE::2026-01-20.16:51:48::SCWPlatform::Trying to set the existing hwdb with name Demodulator_128Ch_wrapper_1
TRACE::2026-01-20.16:51:48::SCWPlatform::Opened existing hwdb Demodulator_128Ch_wrapper_1
TRACE::2026-01-20.16:51:48::SCWPlatform::Found the Hw Db part of the input DSA
TRACE::2026-01-20.16:51:48::SCWMssOS::Checking the sw design at  C:/Users/CamLT/AX7010_Work/UltrasonicFPGA2021/delay-and-sum-v2/delay-and-sum-v2-platform/ps7_cortexa9_0/standalone_domain/bsp/system.mss
TRACE::2026-01-20.16:51:48::SCWMssOS::DEBUG:  swdes dump  
TRACE::2026-01-20.16:51:48::SCWMssOS::No sw design opened at  C:/Users/CamLT/AX7010_Work/UltrasonicFPGA2021/delay-and-sum-v2/delay-and-sum-v2-platform/ps7_cortexa9_0/standalone_domain/bsp/system.mss
TRACE::2026-01-20.16:51:48::SCWMssOS::mss exists loading the mss file  C:/Users/CamLT/AX7010_Work/UltrasonicFPGA2021/delay-and-sum-v2/delay-and-sum-v2-platform/ps7_cortexa9_0/standalone_domain/bsp/system.mss
TRACE::2026-01-20.16:51:48::SCWMssOS::Opened the sw design from mss  C:/Users/CamLT/AX7010_Work/UltrasonicFPGA2021/delay-and-sum-v2/delay-and-sum-v2-platform/ps7_cortexa9_0/standalone_domain/bsp/system.mss
TRACE::2026-01-20.16:51:48::SCWMssOS::Adding the swdes entry C:/Users/CamLT/AX7010_Work/UltrasonicFPGA2021/delay-and-sum-v2/delay-and-sum-v2-platform/ps7_cortexa9_0/standalone_domain/bsp/system.mss with des name system
TRACE::2026-01-20.16:51:48::SCWMssOS::updating the scw layer about changes
TRACE::2026-01-20.16:51:48::SCWMssOS::Opened the sw design.  C:/Users/CamLT/AX7010_Work/UltrasonicFPGA2021/delay-and-sum-v2/delay-and-sum-v2-platform/ps7_cortexa9_0/standalone_domain/bsp/system.mss
TRACE::2026-01-20.16:51:50::SCWPlatform::Trying to open the hw design at C:/Users/CamLT/AX7010_Work/UltrasonicFPGA2021/delay-and-sum-v2/delay-and-sum-v2-platform/hw/Demodulator_128Ch_wrapper.xsa
TRACE::2026-01-20.16:51:50::SCWPlatform::DSA given C:/Users/CamLT/AX7010_Work/UltrasonicFPGA2021/delay-and-sum-v2/delay-and-sum-v2-platform/hw/Demodulator_128Ch_wrapper.xsa
TRACE::2026-01-20.16:51:50::SCWPlatform::DSA absoulate path C:/Users/CamLT/AX7010_Work/UltrasonicFPGA2021/delay-and-sum-v2/delay-and-sum-v2-platform/hw/Demodulator_128Ch_wrapper.xsa
TRACE::2026-01-20.16:51:50::SCWPlatform::DSA directory C:/Users/CamLT/AX7010_Work/UltrasonicFPGA2021/delay-and-sum-v2/delay-and-sum-v2-platform/hw
TRACE::2026-01-20.16:51:50::SCWPlatform:: Platform Path C:/Users/CamLT/AX7010_Work/UltrasonicFPGA2021/delay-and-sum-v2/delay-and-sum-v2-platform/hw/Demodulator_128Ch_wrapper.xsa
TRACE::2026-01-20.16:51:50::SCWPlatform:: Unique name xilinx:::0.0
TRACE::2026-01-20.16:51:50::SCWPlatform::Trying to set the existing hwdb with name Demodulator_128Ch_wrapper_1
TRACE::2026-01-20.16:51:50::SCWPlatform::Opened existing hwdb Demodulator_128Ch_wrapper_1
TRACE::2026-01-20.16:51:50::SCWPlatform::Found the Hw Db part of the input DSA
TRACE::2026-01-20.16:51:50::SCWMssOS::Checking the sw design at  C:/Users/CamLT/AX7010_Work/UltrasonicFPGA2021/delay-and-sum-v2/delay-and-sum-v2-platform/ps7_cortexa9_0/standalone_domain/bsp/system.mss
TRACE::2026-01-20.16:51:50::SCWMssOS::DEBUG:  swdes dump  C:/Users/CamLT/AX7010_Work/UltrasonicFPGA2021/delay-and-sum-v2/delay-and-sum-v2-platform/ps7_cortexa9_0/standalone_domain/bsp/system.mss|system||

TRACE::2026-01-20.16:51:50::SCWMssOS::Sw design exists and opened at  C:/Users/CamLT/AX7010_Work/UltrasonicFPGA2021/delay-and-sum-v2/delay-and-sum-v2-platform/ps7_cortexa9_0/standalone_domain/bsp/system.mss
TRACE::2026-01-20.16:51:50::SCWMssOS::Adding Library:  lwip211:1.5
TRACE::2026-01-20.16:51:50::SCWMssOS::Added Library:  lwip211
TRACE::2026-01-20.16:51:50::SCWPlatform::Trying to open the hw design at C:/Users/CamLT/AX7010_Work/UltrasonicFPGA2021/delay-and-sum-v2/delay-and-sum-v2-platform/hw/Demodulator_128Ch_wrapper.xsa
TRACE::2026-01-20.16:51:50::SCWPlatform::DSA given C:/Users/CamLT/AX7010_Work/UltrasonicFPGA2021/delay-and-sum-v2/delay-and-sum-v2-platform/hw/Demodulator_128Ch_wrapper.xsa
TRACE::2026-01-20.16:51:50::SCWPlatform::DSA absoulate path C:/Users/CamLT/AX7010_Work/UltrasonicFPGA2021/delay-and-sum-v2/delay-and-sum-v2-platform/hw/Demodulator_128Ch_wrapper.xsa
TRACE::2026-01-20.16:51:50::SCWPlatform::DSA directory C:/Users/CamLT/AX7010_Work/UltrasonicFPGA2021/delay-and-sum-v2/delay-and-sum-v2-platform/hw
TRACE::2026-01-20.16:51:50::SCWPlatform:: Platform Path C:/Users/CamLT/AX7010_Work/UltrasonicFPGA2021/delay-and-sum-v2/delay-and-sum-v2-platform/hw/Demodulator_128Ch_wrapper.xsa
TRACE::2026-01-20.16:51:50::SCWPlatform:: Unique name xilinx:::0.0
TRACE::2026-01-20.16:51:50::SCWPlatform::Trying to set the existing hwdb with name Demodulator_128Ch_wrapper_1
TRACE::2026-01-20.16:51:50::SCWPlatform::Opened existing hwdb Demodulator_128Ch_wrapper_1
TRACE::2026-01-20.16:51:50::SCWPlatform::Found the Hw Db part of the input DSA
TRACE::2026-01-20.16:51:50::SCWMssOS::Checking the sw design at  C:/Users/CamLT/AX7010_Work/UltrasonicFPGA2021/delay-and-sum-v2/delay-and-sum-v2-platform/ps7_cortexa9_0/standalone_domain/bsp/system.mss
TRACE::2026-01-20.16:51:50::SCWMssOS::DEBUG:  swdes dump  C:/Users/CamLT/AX7010_Work/UltrasonicFPGA2021/delay-and-sum-v2/delay-and-sum-v2-platform/ps7_cortexa9_0/standalone_domain/bsp/system.mss|system||

TRACE::2026-01-20.16:51:50::SCWMssOS::Sw design exists and opened at  C:/Users/CamLT/AX7010_Work/UltrasonicFPGA2021/delay-and-sum-v2/delay-and-sum-v2-platform/ps7_cortexa9_0/standalone_domain/bsp/system.mss
TRACE::2026-01-20.16:51:52::SCWMssOS::Saving the mss changes C:/Users/CamLT/AX7010_Work/UltrasonicFPGA2021/delay-and-sum-v2/delay-and-sum-v2-platform/zynq_fsbl/zynq_fsbl_bsp/system.mss
TRACE::2026-01-20.16:51:52::SCWMssOS::Adding the swdes entry, mss present, able to open swdb C:/Users/CamLT/AX7010_Work/UltrasonicFPGA2021/delay-and-sum-v2/delay-and-sum-v2-platform/zynq_fsbl/zynq_fsbl_bsp/system.mss with des name system_0
TRACE::2026-01-20.16:51:52::SCWMssOS::Writing the mss file completed C:/Users/CamLT/AX7010_Work/UltrasonicFPGA2021/delay-and-sum-v2/delay-and-sum-v2-platform/zynq_fsbl/zynq_fsbl_bsp/system.mss
TRACE::2026-01-20.16:51:52::SCWMssOS::Commit changes completed.
TRACE::2026-01-20.16:51:52::SCWMssOS::Saving the mss changes C:/Users/CamLT/AX7010_Work/UltrasonicFPGA2021/delay-and-sum-v2/delay-and-sum-v2-platform/ps7_cortexa9_0/standalone_domain/bsp/system.mss
TRACE::2026-01-20.16:51:52::SCWMssOS::Found a swdesign opened with the mssfile.
TRACE::2026-01-20.16:51:52::SCWMssOS::Completed writemss as part of save.
TRACE::2026-01-20.16:51:52::SCWMssOS::Commit changes completed.
TRACE::2026-01-20.16:51:52::SCWPlatform::Trying to open the hw design at C:/Users/CamLT/AX7010_Work/UltrasonicFPGA2021/delay-and-sum-v2/delay-and-sum-v2-platform/hw/Demodulator_128Ch_wrapper.xsa
TRACE::2026-01-20.16:51:52::SCWPlatform::DSA given C:/Users/CamLT/AX7010_Work/UltrasonicFPGA2021/delay-and-sum-v2/delay-and-sum-v2-platform/hw/Demodulator_128Ch_wrapper.xsa
TRACE::2026-01-20.16:51:52::SCWPlatform::DSA absoulate path C:/Users/CamLT/AX7010_Work/UltrasonicFPGA2021/delay-and-sum-v2/delay-and-sum-v2-platform/hw/Demodulator_128Ch_wrapper.xsa
TRACE::2026-01-20.16:51:52::SCWPlatform::DSA directory C:/Users/CamLT/AX7010_Work/UltrasonicFPGA2021/delay-and-sum-v2/delay-and-sum-v2-platform/hw
TRACE::2026-01-20.16:51:52::SCWPlatform:: Platform Path C:/Users/CamLT/AX7010_Work/UltrasonicFPGA2021/delay-and-sum-v2/delay-and-sum-v2-platform/hw/Demodulator_128Ch_wrapper.xsa
TRACE::2026-01-20.16:51:52::SCWPlatform:: Unique name xilinx:::0.0
TRACE::2026-01-20.16:51:52::SCWPlatform::Trying to set the existing hwdb with name Demodulator_128Ch_wrapper_1
TRACE::2026-01-20.16:51:52::SCWPlatform::Opened existing hwdb Demodulator_128Ch_wrapper_1
TRACE::2026-01-20.16:51:52::SCWPlatform::Found the Hw Db part of the input DSA
TRACE::2026-01-20.16:51:52::SCWMssOS::Checking the sw design at  C:/Users/CamLT/AX7010_Work/UltrasonicFPGA2021/delay-and-sum-v2/delay-and-sum-v2-platform/zynq_fsbl/zynq_fsbl_bsp/system.mss
TRACE::2026-01-20.16:51:52::SCWMssOS::DEBUG:  swdes dump  C:/Users/CamLT/AX7010_Work/UltrasonicFPGA2021/delay-and-sum-v2/delay-and-sum-v2-platform/ps7_cortexa9_0/standalone_domain/bsp/system.mss|system||
C:/Users/CamLT/AX7010_Work/UltrasonicFPGA2021/delay-and-sum-v2/delay-and-sum-v2-platform/zynq_fsbl/zynq_fsbl_bsp/system.mss|system_0||

TRACE::2026-01-20.16:51:52::SCWMssOS::Sw design exists and opened at  C:/Users/CamLT/AX7010_Work/UltrasonicFPGA2021/delay-and-sum-v2/delay-and-sum-v2-platform/zynq_fsbl/zynq_fsbl_bsp/system.mss
TRACE::2026-01-20.16:51:52::SCWPlatform::Trying to open the hw design at C:/Users/CamLT/AX7010_Work/UltrasonicFPGA2021/delay-and-sum-v2/delay-and-sum-v2-platform/hw/Demodulator_128Ch_wrapper.xsa
TRACE::2026-01-20.16:51:52::SCWPlatform::DSA given C:/Users/CamLT/AX7010_Work/UltrasonicFPGA2021/delay-and-sum-v2/delay-and-sum-v2-platform/hw/Demodulator_128Ch_wrapper.xsa
TRACE::2026-01-20.16:51:52::SCWPlatform::DSA absoulate path C:/Users/CamLT/AX7010_Work/UltrasonicFPGA2021/delay-and-sum-v2/delay-and-sum-v2-platform/hw/Demodulator_128Ch_wrapper.xsa
TRACE::2026-01-20.16:51:52::SCWPlatform::DSA directory C:/Users/CamLT/AX7010_Work/UltrasonicFPGA2021/delay-and-sum-v2/delay-and-sum-v2-platform/hw
TRACE::2026-01-20.16:51:52::SCWPlatform:: Platform Path C:/Users/CamLT/AX7010_Work/UltrasonicFPGA2021/delay-and-sum-v2/delay-and-sum-v2-platform/hw/Demodulator_128Ch_wrapper.xsa
TRACE::2026-01-20.16:51:52::SCWPlatform:: Unique name xilinx:::0.0
TRACE::2026-01-20.16:51:52::SCWPlatform::Trying to set the existing hwdb with name Demodulator_128Ch_wrapper_1
TRACE::2026-01-20.16:51:52::SCWPlatform::Opened existing hwdb Demodulator_128Ch_wrapper_1
TRACE::2026-01-20.16:51:52::SCWPlatform::Found the Hw Db part of the input DSA
TRACE::2026-01-20.16:51:52::SCWMssOS::Checking the sw design at  C:/Users/CamLT/AX7010_Work/UltrasonicFPGA2021/delay-and-sum-v2/delay-and-sum-v2-platform/ps7_cortexa9_0/standalone_domain/bsp/system.mss
TRACE::2026-01-20.16:51:52::SCWMssOS::DEBUG:  swdes dump  C:/Users/CamLT/AX7010_Work/UltrasonicFPGA2021/delay-and-sum-v2/delay-and-sum-v2-platform/ps7_cortexa9_0/standalone_domain/bsp/system.mss|system||
C:/Users/CamLT/AX7010_Work/UltrasonicFPGA2021/delay-and-sum-v2/delay-and-sum-v2-platform/zynq_fsbl/zynq_fsbl_bsp/system.mss|system_0||

TRACE::2026-01-20.16:51:52::SCWMssOS::Sw design exists and opened at  C:/Users/CamLT/AX7010_Work/UltrasonicFPGA2021/delay-and-sum-v2/delay-and-sum-v2-platform/ps7_cortexa9_0/standalone_domain/bsp/system.mss
TRACE::2026-01-20.16:51:52::SCWWriter::formatted JSON is {
	"platformName":	"delay-and-sum-v2-platform",
	"sprVersion":	"2.0",
	"mode":	"gui",
	"dsaType":	"Fixed",
	"platformDesc":	"delay-and-sum-v2-platform",
	"platHandOff":	"C:/Users/CamLT/AX7010_Work/Demodulator_128Ch_wrapper.xsa",
	"platIntHandOff":	"<platformDir>/hw/Demodulator_128Ch_wrapper.xsa",
	"deviceType":	"zynq",
	"platIsPrebuiltAutogen":	"false",
	"platIsNoBootBsp":	"false",
	"hasFsblMakeHasChanges":	"false",
	"hasPmufwMakeHasChanges":	"false",
	"fsblExtraCompilerFlags":	"-MMD -MP       -mcpu=cortex-a9 -mfpu=vfpv3 -mfloat-abi=hard ",
	"platPreBuiltFlag":	false,
	"platformSamplesDir":	"",
	"platActiveSys":	"delay-and-sum-v2-platform",
	"systems":	[{
			"systemName":	"delay-and-sum-v2-platform",
			"systemDesc":	"delay-and-sum-v2-platform",
			"sysIsBootAutoGen":	"true",
			"systemDispName":	"delay-and-sum-v2-platform",
			"sysActiveDom":	"standalone_domain",
			"sysDefaultDom":	"standalone_domain",
			"domains":	[{
					"domainName":	"zynq_fsbl",
					"domainDispName":	"zynq_fsbl",
					"domainDesc":	"FSBL Application BSP - Auto Generated.",
					"processors":	"ps7_cortexa9_0",
					"os":	"standalone",
					"sdxOs":	"standalone",
					"debugEnable":	"",
					"domRuntimes":	["cpp"],
					"swRepo":	"",
					"mssOsVer":	"7.5",
					"mssFile":	"",
					"md5Digest":	"f3dae8f02a170fb93c0638c92ba171da",
					"compatibleApp":	"zynq_fsbl",
					"domType":	"bootDomain",
					"arch":	"32-bit",
					"appSettings":	{
						"appCompilerFlags":	"",
						"appLinkerFlags":	""
					},
					"addedLibs":	["xilffs:4.5", "xilrsa:1.6", "lwip211:1.5"],
					"libOptions":	{
						"libsContainingOptions":	[]
					},
					"prebuiltLibs":	{
						"prebuiltIncPath":	[],
						"prebuiltLibPath":	[]
					},
					"isolation":	{
					}
				}, {
					"domainName":	"standalone_domain",
					"domainDispName":	"standalone on ps7_cortexa9_0",
					"domainDesc":	"standalone_domain",
					"processors":	"ps7_cortexa9_0",
					"os":	"standalone",
					"sdxOs":	"standalone",
					"qemuArgs":	"C:/Xilinx/Vitis/2021.1/data/emulation/platforms/zynq/sw/a9_standalone/qemu/qemu_args.txt",
					"qemuData":	"C:/Xilinx/Vitis/2021.1/data/emulation/platforms/zynq/sw/a9_standalone/qemu/",
					"debugEnable":	"False",
					"domRuntimes":	["cpp"],
					"swRepo":	"",
					"mssOsVer":	"7.5",
					"mssFile":	"",
					"md5Digest":	"e1314fc24394511c64ca9c8e839a63cb",
					"compatibleApp":	"",
					"domType":	"mssDomain",
					"appSettings":	{
						"appCompilerFlags":	"",
						"appLinkerFlags":	""
					},
					"addedLibs":	["lwip211:1.5"],
					"libOptions":	{
						"libsContainingOptions":	[]
					},
					"prebuiltLibs":	{
						"prebuiltIncPath":	[],
						"prebuiltLibPath":	[]
					},
					"isolation":	{
					}
				}]
		}]
}
TRACE::2026-01-20.16:51:52::SCWMssOS::Saving the mss changes C:/Users/CamLT/AX7010_Work/UltrasonicFPGA2021/delay-and-sum-v2/delay-and-sum-v2-platform/ps7_cortexa9_0/standalone_domain/bsp/system.mss
TRACE::2026-01-20.16:51:52::SCWMssOS::Found a swdesign opened with the mssfile.
TRACE::2026-01-20.16:51:52::SCWMssOS::Completed writemss as part of save.
TRACE::2026-01-20.16:51:52::SCWMssOS::Commit changes completed.
TRACE::2026-01-20.16:51:52::SCWPlatform::Trying to open the hw design at C:/Users/CamLT/AX7010_Work/UltrasonicFPGA2021/delay-and-sum-v2/delay-and-sum-v2-platform/hw/Demodulator_128Ch_wrapper.xsa
TRACE::2026-01-20.16:51:52::SCWPlatform::DSA given C:/Users/CamLT/AX7010_Work/UltrasonicFPGA2021/delay-and-sum-v2/delay-and-sum-v2-platform/hw/Demodulator_128Ch_wrapper.xsa
TRACE::2026-01-20.16:51:52::SCWPlatform::DSA absoulate path C:/Users/CamLT/AX7010_Work/UltrasonicFPGA2021/delay-and-sum-v2/delay-and-sum-v2-platform/hw/Demodulator_128Ch_wrapper.xsa
TRACE::2026-01-20.16:51:52::SCWPlatform::DSA directory C:/Users/CamLT/AX7010_Work/UltrasonicFPGA2021/delay-and-sum-v2/delay-and-sum-v2-platform/hw
TRACE::2026-01-20.16:51:52::SCWPlatform:: Platform Path C:/Users/CamLT/AX7010_Work/UltrasonicFPGA2021/delay-and-sum-v2/delay-and-sum-v2-platform/hw/Demodulator_128Ch_wrapper.xsa
TRACE::2026-01-20.16:51:52::SCWPlatform:: Unique name xilinx:::0.0
TRACE::2026-01-20.16:51:52::SCWPlatform::Trying to set the existing hwdb with name Demodulator_128Ch_wrapper_1
TRACE::2026-01-20.16:51:52::SCWPlatform::Opened existing hwdb Demodulator_128Ch_wrapper_1
TRACE::2026-01-20.16:51:52::SCWPlatform::Found the Hw Db part of the input DSA
TRACE::2026-01-20.16:51:52::SCWMssOS::Checking the sw design at  C:/Users/CamLT/AX7010_Work/UltrasonicFPGA2021/delay-and-sum-v2/delay-and-sum-v2-platform/ps7_cortexa9_0/standalone_domain/bsp/system.mss
TRACE::2026-01-20.16:51:52::SCWMssOS::DEBUG:  swdes dump  C:/Users/CamLT/AX7010_Work/UltrasonicFPGA2021/delay-and-sum-v2/delay-and-sum-v2-platform/ps7_cortexa9_0/standalone_domain/bsp/system.mss|system||
C:/Users/CamLT/AX7010_Work/UltrasonicFPGA2021/delay-and-sum-v2/delay-and-sum-v2-platform/zynq_fsbl/zynq_fsbl_bsp/system.mss|system_0||

TRACE::2026-01-20.16:51:52::SCWMssOS::Sw design exists and opened at  C:/Users/CamLT/AX7010_Work/UltrasonicFPGA2021/delay-and-sum-v2/delay-and-sum-v2-platform/ps7_cortexa9_0/standalone_domain/bsp/system.mss
TRACE::2026-01-20.16:51:52::SCWMssOS::Removing the swdes entry for  C:/Users/CamLT/AX7010_Work/UltrasonicFPGA2021/delay-and-sum-v2/delay-and-sum-v2-platform/ps7_cortexa9_0/standalone_domain/bsp/system.mss
TRACE::2026-01-20.16:51:52::SCWMssOS::In reload Mss file.
TRACE::2026-01-20.16:51:52::SCWPlatform::Trying to open the hw design at C:/Users/CamLT/AX7010_Work/UltrasonicFPGA2021/delay-and-sum-v2/delay-and-sum-v2-platform/hw/Demodulator_128Ch_wrapper.xsa
TRACE::2026-01-20.16:51:52::SCWPlatform::DSA given C:/Users/CamLT/AX7010_Work/UltrasonicFPGA2021/delay-and-sum-v2/delay-and-sum-v2-platform/hw/Demodulator_128Ch_wrapper.xsa
TRACE::2026-01-20.16:51:52::SCWPlatform::DSA absoulate path C:/Users/CamLT/AX7010_Work/UltrasonicFPGA2021/delay-and-sum-v2/delay-and-sum-v2-platform/hw/Demodulator_128Ch_wrapper.xsa
TRACE::2026-01-20.16:51:52::SCWPlatform::DSA directory C:/Users/CamLT/AX7010_Work/UltrasonicFPGA2021/delay-and-sum-v2/delay-and-sum-v2-platform/hw
TRACE::2026-01-20.16:51:52::SCWPlatform:: Platform Path C:/Users/CamLT/AX7010_Work/UltrasonicFPGA2021/delay-and-sum-v2/delay-and-sum-v2-platform/hw/Demodulator_128Ch_wrapper.xsa
TRACE::2026-01-20.16:51:52::SCWPlatform:: Unique name xilinx:::0.0
TRACE::2026-01-20.16:51:52::SCWPlatform::Trying to set the existing hwdb with name Demodulator_128Ch_wrapper_1
TRACE::2026-01-20.16:51:52::SCWPlatform::Opened existing hwdb Demodulator_128Ch_wrapper_1
TRACE::2026-01-20.16:51:52::SCWPlatform::Found the Hw Db part of the input DSA
TRACE::2026-01-20.16:51:52::SCWMssOS::Checking the sw design at  C:/Users/CamLT/AX7010_Work/UltrasonicFPGA2021/delay-and-sum-v2/delay-and-sum-v2-platform/ps7_cortexa9_0/standalone_domain/bsp/system.mss
TRACE::2026-01-20.16:51:52::SCWMssOS::DEBUG:  swdes dump  C:/Users/CamLT/AX7010_Work/UltrasonicFPGA2021/delay-and-sum-v2/delay-and-sum-v2-platform/zynq_fsbl/zynq_fsbl_bsp/system.mss|system_0||

TRACE::2026-01-20.16:51:52::SCWMssOS::No sw design opened at  C:/Users/CamLT/AX7010_Work/UltrasonicFPGA2021/delay-and-sum-v2/delay-and-sum-v2-platform/ps7_cortexa9_0/standalone_domain/bsp/system.mss
TRACE::2026-01-20.16:51:52::SCWMssOS::mss exists loading the mss file  C:/Users/CamLT/AX7010_Work/UltrasonicFPGA2021/delay-and-sum-v2/delay-and-sum-v2-platform/ps7_cortexa9_0/standalone_domain/bsp/system.mss
TRACE::2026-01-20.16:51:52::SCWMssOS::Opened the sw design from mss  C:/Users/CamLT/AX7010_Work/UltrasonicFPGA2021/delay-and-sum-v2/delay-and-sum-v2-platform/ps7_cortexa9_0/standalone_domain/bsp/system.mss
TRACE::2026-01-20.16:51:52::SCWMssOS::Adding the swdes entry C:/Users/CamLT/AX7010_Work/UltrasonicFPGA2021/delay-and-sum-v2/delay-and-sum-v2-platform/ps7_cortexa9_0/standalone_domain/bsp/system.mss with des name system
TRACE::2026-01-20.16:51:52::SCWMssOS::updating the scw layer about changes
TRACE::2026-01-20.16:51:52::SCWMssOS::Opened the sw design.  C:/Users/CamLT/AX7010_Work/UltrasonicFPGA2021/delay-and-sum-v2/delay-and-sum-v2-platform/ps7_cortexa9_0/standalone_domain/bsp/system.mss
TRACE::2026-01-20.16:51:52::SCWPlatform::Trying to open the hw design at C:/Users/CamLT/AX7010_Work/UltrasonicFPGA2021/delay-and-sum-v2/delay-and-sum-v2-platform/hw/Demodulator_128Ch_wrapper.xsa
TRACE::2026-01-20.16:51:52::SCWPlatform::DSA given C:/Users/CamLT/AX7010_Work/UltrasonicFPGA2021/delay-and-sum-v2/delay-and-sum-v2-platform/hw/Demodulator_128Ch_wrapper.xsa
TRACE::2026-01-20.16:51:52::SCWPlatform::DSA absoulate path C:/Users/CamLT/AX7010_Work/UltrasonicFPGA2021/delay-and-sum-v2/delay-and-sum-v2-platform/hw/Demodulator_128Ch_wrapper.xsa
TRACE::2026-01-20.16:51:52::SCWPlatform::DSA directory C:/Users/CamLT/AX7010_Work/UltrasonicFPGA2021/delay-and-sum-v2/delay-and-sum-v2-platform/hw
TRACE::2026-01-20.16:51:52::SCWPlatform:: Platform Path C:/Users/CamLT/AX7010_Work/UltrasonicFPGA2021/delay-and-sum-v2/delay-and-sum-v2-platform/hw/Demodulator_128Ch_wrapper.xsa
TRACE::2026-01-20.16:51:52::SCWPlatform:: Unique name xilinx:::0.0
TRACE::2026-01-20.16:51:52::SCWPlatform::Trying to set the existing hwdb with name Demodulator_128Ch_wrapper_1
TRACE::2026-01-20.16:51:52::SCWPlatform::Opened existing hwdb Demodulator_128Ch_wrapper_1
TRACE::2026-01-20.16:51:52::SCWPlatform::Found the Hw Db part of the input DSA
TRACE::2026-01-20.16:51:52::SCWMssOS::Checking the sw design at  C:/Users/CamLT/AX7010_Work/UltrasonicFPGA2021/delay-and-sum-v2/delay-and-sum-v2-platform/ps7_cortexa9_0/standalone_domain/bsp/system.mss
TRACE::2026-01-20.16:51:52::SCWMssOS::DEBUG:  swdes dump  C:/Users/CamLT/AX7010_Work/UltrasonicFPGA2021/delay-and-sum-v2/delay-and-sum-v2-platform/ps7_cortexa9_0/standalone_domain/bsp/system.mss|system||
C:/Users/CamLT/AX7010_Work/UltrasonicFPGA2021/delay-and-sum-v2/delay-and-sum-v2-platform/zynq_fsbl/zynq_fsbl_bsp/system.mss|system_0||

TRACE::2026-01-20.16:51:52::SCWMssOS::Sw design exists and opened at  C:/Users/CamLT/AX7010_Work/UltrasonicFPGA2021/delay-and-sum-v2/delay-and-sum-v2-platform/ps7_cortexa9_0/standalone_domain/bsp/system.mss
TRACE::2026-01-20.16:51:52::SCWMssOS:: library already available in sw design:  lwip211:1.5
TRACE::2026-01-20.16:51:52::SCWMssOS::Saving the mss changes C:/Users/CamLT/AX7010_Work/UltrasonicFPGA2021/delay-and-sum-v2/delay-and-sum-v2-platform/ps7_cortexa9_0/standalone_domain/bsp/system.mss
TRACE::2026-01-20.16:51:52::SCWMssOS::Found a swdesign opened with the mssfile.
TRACE::2026-01-20.16:51:52::SCWMssOS::Completed writemss as part of save.
TRACE::2026-01-20.16:51:52::SCWMssOS::Commit changes completed.
TRACE::2026-01-20.16:51:52::SCWPlatform::Trying to open the hw design at C:/Users/CamLT/AX7010_Work/UltrasonicFPGA2021/delay-and-sum-v2/delay-and-sum-v2-platform/hw/Demodulator_128Ch_wrapper.xsa
TRACE::2026-01-20.16:51:52::SCWPlatform::DSA given C:/Users/CamLT/AX7010_Work/UltrasonicFPGA2021/delay-and-sum-v2/delay-and-sum-v2-platform/hw/Demodulator_128Ch_wrapper.xsa
TRACE::2026-01-20.16:51:52::SCWPlatform::DSA absoulate path C:/Users/CamLT/AX7010_Work/UltrasonicFPGA2021/delay-and-sum-v2/delay-and-sum-v2-platform/hw/Demodulator_128Ch_wrapper.xsa
TRACE::2026-01-20.16:51:52::SCWPlatform::DSA directory C:/Users/CamLT/AX7010_Work/UltrasonicFPGA2021/delay-and-sum-v2/delay-and-sum-v2-platform/hw
TRACE::2026-01-20.16:51:52::SCWPlatform:: Platform Path C:/Users/CamLT/AX7010_Work/UltrasonicFPGA2021/delay-and-sum-v2/delay-and-sum-v2-platform/hw/Demodulator_128Ch_wrapper.xsa
TRACE::2026-01-20.16:51:52::SCWPlatform:: Unique name xilinx:::0.0
TRACE::2026-01-20.16:51:52::SCWPlatform::Trying to set the existing hwdb with name Demodulator_128Ch_wrapper_1
TRACE::2026-01-20.16:51:52::SCWPlatform::Opened existing hwdb Demodulator_128Ch_wrapper_1
TRACE::2026-01-20.16:51:52::SCWPlatform::Found the Hw Db part of the input DSA
TRACE::2026-01-20.16:51:52::SCWMssOS::Checking the sw design at  C:/Users/CamLT/AX7010_Work/UltrasonicFPGA2021/delay-and-sum-v2/delay-and-sum-v2-platform/ps7_cortexa9_0/standalone_domain/bsp/system.mss
TRACE::2026-01-20.16:51:52::SCWMssOS::DEBUG:  swdes dump  C:/Users/CamLT/AX7010_Work/UltrasonicFPGA2021/delay-and-sum-v2/delay-and-sum-v2-platform/ps7_cortexa9_0/standalone_domain/bsp/system.mss|system||
C:/Users/CamLT/AX7010_Work/UltrasonicFPGA2021/delay-and-sum-v2/delay-and-sum-v2-platform/zynq_fsbl/zynq_fsbl_bsp/system.mss|system_0||

TRACE::2026-01-20.16:51:52::SCWMssOS::Sw design exists and opened at  C:/Users/CamLT/AX7010_Work/UltrasonicFPGA2021/delay-and-sum-v2/delay-and-sum-v2-platform/ps7_cortexa9_0/standalone_domain/bsp/system.mss
TRACE::2026-01-20.16:51:52::SCWMssOS::Removing the swdes entry for  C:/Users/CamLT/AX7010_Work/UltrasonicFPGA2021/delay-and-sum-v2/delay-and-sum-v2-platform/ps7_cortexa9_0/standalone_domain/bsp/system.mss
TRACE::2026-01-20.16:51:52::SCWPlatform::Trying to open the hw design at C:/Users/CamLT/AX7010_Work/UltrasonicFPGA2021/delay-and-sum-v2/delay-and-sum-v2-platform/hw/Demodulator_128Ch_wrapper.xsa
TRACE::2026-01-20.16:51:52::SCWPlatform::DSA given C:/Users/CamLT/AX7010_Work/UltrasonicFPGA2021/delay-and-sum-v2/delay-and-sum-v2-platform/hw/Demodulator_128Ch_wrapper.xsa
TRACE::2026-01-20.16:51:52::SCWPlatform::DSA absoulate path C:/Users/CamLT/AX7010_Work/UltrasonicFPGA2021/delay-and-sum-v2/delay-and-sum-v2-platform/hw/Demodulator_128Ch_wrapper.xsa
TRACE::2026-01-20.16:51:52::SCWPlatform::DSA directory C:/Users/CamLT/AX7010_Work/UltrasonicFPGA2021/delay-and-sum-v2/delay-and-sum-v2-platform/hw
TRACE::2026-01-20.16:51:52::SCWPlatform:: Platform Path C:/Users/CamLT/AX7010_Work/UltrasonicFPGA2021/delay-and-sum-v2/delay-and-sum-v2-platform/hw/Demodulator_128Ch_wrapper.xsa
TRACE::2026-01-20.16:51:52::SCWPlatform:: Unique name xilinx:::0.0
TRACE::2026-01-20.16:51:52::SCWPlatform::Trying to set the existing hwdb with name Demodulator_128Ch_wrapper_1
TRACE::2026-01-20.16:51:52::SCWPlatform::Opened existing hwdb Demodulator_128Ch_wrapper_1
TRACE::2026-01-20.16:51:52::SCWPlatform::Found the Hw Db part of the input DSA
TRACE::2026-01-20.16:51:52::SCWMssOS::Checking the sw design at  C:/Users/CamLT/AX7010_Work/UltrasonicFPGA2021/delay-and-sum-v2/delay-and-sum-v2-platform/ps7_cortexa9_0/standalone_domain/bsp/system.mss
TRACE::2026-01-20.16:51:52::SCWMssOS::DEBUG:  swdes dump  C:/Users/CamLT/AX7010_Work/UltrasonicFPGA2021/delay-and-sum-v2/delay-and-sum-v2-platform/zynq_fsbl/zynq_fsbl_bsp/system.mss|system_0||

TRACE::2026-01-20.16:51:52::SCWMssOS::No sw design opened at  C:/Users/CamLT/AX7010_Work/UltrasonicFPGA2021/delay-and-sum-v2/delay-and-sum-v2-platform/ps7_cortexa9_0/standalone_domain/bsp/system.mss
TRACE::2026-01-20.16:51:52::SCWMssOS::mss exists loading the mss file  C:/Users/CamLT/AX7010_Work/UltrasonicFPGA2021/delay-and-sum-v2/delay-and-sum-v2-platform/ps7_cortexa9_0/standalone_domain/bsp/system.mss
TRACE::2026-01-20.16:51:52::SCWMssOS::Opened the sw design from mss  C:/Users/CamLT/AX7010_Work/UltrasonicFPGA2021/delay-and-sum-v2/delay-and-sum-v2-platform/ps7_cortexa9_0/standalone_domain/bsp/system.mss
TRACE::2026-01-20.16:51:52::SCWMssOS::Adding the swdes entry C:/Users/CamLT/AX7010_Work/UltrasonicFPGA2021/delay-and-sum-v2/delay-and-sum-v2-platform/ps7_cortexa9_0/standalone_domain/bsp/system.mss with des name system
TRACE::2026-01-20.16:51:52::SCWMssOS::updating the scw layer about changes
TRACE::2026-01-20.16:51:52::SCWMssOS::Opened the sw design.  C:/Users/CamLT/AX7010_Work/UltrasonicFPGA2021/delay-and-sum-v2/delay-and-sum-v2-platform/ps7_cortexa9_0/standalone_domain/bsp/system.mss
TRACE::2026-01-20.16:51:52::SCWMssOS::Completed writing the mss file at C:/Users/CamLT/AX7010_Work/UltrasonicFPGA2021/delay-and-sum-v2/delay-and-sum-v2-platform/ps7_cortexa9_0/standalone_domain/bsp
TRACE::2026-01-20.16:51:53::SCWMssOS::Forcing BSP Sources regeneration.
LOG::2026-01-20.16:52:03::SCWPlatform::Started generating the artifacts platform delay-and-sum-v2-platform
TRACE::2026-01-20.16:52:03::SCWPlatform::Sanity checking of platform is completed
LOG::2026-01-20.16:52:03::SCWPlatform::Started generating the artifacts for system configuration delay-and-sum-v2-platform
LOG::2026-01-20.16:52:03::SCWSystem::Checking the domain zynq_fsbl
LOG::2026-01-20.16:52:03::SCWSystem::Doing application build for :  zynq_fsbl
TRACE::2026-01-20.16:52:03::SCWBDomain::Not a forced makefile updation, No changes are present. 
TRACE::2026-01-20.16:52:03::SCWDomain::Building the domain as part of full build :  zynq_fsbl
TRACE::2026-01-20.16:52:03::SCWPlatform::Trying to open the hw design at C:/Users/CamLT/AX7010_Work/UltrasonicFPGA2021/delay-and-sum-v2/delay-and-sum-v2-platform/hw/Demodulator_128Ch_wrapper.xsa
TRACE::2026-01-20.16:52:03::SCWPlatform::DSA given C:/Users/CamLT/AX7010_Work/UltrasonicFPGA2021/delay-and-sum-v2/delay-and-sum-v2-platform/hw/Demodulator_128Ch_wrapper.xsa
TRACE::2026-01-20.16:52:03::SCWPlatform::DSA absoulate path C:/Users/CamLT/AX7010_Work/UltrasonicFPGA2021/delay-and-sum-v2/delay-and-sum-v2-platform/hw/Demodulator_128Ch_wrapper.xsa
TRACE::2026-01-20.16:52:03::SCWPlatform::DSA directory C:/Users/CamLT/AX7010_Work/UltrasonicFPGA2021/delay-and-sum-v2/delay-and-sum-v2-platform/hw
TRACE::2026-01-20.16:52:03::SCWPlatform:: Platform Path C:/Users/CamLT/AX7010_Work/UltrasonicFPGA2021/delay-and-sum-v2/delay-and-sum-v2-platform/hw/Demodulator_128Ch_wrapper.xsa
TRACE::2026-01-20.16:52:03::SCWPlatform:: Unique name xilinx:::0.0
TRACE::2026-01-20.16:52:03::SCWPlatform::Trying to set the existing hwdb with name Demodulator_128Ch_wrapper_1
TRACE::2026-01-20.16:52:03::SCWPlatform::Opened existing hwdb Demodulator_128Ch_wrapper_1
TRACE::2026-01-20.16:52:03::SCWPlatform::Found the Hw Db part of the input DSA
TRACE::2026-01-20.16:52:03::SCWMssOS::Checking the sw design at  C:/Users/CamLT/AX7010_Work/UltrasonicFPGA2021/delay-and-sum-v2/delay-and-sum-v2-platform/zynq_fsbl/zynq_fsbl_bsp/system.mss
TRACE::2026-01-20.16:52:03::SCWMssOS::DEBUG:  swdes dump  C:/Users/CamLT/AX7010_Work/UltrasonicFPGA2021/delay-and-sum-v2/delay-and-sum-v2-platform/zynq_fsbl/zynq_fsbl_bsp/system.mss|system_0||

TRACE::2026-01-20.16:52:03::SCWMssOS::Sw design exists and opened at  C:/Users/CamLT/AX7010_Work/UltrasonicFPGA2021/delay-and-sum-v2/delay-and-sum-v2-platform/zynq_fsbl/zynq_fsbl_bsp/system.mss
TRACE::2026-01-20.16:52:03::SCWBDomain::Completed writing the mss file at C:/Users/CamLT/AX7010_Work/UltrasonicFPGA2021/delay-and-sum-v2/delay-and-sum-v2-platform/zynq_fsbl/zynq_fsbl_bsp
TRACE::2026-01-20.16:52:03::SCWBDomain::bsp generated is upto date with the mss file. Skipping bsp generation.
TRACE::2026-01-20.16:52:03::SCWBDomain::Not a forced makefile updation, No changes are present. 
TRACE::2026-01-20.16:52:03::SCWBDomain::System Command Ran  C:&  cd  C:/Users/CamLT/AX7010_Work/UltrasonicFPGA2021/delay-and-sum-v2/delay-and-sum-v2-platform/zynq_fsbl& make -C  zynq_fsbl_bsp & make 
TRACE::2026-01-20.16:52:03::SCWBDomain::make: Entering directory 'C:/Users/CamLT/AX7010_Work/UltrasonicFPGA2021/delay-and-sum-v2/delay-and-sum-v2-platform/zynq_fsbl/zy
TRACE::2026-01-20.16:52:03::SCWBDomain::nq_fsbl_bsp'

TRACE::2026-01-20.16:52:03::SCWBDomain::make --no-print-directory seq_libs

TRACE::2026-01-20.16:52:03::SCWBDomain::"Running Make include in ps7_cortexa9_0/libsrc/coresightps_dcc_v1_8/src"

TRACE::2026-01-20.16:52:03::SCWBDomain::make -C ps7_cortexa9_0/libsrc/coresightps_dcc_v1_8/src -s include  "SHELL=CMD" "COMPILER=arm-none-eabi-gcc" "ASSEMBLER=arm-none
TRACE::2026-01-20.16:52:03::SCWBDomain::-eabi-as" "ARCHIVER=arm-none-eabi-ar" "COMPILER_FLAGS=  -O2 -c" "EXTRA_COMPILER_FLAGS=-mcpu=cortex-a9 -mfpu=vfpv3 -mfloat-abi=h
TRACE::2026-01-20.16:52:03::SCWBDomain::ard -nostartfiles -g -Wall -Wextra -fno-tree-loop-distribute-patterns"

TRACE::2026-01-20.16:52:03::SCWBDomain::"Running Make include in ps7_cortexa9_0/libsrc/cpu_cortexa9_v2_11/src"

TRACE::2026-01-20.16:52:03::SCWBDomain::make -C ps7_cortexa9_0/libsrc/cpu_cortexa9_v2_11/src -s include  "SHELL=CMD" "COMPILER=arm-none-eabi-gcc" "ASSEMBLER=arm-none-e
TRACE::2026-01-20.16:52:03::SCWBDomain::abi-as" "ARCHIVER=arm-none-eabi-ar" "COMPILER_FLAGS=  -O2 -c" "EXTRA_COMPILER_FLAGS=-mcpu=cortex-a9 -mfpu=vfpv3 -mfloat-abi=har
TRACE::2026-01-20.16:52:03::SCWBDomain::d -nostartfiles -g -Wall -Wextra -fno-tree-loop-distribute-patterns"

TRACE::2026-01-20.16:52:04::SCWBDomain::"Running Make include in ps7_cortexa9_0/libsrc/ddrps_v1_2/src"

TRACE::2026-01-20.16:52:04::SCWBDomain::make -C ps7_cortexa9_0/libsrc/ddrps_v1_2/src -s include  "SHELL=CMD" "COMPILER=arm-none-eabi-gcc" "ASSEMBLER=arm-none-eabi-as" 
TRACE::2026-01-20.16:52:04::SCWBDomain::"ARCHIVER=arm-none-eabi-ar" "COMPILER_FLAGS=  -O2 -c" "EXTRA_COMPILER_FLAGS=-mcpu=cortex-a9 -mfpu=vfpv3 -mfloat-abi=hard -nosta
TRACE::2026-01-20.16:52:04::SCWBDomain::rtfiles -g -Wall -Wextra -fno-tree-loop-distribute-patterns"

TRACE::2026-01-20.16:52:04::SCWBDomain::"Running Make include in ps7_cortexa9_0/libsrc/devcfg_v3_7/src"

TRACE::2026-01-20.16:52:04::SCWBDomain::make -C ps7_cortexa9_0/libsrc/devcfg_v3_7/src -s include  "SHELL=CMD" "COMPILER=arm-none-eabi-gcc" "ASSEMBLER=arm-none-eabi-as"
TRACE::2026-01-20.16:52:04::SCWBDomain:: "ARCHIVER=arm-none-eabi-ar" "COMPILER_FLAGS=  -O2 -c" "EXTRA_COMPILER_FLAGS=-mcpu=cortex-a9 -mfpu=vfpv3 -mfloat-abi=hard -nost
TRACE::2026-01-20.16:52:04::SCWBDomain::artfiles -g -Wall -Wextra -fno-tree-loop-distribute-patterns"

TRACE::2026-01-20.16:52:04::SCWBDomain::"Running Make include in ps7_cortexa9_0/libsrc/dmaps_v2_8/src"

TRACE::2026-01-20.16:52:04::SCWBDomain::make -C ps7_cortexa9_0/libsrc/dmaps_v2_8/src -s include  "SHELL=CMD" "COMPILER=arm-none-eabi-gcc" "ASSEMBLER=arm-none-eabi-as" 
TRACE::2026-01-20.16:52:04::SCWBDomain::"ARCHIVER=arm-none-eabi-ar" "COMPILER_FLAGS=  -O2 -c" "EXTRA_COMPILER_FLAGS=-mcpu=cortex-a9 -mfpu=vfpv3 -mfloat-abi=hard -nosta
TRACE::2026-01-20.16:52:04::SCWBDomain::rtfiles -g -Wall -Wextra -fno-tree-loop-distribute-patterns"

TRACE::2026-01-20.16:52:04::SCWBDomain::"Running Make include in ps7_cortexa9_0/libsrc/DMA_v1_0/src"

TRACE::2026-01-20.16:52:04::SCWBDomain::make -C ps7_cortexa9_0/libsrc/DMA_v1_0/src -s include  "SHELL=CMD" "COMPILER=arm-none-eabi-gcc" "ASSEMBLER=arm-none-eabi-as" "A
TRACE::2026-01-20.16:52:04::SCWBDomain::RCHIVER=arm-none-eabi-ar" "COMPILER_FLAGS=  -O2 -c" "EXTRA_COMPILER_FLAGS=-mcpu=cortex-a9 -mfpu=vfpv3 -mfloat-abi=hard -nostart
TRACE::2026-01-20.16:52:04::SCWBDomain::files -g -Wall -Wextra -fno-tree-loop-distribute-patterns"

TRACE::2026-01-20.16:52:04::SCWBDomain::"Running Make include in ps7_cortexa9_0/libsrc/emacps_v3_14/src"

TRACE::2026-01-20.16:52:04::SCWBDomain::make -C ps7_cortexa9_0/libsrc/emacps_v3_14/src -s include  "SHELL=CMD" "COMPILER=arm-none-eabi-gcc" "ASSEMBLER=arm-none-eabi-as
TRACE::2026-01-20.16:52:04::SCWBDomain::" "ARCHIVER=arm-none-eabi-ar" "COMPILER_FLAGS=  -O2 -c" "EXTRA_COMPILER_FLAGS=-mcpu=cortex-a9 -mfpu=vfpv3 -mfloat-abi=hard -nos
TRACE::2026-01-20.16:52:04::SCWBDomain::tartfiles -g -Wall -Wextra -fno-tree-loop-distribute-patterns"

TRACE::2026-01-20.16:52:04::SCWBDomain::"Running Make include in ps7_cortexa9_0/libsrc/gpiops_v3_9/src"

TRACE::2026-01-20.16:52:04::SCWBDomain::make -C ps7_cortexa9_0/libsrc/gpiops_v3_9/src -s include  "SHELL=CMD" "COMPILER=arm-none-eabi-gcc" "ASSEMBLER=arm-none-eabi-as"
TRACE::2026-01-20.16:52:04::SCWBDomain:: "ARCHIVER=arm-none-eabi-ar" "COMPILER_FLAGS=  -O2 -c" "EXTRA_COMPILER_FLAGS=-mcpu=cortex-a9 -mfpu=vfpv3 -mfloat-abi=hard -nost
TRACE::2026-01-20.16:52:04::SCWBDomain::artfiles -g -Wall -Wextra -fno-tree-loop-distribute-patterns"

TRACE::2026-01-20.16:52:04::SCWBDomain::"Running Make include in ps7_cortexa9_0/libsrc/lwip211_v1_5/src"

TRACE::2026-01-20.16:52:04::SCWBDomain::make -C ps7_cortexa9_0/libsrc/lwip211_v1_5/src -s include  "SHELL=CMD" "COMPILER=arm-none-eabi-gcc" "ASSEMBLER=arm-none-eabi-as
TRACE::2026-01-20.16:52:04::SCWBDomain::" "ARCHIVER=arm-none-eabi-ar" "COMPILER_FLAGS=  -O2 -c" "EXTRA_COMPILER_FLAGS=-mcpu=cortex-a9 -mfpu=vfpv3 -mfloat-abi=hard -nos
TRACE::2026-01-20.16:52:04::SCWBDomain::tartfiles -g -Wall -Wextra -fno-tree-loop-distribute-patterns"

TRACE::2026-01-20.16:52:05::SCWBDomain::"Running Make include in ps7_cortexa9_0/libsrc/qspips_v3_9/src"

TRACE::2026-01-20.16:52:05::SCWBDomain::make -C ps7_cortexa9_0/libsrc/qspips_v3_9/src -s include  "SHELL=CMD" "COMPILER=arm-none-eabi-gcc" "ASSEMBLER=arm-none-eabi-as"
TRACE::2026-01-20.16:52:05::SCWBDomain:: "ARCHIVER=arm-none-eabi-ar" "COMPILER_FLAGS=  -O2 -c" "EXTRA_COMPILER_FLAGS=-mcpu=cortex-a9 -mfpu=vfpv3 -mfloat-abi=hard -nost
TRACE::2026-01-20.16:52:05::SCWBDomain::artfiles -g -Wall -Wextra -fno-tree-loop-distribute-patterns"

TRACE::2026-01-20.16:52:05::SCWBDomain::"Running Make include in ps7_cortexa9_0/libsrc/scugic_v4_5/src"

TRACE::2026-01-20.16:52:05::SCWBDomain::make -C ps7_cortexa9_0/libsrc/scugic_v4_5/src -s include  "SHELL=CMD" "COMPILER=arm-none-eabi-gcc" "ASSEMBLER=arm-none-eabi-as"
TRACE::2026-01-20.16:52:05::SCWBDomain:: "ARCHIVER=arm-none-eabi-ar" "COMPILER_FLAGS=  -O2 -c" "EXTRA_COMPILER_FLAGS=-mcpu=cortex-a9 -mfpu=vfpv3 -mfloat-abi=hard -nost
TRACE::2026-01-20.16:52:05::SCWBDomain::artfiles -g -Wall -Wextra -fno-tree-loop-distribute-patterns"

TRACE::2026-01-20.16:52:05::SCWBDomain::"Running Make include in ps7_cortexa9_0/libsrc/scutimer_v2_3/src"

TRACE::2026-01-20.16:52:05::SCWBDomain::make -C ps7_cortexa9_0/libsrc/scutimer_v2_3/src -s include  "SHELL=CMD" "COMPILER=arm-none-eabi-gcc" "ASSEMBLER=arm-none-eabi-a
TRACE::2026-01-20.16:52:05::SCWBDomain::s" "ARCHIVER=arm-none-eabi-ar" "COMPILER_FLAGS=  -O2 -c" "EXTRA_COMPILER_FLAGS=-mcpu=cortex-a9 -mfpu=vfpv3 -mfloat-abi=hard -no
TRACE::2026-01-20.16:52:05::SCWBDomain::startfiles -g -Wall -Wextra -fno-tree-loop-distribute-patterns"

TRACE::2026-01-20.16:52:05::SCWBDomain::"Running Make include in ps7_cortexa9_0/libsrc/scuwdt_v2_4/src"

TRACE::2026-01-20.16:52:05::SCWBDomain::make -C ps7_cortexa9_0/libsrc/scuwdt_v2_4/src -s include  "SHELL=CMD" "COMPILER=arm-none-eabi-gcc" "ASSEMBLER=arm-none-eabi-as"
TRACE::2026-01-20.16:52:05::SCWBDomain:: "ARCHIVER=arm-none-eabi-ar" "COMPILER_FLAGS=  -O2 -c" "EXTRA_COMPILER_FLAGS=-mcpu=cortex-a9 -mfpu=vfpv3 -mfloat-abi=hard -nost
TRACE::2026-01-20.16:52:05::SCWBDomain::artfiles -g -Wall -Wextra -fno-tree-loop-distribute-patterns"

TRACE::2026-01-20.16:52:05::SCWBDomain::"Running Make include in ps7_cortexa9_0/libsrc/sdps_v3_12/src"

TRACE::2026-01-20.16:52:05::SCWBDomain::make -C ps7_cortexa9_0/libsrc/sdps_v3_12/src -s include  "SHELL=CMD" "COMPILER=arm-none-eabi-gcc" "ASSEMBLER=arm-none-eabi-as" 
TRACE::2026-01-20.16:52:05::SCWBDomain::"ARCHIVER=arm-none-eabi-ar" "COMPILER_FLAGS=  -O2 -c" "EXTRA_COMPILER_FLAGS=-mcpu=cortex-a9 -mfpu=vfpv3 -mfloat-abi=hard -nosta
TRACE::2026-01-20.16:52:05::SCWBDomain::rtfiles -g -Wall -Wextra -fno-tree-loop-distribute-patterns"

TRACE::2026-01-20.16:52:06::SCWBDomain::"Running Make include in ps7_cortexa9_0/libsrc/standalone_v7_5/src"

TRACE::2026-01-20.16:52:06::SCWBDomain::make -C ps7_cortexa9_0/libsrc/standalone_v7_5/src -s include  "SHELL=CMD" "COMPILER=arm-none-eabi-gcc" "ASSEMBLER=arm-none-eabi
TRACE::2026-01-20.16:52:06::SCWBDomain::-as" "ARCHIVER=arm-none-eabi-ar" "COMPILER_FLAGS=  -O2 -c" "EXTRA_COMPILER_FLAGS=-mcpu=cortex-a9 -mfpu=vfpv3 -mfloat-abi=hard -
TRACE::2026-01-20.16:52:06::SCWBDomain::nostartfiles -g -Wall -Wextra -fno-tree-loop-distribute-patterns"

TRACE::2026-01-20.16:52:06::SCWBDomain::"Running Make include in ps7_cortexa9_0/libsrc/uartps_v3_11/src"

TRACE::2026-01-20.16:52:06::SCWBDomain::make -C ps7_cortexa9_0/libsrc/uartps_v3_11/src -s include  "SHELL=CMD" "COMPILER=arm-none-eabi-gcc" "ASSEMBLER=arm-none-eabi-as
TRACE::2026-01-20.16:52:06::SCWBDomain::" "ARCHIVER=arm-none-eabi-ar" "COMPILER_FLAGS=  -O2 -c" "EXTRA_COMPILER_FLAGS=-mcpu=cortex-a9 -mfpu=vfpv3 -mfloat-abi=hard -nos
TRACE::2026-01-20.16:52:06::SCWBDomain::tartfiles -g -Wall -Wextra -fno-tree-loop-distribute-patterns"

TRACE::2026-01-20.16:52:07::SCWBDomain::"Running Make include in ps7_cortexa9_0/libsrc/usbps_v2_7/src"

TRACE::2026-01-20.16:52:07::SCWBDomain::make -C ps7_cortexa9_0/libsrc/usbps_v2_7/src -s include  "SHELL=CMD" "COMPILER=arm-none-eabi-gcc" "ASSEMBLER=arm-none-eabi-as" 
TRACE::2026-01-20.16:52:07::SCWBDomain::"ARCHIVER=arm-none-eabi-ar" "COMPILER_FLAGS=  -O2 -c" "EXTRA_COMPILER_FLAGS=-mcpu=cortex-a9 -mfpu=vfpv3 -mfloat-abi=hard -nosta
TRACE::2026-01-20.16:52:07::SCWBDomain::rtfiles -g -Wall -Wextra -fno-tree-loop-distribute-patterns"

TRACE::2026-01-20.16:52:07::SCWBDomain::"Running Make include in ps7_cortexa9_0/libsrc/xadcps_v2_6/src"

TRACE::2026-01-20.16:52:07::SCWBDomain::make -C ps7_cortexa9_0/libsrc/xadcps_v2_6/src -s include  "SHELL=CMD" "COMPILER=arm-none-eabi-gcc" "ASSEMBLER=arm-none-eabi-as"
TRACE::2026-01-20.16:52:07::SCWBDomain:: "ARCHIVER=arm-none-eabi-ar" "COMPILER_FLAGS=  -O2 -c" "EXTRA_COMPILER_FLAGS=-mcpu=cortex-a9 -mfpu=vfpv3 -mfloat-abi=hard -nost
TRACE::2026-01-20.16:52:07::SCWBDomain::artfiles -g -Wall -Wextra -fno-tree-loop-distribute-patterns"

TRACE::2026-01-20.16:52:07::SCWBDomain::"Running Make include in ps7_cortexa9_0/libsrc/xilffs_v4_5/src"

TRACE::2026-01-20.16:52:07::SCWBDomain::make -C ps7_cortexa9_0/libsrc/xilffs_v4_5/src -s include  "SHELL=CMD" "COMPILER=arm-none-eabi-gcc" "ASSEMBLER=arm-none-eabi-as"
TRACE::2026-01-20.16:52:07::SCWBDomain:: "ARCHIVER=arm-none-eabi-ar" "COMPILER_FLAGS=  -O2 -c" "EXTRA_COMPILER_FLAGS=-mcpu=cortex-a9 -mfpu=vfpv3 -mfloat-abi=hard -nost
TRACE::2026-01-20.16:52:07::SCWBDomain::artfiles -g -Wall -Wextra -fno-tree-loop-distribute-patterns"

TRACE::2026-01-20.16:52:07::SCWBDomain::"Running Make include in ps7_cortexa9_0/libsrc/xilrsa_v1_6/src"

TRACE::2026-01-20.16:52:07::SCWBDomain::make -C ps7_cortexa9_0/libsrc/xilrsa_v1_6/src -s include  "SHELL=CMD" "COMPILER=arm-none-eabi-gcc" "ASSEMBLER=arm-none-eabi-as"
TRACE::2026-01-20.16:52:07::SCWBDomain:: "ARCHIVER=arm-none-eabi-ar" "COMPILER_FLAGS=  -O2 -c" "EXTRA_COMPILER_FLAGS=-mcpu=cortex-a9 -mfpu=vfpv3 -mfloat-abi=hard -nost
TRACE::2026-01-20.16:52:07::SCWBDomain::artfiles -g -Wall -Wextra -fno-tree-loop-distribute-patterns"

TRACE::2026-01-20.16:52:07::SCWBDomain::"Running Make libs in ps7_cortexa9_0/libsrc/DMA_v1_0/src"

TRACE::2026-01-20.16:52:07::SCWBDomain::make -C ps7_cortexa9_0/libsrc/DMA_v1_0/src -s libs  "SHELL=CMD" "COMPILER=arm-none-eabi-gcc" "ASSEMBLER=arm-none-eabi-as" "ARCH
TRACE::2026-01-20.16:52:07::SCWBDomain::IVER=arm-none-eabi-ar" "COMPILER_FLAGS=  -O2 -c" "EXTRA_COMPILER_FLAGS=-mcpu=cortex-a9 -mfpu=vfpv3 -mfloat-abi=hard -nostartfil
TRACE::2026-01-20.16:52:07::SCWBDomain::es -g -Wall -Wextra -fno-tree-loop-distribute-patterns"

TRACE::2026-01-20.16:52:08::SCWBDomain::"Building DMA"

TRACE::2026-01-20.16:52:08::SCWBDomain::"Running Make libs in ps7_cortexa9_0/libsrc/lwip211_v1_5/src"

TRACE::2026-01-20.16:52:08::SCWBDomain::make -C ps7_cortexa9_0/libsrc/lwip211_v1_5/src -s libs  "SHELL=CMD" "COMPILER=arm-none-eabi-gcc" "ASSEMBLER=arm-none-eabi-as" "
TRACE::2026-01-20.16:52:08::SCWBDomain::ARCHIVER=arm-none-eabi-ar" "COMPILER_FLAGS=  -O2 -c" "EXTRA_COMPILER_FLAGS=-mcpu=cortex-a9 -mfpu=vfpv3 -mfloat-abi=hard -nostar
TRACE::2026-01-20.16:52:08::SCWBDomain::tfiles -g -Wall -Wextra -fno-tree-loop-distribute-patterns"

TRACE::2026-01-20.16:52:08::SCWBDomain::"Compiling lwip src and adapter files"

TRACE::2026-01-20.16:52:14::SCWBDomain::"Running Make libs in ps7_cortexa9_0/libsrc/xilrsa_v1_6/src"

TRACE::2026-01-20.16:52:14::SCWBDomain::make -C ps7_cortexa9_0/libsrc/xilrsa_v1_6/src -s libs  "SHELL=CMD" "COMPILER=arm-none-eabi-gcc" "ASSEMBLER=arm-none-eabi-as" "A
TRACE::2026-01-20.16:52:14::SCWBDomain::RCHIVER=arm-none-eabi-ar" "COMPILER_FLAGS=  -O2 -c" "EXTRA_COMPILER_FLAGS=-mcpu=cortex-a9 -mfpu=vfpv3 -mfloat-abi=hard -nostart
TRACE::2026-01-20.16:52:14::SCWBDomain::files -g -Wall -Wextra -fno-tree-loop-distribute-patterns"

TRACE::2026-01-20.16:52:14::SCWBDomain::'Finished building libraries sequentially.'

TRACE::2026-01-20.16:52:14::SCWBDomain::make -j 14 --no-print-directory par_libs

TRACE::2026-01-20.16:52:14::SCWBDomain::"Running Make include in ps7_cortexa9_0/libsrc/coresightps_dcc_v1_8/src"

TRACE::2026-01-20.16:52:14::SCWBDomain::make -C ps7_cortexa9_0/libsrc/coresightps_dcc_v1_8/src -s include  "SHELL=CMD" "COMPILER=arm-none-eabi-gcc" "ASSEMBLER=arm-none
TRACE::2026-01-20.16:52:14::SCWBDomain::-eabi-as" "ARCHIVER=arm-none-eabi-ar" "COMPILER_FLAGS=  -O2 -c" "EXTRA_COMPILER_FLAGS=-mcpu=cortex-a9 -mfpu=vfpv3 -mfloat-abi=h
TRACE::2026-01-20.16:52:14::SCWBDomain::ard -nostartfiles -g -Wall -Wextra -fno-tree-loop-distribute-patterns"

TRACE::2026-01-20.16:52:14::SCWBDomain::"Running Make include in ps7_cortexa9_0/libsrc/cpu_cortexa9_v2_11/src"

TRACE::2026-01-20.16:52:14::SCWBDomain::make -C ps7_cortexa9_0/libsrc/cpu_cortexa9_v2_11/src -s include  "SHELL=CMD" "COMPILER=arm-none-eabi-gcc" "ASSEMBLER=arm-none-e
TRACE::2026-01-20.16:52:14::SCWBDomain::abi-as" "ARCHIVER=arm-none-eabi-ar" "COMPILER_FLAGS=  -O2 -c" "EXTRA_COMPILER_FLAGS=-mcpu=cortex-a9 -mfpu=vfpv3 -mfloat-abi=har
TRACE::2026-01-20.16:52:14::SCWBDomain::d -nostartfiles -g -Wall -Wextra -fno-tree-loop-distribute-patterns"

TRACE::2026-01-20.16:52:14::SCWBDomain::"Running Make include in ps7_cortexa9_0/libsrc/ddrps_v1_2/src"

TRACE::2026-01-20.16:52:14::SCWBDomain::make -C ps7_cortexa9_0/libsrc/ddrps_v1_2/src -s include  "SHELL=CMD" "COMPILER=arm-none-eabi-gcc" "ASSEMBLER=arm-none-eabi-as" 
TRACE::2026-01-20.16:52:14::SCWBDomain::"ARCHIVER=arm-none-eabi-ar" "COMPILER_FLAGS=  -O2 -c" "EXTRA_COMPILER_FLAGS=-mcpu=cortex-a9 -mfpu=vfpv3 -mfloat-abi=hard -nosta
TRACE::2026-01-20.16:52:14::SCWBDomain::rtfiles -g -Wall -Wextra -fno-tree-loop-distribute-patterns"

TRACE::2026-01-20.16:52:14::SCWBDomain::"Running Make include in ps7_cortexa9_0/libsrc/devcfg_v3_7/src"

TRACE::2026-01-20.16:52:14::SCWBDomain::"Running Make include in ps7_cortexa9_0/libsrc/dmaps_v2_8/src"

TRACE::2026-01-20.16:52:14::SCWBDomain::make -C ps7_cortexa9_0/libsrc/devcfg_v3_7/src -s include  "SHELL=CMD" "COMPILER=arm-none-eabi-gcc" "ASSEMBLER=arm-none-eabi-as"
TRACE::2026-01-20.16:52:14::SCWBDomain:: "ARCHIVER=arm-none-eabi-ar" "COMPILER_FLAGS=  -O2 -c" "EXTRA_COMPILER_FLAGS=-mcpu=cortex-a9 -mfpu=vfpv3 -mfloat-abi=hard -nost
TRACE::2026-01-20.16:52:14::SCWBDomain::artfiles -g -Wall -Wextra -fno-tree-loop-distribute-patterns"

TRACE::2026-01-20.16:52:14::SCWBDomain::make -C ps7_cortexa9_0/libsrc/dmaps_v2_8/src -s include  "SHELL=CMD" "COMPILER=arm-none-eabi-gcc" "ASSEMBLER=arm-none-eabi-as" 
TRACE::2026-01-20.16:52:14::SCWBDomain::"ARCHIVER=arm-none-eabi-ar" "COMPILER_FLAGS=  -O2 -c" "EXTRA_COMPILER_FLAGS=-mcpu=cortex-a9 -mfpu=vfpv3 -mfloat-abi=hard -nosta
TRACE::2026-01-20.16:52:14::SCWBDomain::rtfiles -g -Wall -Wextra -fno-tree-loop-distribute-patterns"

TRACE::2026-01-20.16:52:14::SCWBDomain::"Running Make include in ps7_cortexa9_0/libsrc/DMA_v1_0/src"

TRACE::2026-01-20.16:52:14::SCWBDomain::make -C ps7_cortexa9_0/libsrc/DMA_v1_0/src -s include  "SHELL=CMD" "COMPILER=arm-none-eabi-gcc" "ASSEMBLER=arm-none-eabi-as" "A
TRACE::2026-01-20.16:52:14::SCWBDomain::RCHIVER=arm-none-eabi-ar" "COMPILER_FLAGS=  -O2 -c" "EXTRA_COMPILER_FLAGS=-mcpu=cortex-a9 -mfpu=vfpv3 -mfloat-abi=hard -nostart
TRACE::2026-01-20.16:52:14::SCWBDomain::files -g -Wall -Wextra -fno-tree-loop-distribute-patterns"

TRACE::2026-01-20.16:52:14::SCWBDomain::"Running Make include in ps7_cortexa9_0/libsrc/emacps_v3_14/src"

TRACE::2026-01-20.16:52:14::SCWBDomain::make -C ps7_cortexa9_0/libsrc/emacps_v3_14/src -s include  "SHELL=CMD" "COMPILER=arm-none-eabi-gcc" "ASSEMBLER=arm-none-eabi-as
TRACE::2026-01-20.16:52:14::SCWBDomain::" "ARCHIVER=arm-none-eabi-ar" "COMPILER_FLAGS=  -O2 -c" "EXTRA_COMPILER_FLAGS=-mcpu=cortex-a9 -mfpu=vfpv3 -mfloat-abi=hard -nos
TRACE::2026-01-20.16:52:14::SCWBDomain::tartfiles -g -Wall -Wextra -fno-tree-loop-distribute-patterns"

TRACE::2026-01-20.16:52:14::SCWBDomain::"Running Make include in ps7_cortexa9_0/libsrc/gpiops_v3_9/src"

TRACE::2026-01-20.16:52:15::SCWBDomain::"Running Make include in ps7_cortexa9_0/libsrc/lwip211_v1_5/src"

TRACE::2026-01-20.16:52:15::SCWBDomain::make -C ps7_cortexa9_0/libsrc/gpiops_v3_9/src -s include  "SHELL=CMD" "COMPILER=arm-none-eabi-gcc" "ASSEMBLER=arm-none-eabi-as"
TRACE::2026-01-20.16:52:15::SCWBDomain:: "ARCHIVER=arm-none-eabi-ar" "COMPILER_FLAGS=  -O2 -c" "EXTRA_COMPILER_FLAGS=-mcpu=cortex-a9 -mfpu=vfpv3 -mfloat-abi=hard -nost
TRACE::2026-01-20.16:52:15::SCWBDomain::artfiles -g -Wall -Wextra -fno-tree-loop-distribute-patterns"

TRACE::2026-01-20.16:52:15::SCWBDomain::make -C ps7_cortexa9_0/libsrc/lwip211_v1_5/src -s include  "SHELL=CMD" "COMPILER=arm-none-eabi-gcc" "ASSEMBLER=arm-none-eabi-as
TRACE::2026-01-20.16:52:15::SCWBDomain::" "ARCHIVER=arm-none-eabi-ar" "COMPILER_FLAGS=  -O2 -c" "EXTRA_COMPILER_FLAGS=-mcpu=cortex-a9 -mfpu=vfpv3 -mfloat-abi=hard -nos
TRACE::2026-01-20.16:52:15::SCWBDomain::tartfiles -g -Wall -Wextra -fno-tree-loop-distribute-patterns"

TRACE::2026-01-20.16:52:15::SCWBDomain::"Running Make include in ps7_cortexa9_0/libsrc/qspips_v3_9/src"

TRACE::2026-01-20.16:52:15::SCWBDomain::make -C ps7_cortexa9_0/libsrc/qspips_v3_9/src -s include  "SHELL=CMD" "COMPILER=arm-none-eabi-gcc" "ASSEMBLER=arm-none-eabi-as"
TRACE::2026-01-20.16:52:15::SCWBDomain:: "ARCHIVER=arm-none-eabi-ar" "COMPILER_FLAGS=  -O2 -c" "EXTRA_COMPILER_FLAGS=-mcpu=cortex-a9 -mfpu=vfpv3 -mfloat-abi=hard -nost
TRACE::2026-01-20.16:52:15::SCWBDomain::artfiles -g -Wall -Wextra -fno-tree-loop-distribute-patterns"

TRACE::2026-01-20.16:52:15::SCWBDomain::"Running Make include in ps7_cortexa9_0/libsrc/scugic_v4_5/src"

TRACE::2026-01-20.16:52:15::SCWBDomain::make -C ps7_cortexa9_0/libsrc/scugic_v4_5/src -s include  "SHELL=CMD" "COMPILER=arm-none-eabi-gcc" "ASSEMBLER=arm-none-eabi-as"
TRACE::2026-01-20.16:52:15::SCWBDomain:: "ARCHIVER=arm-none-eabi-ar" "COMPILER_FLAGS=  -O2 -c" "EXTRA_COMPILER_FLAGS=-mcpu=cortex-a9 -mfpu=vfpv3 -mfloat-abi=hard -nost
TRACE::2026-01-20.16:52:15::SCWBDomain::artfiles -g -Wall -Wextra -fno-tree-loop-distribute-patterns"

TRACE::2026-01-20.16:52:15::SCWBDomain::"Running Make include in ps7_cortexa9_0/libsrc/scutimer_v2_3/src"

TRACE::2026-01-20.16:52:15::SCWBDomain::make -C ps7_cortexa9_0/libsrc/scutimer_v2_3/src -s include  "SHELL=CMD" "COMPILER=arm-none-eabi-gcc" "ASSEMBLER=arm-none-eabi-a
TRACE::2026-01-20.16:52:15::SCWBDomain::s" "ARCHIVER=arm-none-eabi-ar" "COMPILER_FLAGS=  -O2 -c" "EXTRA_COMPILER_FLAGS=-mcpu=cortex-a9 -mfpu=vfpv3 -mfloat-abi=hard -no
TRACE::2026-01-20.16:52:15::SCWBDomain::startfiles -g -Wall -Wextra -fno-tree-loop-distribute-patterns"

TRACE::2026-01-20.16:52:15::SCWBDomain::"Running Make include in ps7_cortexa9_0/libsrc/scuwdt_v2_4/src"

TRACE::2026-01-20.16:52:15::SCWBDomain::"Running Make include in ps7_cortexa9_0/libsrc/sdps_v3_12/src"

TRACE::2026-01-20.16:52:15::SCWBDomain::make -C ps7_cortexa9_0/libsrc/scuwdt_v2_4/src -s include  "SHELL=CMD" "COMPILER=arm-none-eabi-gcc" "ASSEMBLER=arm-none-eabi-as"
TRACE::2026-01-20.16:52:15::SCWBDomain:: "ARCHIVER=arm-none-eabi-ar" "COMPILER_FLAGS=  -O2 -c" "EXTRA_COMPILER_FLAGS=-mcpu=cortex-a9 -mfpu=vfpv3 -mfloat-abi=hard -nost
TRACE::2026-01-20.16:52:15::SCWBDomain::artfiles -g -Wall -Wextra -fno-tree-loop-distribute-patterns"

TRACE::2026-01-20.16:52:15::SCWBDomain::make -C ps7_cortexa9_0/libsrc/sdps_v3_12/src -s include  "SHELL=CMD" "COMPILER=arm-none-eabi-gcc" "ASSEMBLER=arm-none-eabi-as" 
TRACE::2026-01-20.16:52:15::SCWBDomain::"ARCHIVER=arm-none-eabi-ar" "COMPILER_FLAGS=  -O2 -c" "EXTRA_COMPILER_FLAGS=-mcpu=cortex-a9 -mfpu=vfpv3 -mfloat-abi=hard -nosta
TRACE::2026-01-20.16:52:15::SCWBDomain::rtfiles -g -Wall -Wextra -fno-tree-loop-distribute-patterns"

TRACE::2026-01-20.16:52:15::SCWBDomain::"Running Make include in ps7_cortexa9_0/libsrc/standalone_v7_5/src"

TRACE::2026-01-20.16:52:15::SCWBDomain::make -C ps7_cortexa9_0/libsrc/standalone_v7_5/src -s include  "SHELL=CMD" "COMPILER=arm-none-eabi-gcc" "ASSEMBLER=arm-none-eabi
TRACE::2026-01-20.16:52:15::SCWBDomain::-as" "ARCHIVER=arm-none-eabi-ar" "COMPILER_FLAGS=  -O2 -c" "EXTRA_COMPILER_FLAGS=-mcpu=cortex-a9 -mfpu=vfpv3 -mfloat-abi=hard -
TRACE::2026-01-20.16:52:15::SCWBDomain::nostartfiles -g -Wall -Wextra -fno-tree-loop-distribute-patterns"

TRACE::2026-01-20.16:52:15::SCWBDomain::"Running Make include in ps7_cortexa9_0/libsrc/uartps_v3_11/src"

TRACE::2026-01-20.16:52:15::SCWBDomain::make -C ps7_cortexa9_0/libsrc/uartps_v3_11/src -s include  "SHELL=CMD" "COMPILER=arm-none-eabi-gcc" "ASSEMBLER=arm-none-eabi-as
TRACE::2026-01-20.16:52:15::SCWBDomain::" "ARCHIVER=arm-none-eabi-ar" "COMPILER_FLAGS=  -O2 -c" "EXTRA_COMPILER_FLAGS=-mcpu=cortex-a9 -mfpu=vfpv3 -mfloat-abi=hard -nos
TRACE::2026-01-20.16:52:15::SCWBDomain::tartfiles -g -Wall -Wextra -fno-tree-loop-distribute-patterns"

TRACE::2026-01-20.16:52:15::SCWBDomain::"Running Make include in ps7_cortexa9_0/libsrc/usbps_v2_7/src"

TRACE::2026-01-20.16:52:15::SCWBDomain::make -C ps7_cortexa9_0/libsrc/usbps_v2_7/src -s include  "SHELL=CMD" "COMPILER=arm-none-eabi-gcc" "ASSEMBLER=arm-none-eabi-as" 
TRACE::2026-01-20.16:52:15::SCWBDomain::"ARCHIVER=arm-none-eabi-ar" "COMPILER_FLAGS=  -O2 -c" "EXTRA_COMPILER_FLAGS=-mcpu=cortex-a9 -mfpu=vfpv3 -mfloat-abi=hard -nosta
TRACE::2026-01-20.16:52:15::SCWBDomain::rtfiles -g -Wall -Wextra -fno-tree-loop-distribute-patterns"

TRACE::2026-01-20.16:52:15::SCWBDomain::"Running Make include in ps7_cortexa9_0/libsrc/xadcps_v2_6/src"

TRACE::2026-01-20.16:52:15::SCWBDomain::make -C ps7_cortexa9_0/libsrc/xadcps_v2_6/src -s include  "SHELL=CMD" "COMPILER=arm-none-eabi-gcc" "ASSEMBLER=arm-none-eabi-as"
TRACE::2026-01-20.16:52:15::SCWBDomain:: "ARCHIVER=arm-none-eabi-ar" "COMPILER_FLAGS=  -O2 -c" "EXTRA_COMPILER_FLAGS=-mcpu=cortex-a9 -mfpu=vfpv3 -mfloat-abi=hard -nost
TRACE::2026-01-20.16:52:15::SCWBDomain::artfiles -g -Wall -Wextra -fno-tree-loop-distribute-patterns"

TRACE::2026-01-20.16:52:15::SCWBDomain::"Running Make include in ps7_cortexa9_0/libsrc/xilffs_v4_5/src"

TRACE::2026-01-20.16:52:15::SCWBDomain::make -C ps7_cortexa9_0/libsrc/xilffs_v4_5/src -s include  "SHELL=CMD" "COMPILER=arm-none-eabi-gcc" "ASSEMBLER=arm-none-eabi-as"
TRACE::2026-01-20.16:52:15::SCWBDomain:: "ARCHIVER=arm-none-eabi-ar" "COMPILER_FLAGS=  -O2 -c" "EXTRA_COMPILER_FLAGS=-mcpu=cortex-a9 -mfpu=vfpv3 -mfloat-abi=hard -nost
TRACE::2026-01-20.16:52:15::SCWBDomain::artfiles -g -Wall -Wextra -fno-tree-loop-distribute-patterns"

TRACE::2026-01-20.16:52:15::SCWBDomain::"Running Make include in ps7_cortexa9_0/libsrc/xilrsa_v1_6/src"

TRACE::2026-01-20.16:52:15::SCWBDomain::make -C ps7_cortexa9_0/libsrc/xilrsa_v1_6/src -s include  "SHELL=CMD" "COMPILER=arm-none-eabi-gcc" "ASSEMBLER=arm-none-eabi-as"
TRACE::2026-01-20.16:52:15::SCWBDomain:: "ARCHIVER=arm-none-eabi-ar" "COMPILER_FLAGS=  -O2 -c" "EXTRA_COMPILER_FLAGS=-mcpu=cortex-a9 -mfpu=vfpv3 -mfloat-abi=hard -nost
TRACE::2026-01-20.16:52:15::SCWBDomain::artfiles -g -Wall -Wextra -fno-tree-loop-distribute-patterns"

TRACE::2026-01-20.16:52:15::SCWBDomain::"Running Make libs in ps7_cortexa9_0/libsrc/coresightps_dcc_v1_8/src"

TRACE::2026-01-20.16:52:15::SCWBDomain::make -C ps7_cortexa9_0/libsrc/coresightps_dcc_v1_8/src -s libs  "SHELL=CMD" "COMPILER=arm-none-eabi-gcc" "ASSEMBLER=arm-none-ea
TRACE::2026-01-20.16:52:15::SCWBDomain::bi-as" "ARCHIVER=arm-none-eabi-ar" "COMPILER_FLAGS=  -O2 -c" "EXTRA_COMPILER_FLAGS=-mcpu=cortex-a9 -mfpu=vfpv3 -mfloat-abi=hard
TRACE::2026-01-20.16:52:15::SCWBDomain:: -nostartfiles -g -Wall -Wextra -fno-tree-loop-distribute-patterns"

TRACE::2026-01-20.16:52:15::SCWBDomain::"Running Make libs in ps7_cortexa9_0/libsrc/cpu_cortexa9_v2_11/src"

TRACE::2026-01-20.16:52:15::SCWBDomain::make -C ps7_cortexa9_0/libsrc/cpu_cortexa9_v2_11/src -s libs  "SHELL=CMD" "COMPILER=arm-none-eabi-gcc" "ASSEMBLER=arm-none-eabi
TRACE::2026-01-20.16:52:15::SCWBDomain::-as" "ARCHIVER=arm-none-eabi-ar" "COMPILER_FLAGS=  -O2 -c" "EXTRA_COMPILER_FLAGS=-mcpu=cortex-a9 -mfpu=vfpv3 -mfloat-abi=hard -
TRACE::2026-01-20.16:52:15::SCWBDomain::nostartfiles -g -Wall -Wextra -fno-tree-loop-distribute-patterns"

TRACE::2026-01-20.16:52:15::SCWBDomain::"Running Make libs in ps7_cortexa9_0/libsrc/ddrps_v1_2/src"

TRACE::2026-01-20.16:52:15::SCWBDomain::make -C ps7_cortexa9_0/libsrc/ddrps_v1_2/src -s libs  "SHELL=CMD" "COMPILER=arm-none-eabi-gcc" "ASSEMBLER=arm-none-eabi-as" "AR
TRACE::2026-01-20.16:52:15::SCWBDomain::CHIVER=arm-none-eabi-ar" "COMPILER_FLAGS=  -O2 -c" "EXTRA_COMPILER_FLAGS=-mcpu=cortex-a9 -mfpu=vfpv3 -mfloat-abi=hard -nostartf
TRACE::2026-01-20.16:52:15::SCWBDomain::iles -g -Wall -Wextra -fno-tree-loop-distribute-patterns"

TRACE::2026-01-20.16:52:15::SCWBDomain::"Running Make libs in ps7_cortexa9_0/libsrc/devcfg_v3_7/src"

TRACE::2026-01-20.16:52:15::SCWBDomain::make -C ps7_cortexa9_0/libsrc/devcfg_v3_7/src -s libs  "SHELL=CMD" "COMPILER=arm-none-eabi-gcc" "ASSEMBLER=arm-none-eabi-as" "A
TRACE::2026-01-20.16:52:15::SCWBDomain::RCHIVER=arm-none-eabi-ar" "COMPILER_FLAGS=  -O2 -c" "EXTRA_COMPILER_FLAGS=-mcpu=cortex-a9 -mfpu=vfpv3 -mfloat-abi=hard -nostart
TRACE::2026-01-20.16:52:15::SCWBDomain::files -g -Wall -Wextra -fno-tree-loop-distribute-patterns"

TRACE::2026-01-20.16:52:15::SCWBDomain::"Running Make libs in ps7_cortexa9_0/libsrc/dmaps_v2_8/src"

TRACE::2026-01-20.16:52:15::SCWBDomain::make -C ps7_cortexa9_0/libsrc/dmaps_v2_8/src -s libs  "SHELL=CMD" "COMPILER=arm-none-eabi-gcc" "ASSEMBLER=arm-none-eabi-as" "AR
TRACE::2026-01-20.16:52:15::SCWBDomain::CHIVER=arm-none-eabi-ar" "COMPILER_FLAGS=  -O2 -c" "EXTRA_COMPILER_FLAGS=-mcpu=cortex-a9 -mfpu=vfpv3 -mfloat-abi=hard -nostartf
TRACE::2026-01-20.16:52:15::SCWBDomain::iles -g -Wall -Wextra -fno-tree-loop-distribute-patterns"

TRACE::2026-01-20.16:52:15::SCWBDomain::"Running Make libs in ps7_cortexa9_0/libsrc/emacps_v3_14/src"

TRACE::2026-01-20.16:52:15::SCWBDomain::make -C ps7_cortexa9_0/libsrc/emacps_v3_14/src -s libs  "SHELL=CMD" "COMPILER=arm-none-eabi-gcc" "ASSEMBLER=arm-none-eabi-as" "
TRACE::2026-01-20.16:52:15::SCWBDomain::ARCHIVER=arm-none-eabi-ar" "COMPILER_FLAGS=  -O2 -c" "EXTRA_COMPILER_FLAGS=-mcpu=cortex-a9 -mfpu=vfpv3 -mfloat-abi=hard -nostar
TRACE::2026-01-20.16:52:15::SCWBDomain::tfiles -g -Wall -Wextra -fno-tree-loop-distribute-patterns"

TRACE::2026-01-20.16:52:15::SCWBDomain::"Running Make libs in ps7_cortexa9_0/libsrc/gpiops_v3_9/src"

TRACE::2026-01-20.16:52:15::SCWBDomain::make -C ps7_cortexa9_0/libsrc/gpiops_v3_9/src -s libs  "SHELL=CMD" "COMPILER=arm-none-eabi-gcc" "ASSEMBLER=arm-none-eabi-as" "A
TRACE::2026-01-20.16:52:15::SCWBDomain::RCHIVER=arm-none-eabi-ar" "COMPILER_FLAGS=  -O2 -c" "EXTRA_COMPILER_FLAGS=-mcpu=cortex-a9 -mfpu=vfpv3 -mfloat-abi=hard -nostart
TRACE::2026-01-20.16:52:15::SCWBDomain::files -g -Wall -Wextra -fno-tree-loop-distribute-patterns"

TRACE::2026-01-20.16:52:15::SCWBDomain::"Running Make libs in ps7_cortexa9_0/libsrc/qspips_v3_9/src"

TRACE::2026-01-20.16:52:15::SCWBDomain::make -C ps7_cortexa9_0/libsrc/qspips_v3_9/src -s libs  "SHELL=CMD" "COMPILER=arm-none-eabi-gcc" "ASSEMBLER=arm-none-eabi-as" "A
TRACE::2026-01-20.16:52:15::SCWBDomain::RCHIVER=arm-none-eabi-ar" "COMPILER_FLAGS=  -O2 -c" "EXTRA_COMPILER_FLAGS=-mcpu=cortex-a9 -mfpu=vfpv3 -mfloat-abi=hard -nostart
TRACE::2026-01-20.16:52:15::SCWBDomain::files -g -Wall -Wextra -fno-tree-loop-distribute-patterns"

TRACE::2026-01-20.16:52:15::SCWBDomain::"Running Make libs in ps7_cortexa9_0/libsrc/scugic_v4_5/src"

TRACE::2026-01-20.16:52:15::SCWBDomain::"Running Make libs in ps7_cortexa9_0/libsrc/scutimer_v2_3/src"

TRACE::2026-01-20.16:52:15::SCWBDomain::make -C ps7_cortexa9_0/libsrc/scugic_v4_5/src -s libs  "SHELL=CMD" "COMPILER=arm-none-eabi-gcc" "ASSEMBLER=arm-none-eabi-as" "A
TRACE::2026-01-20.16:52:15::SCWBDomain::RCHIVER=arm-none-eabi-ar" "COMPILER_FLAGS=  -O2 -c" "EXTRA_COMPILER_FLAGS=-mcpu=cortex-a9 -mfpu=vfpv3 -mfloat-abi=hard -nostart
TRACE::2026-01-20.16:52:15::SCWBDomain::files -g -Wall -Wextra -fno-tree-loop-distribute-patterns"

TRACE::2026-01-20.16:52:15::SCWBDomain::make -C ps7_cortexa9_0/libsrc/scutimer_v2_3/src -s libs  "SHELL=CMD" "COMPILER=arm-none-eabi-gcc" "ASSEMBLER=arm-none-eabi-as" 
TRACE::2026-01-20.16:52:15::SCWBDomain::"ARCHIVER=arm-none-eabi-ar" "COMPILER_FLAGS=  -O2 -c" "EXTRA_COMPILER_FLAGS=-mcpu=cortex-a9 -mfpu=vfpv3 -mfloat-abi=hard -nosta
TRACE::2026-01-20.16:52:15::SCWBDomain::rtfiles -g -Wall -Wextra -fno-tree-loop-distribute-patterns"

TRACE::2026-01-20.16:52:15::SCWBDomain::"Running Make libs in ps7_cortexa9_0/libsrc/scuwdt_v2_4/src"

TRACE::2026-01-20.16:52:15::SCWBDomain::make -C ps7_cortexa9_0/libsrc/scuwdt_v2_4/src -s libs  "SHELL=CMD" "COMPILER=arm-none-eabi-gcc" "ASSEMBLER=arm-none-eabi-as" "A
TRACE::2026-01-20.16:52:15::SCWBDomain::RCHIVER=arm-none-eabi-ar" "COMPILER_FLAGS=  -O2 -c" "EXTRA_COMPILER_FLAGS=-mcpu=cortex-a9 -mfpu=vfpv3 -mfloat-abi=hard -nostart
TRACE::2026-01-20.16:52:15::SCWBDomain::files -g -Wall -Wextra -fno-tree-loop-distribute-patterns"

TRACE::2026-01-20.16:52:16::SCWBDomain::"Running Make libs in ps7_cortexa9_0/libsrc/sdps_v3_12/src"

TRACE::2026-01-20.16:52:16::SCWBDomain::make -C ps7_cortexa9_0/libsrc/sdps_v3_12/src -s libs  "SHELL=CMD" "COMPILER=arm-none-eabi-gcc" "ASSEMBLER=arm-none-eabi-as" "AR
TRACE::2026-01-20.16:52:16::SCWBDomain::CHIVER=arm-none-eabi-ar" "COMPILER_FLAGS=  -O2 -c" "EXTRA_COMPILER_FLAGS=-mcpu=cortex-a9 -mfpu=vfpv3 -mfloat-abi=hard -nostartf
TRACE::2026-01-20.16:52:16::SCWBDomain::iles -g -Wall -Wextra -fno-tree-loop-distribute-patterns"

TRACE::2026-01-20.16:52:16::SCWBDomain::"Running Make libs in ps7_cortexa9_0/libsrc/standalone_v7_5/src"

TRACE::2026-01-20.16:52:16::SCWBDomain::make -C ps7_cortexa9_0/libsrc/standalone_v7_5/src -s libs  "SHELL=CMD" "COMPILER=arm-none-eabi-gcc" "ASSEMBLER=arm-none-eabi-as
TRACE::2026-01-20.16:52:16::SCWBDomain::" "ARCHIVER=arm-none-eabi-ar" "COMPILER_FLAGS=  -O2 -c" "EXTRA_COMPILER_FLAGS=-mcpu=cortex-a9 -mfpu=vfpv3 -mfloat-abi=hard -nos
TRACE::2026-01-20.16:52:16::SCWBDomain::tartfiles -g -Wall -Wextra -fno-tree-loop-distribute-patterns"

TRACE::2026-01-20.16:52:16::SCWBDomain::"Running Make libs in ps7_cortexa9_0/libsrc/uartps_v3_11/src"

TRACE::2026-01-20.16:52:16::SCWBDomain::make -C ps7_cortexa9_0/libsrc/uartps_v3_11/src -s libs  "SHELL=CMD" "COMPILER=arm-none-eabi-gcc" "ASSEMBLER=arm-none-eabi-as" "
TRACE::2026-01-20.16:52:16::SCWBDomain::ARCHIVER=arm-none-eabi-ar" "COMPILER_FLAGS=  -O2 -c" "EXTRA_COMPILER_FLAGS=-mcpu=cortex-a9 -mfpu=vfpv3 -mfloat-abi=hard -nostar
TRACE::2026-01-20.16:52:16::SCWBDomain::tfiles -g -Wall -Wextra -fno-tree-loop-distribute-patterns"

TRACE::2026-01-20.16:52:16::SCWBDomain::"Running Make libs in ps7_cortexa9_0/libsrc/usbps_v2_7/src"

TRACE::2026-01-20.16:52:16::SCWBDomain::make -C ps7_cortexa9_0/libsrc/usbps_v2_7/src -s libs  "SHELL=CMD" "COMPILER=arm-none-eabi-gcc" "ASSEMBLER=arm-none-eabi-as" "AR
TRACE::2026-01-20.16:52:16::SCWBDomain::CHIVER=arm-none-eabi-ar" "COMPILER_FLAGS=  -O2 -c" "EXTRA_COMPILER_FLAGS=-mcpu=cortex-a9 -mfpu=vfpv3 -mfloat-abi=hard -nostartf
TRACE::2026-01-20.16:52:16::SCWBDomain::iles -g -Wall -Wextra -fno-tree-loop-distribute-patterns"

TRACE::2026-01-20.16:52:16::SCWBDomain::"Running Make libs in ps7_cortexa9_0/libsrc/xadcps_v2_6/src"

TRACE::2026-01-20.16:52:16::SCWBDomain::make -C ps7_cortexa9_0/libsrc/xadcps_v2_6/src -s libs  "SHELL=CMD" "COMPILER=arm-none-eabi-gcc" "ASSEMBLER=arm-none-eabi-as" "A
TRACE::2026-01-20.16:52:16::SCWBDomain::RCHIVER=arm-none-eabi-ar" "COMPILER_FLAGS=  -O2 -c" "EXTRA_COMPILER_FLAGS=-mcpu=cortex-a9 -mfpu=vfpv3 -mfloat-abi=hard -nostart
TRACE::2026-01-20.16:52:16::SCWBDomain::files -g -Wall -Wextra -fno-tree-loop-distribute-patterns"

TRACE::2026-01-20.16:52:16::SCWBDomain::"Running Make libs in ps7_cortexa9_0/libsrc/xilffs_v4_5/src"

TRACE::2026-01-20.16:52:16::SCWBDomain::make -C ps7_cortexa9_0/libsrc/xilffs_v4_5/src -s libs  "SHELL=CMD" "COMPILER=arm-none-eabi-gcc" "ASSEMBLER=arm-none-eabi-as" "A
TRACE::2026-01-20.16:52:16::SCWBDomain::RCHIVER=arm-none-eabi-ar" "COMPILER_FLAGS=  -O2 -c" "EXTRA_COMPILER_FLAGS=-mcpu=cortex-a9 -mfpu=vfpv3 -mfloat-abi=hard -nostart
TRACE::2026-01-20.16:52:16::SCWBDomain::files -g -Wall -Wextra -fno-tree-loop-distribute-patterns"

TRACE::2026-01-20.16:52:17::SCWBDomain::'Finished building libraries parallelly.'

TRACE::2026-01-20.16:52:17::SCWBDomain::make --no-print-directory archive

TRACE::2026-01-20.16:52:17::SCWBDomain::arm-none-eabi-ar -r  ps7_cortexa9_0/lib/libxil.a ps7_cortexa9_0/lib/xil_testcache.o ps7_cortexa9_0/lib/xadcps_selftest.o ps7_co
TRACE::2026-01-20.16:52:17::SCWBDomain::rtexa9_0/lib/xplatform_info.o ps7_cortexa9_0/lib/xil_mmu.o ps7_cortexa9_0/lib/_exit.o ps7_cortexa9_0/lib/xusbps_sinit.o ps7_cor
TRACE::2026-01-20.16:52:17::SCWBDomain::texa9_0/lib/xdevcfg_hw.o ps7_cortexa9_0/lib/xil_sleeptimer.o ps7_cortexa9_0/lib/xqspips_options.o ps7_cortexa9_0/lib/xdmaps_g.o
TRACE::2026-01-20.16:52:17::SCWBDomain:: ps7_cortexa9_0/lib/xscutimer_g.o ps7_cortexa9_0/lib/xsdps_options.o ps7_cortexa9_0/lib/xil_misc_psreset_api.o ps7_cortexa9_0/l
TRACE::2026-01-20.16:52:17::SCWBDomain::ib/xdmaps_sinit.o ps7_cortexa9_0/lib/xscutimer_sinit.o ps7_cortexa9_0/lib/xemacps_hw.o ps7_cortexa9_0/lib/inbyte.o ps7_cortexa9
TRACE::2026-01-20.16:52:17::SCWBDomain::_0/lib/xdmaps_selftest.o ps7_cortexa9_0/lib/xscutimer_selftest.o ps7_cortexa9_0/lib/putnum.o ps7_cortexa9_0/lib/xqspips_hw.o ps
TRACE::2026-01-20.16:52:17::SCWBDomain::7_cortexa9_0/lib/xgpiops_g.o ps7_cortexa9_0/lib/xsdps.o ps7_cortexa9_0/lib/close.o ps7_cortexa9_0/lib/xgpiops_intr.o ps7_cortex
TRACE::2026-01-20.16:52:17::SCWBDomain::a9_0/lib/xdma_g.o ps7_cortexa9_0/lib/xgpiops_sinit.o ps7_cortexa9_0/lib/xdma_sinit.o ps7_cortexa9_0/lib/xgpiops_selftest.o ps7_
TRACE::2026-01-20.16:52:17::SCWBDomain::cortexa9_0/lib/xscuwdt.o ps7_cortexa9_0/lib/xgpiops.o ps7_cortexa9_0/lib/xil_clocking.o ps7_cortexa9_0/lib/xil_mem.o ps7_cortex
TRACE::2026-01-20.16:52:17::SCWBDomain::a9_0/lib/time.o ps7_cortexa9_0/lib/xil_printf.o ps7_cortexa9_0/lib/kill.o ps7_cortexa9_0/lib/xuartps_g.o ps7_cortexa9_0/lib/xad
TRACE::2026-01-20.16:52:17::SCWBDomain::cps.o ps7_cortexa9_0/lib/xuartps_sinit.o ps7_cortexa9_0/lib/xuartps_selftest.o ps7_cortexa9_0/lib/lseek.o ps7_cortexa9_0/lib/xu
TRACE::2026-01-20.16:52:17::SCWBDomain::sbps_hw.o ps7_cortexa9_0/lib/xl2cc_counter.o ps7_cortexa9_0/lib/asm_vectors.o ps7_cortexa9_0/lib/abort.o ps7_cortexa9_0/lib/xsc
TRACE::2026-01-20.16:52:17::SCWBDomain::ugic_intr.o ps7_cortexa9_0/lib/getpid.o ps7_cortexa9_0/lib/xdevcfg_sinit.o ps7_cortexa9_0/lib/xdmaps.o ps7_cortexa9_0/lib/xscut
TRACE::2026-01-20.16:52:17::SCWBDomain::imer.o ps7_cortexa9_0/lib/xdevcfg_selftest.o ps7_cortexa9_0/lib/xpm_counter.o ps7_cortexa9_0/lib/_sbrk.o ps7_cortexa9_0/lib/xem
TRACE::2026-01-20.16:52:17::SCWBDomain::acps_sinit.o ps7_cortexa9_0/lib/xqspips_g.o ps7_cortexa9_0/lib/xusbps.o ps7_cortexa9_0/lib/xusbps_endpoint.o ps7_cortexa9_0/lib
TRACE::2026-01-20.16:52:17::SCWBDomain::/xusbps_g.o ps7_cortexa9_0/lib/xsdps_sinit.o ps7_cortexa9_0/lib/xqspips_selftest.o ps7_cortexa9_0/lib/xil_exception.o ps7_corte
TRACE::2026-01-20.16:52:17::SCWBDomain::xa9_0/lib/xil_testmem.o ps7_cortexa9_0/lib/xemacps_control.o ps7_cortexa9_0/lib/open.o ps7_cortexa9_0/lib/xil_assert.o ps7_cort
TRACE::2026-01-20.16:52:17::SCWBDomain::exa9_0/lib/xusbps_intr.o ps7_cortexa9_0/lib/xsdps_host.o ps7_cortexa9_0/lib/xcoresightpsdcc.o ps7_cortexa9_0/lib/xscugic_hw.o p
TRACE::2026-01-20.16:52:17::SCWBDomain::s7_cortexa9_0/lib/sleep.o ps7_cortexa9_0/lib/cpputest_time.o ps7_cortexa9_0/lib/_open.o ps7_cortexa9_0/lib/fcntl.o ps7_cortexa9
TRACE::2026-01-20.16:52:17::SCWBDomain::_0/lib/print.o ps7_cortexa9_0/lib/read.o ps7_cortexa9_0/lib/xdevcfg.o ps7_cortexa9_0/lib/xadcps_intr.o ps7_cortexa9_0/lib/xqspi
TRACE::2026-01-20.16:52:17::SCWBDomain::ps.o ps7_cortexa9_0/lib/xemacps.o ps7_cortexa9_0/lib/xil_cache.o ps7_cortexa9_0/lib/xil_testio.o ps7_cortexa9_0/lib/unlink.o ps
TRACE::2026-01-20.16:52:17::SCWBDomain::7_cortexa9_0/lib/xil_spinlock.o ps7_cortexa9_0/lib/translation_table.o ps7_cortexa9_0/lib/write.o ps7_cortexa9_0/lib/boot.o ps7
TRACE::2026-01-20.16:52:17::SCWBDomain::_cortexa9_0/lib/xemacps_bdring.o ps7_cortexa9_0/lib/cpu_init.o ps7_cortexa9_0/lib/vectors.o ps7_cortexa9_0/lib/usleep.o ps7_cor
TRACE::2026-01-20.16:52:17::SCWBDomain::texa9_0/lib/xil_sleepcommon.o ps7_cortexa9_0/lib/xscugic_g.o ps7_cortexa9_0/lib/xscugic_sinit.o ps7_cortexa9_0/lib/xdevcfg_g.o 
TRACE::2026-01-20.16:52:17::SCWBDomain::ps7_cortexa9_0/lib/outbyte.o ps7_cortexa9_0/lib/xtime_l.o ps7_cortexa9_0/lib/xdma_linux.o ps7_cortexa9_0/lib/xscugic_selftest.o
TRACE::2026-01-20.16:52:17::SCWBDomain:: ps7_cortexa9_0/lib/xil_util.o ps7_cortexa9_0/lib/xuartps_intr.o ps7_cortexa9_0/lib/xuartps.o ps7_cortexa9_0/lib/xsdps_card.o p
TRACE::2026-01-20.16:52:17::SCWBDomain::s7_cortexa9_0/lib/xdmaps_hw.o ps7_cortexa9_0/lib/sbrk.o ps7_cortexa9_0/lib/xgpiops_hw.o ps7_cortexa9_0/lib/xsdps_g.o ps7_cortex
TRACE::2026-01-20.16:52:17::SCWBDomain::a9_0/lib/fstat.o ps7_cortexa9_0/lib/errno.o ps7_cortexa9_0/lib/xdevcfg_intr.o ps7_cortexa9_0/lib/xuartps_options.o ps7_cortexa9
TRACE::2026-01-20.16:52:17::SCWBDomain::_0/lib/xscuwdt_g.o ps7_cortexa9_0/lib/xdma.o ps7_cortexa9_0/lib/xemacps_g.o ps7_cortexa9_0/lib/xscuwdt_sinit.o ps7_cortexa9_0/l
TRACE::2026-01-20.16:52:17::SCWBDomain::ib/xemacps_intr.o ps7_cortexa9_0/lib/xscuwdt_selftest.o ps7_cortexa9_0/lib/isatty.o ps7_cortexa9_0/lib/xil-crt0.o ps7_cortexa9_
TRACE::2026-01-20.16:52:17::SCWBDomain::0/lib/xscugic.o ps7_cortexa9_0/lib/xuartps_hw.o ps7_cortexa9_0/lib/xadcps_g.o ps7_cortexa9_0/lib/xqspips_sinit.o ps7_cortexa9_0
TRACE::2026-01-20.16:52:17::SCWBDomain::/lib/xadcps_sinit.o

TRACE::2026-01-20.16:52:18::SCWBDomain::'Finished building libraries'

TRACE::2026-01-20.16:52:18::SCWBDomain::make: Leaving directory 'C:/Users/CamLT/AX7010_Work/UltrasonicFPGA2021/delay-and-sum-v2/delay-and-sum-v2-platform/zynq_fsbl/zyn
TRACE::2026-01-20.16:52:18::SCWBDomain::q_fsbl_bsp'

TRACE::2026-01-20.16:52:18::SCWBDomain::arm-none-eabi-gcc -MMD -MP       -mcpu=cortex-a9 -mfpu=vfpv3 -mfloat-abi=hard   -O2 -c -c sd.c -o sd.o -Izynq_fsbl_bsp/ps7_cort
TRACE::2026-01-20.16:52:18::SCWBDomain::exa9_0/include -I.

TRACE::2026-01-20.16:52:18::SCWBDomain::arm-none-eabi-gcc -MMD -MP       -mcpu=cortex-a9 -mfpu=vfpv3 -mfloat-abi=hard   -O2 -c -c nand.c -o nand.o -Izynq_fsbl_bsp/ps7_
TRACE::2026-01-20.16:52:18::SCWBDomain::cortexa9_0/include -I.

TRACE::2026-01-20.16:52:18::SCWBDomain::arm-none-eabi-gcc -MMD -MP       -mcpu=cortex-a9 -mfpu=vfpv3 -mfloat-abi=hard   -O2 -c -c nor.c -o nor.o -Izynq_fsbl_bsp/ps7_co
TRACE::2026-01-20.16:52:18::SCWBDomain::rtexa9_0/include -I.

TRACE::2026-01-20.16:52:18::SCWBDomain::arm-none-eabi-gcc -MMD -MP       -mcpu=cortex-a9 -mfpu=vfpv3 -mfloat-abi=hard   -O2 -c -c image_mover.c -o image_mover.o -Izynq
TRACE::2026-01-20.16:52:18::SCWBDomain::_fsbl_bsp/ps7_cortexa9_0/include -I.

TRACE::2026-01-20.16:52:18::SCWBDomain::arm-none-eabi-gcc -MMD -MP       -mcpu=cortex-a9 -mfpu=vfpv3 -mfloat-abi=hard   -O2 -c -c md5.c -o md5.o -Izynq_fsbl_bsp/ps7_co
TRACE::2026-01-20.16:52:18::SCWBDomain::rtexa9_0/include -I.

TRACE::2026-01-20.16:52:18::SCWBDomain::arm-none-eabi-gcc -MMD -MP       -mcpu=cortex-a9 -mfpu=vfpv3 -mfloat-abi=hard   -O2 -c -c fsbl_hooks.c -o fsbl_hooks.o -Izynq_f
TRACE::2026-01-20.16:52:18::SCWBDomain::sbl_bsp/ps7_cortexa9_0/include -I.

TRACE::2026-01-20.16:52:18::SCWBDomain::arm-none-eabi-gcc -MMD -MP       -mcpu=cortex-a9 -mfpu=vfpv3 -mfloat-abi=hard   -O2 -c -c main.c -o main.o -Izynq_fsbl_bsp/ps7_
TRACE::2026-01-20.16:52:18::SCWBDomain::cortexa9_0/include -I.

TRACE::2026-01-20.16:52:18::SCWBDomain::arm-none-eabi-gcc -MMD -MP       -mcpu=cortex-a9 -mfpu=vfpv3 -mfloat-abi=hard   -O2 -c -c rsa.c -o rsa.o -Izynq_fsbl_bsp/ps7_co
TRACE::2026-01-20.16:52:18::SCWBDomain::rtexa9_0/include -I.

TRACE::2026-01-20.16:52:19::SCWBDomain::arm-none-eabi-gcc -MMD -MP       -mcpu=cortex-a9 -mfpu=vfpv3 -mfloat-abi=hard   -O2 -c -c qspi.c -o qspi.o -Izynq_fsbl_bsp/ps7_
TRACE::2026-01-20.16:52:19::SCWBDomain::cortexa9_0/include -I.

TRACE::2026-01-20.16:52:19::SCWBDomain::arm-none-eabi-gcc -MMD -MP       -mcpu=cortex-a9 -mfpu=vfpv3 -mfloat-abi=hard   -O2 -c -c ps7_init.c -o ps7_init.o -Izynq_fsbl_
TRACE::2026-01-20.16:52:19::SCWBDomain::bsp/ps7_cortexa9_0/include -I.

TRACE::2026-01-20.16:52:19::SCWBDomain::arm-none-eabi-gcc -MMD -MP       -mcpu=cortex-a9 -mfpu=vfpv3 -mfloat-abi=hard   -O2 -c -c pcap.c -o pcap.o -Izynq_fsbl_bsp/ps7_
TRACE::2026-01-20.16:52:19::SCWBDomain::cortexa9_0/include -I.

TRACE::2026-01-20.16:52:19::SCWBDomain::arm-none-eabi-gcc -MMD -MP       -mcpu=cortex-a9 -mfpu=vfpv3 -mfloat-abi=hard   -O2 -c -c fsbl_handoff.S -o fsbl_handoff.o -Izy
TRACE::2026-01-20.16:52:19::SCWBDomain::nq_fsbl_bsp/ps7_cortexa9_0/include -I.

TRACE::2026-01-20.16:52:19::SCWBDomain::arm-none-eabi-gcc -o fsbl.elf  sd.o  nand.o  nor.o  image_mover.o  md5.o  fsbl_hooks.o  main.o  rsa.o  qspi.o  ps7_init.o  pcap
TRACE::2026-01-20.16:52:19::SCWBDomain::.o  fsbl_handoff.o -MMD -MP       -mcpu=cortex-a9 -mfpu=vfpv3 -mfloat-abi=hard   -mcpu=cortex-a9 -mfpu=vfpv3 -mfloat-abi=hard -
TRACE::2026-01-20.16:52:19::SCWBDomain::Wl,-build-id=none -specs=Xilinx.spec  -lrsa -Wl,--start-group,-lxil,-lgcc,-lc,--end-group -Wl,--start-group,-lxilffs,-lxil,-lgc
TRACE::2026-01-20.16:52:19::SCWBDomain::c,-lc,--end-group -Wl,--start-group,-lrsa,-lxil,-lgcc,-lc,--end-group -Wl,--start-group,-lxil,-llwip4,-lgcc,-lc,--end-group    
TRACE::2026-01-20.16:52:19::SCWBDomain::                                -Wl,--gc-sections -Lzynq_fsbl_bsp/ps7_cortexa9_0/lib -L./ -Tlscript.ld

LOG::2026-01-20.16:52:19::SCWSystem::Checking the domain standalone_domain
LOG::2026-01-20.16:52:19::SCWSystem::Not a boot domain 
LOG::2026-01-20.16:52:19::SCWSystem::Started Processing the domain standalone_domain
TRACE::2026-01-20.16:52:19::SCWDomain::Generating domain artifcats
TRACE::2026-01-20.16:52:19::SCWMssOS::Generating standalone artifcats
TRACE::2026-01-20.16:52:19::SCWMssOS::Copying the qemu file from  C:/Xilinx/Vitis/2021.1/data/emulation/platforms/zynq/sw/a9_standalone/qemu/qemu_args.txt To C:/Users/CamLT/AX7010_Work/UltrasonicFPGA2021/delay-and-sum-v2/delay-and-sum-v2-platform/export/delay-and-sum-v2-platform/sw/delay-and-sum-v2-platform/qemu/
TRACE::2026-01-20.16:52:19::SCWMssOS::Copying the qemu file from  C:/Xilinx/Vitis/2021.1/data/emulation/platforms/zynq/sw/a9_standalone/qemu/qemu_args.txt To C:/Users/CamLT/AX7010_Work/UltrasonicFPGA2021/delay-and-sum-v2/delay-and-sum-v2-platform/export/delay-and-sum-v2-platform/sw/delay-and-sum-v2-platform/standalone_domain/qemu/
TRACE::2026-01-20.16:52:19::SCWMssOS:: Copying the user libraries. 
TRACE::2026-01-20.16:52:19::SCWPlatform::Trying to open the hw design at C:/Users/CamLT/AX7010_Work/UltrasonicFPGA2021/delay-and-sum-v2/delay-and-sum-v2-platform/hw/Demodulator_128Ch_wrapper.xsa
TRACE::2026-01-20.16:52:19::SCWPlatform::DSA given C:/Users/CamLT/AX7010_Work/UltrasonicFPGA2021/delay-and-sum-v2/delay-and-sum-v2-platform/hw/Demodulator_128Ch_wrapper.xsa
TRACE::2026-01-20.16:52:19::SCWPlatform::DSA absoulate path C:/Users/CamLT/AX7010_Work/UltrasonicFPGA2021/delay-and-sum-v2/delay-and-sum-v2-platform/hw/Demodulator_128Ch_wrapper.xsa
TRACE::2026-01-20.16:52:19::SCWPlatform::DSA directory C:/Users/CamLT/AX7010_Work/UltrasonicFPGA2021/delay-and-sum-v2/delay-and-sum-v2-platform/hw
TRACE::2026-01-20.16:52:19::SCWPlatform:: Platform Path C:/Users/CamLT/AX7010_Work/UltrasonicFPGA2021/delay-and-sum-v2/delay-and-sum-v2-platform/hw/Demodulator_128Ch_wrapper.xsa
TRACE::2026-01-20.16:52:19::SCWPlatform:: Unique name xilinx:::0.0
TRACE::2026-01-20.16:52:19::SCWPlatform::Trying to set the existing hwdb with name Demodulator_128Ch_wrapper_1
TRACE::2026-01-20.16:52:19::SCWPlatform::Opened existing hwdb Demodulator_128Ch_wrapper_1
TRACE::2026-01-20.16:52:19::SCWPlatform::Found the Hw Db part of the input DSA
TRACE::2026-01-20.16:52:19::SCWMssOS::Checking the sw design at  C:/Users/CamLT/AX7010_Work/UltrasonicFPGA2021/delay-and-sum-v2/delay-and-sum-v2-platform/ps7_cortexa9_0/standalone_domain/bsp/system.mss
TRACE::2026-01-20.16:52:19::SCWMssOS::DEBUG:  swdes dump  C:/Users/CamLT/AX7010_Work/UltrasonicFPGA2021/delay-and-sum-v2/delay-and-sum-v2-platform/zynq_fsbl/zynq_fsbl_bsp/system.mss|system_0||

TRACE::2026-01-20.16:52:19::SCWMssOS::No sw design opened at  C:/Users/CamLT/AX7010_Work/UltrasonicFPGA2021/delay-and-sum-v2/delay-and-sum-v2-platform/ps7_cortexa9_0/standalone_domain/bsp/system.mss
TRACE::2026-01-20.16:52:19::SCWMssOS::mss exists loading the mss file  C:/Users/CamLT/AX7010_Work/UltrasonicFPGA2021/delay-and-sum-v2/delay-and-sum-v2-platform/ps7_cortexa9_0/standalone_domain/bsp/system.mss
TRACE::2026-01-20.16:52:19::SCWMssOS::Opened the sw design from mss  C:/Users/CamLT/AX7010_Work/UltrasonicFPGA2021/delay-and-sum-v2/delay-and-sum-v2-platform/ps7_cortexa9_0/standalone_domain/bsp/system.mss
TRACE::2026-01-20.16:52:19::SCWMssOS::Adding the swdes entry C:/Users/CamLT/AX7010_Work/UltrasonicFPGA2021/delay-and-sum-v2/delay-and-sum-v2-platform/ps7_cortexa9_0/standalone_domain/bsp/system.mss with des name system
TRACE::2026-01-20.16:52:19::SCWMssOS::updating the scw layer about changes
TRACE::2026-01-20.16:52:19::SCWMssOS::Opened the sw design.  C:/Users/CamLT/AX7010_Work/UltrasonicFPGA2021/delay-and-sum-v2/delay-and-sum-v2-platform/ps7_cortexa9_0/standalone_domain/bsp/system.mss
TRACE::2026-01-20.16:52:19::SCWMssOS::Completed writing the mss file at C:/Users/CamLT/AX7010_Work/UltrasonicFPGA2021/delay-and-sum-v2/delay-and-sum-v2-platform/ps7_cortexa9_0/standalone_domain/bsp
TRACE::2026-01-20.16:52:19::SCWMssOS::Mss edits present, copying mssfile into export location C:/Users/CamLT/AX7010_Work/UltrasonicFPGA2021/delay-and-sum-v2/delay-and-sum-v2-platform/ps7_cortexa9_0/standalone_domain/bsp/system.mss
TRACE::2026-01-20.16:52:19::SCWMssOS::bsp generated is upto date with the mss file. Skipping bsp generation.
TRACE::2026-01-20.16:52:19::SCWMssOS::BSP is already built. skipping the bsp build ... 
TRACE::2026-01-20.16:52:19::SCWDomain::Building the domain as part of full build :  standalone_domain
TRACE::2026-01-20.16:52:19::SCWMssOS::doing bsp build ... 
TRACE::2026-01-20.16:52:19::SCWMssOS::System Command Ran  C: & cd  C:/Users/CamLT/AX7010_Work/UltrasonicFPGA2021/delay-and-sum-v2/delay-and-sum-v2-platform/ps7_cortexa9_0/standalone_domain/bsp & make 
TRACE::2026-01-20.16:52:19::SCWMssOS::make --no-print-directory seq_libs

TRACE::2026-01-20.16:52:19::SCWMssOS::"Running Make include in ps7_cortexa9_0/libsrc/coresightps_dcc_v1_8/src"

TRACE::2026-01-20.16:52:19::SCWMssOS::make -C ps7_cortexa9_0/libsrc/coresightps_dcc_v1_8/src -s include  "SHELL=CMD" "COMPILER=arm-none-eabi-gcc" "ASSEMBLER=arm-none
TRACE::2026-01-20.16:52:19::SCWMssOS::-eabi-as" "ARCHIVER=arm-none-eabi-ar" "COMPILER_FLAGS=  -O2 -c" "EXTRA_COMPILER_FLAGS=-mcpu=cortex-a9 -mfpu=vfpv3 -mfloat-abi=h
TRACE::2026-01-20.16:52:19::SCWMssOS::ard -nostartfiles -g -Wall -Wextra -fno-tree-loop-distribute-patterns"

TRACE::2026-01-20.16:52:19::SCWMssOS::"Running Make include in ps7_cortexa9_0/libsrc/cpu_cortexa9_v2_11/src"

TRACE::2026-01-20.16:52:19::SCWMssOS::make -C ps7_cortexa9_0/libsrc/cpu_cortexa9_v2_11/src -s include  "SHELL=CMD" "COMPILER=arm-none-eabi-gcc" "ASSEMBLER=arm-none-e
TRACE::2026-01-20.16:52:19::SCWMssOS::abi-as" "ARCHIVER=arm-none-eabi-ar" "COMPILER_FLAGS=  -O2 -c" "EXTRA_COMPILER_FLAGS=-mcpu=cortex-a9 -mfpu=vfpv3 -mfloat-abi=har
TRACE::2026-01-20.16:52:19::SCWMssOS::d -nostartfiles -g -Wall -Wextra -fno-tree-loop-distribute-patterns"

TRACE::2026-01-20.16:52:20::SCWMssOS::"Running Make include in ps7_cortexa9_0/libsrc/ddrps_v1_2/src"

TRACE::2026-01-20.16:52:20::SCWMssOS::make -C ps7_cortexa9_0/libsrc/ddrps_v1_2/src -s include  "SHELL=CMD" "COMPILER=arm-none-eabi-gcc" "ASSEMBLER=arm-none-eabi-as" 
TRACE::2026-01-20.16:52:20::SCWMssOS::"ARCHIVER=arm-none-eabi-ar" "COMPILER_FLAGS=  -O2 -c" "EXTRA_COMPILER_FLAGS=-mcpu=cortex-a9 -mfpu=vfpv3 -mfloat-abi=hard -nosta
TRACE::2026-01-20.16:52:20::SCWMssOS::rtfiles -g -Wall -Wextra -fno-tree-loop-distribute-patterns"

TRACE::2026-01-20.16:52:20::SCWMssOS::"Running Make include in ps7_cortexa9_0/libsrc/devcfg_v3_7/src"

TRACE::2026-01-20.16:52:20::SCWMssOS::make -C ps7_cortexa9_0/libsrc/devcfg_v3_7/src -s include  "SHELL=CMD" "COMPILER=arm-none-eabi-gcc" "ASSEMBLER=arm-none-eabi-as"
TRACE::2026-01-20.16:52:20::SCWMssOS:: "ARCHIVER=arm-none-eabi-ar" "COMPILER_FLAGS=  -O2 -c" "EXTRA_COMPILER_FLAGS=-mcpu=cortex-a9 -mfpu=vfpv3 -mfloat-abi=hard -nost
TRACE::2026-01-20.16:52:20::SCWMssOS::artfiles -g -Wall -Wextra -fno-tree-loop-distribute-patterns"

TRACE::2026-01-20.16:52:20::SCWMssOS::"Running Make include in ps7_cortexa9_0/libsrc/dmaps_v2_8/src"

TRACE::2026-01-20.16:52:20::SCWMssOS::make -C ps7_cortexa9_0/libsrc/dmaps_v2_8/src -s include  "SHELL=CMD" "COMPILER=arm-none-eabi-gcc" "ASSEMBLER=arm-none-eabi-as" 
TRACE::2026-01-20.16:52:20::SCWMssOS::"ARCHIVER=arm-none-eabi-ar" "COMPILER_FLAGS=  -O2 -c" "EXTRA_COMPILER_FLAGS=-mcpu=cortex-a9 -mfpu=vfpv3 -mfloat-abi=hard -nosta
TRACE::2026-01-20.16:52:20::SCWMssOS::rtfiles -g -Wall -Wextra -fno-tree-loop-distribute-patterns"

TRACE::2026-01-20.16:52:20::SCWMssOS::"Running Make include in ps7_cortexa9_0/libsrc/DMA_v1_0/src"

TRACE::2026-01-20.16:52:20::SCWMssOS::make -C ps7_cortexa9_0/libsrc/DMA_v1_0/src -s include  "SHELL=CMD" "COMPILER=arm-none-eabi-gcc" "ASSEMBLER=arm-none-eabi-as" "A
TRACE::2026-01-20.16:52:20::SCWMssOS::RCHIVER=arm-none-eabi-ar" "COMPILER_FLAGS=  -O2 -c" "EXTRA_COMPILER_FLAGS=-mcpu=cortex-a9 -mfpu=vfpv3 -mfloat-abi=hard -nostart
TRACE::2026-01-20.16:52:20::SCWMssOS::files -g -Wall -Wextra -fno-tree-loop-distribute-patterns"

TRACE::2026-01-20.16:52:20::SCWMssOS::"Running Make include in ps7_cortexa9_0/libsrc/emacps_v3_14/src"

TRACE::2026-01-20.16:52:20::SCWMssOS::make -C ps7_cortexa9_0/libsrc/emacps_v3_14/src -s include  "SHELL=CMD" "COMPILER=arm-none-eabi-gcc" "ASSEMBLER=arm-none-eabi-as
TRACE::2026-01-20.16:52:20::SCWMssOS::" "ARCHIVER=arm-none-eabi-ar" "COMPILER_FLAGS=  -O2 -c" "EXTRA_COMPILER_FLAGS=-mcpu=cortex-a9 -mfpu=vfpv3 -mfloat-abi=hard -nos
TRACE::2026-01-20.16:52:20::SCWMssOS::tartfiles -g -Wall -Wextra -fno-tree-loop-distribute-patterns"

TRACE::2026-01-20.16:52:20::SCWMssOS::"Running Make include in ps7_cortexa9_0/libsrc/gpiops_v3_9/src"

TRACE::2026-01-20.16:52:20::SCWMssOS::make -C ps7_cortexa9_0/libsrc/gpiops_v3_9/src -s include  "SHELL=CMD" "COMPILER=arm-none-eabi-gcc" "ASSEMBLER=arm-none-eabi-as"
TRACE::2026-01-20.16:52:20::SCWMssOS:: "ARCHIVER=arm-none-eabi-ar" "COMPILER_FLAGS=  -O2 -c" "EXTRA_COMPILER_FLAGS=-mcpu=cortex-a9 -mfpu=vfpv3 -mfloat-abi=hard -nost
TRACE::2026-01-20.16:52:20::SCWMssOS::artfiles -g -Wall -Wextra -fno-tree-loop-distribute-patterns"

TRACE::2026-01-20.16:52:20::SCWMssOS::"Running Make include in ps7_cortexa9_0/libsrc/lwip211_v1_5/src"

TRACE::2026-01-20.16:52:20::SCWMssOS::make -C ps7_cortexa9_0/libsrc/lwip211_v1_5/src -s include  "SHELL=CMD" "COMPILER=arm-none-eabi-gcc" "ASSEMBLER=arm-none-eabi-as
TRACE::2026-01-20.16:52:20::SCWMssOS::" "ARCHIVER=arm-none-eabi-ar" "COMPILER_FLAGS=  -O2 -c" "EXTRA_COMPILER_FLAGS=-mcpu=cortex-a9 -mfpu=vfpv3 -mfloat-abi=hard -nos
TRACE::2026-01-20.16:52:20::SCWMssOS::tartfiles -g -Wall -Wextra -fno-tree-loop-distribute-patterns"

TRACE::2026-01-20.16:52:21::SCWMssOS::"Running Make include in ps7_cortexa9_0/libsrc/qspips_v3_9/src"

TRACE::2026-01-20.16:52:21::SCWMssOS::make -C ps7_cortexa9_0/libsrc/qspips_v3_9/src -s include  "SHELL=CMD" "COMPILER=arm-none-eabi-gcc" "ASSEMBLER=arm-none-eabi-as"
TRACE::2026-01-20.16:52:21::SCWMssOS:: "ARCHIVER=arm-none-eabi-ar" "COMPILER_FLAGS=  -O2 -c" "EXTRA_COMPILER_FLAGS=-mcpu=cortex-a9 -mfpu=vfpv3 -mfloat-abi=hard -nost
TRACE::2026-01-20.16:52:21::SCWMssOS::artfiles -g -Wall -Wextra -fno-tree-loop-distribute-patterns"

TRACE::2026-01-20.16:52:21::SCWMssOS::"Running Make include in ps7_cortexa9_0/libsrc/scugic_v4_5/src"

TRACE::2026-01-20.16:52:21::SCWMssOS::make -C ps7_cortexa9_0/libsrc/scugic_v4_5/src -s include  "SHELL=CMD" "COMPILER=arm-none-eabi-gcc" "ASSEMBLER=arm-none-eabi-as"
TRACE::2026-01-20.16:52:21::SCWMssOS:: "ARCHIVER=arm-none-eabi-ar" "COMPILER_FLAGS=  -O2 -c" "EXTRA_COMPILER_FLAGS=-mcpu=cortex-a9 -mfpu=vfpv3 -mfloat-abi=hard -nost
TRACE::2026-01-20.16:52:21::SCWMssOS::artfiles -g -Wall -Wextra -fno-tree-loop-distribute-patterns"

TRACE::2026-01-20.16:52:21::SCWMssOS::"Running Make include in ps7_cortexa9_0/libsrc/scutimer_v2_3/src"

TRACE::2026-01-20.16:52:21::SCWMssOS::make -C ps7_cortexa9_0/libsrc/scutimer_v2_3/src -s include  "SHELL=CMD" "COMPILER=arm-none-eabi-gcc" "ASSEMBLER=arm-none-eabi-a
TRACE::2026-01-20.16:52:21::SCWMssOS::s" "ARCHIVER=arm-none-eabi-ar" "COMPILER_FLAGS=  -O2 -c" "EXTRA_COMPILER_FLAGS=-mcpu=cortex-a9 -mfpu=vfpv3 -mfloat-abi=hard -no
TRACE::2026-01-20.16:52:21::SCWMssOS::startfiles -g -Wall -Wextra -fno-tree-loop-distribute-patterns"

TRACE::2026-01-20.16:52:21::SCWMssOS::"Running Make include in ps7_cortexa9_0/libsrc/scuwdt_v2_4/src"

TRACE::2026-01-20.16:52:21::SCWMssOS::make -C ps7_cortexa9_0/libsrc/scuwdt_v2_4/src -s include  "SHELL=CMD" "COMPILER=arm-none-eabi-gcc" "ASSEMBLER=arm-none-eabi-as"
TRACE::2026-01-20.16:52:21::SCWMssOS:: "ARCHIVER=arm-none-eabi-ar" "COMPILER_FLAGS=  -O2 -c" "EXTRA_COMPILER_FLAGS=-mcpu=cortex-a9 -mfpu=vfpv3 -mfloat-abi=hard -nost
TRACE::2026-01-20.16:52:21::SCWMssOS::artfiles -g -Wall -Wextra -fno-tree-loop-distribute-patterns"

TRACE::2026-01-20.16:52:21::SCWMssOS::"Running Make include in ps7_cortexa9_0/libsrc/sdps_v3_12/src"

TRACE::2026-01-20.16:52:21::SCWMssOS::make -C ps7_cortexa9_0/libsrc/sdps_v3_12/src -s include  "SHELL=CMD" "COMPILER=arm-none-eabi-gcc" "ASSEMBLER=arm-none-eabi-as" 
TRACE::2026-01-20.16:52:21::SCWMssOS::"ARCHIVER=arm-none-eabi-ar" "COMPILER_FLAGS=  -O2 -c" "EXTRA_COMPILER_FLAGS=-mcpu=cortex-a9 -mfpu=vfpv3 -mfloat-abi=hard -nosta
TRACE::2026-01-20.16:52:21::SCWMssOS::rtfiles -g -Wall -Wextra -fno-tree-loop-distribute-patterns"

TRACE::2026-01-20.16:52:22::SCWMssOS::"Running Make include in ps7_cortexa9_0/libsrc/standalone_v7_5/src"

TRACE::2026-01-20.16:52:22::SCWMssOS::make -C ps7_cortexa9_0/libsrc/standalone_v7_5/src -s include  "SHELL=CMD" "COMPILER=arm-none-eabi-gcc" "ASSEMBLER=arm-none-eabi
TRACE::2026-01-20.16:52:22::SCWMssOS::-as" "ARCHIVER=arm-none-eabi-ar" "COMPILER_FLAGS=  -O2 -c" "EXTRA_COMPILER_FLAGS=-mcpu=cortex-a9 -mfpu=vfpv3 -mfloat-abi=hard -
TRACE::2026-01-20.16:52:22::SCWMssOS::nostartfiles -g -Wall -Wextra -fno-tree-loop-distribute-patterns"

TRACE::2026-01-20.16:52:22::SCWMssOS::"Running Make include in ps7_cortexa9_0/libsrc/uartps_v3_11/src"

TRACE::2026-01-20.16:52:22::SCWMssOS::make -C ps7_cortexa9_0/libsrc/uartps_v3_11/src -s include  "SHELL=CMD" "COMPILER=arm-none-eabi-gcc" "ASSEMBLER=arm-none-eabi-as
TRACE::2026-01-20.16:52:22::SCWMssOS::" "ARCHIVER=arm-none-eabi-ar" "COMPILER_FLAGS=  -O2 -c" "EXTRA_COMPILER_FLAGS=-mcpu=cortex-a9 -mfpu=vfpv3 -mfloat-abi=hard -nos
TRACE::2026-01-20.16:52:22::SCWMssOS::tartfiles -g -Wall -Wextra -fno-tree-loop-distribute-patterns"

TRACE::2026-01-20.16:52:23::SCWMssOS::"Running Make include in ps7_cortexa9_0/libsrc/usbps_v2_7/src"

TRACE::2026-01-20.16:52:23::SCWMssOS::make -C ps7_cortexa9_0/libsrc/usbps_v2_7/src -s include  "SHELL=CMD" "COMPILER=arm-none-eabi-gcc" "ASSEMBLER=arm-none-eabi-as" 
TRACE::2026-01-20.16:52:23::SCWMssOS::"ARCHIVER=arm-none-eabi-ar" "COMPILER_FLAGS=  -O2 -c" "EXTRA_COMPILER_FLAGS=-mcpu=cortex-a9 -mfpu=vfpv3 -mfloat-abi=hard -nosta
TRACE::2026-01-20.16:52:23::SCWMssOS::rtfiles -g -Wall -Wextra -fno-tree-loop-distribute-patterns"

TRACE::2026-01-20.16:52:23::SCWMssOS::"Running Make include in ps7_cortexa9_0/libsrc/xadcps_v2_6/src"

TRACE::2026-01-20.16:52:23::SCWMssOS::make -C ps7_cortexa9_0/libsrc/xadcps_v2_6/src -s include  "SHELL=CMD" "COMPILER=arm-none-eabi-gcc" "ASSEMBLER=arm-none-eabi-as"
TRACE::2026-01-20.16:52:23::SCWMssOS:: "ARCHIVER=arm-none-eabi-ar" "COMPILER_FLAGS=  -O2 -c" "EXTRA_COMPILER_FLAGS=-mcpu=cortex-a9 -mfpu=vfpv3 -mfloat-abi=hard -nost
TRACE::2026-01-20.16:52:23::SCWMssOS::artfiles -g -Wall -Wextra -fno-tree-loop-distribute-patterns"

TRACE::2026-01-20.16:52:23::SCWMssOS::"Running Make libs in ps7_cortexa9_0/libsrc/DMA_v1_0/src"

TRACE::2026-01-20.16:52:23::SCWMssOS::make -C ps7_cortexa9_0/libsrc/DMA_v1_0/src -s libs  "SHELL=CMD" "COMPILER=arm-none-eabi-gcc" "ASSEMBLER=arm-none-eabi-as" "ARCH
TRACE::2026-01-20.16:52:23::SCWMssOS::IVER=arm-none-eabi-ar" "COMPILER_FLAGS=  -O2 -c" "EXTRA_COMPILER_FLAGS=-mcpu=cortex-a9 -mfpu=vfpv3 -mfloat-abi=hard -nostartfil
TRACE::2026-01-20.16:52:23::SCWMssOS::es -g -Wall -Wextra -fno-tree-loop-distribute-patterns"

TRACE::2026-01-20.16:52:23::SCWMssOS::"Building DMA"

TRACE::2026-01-20.16:52:23::SCWMssOS::"Running Make libs in ps7_cortexa9_0/libsrc/lwip211_v1_5/src"

TRACE::2026-01-20.16:52:23::SCWMssOS::make -C ps7_cortexa9_0/libsrc/lwip211_v1_5/src -s libs  "SHELL=CMD" "COMPILER=arm-none-eabi-gcc" "ASSEMBLER=arm-none-eabi-as" "
TRACE::2026-01-20.16:52:23::SCWMssOS::ARCHIVER=arm-none-eabi-ar" "COMPILER_FLAGS=  -O2 -c" "EXTRA_COMPILER_FLAGS=-mcpu=cortex-a9 -mfpu=vfpv3 -mfloat-abi=hard -nostar
TRACE::2026-01-20.16:52:23::SCWMssOS::tfiles -g -Wall -Wextra -fno-tree-loop-distribute-patterns"

TRACE::2026-01-20.16:52:23::SCWMssOS::"Compiling lwip src and adapter files"

TRACE::2026-01-20.16:52:30::SCWMssOS::'Finished building libraries sequentially.'

TRACE::2026-01-20.16:52:30::SCWMssOS::make -j 14 --no-print-directory par_libs

TRACE::2026-01-20.16:52:30::SCWMssOS::"Running Make include in ps7_cortexa9_0/libsrc/coresightps_dcc_v1_8/src"

TRACE::2026-01-20.16:52:30::SCWMssOS::"Running Make include in ps7_cortexa9_0/libsrc/cpu_cortexa9_v2_11/src"

TRACE::2026-01-20.16:52:30::SCWMssOS::make -C ps7_cortexa9_0/libsrc/coresightps_dcc_v1_8/src -s include  "SHELL=CMD" "COMPILER=arm-none-eabi-gcc" "ASSEMBLER=arm-none
TRACE::2026-01-20.16:52:30::SCWMssOS::-eabi-as" "ARCHIVER=arm-none-eabi-ar" "COMPILER_FLAGS=  -O2 -c" "EXTRA_COMPILER_FLAGS=-mcpu=cortex-a9 -mfpu=vfpv3 -mfloat-abi=h
TRACE::2026-01-20.16:52:30::SCWMssOS::ard -nostartfiles -g -Wall -Wextra -fno-tree-loop-distribute-patterns"

TRACE::2026-01-20.16:52:30::SCWMssOS::make -C ps7_cortexa9_0/libsrc/cpu_cortexa9_v2_11/src -s include  "SHELL=CMD" "COMPILER=arm-none-eabi-gcc" "ASSEMBLER=arm-none-e
TRACE::2026-01-20.16:52:30::SCWMssOS::abi-as" "ARCHIVER=arm-none-eabi-ar" "COMPILER_FLAGS=  -O2 -c" "EXTRA_COMPILER_FLAGS=-mcpu=cortex-a9 -mfpu=vfpv3 -mfloat-abi=har
TRACE::2026-01-20.16:52:30::SCWMssOS::d -nostartfiles -g -Wall -Wextra -fno-tree-loop-distribute-patterns"

TRACE::2026-01-20.16:52:30::SCWMssOS::"Running Make include in ps7_cortexa9_0/libsrc/ddrps_v1_2/src"

TRACE::2026-01-20.16:52:30::SCWMssOS::make -C ps7_cortexa9_0/libsrc/ddrps_v1_2/src -s include  "SHELL=CMD" "COMPILER=arm-none-eabi-gcc" "ASSEMBLER=arm-none-eabi-as" 
TRACE::2026-01-20.16:52:30::SCWMssOS::"ARCHIVER=arm-none-eabi-ar" "COMPILER_FLAGS=  -O2 -c" "EXTRA_COMPILER_FLAGS=-mcpu=cortex-a9 -mfpu=vfpv3 -mfloat-abi=hard -nosta
TRACE::2026-01-20.16:52:30::SCWMssOS::rtfiles -g -Wall -Wextra -fno-tree-loop-distribute-patterns"

TRACE::2026-01-20.16:52:30::SCWMssOS::"Running Make include in ps7_cortexa9_0/libsrc/devcfg_v3_7/src"

TRACE::2026-01-20.16:52:30::SCWMssOS::make -C ps7_cortexa9_0/libsrc/devcfg_v3_7/src -s include  "SHELL=CMD" "COMPILER=arm-none-eabi-gcc" "ASSEMBLER=arm-none-eabi-as"
TRACE::2026-01-20.16:52:30::SCWMssOS:: "ARCHIVER=arm-none-eabi-ar" "COMPILER_FLAGS=  -O2 -c" "EXTRA_COMPILER_FLAGS=-mcpu=cortex-a9 -mfpu=vfpv3 -mfloat-abi=hard -nost
TRACE::2026-01-20.16:52:30::SCWMssOS::artfiles -g -Wall -Wextra -fno-tree-loop-distribute-patterns"

TRACE::2026-01-20.16:52:30::SCWMssOS::"Running Make include in ps7_cortexa9_0/libsrc/dmaps_v2_8/src"

TRACE::2026-01-20.16:52:30::SCWMssOS::"Running Make include in ps7_cortexa9_0/libsrc/DMA_v1_0/src"

TRACE::2026-01-20.16:52:30::SCWMssOS::make -C ps7_cortexa9_0/libsrc/dmaps_v2_8/src -s include  "SHELL=CMD" "COMPILER=arm-none-eabi-gcc" "ASSEMBLER=arm-none-eabi-as" 
TRACE::2026-01-20.16:52:30::SCWMssOS::"ARCHIVER=arm-none-eabi-ar" "COMPILER_FLAGS=  -O2 -c" "EXTRA_COMPILER_FLAGS=-mcpu=cortex-a9 -mfpu=vfpv3 -mfloat-abi=hard -nosta
TRACE::2026-01-20.16:52:30::SCWMssOS::rtfiles -g -Wall -Wextra -fno-tree-loop-distribute-patterns"

TRACE::2026-01-20.16:52:30::SCWMssOS::make -C ps7_cortexa9_0/libsrc/DMA_v1_0/src -s include  "SHELL=CMD" "COMPILER=arm-none-eabi-gcc" "ASSEMBLER=arm-none-eabi-as" "A
TRACE::2026-01-20.16:52:30::SCWMssOS::RCHIVER=arm-none-eabi-ar" "COMPILER_FLAGS=  -O2 -c" "EXTRA_COMPILER_FLAGS=-mcpu=cortex-a9 -mfpu=vfpv3 -mfloat-abi=hard -nostart
TRACE::2026-01-20.16:52:30::SCWMssOS::files -g -Wall -Wextra -fno-tree-loop-distribute-patterns"

TRACE::2026-01-20.16:52:30::SCWMssOS::"Running Make include in ps7_cortexa9_0/libsrc/emacps_v3_14/src"

TRACE::2026-01-20.16:52:30::SCWMssOS::make -C ps7_cortexa9_0/libsrc/emacps_v3_14/src -s include  "SHELL=CMD" "COMPILER=arm-none-eabi-gcc" "ASSEMBLER=arm-none-eabi-as
TRACE::2026-01-20.16:52:30::SCWMssOS::" "ARCHIVER=arm-none-eabi-ar" "COMPILER_FLAGS=  -O2 -c" "EXTRA_COMPILER_FLAGS=-mcpu=cortex-a9 -mfpu=vfpv3 -mfloat-abi=hard -nos
TRACE::2026-01-20.16:52:30::SCWMssOS::tartfiles -g -Wall -Wextra -fno-tree-loop-distribute-patterns"

TRACE::2026-01-20.16:52:30::SCWMssOS::"Running Make include in ps7_cortexa9_0/libsrc/gpiops_v3_9/src"

TRACE::2026-01-20.16:52:30::SCWMssOS::make -C ps7_cortexa9_0/libsrc/gpiops_v3_9/src -s include  "SHELL=CMD" "COMPILER=arm-none-eabi-gcc" "ASSEMBLER=arm-none-eabi-as"
TRACE::2026-01-20.16:52:30::SCWMssOS:: "ARCHIVER=arm-none-eabi-ar" "COMPILER_FLAGS=  -O2 -c" "EXTRA_COMPILER_FLAGS=-mcpu=cortex-a9 -mfpu=vfpv3 -mfloat-abi=hard -nost
TRACE::2026-01-20.16:52:30::SCWMssOS::artfiles -g -Wall -Wextra -fno-tree-loop-distribute-patterns"

TRACE::2026-01-20.16:52:30::SCWMssOS::"Running Make include in ps7_cortexa9_0/libsrc/lwip211_v1_5/src"

TRACE::2026-01-20.16:52:30::SCWMssOS::"Running Make include in ps7_cortexa9_0/libsrc/qspips_v3_9/src"

TRACE::2026-01-20.16:52:30::SCWMssOS::make -C ps7_cortexa9_0/libsrc/lwip211_v1_5/src -s include  "SHELL=CMD" "COMPILER=arm-none-eabi-gcc" "ASSEMBLER=arm-none-eabi-as
TRACE::2026-01-20.16:52:30::SCWMssOS::" "ARCHIVER=arm-none-eabi-ar" "COMPILER_FLAGS=  -O2 -c" "EXTRA_COMPILER_FLAGS=-mcpu=cortex-a9 -mfpu=vfpv3 -mfloat-abi=hard -nos
TRACE::2026-01-20.16:52:30::SCWMssOS::tartfiles -g -Wall -Wextra -fno-tree-loop-distribute-patterns"

TRACE::2026-01-20.16:52:30::SCWMssOS::make -C ps7_cortexa9_0/libsrc/qspips_v3_9/src -s include  "SHELL=CMD" "COMPILER=arm-none-eabi-gcc" "ASSEMBLER=arm-none-eabi-as"
TRACE::2026-01-20.16:52:30::SCWMssOS:: "ARCHIVER=arm-none-eabi-ar" "COMPILER_FLAGS=  -O2 -c" "EXTRA_COMPILER_FLAGS=-mcpu=cortex-a9 -mfpu=vfpv3 -mfloat-abi=hard -nost
TRACE::2026-01-20.16:52:30::SCWMssOS::artfiles -g -Wall -Wextra -fno-tree-loop-distribute-patterns"

TRACE::2026-01-20.16:52:30::SCWMssOS::"Running Make include in ps7_cortexa9_0/libsrc/scugic_v4_5/src"

TRACE::2026-01-20.16:52:30::SCWMssOS::make -C ps7_cortexa9_0/libsrc/scugic_v4_5/src -s include  "SHELL=CMD" "COMPILER=arm-none-eabi-gcc" "ASSEMBLER=arm-none-eabi-as"
TRACE::2026-01-20.16:52:30::SCWMssOS:: "ARCHIVER=arm-none-eabi-ar" "COMPILER_FLAGS=  -O2 -c" "EXTRA_COMPILER_FLAGS=-mcpu=cortex-a9 -mfpu=vfpv3 -mfloat-abi=hard -nost
TRACE::2026-01-20.16:52:30::SCWMssOS::artfiles -g -Wall -Wextra -fno-tree-loop-distribute-patterns"

TRACE::2026-01-20.16:52:30::SCWMssOS::"Running Make include in ps7_cortexa9_0/libsrc/scutimer_v2_3/src"

TRACE::2026-01-20.16:52:30::SCWMssOS::"Running Make include in ps7_cortexa9_0/libsrc/scuwdt_v2_4/src"

TRACE::2026-01-20.16:52:30::SCWMssOS::make -C ps7_cortexa9_0/libsrc/scutimer_v2_3/src -s include  "SHELL=CMD" "COMPILER=arm-none-eabi-gcc" "ASSEMBLER=arm-none-eabi-a
TRACE::2026-01-20.16:52:30::SCWMssOS::s" "ARCHIVER=arm-none-eabi-ar" "COMPILER_FLAGS=  -O2 -c" "EXTRA_COMPILER_FLAGS=-mcpu=cortex-a9 -mfpu=vfpv3 -mfloat-abi=hard -no
TRACE::2026-01-20.16:52:30::SCWMssOS::startfiles -g -Wall -Wextra -fno-tree-loop-distribute-patterns"

TRACE::2026-01-20.16:52:30::SCWMssOS::"Running Make include in ps7_cortexa9_0/libsrc/sdps_v3_12/src"

TRACE::2026-01-20.16:52:30::SCWMssOS::make -C ps7_cortexa9_0/libsrc/scuwdt_v2_4/src -s include  "SHELL=CMD" "COMPILER=arm-none-eabi-gcc" "ASSEMBLER=arm-none-eabi-as"
TRACE::2026-01-20.16:52:30::SCWMssOS:: "ARCHIVER=arm-none-eabi-ar" "COMPILER_FLAGS=  -O2 -c" "EXTRA_COMPILER_FLAGS=-mcpu=cortex-a9 -mfpu=vfpv3 -mfloat-abi=hard -nost
TRACE::2026-01-20.16:52:30::SCWMssOS::artfiles -g -Wall -Wextra -fno-tree-loop-distribute-patterns"

TRACE::2026-01-20.16:52:30::SCWMssOS::make -C ps7_cortexa9_0/libsrc/sdps_v3_12/src -s include  "SHELL=CMD" "COMPILER=arm-none-eabi-gcc" "ASSEMBLER=arm-none-eabi-as" 
TRACE::2026-01-20.16:52:30::SCWMssOS::"ARCHIVER=arm-none-eabi-ar" "COMPILER_FLAGS=  -O2 -c" "EXTRA_COMPILER_FLAGS=-mcpu=cortex-a9 -mfpu=vfpv3 -mfloat-abi=hard -nosta
TRACE::2026-01-20.16:52:30::SCWMssOS::rtfiles -g -Wall -Wextra -fno-tree-loop-distribute-patterns"

TRACE::2026-01-20.16:52:30::SCWMssOS::"Running Make include in ps7_cortexa9_0/libsrc/standalone_v7_5/src"

TRACE::2026-01-20.16:52:30::SCWMssOS::make -C ps7_cortexa9_0/libsrc/standalone_v7_5/src -s include  "SHELL=CMD" "COMPILER=arm-none-eabi-gcc" "ASSEMBLER=arm-none-eabi
TRACE::2026-01-20.16:52:30::SCWMssOS::-as" "ARCHIVER=arm-none-eabi-ar" "COMPILER_FLAGS=  -O2 -c" "EXTRA_COMPILER_FLAGS=-mcpu=cortex-a9 -mfpu=vfpv3 -mfloat-abi=hard -
TRACE::2026-01-20.16:52:30::SCWMssOS::nostartfiles -g -Wall -Wextra -fno-tree-loop-distribute-patterns"

TRACE::2026-01-20.16:52:30::SCWMssOS::"Running Make include in ps7_cortexa9_0/libsrc/uartps_v3_11/src"

TRACE::2026-01-20.16:52:30::SCWMssOS::make -C ps7_cortexa9_0/libsrc/uartps_v3_11/src -s include  "SHELL=CMD" "COMPILER=arm-none-eabi-gcc" "ASSEMBLER=arm-none-eabi-as
TRACE::2026-01-20.16:52:30::SCWMssOS::" "ARCHIVER=arm-none-eabi-ar" "COMPILER_FLAGS=  -O2 -c" "EXTRA_COMPILER_FLAGS=-mcpu=cortex-a9 -mfpu=vfpv3 -mfloat-abi=hard -nos
TRACE::2026-01-20.16:52:30::SCWMssOS::tartfiles -g -Wall -Wextra -fno-tree-loop-distribute-patterns"

TRACE::2026-01-20.16:52:30::SCWMssOS::"Running Make include in ps7_cortexa9_0/libsrc/usbps_v2_7/src"

TRACE::2026-01-20.16:52:30::SCWMssOS::make -C ps7_cortexa9_0/libsrc/usbps_v2_7/src -s include  "SHELL=CMD" "COMPILER=arm-none-eabi-gcc" "ASSEMBLER=arm-none-eabi-as" 
TRACE::2026-01-20.16:52:30::SCWMssOS::"ARCHIVER=arm-none-eabi-ar" "COMPILER_FLAGS=  -O2 -c" "EXTRA_COMPILER_FLAGS=-mcpu=cortex-a9 -mfpu=vfpv3 -mfloat-abi=hard -nosta
TRACE::2026-01-20.16:52:30::SCWMssOS::rtfiles -g -Wall -Wextra -fno-tree-loop-distribute-patterns"

TRACE::2026-01-20.16:52:30::SCWMssOS::"Running Make include in ps7_cortexa9_0/libsrc/xadcps_v2_6/src"

TRACE::2026-01-20.16:52:30::SCWMssOS::make -C ps7_cortexa9_0/libsrc/xadcps_v2_6/src -s include  "SHELL=CMD" "COMPILER=arm-none-eabi-gcc" "ASSEMBLER=arm-none-eabi-as"
TRACE::2026-01-20.16:52:30::SCWMssOS:: "ARCHIVER=arm-none-eabi-ar" "COMPILER_FLAGS=  -O2 -c" "EXTRA_COMPILER_FLAGS=-mcpu=cortex-a9 -mfpu=vfpv3 -mfloat-abi=hard -nost
TRACE::2026-01-20.16:52:30::SCWMssOS::artfiles -g -Wall -Wextra -fno-tree-loop-distribute-patterns"

TRACE::2026-01-20.16:52:31::SCWMssOS::"Running Make libs in ps7_cortexa9_0/libsrc/coresightps_dcc_v1_8/src"

TRACE::2026-01-20.16:52:31::SCWMssOS::"Running Make libs in ps7_cortexa9_0/libsrc/cpu_cortexa9_v2_11/src"

TRACE::2026-01-20.16:52:31::SCWMssOS::make -C ps7_cortexa9_0/libsrc/coresightps_dcc_v1_8/src -s libs  "SHELL=CMD" "COMPILER=arm-none-eabi-gcc" "ASSEMBLER=arm-none-ea
TRACE::2026-01-20.16:52:31::SCWMssOS::bi-as" "ARCHIVER=arm-none-eabi-ar" "COMPILER_FLAGS=  -O2 -c" "EXTRA_COMPILER_FLAGS=-mcpu=cortex-a9 -mfpu=vfpv3 -mfloat-abi=hard
TRACE::2026-01-20.16:52:31::SCWMssOS:: -nostartfiles -g -Wall -Wextra -fno-tree-loop-distribute-patterns"

TRACE::2026-01-20.16:52:31::SCWMssOS::make -C ps7_cortexa9_0/libsrc/cpu_cortexa9_v2_11/src -s libs  "SHELL=CMD" "COMPILER=arm-none-eabi-gcc" "ASSEMBLER=arm-none-eabi
TRACE::2026-01-20.16:52:31::SCWMssOS::-as" "ARCHIVER=arm-none-eabi-ar" "COMPILER_FLAGS=  -O2 -c" "EXTRA_COMPILER_FLAGS=-mcpu=cortex-a9 -mfpu=vfpv3 -mfloat-abi=hard -
TRACE::2026-01-20.16:52:31::SCWMssOS::nostartfiles -g -Wall -Wextra -fno-tree-loop-distribute-patterns"

TRACE::2026-01-20.16:52:31::SCWMssOS::"Running Make libs in ps7_cortexa9_0/libsrc/ddrps_v1_2/src"

TRACE::2026-01-20.16:52:31::SCWMssOS::"Running Make libs in ps7_cortexa9_0/libsrc/devcfg_v3_7/src"

TRACE::2026-01-20.16:52:31::SCWMssOS::make -C ps7_cortexa9_0/libsrc/ddrps_v1_2/src -s libs  "SHELL=CMD" "COMPILER=arm-none-eabi-gcc" "ASSEMBLER=arm-none-eabi-as" "AR
TRACE::2026-01-20.16:52:31::SCWMssOS::CHIVER=arm-none-eabi-ar" "COMPILER_FLAGS=  -O2 -c" "EXTRA_COMPILER_FLAGS=-mcpu=cortex-a9 -mfpu=vfpv3 -mfloat-abi=hard -nostartf
TRACE::2026-01-20.16:52:31::SCWMssOS::iles -g -Wall -Wextra -fno-tree-loop-distribute-patterns"

TRACE::2026-01-20.16:52:31::SCWMssOS::make -C ps7_cortexa9_0/libsrc/devcfg_v3_7/src -s libs  "SHELL=CMD" "COMPILER=arm-none-eabi-gcc" "ASSEMBLER=arm-none-eabi-as" "A
TRACE::2026-01-20.16:52:31::SCWMssOS::RCHIVER=arm-none-eabi-ar" "COMPILER_FLAGS=  -O2 -c" "EXTRA_COMPILER_FLAGS=-mcpu=cortex-a9 -mfpu=vfpv3 -mfloat-abi=hard -nostart
TRACE::2026-01-20.16:52:31::SCWMssOS::files -g -Wall -Wextra -fno-tree-loop-distribute-patterns"

TRACE::2026-01-20.16:52:31::SCWMssOS::"Running Make libs in ps7_cortexa9_0/libsrc/dmaps_v2_8/src"

TRACE::2026-01-20.16:52:31::SCWMssOS::make -C ps7_cortexa9_0/libsrc/dmaps_v2_8/src -s libs  "SHELL=CMD" "COMPILER=arm-none-eabi-gcc" "ASSEMBLER=arm-none-eabi-as" "AR
TRACE::2026-01-20.16:52:31::SCWMssOS::CHIVER=arm-none-eabi-ar" "COMPILER_FLAGS=  -O2 -c" "EXTRA_COMPILER_FLAGS=-mcpu=cortex-a9 -mfpu=vfpv3 -mfloat-abi=hard -nostartf
TRACE::2026-01-20.16:52:31::SCWMssOS::iles -g -Wall -Wextra -fno-tree-loop-distribute-patterns"

TRACE::2026-01-20.16:52:31::SCWMssOS::"Running Make libs in ps7_cortexa9_0/libsrc/emacps_v3_14/src"

TRACE::2026-01-20.16:52:31::SCWMssOS::make -C ps7_cortexa9_0/libsrc/emacps_v3_14/src -s libs  "SHELL=CMD" "COMPILER=arm-none-eabi-gcc" "ASSEMBLER=arm-none-eabi-as" "
TRACE::2026-01-20.16:52:31::SCWMssOS::ARCHIVER=arm-none-eabi-ar" "COMPILER_FLAGS=  -O2 -c" "EXTRA_COMPILER_FLAGS=-mcpu=cortex-a9 -mfpu=vfpv3 -mfloat-abi=hard -nostar
TRACE::2026-01-20.16:52:31::SCWMssOS::tfiles -g -Wall -Wextra -fno-tree-loop-distribute-patterns"

TRACE::2026-01-20.16:52:31::SCWMssOS::"Running Make libs in ps7_cortexa9_0/libsrc/gpiops_v3_9/src"

TRACE::2026-01-20.16:52:31::SCWMssOS::make -C ps7_cortexa9_0/libsrc/gpiops_v3_9/src -s libs  "SHELL=CMD" "COMPILER=arm-none-eabi-gcc" "ASSEMBLER=arm-none-eabi-as" "A
TRACE::2026-01-20.16:52:31::SCWMssOS::RCHIVER=arm-none-eabi-ar" "COMPILER_FLAGS=  -O2 -c" "EXTRA_COMPILER_FLAGS=-mcpu=cortex-a9 -mfpu=vfpv3 -mfloat-abi=hard -nostart
TRACE::2026-01-20.16:52:31::SCWMssOS::files -g -Wall -Wextra -fno-tree-loop-distribute-patterns"

TRACE::2026-01-20.16:52:31::SCWMssOS::"Running Make libs in ps7_cortexa9_0/libsrc/qspips_v3_9/src"

TRACE::2026-01-20.16:52:31::SCWMssOS::make -C ps7_cortexa9_0/libsrc/qspips_v3_9/src -s libs  "SHELL=CMD" "COMPILER=arm-none-eabi-gcc" "ASSEMBLER=arm-none-eabi-as" "A
TRACE::2026-01-20.16:52:31::SCWMssOS::RCHIVER=arm-none-eabi-ar" "COMPILER_FLAGS=  -O2 -c" "EXTRA_COMPILER_FLAGS=-mcpu=cortex-a9 -mfpu=vfpv3 -mfloat-abi=hard -nostart
TRACE::2026-01-20.16:52:31::SCWMssOS::files -g -Wall -Wextra -fno-tree-loop-distribute-patterns"

TRACE::2026-01-20.16:52:31::SCWMssOS::"Running Make libs in ps7_cortexa9_0/libsrc/scugic_v4_5/src"

TRACE::2026-01-20.16:52:31::SCWMssOS::make -C ps7_cortexa9_0/libsrc/scugic_v4_5/src -s libs  "SHELL=CMD" "COMPILER=arm-none-eabi-gcc" "ASSEMBLER=arm-none-eabi-as" "A
TRACE::2026-01-20.16:52:31::SCWMssOS::RCHIVER=arm-none-eabi-ar" "COMPILER_FLAGS=  -O2 -c" "EXTRA_COMPILER_FLAGS=-mcpu=cortex-a9 -mfpu=vfpv3 -mfloat-abi=hard -nostart
TRACE::2026-01-20.16:52:31::SCWMssOS::files -g -Wall -Wextra -fno-tree-loop-distribute-patterns"

TRACE::2026-01-20.16:52:31::SCWMssOS::"Running Make libs in ps7_cortexa9_0/libsrc/scutimer_v2_3/src"

TRACE::2026-01-20.16:52:31::SCWMssOS::make -C ps7_cortexa9_0/libsrc/scutimer_v2_3/src -s libs  "SHELL=CMD" "COMPILER=arm-none-eabi-gcc" "ASSEMBLER=arm-none-eabi-as" 
TRACE::2026-01-20.16:52:31::SCWMssOS::"ARCHIVER=arm-none-eabi-ar" "COMPILER_FLAGS=  -O2 -c" "EXTRA_COMPILER_FLAGS=-mcpu=cortex-a9 -mfpu=vfpv3 -mfloat-abi=hard -nosta
TRACE::2026-01-20.16:52:31::SCWMssOS::rtfiles -g -Wall -Wextra -fno-tree-loop-distribute-patterns"

TRACE::2026-01-20.16:52:31::SCWMssOS::"Running Make libs in ps7_cortexa9_0/libsrc/scuwdt_v2_4/src"

TRACE::2026-01-20.16:52:31::SCWMssOS::make -C ps7_cortexa9_0/libsrc/scuwdt_v2_4/src -s libs  "SHELL=CMD" "COMPILER=arm-none-eabi-gcc" "ASSEMBLER=arm-none-eabi-as" "A
TRACE::2026-01-20.16:52:31::SCWMssOS::RCHIVER=arm-none-eabi-ar" "COMPILER_FLAGS=  -O2 -c" "EXTRA_COMPILER_FLAGS=-mcpu=cortex-a9 -mfpu=vfpv3 -mfloat-abi=hard -nostart
TRACE::2026-01-20.16:52:31::SCWMssOS::files -g -Wall -Wextra -fno-tree-loop-distribute-patterns"

TRACE::2026-01-20.16:52:32::SCWMssOS::"Running Make libs in ps7_cortexa9_0/libsrc/sdps_v3_12/src"

TRACE::2026-01-20.16:52:32::SCWMssOS::make -C ps7_cortexa9_0/libsrc/sdps_v3_12/src -s libs  "SHELL=CMD" "COMPILER=arm-none-eabi-gcc" "ASSEMBLER=arm-none-eabi-as" "AR
TRACE::2026-01-20.16:52:32::SCWMssOS::CHIVER=arm-none-eabi-ar" "COMPILER_FLAGS=  -O2 -c" "EXTRA_COMPILER_FLAGS=-mcpu=cortex-a9 -mfpu=vfpv3 -mfloat-abi=hard -nostartf
TRACE::2026-01-20.16:52:32::SCWMssOS::iles -g -Wall -Wextra -fno-tree-loop-distribute-patterns"

TRACE::2026-01-20.16:52:32::SCWMssOS::"Running Make libs in ps7_cortexa9_0/libsrc/standalone_v7_5/src"

TRACE::2026-01-20.16:52:32::SCWMssOS::make -C ps7_cortexa9_0/libsrc/standalone_v7_5/src -s libs  "SHELL=CMD" "COMPILER=arm-none-eabi-gcc" "ASSEMBLER=arm-none-eabi-as
TRACE::2026-01-20.16:52:32::SCWMssOS::" "ARCHIVER=arm-none-eabi-ar" "COMPILER_FLAGS=  -O2 -c" "EXTRA_COMPILER_FLAGS=-mcpu=cortex-a9 -mfpu=vfpv3 -mfloat-abi=hard -nos
TRACE::2026-01-20.16:52:32::SCWMssOS::tartfiles -g -Wall -Wextra -fno-tree-loop-distribute-patterns"

TRACE::2026-01-20.16:52:32::SCWMssOS::"Running Make libs in ps7_cortexa9_0/libsrc/uartps_v3_11/src"

TRACE::2026-01-20.16:52:32::SCWMssOS::make -C ps7_cortexa9_0/libsrc/uartps_v3_11/src -s libs  "SHELL=CMD" "COMPILER=arm-none-eabi-gcc" "ASSEMBLER=arm-none-eabi-as" "
TRACE::2026-01-20.16:52:32::SCWMssOS::ARCHIVER=arm-none-eabi-ar" "COMPILER_FLAGS=  -O2 -c" "EXTRA_COMPILER_FLAGS=-mcpu=cortex-a9 -mfpu=vfpv3 -mfloat-abi=hard -nostar
TRACE::2026-01-20.16:52:32::SCWMssOS::tfiles -g -Wall -Wextra -fno-tree-loop-distribute-patterns"

TRACE::2026-01-20.16:52:32::SCWMssOS::"Running Make libs in ps7_cortexa9_0/libsrc/usbps_v2_7/src"

TRACE::2026-01-20.16:52:32::SCWMssOS::make -C ps7_cortexa9_0/libsrc/usbps_v2_7/src -s libs  "SHELL=CMD" "COMPILER=arm-none-eabi-gcc" "ASSEMBLER=arm-none-eabi-as" "AR
TRACE::2026-01-20.16:52:32::SCWMssOS::CHIVER=arm-none-eabi-ar" "COMPILER_FLAGS=  -O2 -c" "EXTRA_COMPILER_FLAGS=-mcpu=cortex-a9 -mfpu=vfpv3 -mfloat-abi=hard -nostartf
TRACE::2026-01-20.16:52:32::SCWMssOS::iles -g -Wall -Wextra -fno-tree-loop-distribute-patterns"

TRACE::2026-01-20.16:52:32::SCWMssOS::"Running Make libs in ps7_cortexa9_0/libsrc/xadcps_v2_6/src"

TRACE::2026-01-20.16:52:32::SCWMssOS::make -C ps7_cortexa9_0/libsrc/xadcps_v2_6/src -s libs  "SHELL=CMD" "COMPILER=arm-none-eabi-gcc" "ASSEMBLER=arm-none-eabi-as" "A
TRACE::2026-01-20.16:52:32::SCWMssOS::RCHIVER=arm-none-eabi-ar" "COMPILER_FLAGS=  -O2 -c" "EXTRA_COMPILER_FLAGS=-mcpu=cortex-a9 -mfpu=vfpv3 -mfloat-abi=hard -nostart
TRACE::2026-01-20.16:52:32::SCWMssOS::files -g -Wall -Wextra -fno-tree-loop-distribute-patterns"

TRACE::2026-01-20.16:52:33::SCWMssOS::'Finished building libraries parallelly.'

TRACE::2026-01-20.16:52:33::SCWMssOS::make --no-print-directory archive

TRACE::2026-01-20.16:52:33::SCWMssOS::arm-none-eabi-ar -r  ps7_cortexa9_0/lib/libxil.a ps7_cortexa9_0/lib/xil_testcache.o ps7_cortexa9_0/lib/xadcps_selftest.o ps7_co
TRACE::2026-01-20.16:52:33::SCWMssOS::rtexa9_0/lib/xplatform_info.o ps7_cortexa9_0/lib/xil_mmu.o ps7_cortexa9_0/lib/_exit.o ps7_cortexa9_0/lib/xusbps_sinit.o ps7_cor
TRACE::2026-01-20.16:52:33::SCWMssOS::texa9_0/lib/xdevcfg_hw.o ps7_cortexa9_0/lib/xil_sleeptimer.o ps7_cortexa9_0/lib/xqspips_options.o ps7_cortexa9_0/lib/xdmaps_g.o
TRACE::2026-01-20.16:52:33::SCWMssOS:: ps7_cortexa9_0/lib/xscutimer_g.o ps7_cortexa9_0/lib/xsdps_options.o ps7_cortexa9_0/lib/xil_misc_psreset_api.o ps7_cortexa9_0/l
TRACE::2026-01-20.16:52:33::SCWMssOS::ib/xdmaps_sinit.o ps7_cortexa9_0/lib/xscutimer_sinit.o ps7_cortexa9_0/lib/xemacps_hw.o ps7_cortexa9_0/lib/inbyte.o ps7_cortexa9
TRACE::2026-01-20.16:52:33::SCWMssOS::_0/lib/xdmaps_selftest.o ps7_cortexa9_0/lib/xscutimer_selftest.o ps7_cortexa9_0/lib/putnum.o ps7_cortexa9_0/lib/xadcps_intr.o p
TRACE::2026-01-20.16:52:33::SCWMssOS::s7_cortexa9_0/lib/xgpiops_g.o ps7_cortexa9_0/lib/xsdps.o ps7_cortexa9_0/lib/close.o ps7_cortexa9_0/lib/xgpiops_intr.o ps7_corte
TRACE::2026-01-20.16:52:33::SCWMssOS::xa9_0/lib/xdma_g.o ps7_cortexa9_0/lib/xgpiops_sinit.o ps7_cortexa9_0/lib/xdma_sinit.o ps7_cortexa9_0/lib/xgpiops_selftest.o ps7
TRACE::2026-01-20.16:52:33::SCWMssOS::_cortexa9_0/lib/xscuwdt.o ps7_cortexa9_0/lib/xgpiops.o ps7_cortexa9_0/lib/xil_clocking.o ps7_cortexa9_0/lib/xil_mem.o ps7_corte
TRACE::2026-01-20.16:52:33::SCWMssOS::xa9_0/lib/time.o ps7_cortexa9_0/lib/xil_printf.o ps7_cortexa9_0/lib/kill.o ps7_cortexa9_0/lib/xuartps_g.o ps7_cortexa9_0/lib/xa
TRACE::2026-01-20.16:52:33::SCWMssOS::dcps.o ps7_cortexa9_0/lib/xuartps_sinit.o ps7_cortexa9_0/lib/xuartps_selftest.o ps7_cortexa9_0/lib/outbyte.o ps7_cortexa9_0/lib
TRACE::2026-01-20.16:52:33::SCWMssOS::/lseek.o ps7_cortexa9_0/lib/xusbps_hw.o ps7_cortexa9_0/lib/xl2cc_counter.o ps7_cortexa9_0/lib/asm_vectors.o ps7_cortexa9_0/lib/
TRACE::2026-01-20.16:52:33::SCWMssOS::abort.o ps7_cortexa9_0/lib/xscugic_intr.o ps7_cortexa9_0/lib/getpid.o ps7_cortexa9_0/lib/xdevcfg_sinit.o ps7_cortexa9_0/lib/xdm
TRACE::2026-01-20.16:52:33::SCWMssOS::aps.o ps7_cortexa9_0/lib/xscutimer.o ps7_cortexa9_0/lib/xdevcfg_selftest.o ps7_cortexa9_0/lib/xpm_counter.o ps7_cortexa9_0/lib/
TRACE::2026-01-20.16:52:33::SCWMssOS::_sbrk.o ps7_cortexa9_0/lib/xemacps_sinit.o ps7_cortexa9_0/lib/xqspips_g.o ps7_cortexa9_0/lib/xusbps.o ps7_cortexa9_0/lib/xusbps
TRACE::2026-01-20.16:52:33::SCWMssOS::_endpoint.o ps7_cortexa9_0/lib/xusbps_g.o ps7_cortexa9_0/lib/xsdps_sinit.o ps7_cortexa9_0/lib/xqspips_selftest.o ps7_cortexa9_0
TRACE::2026-01-20.16:52:33::SCWMssOS::/lib/xil_exception.o ps7_cortexa9_0/lib/xil_testmem.o ps7_cortexa9_0/lib/xemacps_control.o ps7_cortexa9_0/lib/open.o ps7_cortex
TRACE::2026-01-20.16:52:33::SCWMssOS::a9_0/lib/xil_assert.o ps7_cortexa9_0/lib/xusbps_intr.o ps7_cortexa9_0/lib/xsdps_host.o ps7_cortexa9_0/lib/xcoresightpsdcc.o ps7
TRACE::2026-01-20.16:52:33::SCWMssOS::_cortexa9_0/lib/xscugic_hw.o ps7_cortexa9_0/lib/sleep.o ps7_cortexa9_0/lib/cpputest_time.o ps7_cortexa9_0/lib/xil_spinlock.o ps
TRACE::2026-01-20.16:52:33::SCWMssOS::7_cortexa9_0/lib/fcntl.o ps7_cortexa9_0/lib/print.o ps7_cortexa9_0/lib/read.o ps7_cortexa9_0/lib/xdevcfg.o ps7_cortexa9_0/lib/x
TRACE::2026-01-20.16:52:33::SCWMssOS::qspips.o ps7_cortexa9_0/lib/xemacps.o ps7_cortexa9_0/lib/xil_cache.o ps7_cortexa9_0/lib/xil_testio.o ps7_cortexa9_0/lib/_open.o
TRACE::2026-01-20.16:52:33::SCWMssOS:: ps7_cortexa9_0/lib/unlink.o ps7_cortexa9_0/lib/xdma.o ps7_cortexa9_0/lib/translation_table.o ps7_cortexa9_0/lib/write.o ps7_co
TRACE::2026-01-20.16:52:33::SCWMssOS::rtexa9_0/lib/boot.o ps7_cortexa9_0/lib/xemacps_bdring.o ps7_cortexa9_0/lib/cpu_init.o ps7_cortexa9_0/lib/vectors.o ps7_cortexa9
TRACE::2026-01-20.16:52:33::SCWMssOS::_0/lib/usleep.o ps7_cortexa9_0/lib/xil_sleepcommon.o ps7_cortexa9_0/lib/xscugic_g.o ps7_cortexa9_0/lib/xscugic_sinit.o ps7_cort
TRACE::2026-01-20.16:52:33::SCWMssOS::exa9_0/lib/xdevcfg_g.o ps7_cortexa9_0/lib/xtime_l.o ps7_cortexa9_0/lib/xdma_linux.o ps7_cortexa9_0/lib/xscugic_selftest.o ps7_c
TRACE::2026-01-20.16:52:33::SCWMssOS::ortexa9_0/lib/xil_util.o ps7_cortexa9_0/lib/xuartps_intr.o ps7_cortexa9_0/lib/xuartps.o ps7_cortexa9_0/lib/xsdps_card.o ps7_cor
TRACE::2026-01-20.16:52:33::SCWMssOS::texa9_0/lib/xdmaps_hw.o ps7_cortexa9_0/lib/sbrk.o ps7_cortexa9_0/lib/xgpiops_hw.o ps7_cortexa9_0/lib/xsdps_g.o ps7_cortexa9_0/l
TRACE::2026-01-20.16:52:33::SCWMssOS::ib/fstat.o ps7_cortexa9_0/lib/xqspips_hw.o ps7_cortexa9_0/lib/errno.o ps7_cortexa9_0/lib/xdevcfg_intr.o ps7_cortexa9_0/lib/xuar
TRACE::2026-01-20.16:52:33::SCWMssOS::tps_options.o ps7_cortexa9_0/lib/xscuwdt_g.o ps7_cortexa9_0/lib/xemacps_g.o ps7_cortexa9_0/lib/xscuwdt_sinit.o ps7_cortexa9_0/l
TRACE::2026-01-20.16:52:33::SCWMssOS::ib/xemacps_intr.o ps7_cortexa9_0/lib/xscuwdt_selftest.o ps7_cortexa9_0/lib/isatty.o ps7_cortexa9_0/lib/xil-crt0.o ps7_cortexa9_
TRACE::2026-01-20.16:52:33::SCWMssOS::0/lib/xscugic.o ps7_cortexa9_0/lib/xuartps_hw.o ps7_cortexa9_0/lib/xadcps_g.o ps7_cortexa9_0/lib/xqspips_sinit.o ps7_cortexa9_0
TRACE::2026-01-20.16:52:33::SCWMssOS::/lib/xadcps_sinit.o

TRACE::2026-01-20.16:52:33::SCWMssOS::'Finished building libraries'

TRACE::2026-01-20.16:52:34::SCWMssOS::Copying to export directory.
TRACE::2026-01-20.16:52:35::SCWMssOS:: Checking if to create the Supporting Applications
TRACE::2026-01-20.16:52:35::SCWMssOS:: No Linux domain exists, trying to generate FSBL 
LOG::2026-01-20.16:52:35::SCWSystem::Completed Processing the domain standalone_domain
LOG::2026-01-20.16:52:35::SCWSystem::Completed Processing the sysconfig delay-and-sum-v2-platform
LOG::2026-01-20.16:52:35::SCWPlatform::Completed generating the artifacts for system configuration delay-and-sum-v2-platform
TRACE::2026-01-20.16:52:35::SCWPlatform::Started preparing the platform 
TRACE::2026-01-20.16:52:35::SCWSystem::Writing the bif file for system config delay-and-sum-v2-platform
TRACE::2026-01-20.16:52:35::SCWSystem::dir created 
TRACE::2026-01-20.16:52:35::SCWSystem::Writing the bif 
TRACE::2026-01-20.16:52:35::SCWPlatform::Started writing the spfm file 
TRACE::2026-01-20.16:52:35::SCWPlatform::Started writing the xpfm file 
TRACE::2026-01-20.16:52:35::SCWPlatform::Completed generating the platform
TRACE::2026-01-20.16:52:35::SCWMssOS::Saving the mss changes C:/Users/CamLT/AX7010_Work/UltrasonicFPGA2021/delay-and-sum-v2/delay-and-sum-v2-platform/zynq_fsbl/zynq_fsbl_bsp/system.mss
TRACE::2026-01-20.16:52:35::SCWMssOS::Found a swdesign opened with the mssfile.
TRACE::2026-01-20.16:52:35::SCWMssOS::Completed writemss as part of save.
TRACE::2026-01-20.16:52:35::SCWMssOS::Commit changes completed.
TRACE::2026-01-20.16:52:35::SCWMssOS::Saving the mss changes C:/Users/CamLT/AX7010_Work/UltrasonicFPGA2021/delay-and-sum-v2/delay-and-sum-v2-platform/ps7_cortexa9_0/standalone_domain/bsp/system.mss
TRACE::2026-01-20.16:52:35::SCWMssOS::Found a swdesign opened with the mssfile.
TRACE::2026-01-20.16:52:35::SCWMssOS::Completed writemss as part of save.
TRACE::2026-01-20.16:52:35::SCWMssOS::Commit changes completed.
TRACE::2026-01-20.16:52:35::SCWPlatform::Trying to open the hw design at C:/Users/CamLT/AX7010_Work/UltrasonicFPGA2021/delay-and-sum-v2/delay-and-sum-v2-platform/hw/Demodulator_128Ch_wrapper.xsa
TRACE::2026-01-20.16:52:35::SCWPlatform::DSA given C:/Users/CamLT/AX7010_Work/UltrasonicFPGA2021/delay-and-sum-v2/delay-and-sum-v2-platform/hw/Demodulator_128Ch_wrapper.xsa
TRACE::2026-01-20.16:52:35::SCWPlatform::DSA absoulate path C:/Users/CamLT/AX7010_Work/UltrasonicFPGA2021/delay-and-sum-v2/delay-and-sum-v2-platform/hw/Demodulator_128Ch_wrapper.xsa
TRACE::2026-01-20.16:52:35::SCWPlatform::DSA directory C:/Users/CamLT/AX7010_Work/UltrasonicFPGA2021/delay-and-sum-v2/delay-and-sum-v2-platform/hw
TRACE::2026-01-20.16:52:35::SCWPlatform:: Platform Path C:/Users/CamLT/AX7010_Work/UltrasonicFPGA2021/delay-and-sum-v2/delay-and-sum-v2-platform/hw/Demodulator_128Ch_wrapper.xsa
TRACE::2026-01-20.16:52:35::SCWPlatform:: Unique name xilinx:::0.0
TRACE::2026-01-20.16:52:35::SCWPlatform::Trying to set the existing hwdb with name Demodulator_128Ch_wrapper_1
TRACE::2026-01-20.16:52:35::SCWPlatform::Opened existing hwdb Demodulator_128Ch_wrapper_1
TRACE::2026-01-20.16:52:35::SCWPlatform::Found the Hw Db part of the input DSA
TRACE::2026-01-20.16:52:35::SCWMssOS::Checking the sw design at  C:/Users/CamLT/AX7010_Work/UltrasonicFPGA2021/delay-and-sum-v2/delay-and-sum-v2-platform/zynq_fsbl/zynq_fsbl_bsp/system.mss
TRACE::2026-01-20.16:52:35::SCWMssOS::DEBUG:  swdes dump  C:/Users/CamLT/AX7010_Work/UltrasonicFPGA2021/delay-and-sum-v2/delay-and-sum-v2-platform/ps7_cortexa9_0/standalone_domain/bsp/system.mss|system||
C:/Users/CamLT/AX7010_Work/UltrasonicFPGA2021/delay-and-sum-v2/delay-and-sum-v2-platform/zynq_fsbl/zynq_fsbl_bsp/system.mss|system_0||

TRACE::2026-01-20.16:52:35::SCWMssOS::Sw design exists and opened at  C:/Users/CamLT/AX7010_Work/UltrasonicFPGA2021/delay-and-sum-v2/delay-and-sum-v2-platform/zynq_fsbl/zynq_fsbl_bsp/system.mss
TRACE::2026-01-20.16:52:35::SCWPlatform::Trying to open the hw design at C:/Users/CamLT/AX7010_Work/UltrasonicFPGA2021/delay-and-sum-v2/delay-and-sum-v2-platform/hw/Demodulator_128Ch_wrapper.xsa
TRACE::2026-01-20.16:52:35::SCWPlatform::DSA given C:/Users/CamLT/AX7010_Work/UltrasonicFPGA2021/delay-and-sum-v2/delay-and-sum-v2-platform/hw/Demodulator_128Ch_wrapper.xsa
TRACE::2026-01-20.16:52:35::SCWPlatform::DSA absoulate path C:/Users/CamLT/AX7010_Work/UltrasonicFPGA2021/delay-and-sum-v2/delay-and-sum-v2-platform/hw/Demodulator_128Ch_wrapper.xsa
TRACE::2026-01-20.16:52:35::SCWPlatform::DSA directory C:/Users/CamLT/AX7010_Work/UltrasonicFPGA2021/delay-and-sum-v2/delay-and-sum-v2-platform/hw
TRACE::2026-01-20.16:52:35::SCWPlatform:: Platform Path C:/Users/CamLT/AX7010_Work/UltrasonicFPGA2021/delay-and-sum-v2/delay-and-sum-v2-platform/hw/Demodulator_128Ch_wrapper.xsa
TRACE::2026-01-20.16:52:35::SCWPlatform:: Unique name xilinx:::0.0
TRACE::2026-01-20.16:52:35::SCWPlatform::Trying to set the existing hwdb with name Demodulator_128Ch_wrapper_1
TRACE::2026-01-20.16:52:35::SCWPlatform::Opened existing hwdb Demodulator_128Ch_wrapper_1
TRACE::2026-01-20.16:52:35::SCWPlatform::Found the Hw Db part of the input DSA
TRACE::2026-01-20.16:52:35::SCWMssOS::Checking the sw design at  C:/Users/CamLT/AX7010_Work/UltrasonicFPGA2021/delay-and-sum-v2/delay-and-sum-v2-platform/ps7_cortexa9_0/standalone_domain/bsp/system.mss
TRACE::2026-01-20.16:52:35::SCWMssOS::DEBUG:  swdes dump  C:/Users/CamLT/AX7010_Work/UltrasonicFPGA2021/delay-and-sum-v2/delay-and-sum-v2-platform/ps7_cortexa9_0/standalone_domain/bsp/system.mss|system||
C:/Users/CamLT/AX7010_Work/UltrasonicFPGA2021/delay-and-sum-v2/delay-and-sum-v2-platform/zynq_fsbl/zynq_fsbl_bsp/system.mss|system_0||

TRACE::2026-01-20.16:52:35::SCWMssOS::Sw design exists and opened at  C:/Users/CamLT/AX7010_Work/UltrasonicFPGA2021/delay-and-sum-v2/delay-and-sum-v2-platform/ps7_cortexa9_0/standalone_domain/bsp/system.mss
TRACE::2026-01-20.16:52:35::SCWWriter::formatted JSON is {
	"platformName":	"delay-and-sum-v2-platform",
	"sprVersion":	"2.0",
	"mode":	"gui",
	"dsaType":	"Fixed",
	"platformDesc":	"delay-and-sum-v2-platform",
	"platHandOff":	"C:/Users/CamLT/AX7010_Work/Demodulator_128Ch_wrapper.xsa",
	"platIntHandOff":	"<platformDir>/hw/Demodulator_128Ch_wrapper.xsa",
	"deviceType":	"zynq",
	"platIsPrebuiltAutogen":	"false",
	"platIsNoBootBsp":	"false",
	"hasFsblMakeHasChanges":	"false",
	"hasPmufwMakeHasChanges":	"false",
	"fsblExtraCompilerFlags":	"-MMD -MP       -mcpu=cortex-a9 -mfpu=vfpv3 -mfloat-abi=hard ",
	"platPreBuiltFlag":	false,
	"platformSamplesDir":	"",
	"platActiveSys":	"delay-and-sum-v2-platform",
	"systems":	[{
			"systemName":	"delay-and-sum-v2-platform",
			"systemDesc":	"delay-and-sum-v2-platform",
			"sysIsBootAutoGen":	"true",
			"systemDispName":	"delay-and-sum-v2-platform",
			"sysActiveDom":	"standalone_domain",
			"sysDefaultDom":	"standalone_domain",
			"domains":	[{
					"domainName":	"zynq_fsbl",
					"domainDispName":	"zynq_fsbl",
					"domainDesc":	"FSBL Application BSP - Auto Generated.",
					"processors":	"ps7_cortexa9_0",
					"os":	"standalone",
					"sdxOs":	"standalone",
					"debugEnable":	"",
					"domRuntimes":	["cpp"],
					"swRepo":	"",
					"mssOsVer":	"7.5",
					"mssFile":	"",
					"md5Digest":	"f3dae8f02a170fb93c0638c92ba171da",
					"compatibleApp":	"zynq_fsbl",
					"domType":	"bootDomain",
					"arch":	"32-bit",
					"appSettings":	{
						"appCompilerFlags":	"",
						"appLinkerFlags":	""
					},
					"addedLibs":	["xilffs:4.5", "xilrsa:1.6", "lwip211:1.5"],
					"libOptions":	{
						"libsContainingOptions":	[]
					},
					"prebuiltLibs":	{
						"prebuiltIncPath":	[],
						"prebuiltLibPath":	[]
					},
					"isolation":	{
					}
				}, {
					"domainName":	"standalone_domain",
					"domainDispName":	"standalone on ps7_cortexa9_0",
					"domainDesc":	"standalone_domain",
					"processors":	"ps7_cortexa9_0",
					"os":	"standalone",
					"sdxOs":	"standalone",
					"qemuArgs":	"C:/Xilinx/Vitis/2021.1/data/emulation/platforms/zynq/sw/a9_standalone/qemu/qemu_args.txt",
					"qemuData":	"C:/Xilinx/Vitis/2021.1/data/emulation/platforms/zynq/sw/a9_standalone/qemu/",
					"debugEnable":	"False",
					"domRuntimes":	["cpp"],
					"swRepo":	"",
					"mssOsVer":	"7.5",
					"mssFile":	"",
					"md5Digest":	"c0bcabe2214432c53bf60814567322c2",
					"compatibleApp":	"",
					"domType":	"mssDomain",
					"appSettings":	{
						"appCompilerFlags":	"",
						"appLinkerFlags":	""
					},
					"addedLibs":	["lwip211:1.5"],
					"libOptions":	{
						"libsContainingOptions":	[]
					},
					"prebuiltLibs":	{
						"prebuiltIncPath":	[],
						"prebuiltLibPath":	[]
					},
					"isolation":	{
					}
				}]
		}]
}
KEYINFO::2026-01-20.16:52:35::SCWPlatform::updated the xpfm file.
TRACE::2026-01-20.16:52:35::SCWPlatform::Trying to open the hw design at C:/Users/CamLT/AX7010_Work/UltrasonicFPGA2021/delay-and-sum-v2/delay-and-sum-v2-platform/hw/Demodulator_128Ch_wrapper.xsa
TRACE::2026-01-20.16:52:35::SCWPlatform::DSA given C:/Users/CamLT/AX7010_Work/UltrasonicFPGA2021/delay-and-sum-v2/delay-and-sum-v2-platform/hw/Demodulator_128Ch_wrapper.xsa
TRACE::2026-01-20.16:52:35::SCWPlatform::DSA absoulate path C:/Users/CamLT/AX7010_Work/UltrasonicFPGA2021/delay-and-sum-v2/delay-and-sum-v2-platform/hw/Demodulator_128Ch_wrapper.xsa
TRACE::2026-01-20.16:52:35::SCWPlatform::DSA directory C:/Users/CamLT/AX7010_Work/UltrasonicFPGA2021/delay-and-sum-v2/delay-and-sum-v2-platform/hw
TRACE::2026-01-20.16:52:35::SCWPlatform:: Platform Path C:/Users/CamLT/AX7010_Work/UltrasonicFPGA2021/delay-and-sum-v2/delay-and-sum-v2-platform/hw/Demodulator_128Ch_wrapper.xsa
TRACE::2026-01-20.16:52:35::SCWPlatform:: Unique name xilinx:::0.0
TRACE::2026-01-20.16:52:35::SCWPlatform::Trying to set the existing hwdb with name Demodulator_128Ch_wrapper_1
TRACE::2026-01-20.16:52:35::SCWPlatform::Opened existing hwdb Demodulator_128Ch_wrapper_1
TRACE::2026-01-20.16:52:35::SCWPlatform::Found the Hw Db part of the input DSA
TRACE::2026-01-20.16:52:35::SCWMssOS::Checking the sw design at  C:/Users/CamLT/AX7010_Work/UltrasonicFPGA2021/delay-and-sum-v2/delay-and-sum-v2-platform/ps7_cortexa9_0/standalone_domain/bsp/system.mss
TRACE::2026-01-20.16:52:35::SCWMssOS::DEBUG:  swdes dump  C:/Users/CamLT/AX7010_Work/UltrasonicFPGA2021/delay-and-sum-v2/delay-and-sum-v2-platform/ps7_cortexa9_0/standalone_domain/bsp/system.mss|system||
C:/Users/CamLT/AX7010_Work/UltrasonicFPGA2021/delay-and-sum-v2/delay-and-sum-v2-platform/zynq_fsbl/zynq_fsbl_bsp/system.mss|system_0||

TRACE::2026-01-20.16:52:35::SCWMssOS::Sw design exists and opened at  C:/Users/CamLT/AX7010_Work/UltrasonicFPGA2021/delay-and-sum-v2/delay-and-sum-v2-platform/ps7_cortexa9_0/standalone_domain/bsp/system.mss
TRACE::2026-01-20.16:55:50::SCWBDomain::System Command Ran  C:&  cd  C:/Users/CamLT/AX7010_Work/UltrasonicFPGA2021/delay-and-sum-v2/delay-and-sum-v2-platform/zynq_fsbl & make clean
TRACE::2026-01-20.16:55:50::SCWBDomain::rm -rf  sd.o  nand.o  image_mover.o  md5.o  fsbl_hooks.o  main.o  nor.o  qspi.o  rsa.o  ps7_init.o  pcap.o  fsbl_handoff.o zynq
TRACE::2026-01-20.16:55:50::SCWBDomain::_fsbl_bsp/ps7_cortexa9_0/lib/libxil.a fsbl.elf *.o

TRACE::2026-01-20.16:55:50::SCWBDomain::System Command Ran  C:&  cd  C:/Users/CamLT/AX7010_Work/UltrasonicFPGA2021/delay-and-sum-v2/delay-and-sum-v2-platform/zynq_fsbl/zynq_fsbl_bsp & make clean
TRACE::2026-01-20.16:55:51::SCWBDomain::make -C ps7_cortexa9_0/libsrc/coresightps_dcc_v1_8/src -s clean 

TRACE::2026-01-20.16:55:51::SCWBDomain::make -C ps7_cortexa9_0/libsrc/cpu_cortexa9_v2_11/src -s clean 

TRACE::2026-01-20.16:55:51::SCWBDomain::make -C ps7_cortexa9_0/libsrc/ddrps_v1_2/src -s clean 

TRACE::2026-01-20.16:55:51::SCWBDomain::make -C ps7_cortexa9_0/libsrc/devcfg_v3_7/src -s clean 

TRACE::2026-01-20.16:55:51::SCWBDomain::make -C ps7_cortexa9_0/libsrc/dmaps_v2_8/src -s clean 

TRACE::2026-01-20.16:55:51::SCWBDomain::make -C ps7_cortexa9_0/libsrc/DMA_v1_0/src -s clean 

TRACE::2026-01-20.16:55:51::SCWBDomain::make -C ps7_cortexa9_0/libsrc/emacps_v3_14/src -s clean 

TRACE::2026-01-20.16:55:51::SCWBDomain::make -C ps7_cortexa9_0/libsrc/gpiops_v3_9/src -s clean 

TRACE::2026-01-20.16:55:51::SCWBDomain::make -C ps7_cortexa9_0/libsrc/lwip211_v1_5/src -s clean 

TRACE::2026-01-20.16:55:51::SCWBDomain::make -C ps7_cortexa9_0/libsrc/qspips_v3_9/src -s clean 

TRACE::2026-01-20.16:55:51::SCWBDomain::make -C ps7_cortexa9_0/libsrc/scugic_v4_5/src -s clean 

TRACE::2026-01-20.16:55:51::SCWBDomain::make -C ps7_cortexa9_0/libsrc/scutimer_v2_3/src -s clean 

TRACE::2026-01-20.16:55:51::SCWBDomain::make -C ps7_cortexa9_0/libsrc/scuwdt_v2_4/src -s clean 

TRACE::2026-01-20.16:55:52::SCWBDomain::make -C ps7_cortexa9_0/libsrc/sdps_v3_12/src -s clean 

TRACE::2026-01-20.16:55:52::SCWBDomain::make -C ps7_cortexa9_0/libsrc/standalone_v7_5/src -s clean 

TRACE::2026-01-20.16:55:52::SCWBDomain::make -C ps7_cortexa9_0/libsrc/uartps_v3_11/src -s clean 

TRACE::2026-01-20.16:55:52::SCWBDomain::make -C ps7_cortexa9_0/libsrc/usbps_v2_7/src -s clean 

TRACE::2026-01-20.16:55:52::SCWBDomain::make -C ps7_cortexa9_0/libsrc/xadcps_v2_6/src -s clean 

TRACE::2026-01-20.16:55:52::SCWBDomain::make -C ps7_cortexa9_0/libsrc/xilffs_v4_5/src -s clean 

TRACE::2026-01-20.16:55:52::SCWBDomain::make -C ps7_cortexa9_0/libsrc/xilrsa_v1_6/src -s clean 

TRACE::2026-01-20.16:55:52::SCWBDomain::rm -f ps7_cortexa9_0/lib/libxil.a

TRACE::2026-01-20.16:55:52::SCWMssOS::cleaning the bsp 
TRACE::2026-01-20.16:55:52::SCWMssOS::System Command Ran  C: & cd  C:/Users/CamLT/AX7010_Work/UltrasonicFPGA2021/delay-and-sum-v2/delay-and-sum-v2-platform/ps7_cortexa9_0/standalone_domain/bsp & make clean 
TRACE::2026-01-20.16:55:52::SCWMssOS::make -C ps7_cortexa9_0/libsrc/coresightps_dcc_v1_8/src -s clean 

TRACE::2026-01-20.16:55:52::SCWMssOS::make -C ps7_cortexa9_0/libsrc/cpu_cortexa9_v2_11/src -s clean 

TRACE::2026-01-20.16:55:53::SCWMssOS::make -C ps7_cortexa9_0/libsrc/ddrps_v1_2/src -s clean 

TRACE::2026-01-20.16:55:53::SCWMssOS::make -C ps7_cortexa9_0/libsrc/devcfg_v3_7/src -s clean 

TRACE::2026-01-20.16:55:53::SCWMssOS::make -C ps7_cortexa9_0/libsrc/dmaps_v2_8/src -s clean 

TRACE::2026-01-20.16:55:53::SCWMssOS::make -C ps7_cortexa9_0/libsrc/DMA_v1_0/src -s clean 

TRACE::2026-01-20.16:55:53::SCWMssOS::make -C ps7_cortexa9_0/libsrc/emacps_v3_14/src -s clean 

TRACE::2026-01-20.16:55:53::SCWMssOS::make -C ps7_cortexa9_0/libsrc/gpiops_v3_9/src -s clean 

TRACE::2026-01-20.16:55:53::SCWMssOS::make -C ps7_cortexa9_0/libsrc/lwip211_v1_5/src -s clean 

TRACE::2026-01-20.16:55:53::SCWMssOS::make -C ps7_cortexa9_0/libsrc/qspips_v3_9/src -s clean 

TRACE::2026-01-20.16:55:53::SCWMssOS::make -C ps7_cortexa9_0/libsrc/scugic_v4_5/src -s clean 

TRACE::2026-01-20.16:55:53::SCWMssOS::make -C ps7_cortexa9_0/libsrc/scutimer_v2_3/src -s clean 

TRACE::2026-01-20.16:55:53::SCWMssOS::make -C ps7_cortexa9_0/libsrc/scuwdt_v2_4/src -s clean 

TRACE::2026-01-20.16:55:53::SCWMssOS::make -C ps7_cortexa9_0/libsrc/sdps_v3_12/src -s clean 

TRACE::2026-01-20.16:55:53::SCWMssOS::make -C ps7_cortexa9_0/libsrc/standalone_v7_5/src -s clean 

TRACE::2026-01-20.16:55:54::SCWMssOS::make -C ps7_cortexa9_0/libsrc/uartps_v3_11/src -s clean 

TRACE::2026-01-20.16:55:54::SCWMssOS::make -C ps7_cortexa9_0/libsrc/usbps_v2_7/src -s clean 

TRACE::2026-01-20.16:55:54::SCWMssOS::make -C ps7_cortexa9_0/libsrc/xadcps_v2_6/src -s clean 

TRACE::2026-01-20.16:55:54::SCWMssOS::rm -f ps7_cortexa9_0/lib/libxil.a

LOG::2026-01-20.16:56:37::SCWPlatform::Started generating the artifacts platform delay-and-sum-v2-platform
TRACE::2026-01-20.16:56:37::SCWPlatform::Sanity checking of platform is completed
LOG::2026-01-20.16:56:37::SCWPlatform::Started generating the artifacts for system configuration delay-and-sum-v2-platform
LOG::2026-01-20.16:56:37::SCWSystem::Checking the domain zynq_fsbl
LOG::2026-01-20.16:56:37::SCWSystem::Doing application build for :  zynq_fsbl
TRACE::2026-01-20.16:56:37::SCWBDomain::Not a forced makefile updation, No changes are present. 
TRACE::2026-01-20.16:56:37::SCWDomain::Building the domain as part of full build :  zynq_fsbl
TRACE::2026-01-20.16:56:37::SCWPlatform::Trying to open the hw design at C:/Users/CamLT/AX7010_Work/UltrasonicFPGA2021/delay-and-sum-v2/delay-and-sum-v2-platform/hw/Demodulator_128Ch_wrapper.xsa
TRACE::2026-01-20.16:56:37::SCWPlatform::DSA given C:/Users/CamLT/AX7010_Work/UltrasonicFPGA2021/delay-and-sum-v2/delay-and-sum-v2-platform/hw/Demodulator_128Ch_wrapper.xsa
TRACE::2026-01-20.16:56:37::SCWPlatform::DSA absoulate path C:/Users/CamLT/AX7010_Work/UltrasonicFPGA2021/delay-and-sum-v2/delay-and-sum-v2-platform/hw/Demodulator_128Ch_wrapper.xsa
TRACE::2026-01-20.16:56:37::SCWPlatform::DSA directory C:/Users/CamLT/AX7010_Work/UltrasonicFPGA2021/delay-and-sum-v2/delay-and-sum-v2-platform/hw
TRACE::2026-01-20.16:56:37::SCWPlatform:: Platform Path C:/Users/CamLT/AX7010_Work/UltrasonicFPGA2021/delay-and-sum-v2/delay-and-sum-v2-platform/hw/Demodulator_128Ch_wrapper.xsa
TRACE::2026-01-20.16:56:37::SCWPlatform:: Unique name xilinx:::0.0
TRACE::2026-01-20.16:56:37::SCWPlatform::Trying to set the existing hwdb with name Demodulator_128Ch_wrapper_1
TRACE::2026-01-20.16:56:37::SCWPlatform::Opened existing hwdb Demodulator_128Ch_wrapper_1
TRACE::2026-01-20.16:56:37::SCWPlatform::Found the Hw Db part of the input DSA
TRACE::2026-01-20.16:56:37::SCWMssOS::Checking the sw design at  C:/Users/CamLT/AX7010_Work/UltrasonicFPGA2021/delay-and-sum-v2/delay-and-sum-v2-platform/zynq_fsbl/zynq_fsbl_bsp/system.mss
TRACE::2026-01-20.16:56:37::SCWMssOS::DEBUG:  swdes dump  C:/Users/CamLT/AX7010_Work/UltrasonicFPGA2021/delay-and-sum-v2/delay-and-sum-v2-platform/ps7_cortexa9_0/standalone_domain/bsp/system.mss|system||
C:/Users/CamLT/AX7010_Work/UltrasonicFPGA2021/delay-and-sum-v2/delay-and-sum-v2-platform/zynq_fsbl/zynq_fsbl_bsp/system.mss|system_0||

TRACE::2026-01-20.16:56:37::SCWMssOS::Sw design exists and opened at  C:/Users/CamLT/AX7010_Work/UltrasonicFPGA2021/delay-and-sum-v2/delay-and-sum-v2-platform/zynq_fsbl/zynq_fsbl_bsp/system.mss
TRACE::2026-01-20.16:56:37::SCWBDomain::Completed writing the mss file at C:/Users/CamLT/AX7010_Work/UltrasonicFPGA2021/delay-and-sum-v2/delay-and-sum-v2-platform/zynq_fsbl/zynq_fsbl_bsp
TRACE::2026-01-20.16:56:37::SCWBDomain::bsp generated is upto date with the mss file. Skipping bsp generation.
TRACE::2026-01-20.16:56:37::SCWBDomain::Not a forced makefile updation, No changes are present. 
TRACE::2026-01-20.16:56:37::SCWBDomain::System Command Ran  C:&  cd  C:/Users/CamLT/AX7010_Work/UltrasonicFPGA2021/delay-and-sum-v2/delay-and-sum-v2-platform/zynq_fsbl& make -C  zynq_fsbl_bsp & make 
TRACE::2026-01-20.16:56:37::SCWBDomain::make: Entering directory 'C:/Users/CamLT/AX7010_Work/UltrasonicFPGA2021/delay-and-sum-v2/delay-and-sum-v2-platform/zynq_fsbl/zy
TRACE::2026-01-20.16:56:37::SCWBDomain::nq_fsbl_bsp'

TRACE::2026-01-20.16:56:37::SCWBDomain::make --no-print-directory seq_libs

TRACE::2026-01-20.16:56:37::SCWBDomain::"Running Make include in ps7_cortexa9_0/libsrc/coresightps_dcc_v1_8/src"

TRACE::2026-01-20.16:56:37::SCWBDomain::make -C ps7_cortexa9_0/libsrc/coresightps_dcc_v1_8/src -s include  "SHELL=CMD" "COMPILER=arm-none-eabi-gcc" "ASSEMBLER=arm-none
TRACE::2026-01-20.16:56:37::SCWBDomain::-eabi-as" "ARCHIVER=arm-none-eabi-ar" "COMPILER_FLAGS=  -O2 -c" "EXTRA_COMPILER_FLAGS=-mcpu=cortex-a9 -mfpu=vfpv3 -mfloat-abi=h
TRACE::2026-01-20.16:56:37::SCWBDomain::ard -nostartfiles -g -Wall -Wextra -fno-tree-loop-distribute-patterns"

TRACE::2026-01-20.16:56:37::SCWBDomain::"Running Make include in ps7_cortexa9_0/libsrc/cpu_cortexa9_v2_11/src"

TRACE::2026-01-20.16:56:37::SCWBDomain::make -C ps7_cortexa9_0/libsrc/cpu_cortexa9_v2_11/src -s include  "SHELL=CMD" "COMPILER=arm-none-eabi-gcc" "ASSEMBLER=arm-none-e
TRACE::2026-01-20.16:56:37::SCWBDomain::abi-as" "ARCHIVER=arm-none-eabi-ar" "COMPILER_FLAGS=  -O2 -c" "EXTRA_COMPILER_FLAGS=-mcpu=cortex-a9 -mfpu=vfpv3 -mfloat-abi=har
TRACE::2026-01-20.16:56:37::SCWBDomain::d -nostartfiles -g -Wall -Wextra -fno-tree-loop-distribute-patterns"

TRACE::2026-01-20.16:56:37::SCWBDomain::"Running Make include in ps7_cortexa9_0/libsrc/ddrps_v1_2/src"

TRACE::2026-01-20.16:56:37::SCWBDomain::make -C ps7_cortexa9_0/libsrc/ddrps_v1_2/src -s include  "SHELL=CMD" "COMPILER=arm-none-eabi-gcc" "ASSEMBLER=arm-none-eabi-as" 
TRACE::2026-01-20.16:56:37::SCWBDomain::"ARCHIVER=arm-none-eabi-ar" "COMPILER_FLAGS=  -O2 -c" "EXTRA_COMPILER_FLAGS=-mcpu=cortex-a9 -mfpu=vfpv3 -mfloat-abi=hard -nosta
TRACE::2026-01-20.16:56:37::SCWBDomain::rtfiles -g -Wall -Wextra -fno-tree-loop-distribute-patterns"

TRACE::2026-01-20.16:56:37::SCWBDomain::"Running Make include in ps7_cortexa9_0/libsrc/devcfg_v3_7/src"

TRACE::2026-01-20.16:56:37::SCWBDomain::make -C ps7_cortexa9_0/libsrc/devcfg_v3_7/src -s include  "SHELL=CMD" "COMPILER=arm-none-eabi-gcc" "ASSEMBLER=arm-none-eabi-as"
TRACE::2026-01-20.16:56:37::SCWBDomain:: "ARCHIVER=arm-none-eabi-ar" "COMPILER_FLAGS=  -O2 -c" "EXTRA_COMPILER_FLAGS=-mcpu=cortex-a9 -mfpu=vfpv3 -mfloat-abi=hard -nost
TRACE::2026-01-20.16:56:37::SCWBDomain::artfiles -g -Wall -Wextra -fno-tree-loop-distribute-patterns"

TRACE::2026-01-20.16:56:37::SCWBDomain::"Running Make include in ps7_cortexa9_0/libsrc/dmaps_v2_8/src"

TRACE::2026-01-20.16:56:37::SCWBDomain::make -C ps7_cortexa9_0/libsrc/dmaps_v2_8/src -s include  "SHELL=CMD" "COMPILER=arm-none-eabi-gcc" "ASSEMBLER=arm-none-eabi-as" 
TRACE::2026-01-20.16:56:37::SCWBDomain::"ARCHIVER=arm-none-eabi-ar" "COMPILER_FLAGS=  -O2 -c" "EXTRA_COMPILER_FLAGS=-mcpu=cortex-a9 -mfpu=vfpv3 -mfloat-abi=hard -nosta
TRACE::2026-01-20.16:56:37::SCWBDomain::rtfiles -g -Wall -Wextra -fno-tree-loop-distribute-patterns"

TRACE::2026-01-20.16:56:37::SCWBDomain::"Running Make include in ps7_cortexa9_0/libsrc/DMA_v1_0/src"

TRACE::2026-01-20.16:56:37::SCWBDomain::make -C ps7_cortexa9_0/libsrc/DMA_v1_0/src -s include  "SHELL=CMD" "COMPILER=arm-none-eabi-gcc" "ASSEMBLER=arm-none-eabi-as" "A
TRACE::2026-01-20.16:56:37::SCWBDomain::RCHIVER=arm-none-eabi-ar" "COMPILER_FLAGS=  -O2 -c" "EXTRA_COMPILER_FLAGS=-mcpu=cortex-a9 -mfpu=vfpv3 -mfloat-abi=hard -nostart
TRACE::2026-01-20.16:56:37::SCWBDomain::files -g -Wall -Wextra -fno-tree-loop-distribute-patterns"

TRACE::2026-01-20.16:56:37::SCWBDomain::"Running Make include in ps7_cortexa9_0/libsrc/emacps_v3_14/src"

TRACE::2026-01-20.16:56:37::SCWBDomain::make -C ps7_cortexa9_0/libsrc/emacps_v3_14/src -s include  "SHELL=CMD" "COMPILER=arm-none-eabi-gcc" "ASSEMBLER=arm-none-eabi-as
TRACE::2026-01-20.16:56:37::SCWBDomain::" "ARCHIVER=arm-none-eabi-ar" "COMPILER_FLAGS=  -O2 -c" "EXTRA_COMPILER_FLAGS=-mcpu=cortex-a9 -mfpu=vfpv3 -mfloat-abi=hard -nos
TRACE::2026-01-20.16:56:37::SCWBDomain::tartfiles -g -Wall -Wextra -fno-tree-loop-distribute-patterns"

TRACE::2026-01-20.16:56:38::SCWBDomain::"Running Make include in ps7_cortexa9_0/libsrc/gpiops_v3_9/src"

TRACE::2026-01-20.16:56:38::SCWBDomain::make -C ps7_cortexa9_0/libsrc/gpiops_v3_9/src -s include  "SHELL=CMD" "COMPILER=arm-none-eabi-gcc" "ASSEMBLER=arm-none-eabi-as"
TRACE::2026-01-20.16:56:38::SCWBDomain:: "ARCHIVER=arm-none-eabi-ar" "COMPILER_FLAGS=  -O2 -c" "EXTRA_COMPILER_FLAGS=-mcpu=cortex-a9 -mfpu=vfpv3 -mfloat-abi=hard -nost
TRACE::2026-01-20.16:56:38::SCWBDomain::artfiles -g -Wall -Wextra -fno-tree-loop-distribute-patterns"

TRACE::2026-01-20.16:56:38::SCWBDomain::"Running Make include in ps7_cortexa9_0/libsrc/lwip211_v1_5/src"

TRACE::2026-01-20.16:56:38::SCWBDomain::make -C ps7_cortexa9_0/libsrc/lwip211_v1_5/src -s include  "SHELL=CMD" "COMPILER=arm-none-eabi-gcc" "ASSEMBLER=arm-none-eabi-as
TRACE::2026-01-20.16:56:38::SCWBDomain::" "ARCHIVER=arm-none-eabi-ar" "COMPILER_FLAGS=  -O2 -c" "EXTRA_COMPILER_FLAGS=-mcpu=cortex-a9 -mfpu=vfpv3 -mfloat-abi=hard -nos
TRACE::2026-01-20.16:56:38::SCWBDomain::tartfiles -g -Wall -Wextra -fno-tree-loop-distribute-patterns"

TRACE::2026-01-20.16:56:38::SCWBDomain::"Running Make include in ps7_cortexa9_0/libsrc/qspips_v3_9/src"

TRACE::2026-01-20.16:56:38::SCWBDomain::make -C ps7_cortexa9_0/libsrc/qspips_v3_9/src -s include  "SHELL=CMD" "COMPILER=arm-none-eabi-gcc" "ASSEMBLER=arm-none-eabi-as"
TRACE::2026-01-20.16:56:38::SCWBDomain:: "ARCHIVER=arm-none-eabi-ar" "COMPILER_FLAGS=  -O2 -c" "EXTRA_COMPILER_FLAGS=-mcpu=cortex-a9 -mfpu=vfpv3 -mfloat-abi=hard -nost
TRACE::2026-01-20.16:56:38::SCWBDomain::artfiles -g -Wall -Wextra -fno-tree-loop-distribute-patterns"

TRACE::2026-01-20.16:56:38::SCWBDomain::"Running Make include in ps7_cortexa9_0/libsrc/scugic_v4_5/src"

TRACE::2026-01-20.16:56:38::SCWBDomain::make -C ps7_cortexa9_0/libsrc/scugic_v4_5/src -s include  "SHELL=CMD" "COMPILER=arm-none-eabi-gcc" "ASSEMBLER=arm-none-eabi-as"
TRACE::2026-01-20.16:56:38::SCWBDomain:: "ARCHIVER=arm-none-eabi-ar" "COMPILER_FLAGS=  -O2 -c" "EXTRA_COMPILER_FLAGS=-mcpu=cortex-a9 -mfpu=vfpv3 -mfloat-abi=hard -nost
TRACE::2026-01-20.16:56:38::SCWBDomain::artfiles -g -Wall -Wextra -fno-tree-loop-distribute-patterns"

TRACE::2026-01-20.16:56:38::SCWBDomain::"Running Make include in ps7_cortexa9_0/libsrc/scutimer_v2_3/src"

TRACE::2026-01-20.16:56:38::SCWBDomain::make -C ps7_cortexa9_0/libsrc/scutimer_v2_3/src -s include  "SHELL=CMD" "COMPILER=arm-none-eabi-gcc" "ASSEMBLER=arm-none-eabi-a
TRACE::2026-01-20.16:56:38::SCWBDomain::s" "ARCHIVER=arm-none-eabi-ar" "COMPILER_FLAGS=  -O2 -c" "EXTRA_COMPILER_FLAGS=-mcpu=cortex-a9 -mfpu=vfpv3 -mfloat-abi=hard -no
TRACE::2026-01-20.16:56:38::SCWBDomain::startfiles -g -Wall -Wextra -fno-tree-loop-distribute-patterns"

TRACE::2026-01-20.16:56:38::SCWBDomain::"Running Make include in ps7_cortexa9_0/libsrc/scuwdt_v2_4/src"

TRACE::2026-01-20.16:56:38::SCWBDomain::make -C ps7_cortexa9_0/libsrc/scuwdt_v2_4/src -s include  "SHELL=CMD" "COMPILER=arm-none-eabi-gcc" "ASSEMBLER=arm-none-eabi-as"
TRACE::2026-01-20.16:56:38::SCWBDomain:: "ARCHIVER=arm-none-eabi-ar" "COMPILER_FLAGS=  -O2 -c" "EXTRA_COMPILER_FLAGS=-mcpu=cortex-a9 -mfpu=vfpv3 -mfloat-abi=hard -nost
TRACE::2026-01-20.16:56:38::SCWBDomain::artfiles -g -Wall -Wextra -fno-tree-loop-distribute-patterns"

TRACE::2026-01-20.16:56:38::SCWBDomain::"Running Make include in ps7_cortexa9_0/libsrc/sdps_v3_12/src"

TRACE::2026-01-20.16:56:38::SCWBDomain::make -C ps7_cortexa9_0/libsrc/sdps_v3_12/src -s include  "SHELL=CMD" "COMPILER=arm-none-eabi-gcc" "ASSEMBLER=arm-none-eabi-as" 
TRACE::2026-01-20.16:56:38::SCWBDomain::"ARCHIVER=arm-none-eabi-ar" "COMPILER_FLAGS=  -O2 -c" "EXTRA_COMPILER_FLAGS=-mcpu=cortex-a9 -mfpu=vfpv3 -mfloat-abi=hard -nosta
TRACE::2026-01-20.16:56:38::SCWBDomain::rtfiles -g -Wall -Wextra -fno-tree-loop-distribute-patterns"

TRACE::2026-01-20.16:56:38::SCWBDomain::"Running Make include in ps7_cortexa9_0/libsrc/standalone_v7_5/src"

TRACE::2026-01-20.16:56:38::SCWBDomain::make -C ps7_cortexa9_0/libsrc/standalone_v7_5/src -s include  "SHELL=CMD" "COMPILER=arm-none-eabi-gcc" "ASSEMBLER=arm-none-eabi
TRACE::2026-01-20.16:56:38::SCWBDomain::-as" "ARCHIVER=arm-none-eabi-ar" "COMPILER_FLAGS=  -O2 -c" "EXTRA_COMPILER_FLAGS=-mcpu=cortex-a9 -mfpu=vfpv3 -mfloat-abi=hard -
TRACE::2026-01-20.16:56:38::SCWBDomain::nostartfiles -g -Wall -Wextra -fno-tree-loop-distribute-patterns"

TRACE::2026-01-20.16:56:38::SCWBDomain::"Running Make include in ps7_cortexa9_0/libsrc/uartps_v3_11/src"

TRACE::2026-01-20.16:56:38::SCWBDomain::make -C ps7_cortexa9_0/libsrc/uartps_v3_11/src -s include  "SHELL=CMD" "COMPILER=arm-none-eabi-gcc" "ASSEMBLER=arm-none-eabi-as
TRACE::2026-01-20.16:56:38::SCWBDomain::" "ARCHIVER=arm-none-eabi-ar" "COMPILER_FLAGS=  -O2 -c" "EXTRA_COMPILER_FLAGS=-mcpu=cortex-a9 -mfpu=vfpv3 -mfloat-abi=hard -nos
TRACE::2026-01-20.16:56:38::SCWBDomain::tartfiles -g -Wall -Wextra -fno-tree-loop-distribute-patterns"

TRACE::2026-01-20.16:56:38::SCWBDomain::"Running Make include in ps7_cortexa9_0/libsrc/usbps_v2_7/src"

TRACE::2026-01-20.16:56:38::SCWBDomain::make -C ps7_cortexa9_0/libsrc/usbps_v2_7/src -s include  "SHELL=CMD" "COMPILER=arm-none-eabi-gcc" "ASSEMBLER=arm-none-eabi-as" 
TRACE::2026-01-20.16:56:38::SCWBDomain::"ARCHIVER=arm-none-eabi-ar" "COMPILER_FLAGS=  -O2 -c" "EXTRA_COMPILER_FLAGS=-mcpu=cortex-a9 -mfpu=vfpv3 -mfloat-abi=hard -nosta
TRACE::2026-01-20.16:56:38::SCWBDomain::rtfiles -g -Wall -Wextra -fno-tree-loop-distribute-patterns"

TRACE::2026-01-20.16:56:39::SCWBDomain::"Running Make include in ps7_cortexa9_0/libsrc/xadcps_v2_6/src"

TRACE::2026-01-20.16:56:39::SCWBDomain::make -C ps7_cortexa9_0/libsrc/xadcps_v2_6/src -s include  "SHELL=CMD" "COMPILER=arm-none-eabi-gcc" "ASSEMBLER=arm-none-eabi-as"
TRACE::2026-01-20.16:56:39::SCWBDomain:: "ARCHIVER=arm-none-eabi-ar" "COMPILER_FLAGS=  -O2 -c" "EXTRA_COMPILER_FLAGS=-mcpu=cortex-a9 -mfpu=vfpv3 -mfloat-abi=hard -nost
TRACE::2026-01-20.16:56:39::SCWBDomain::artfiles -g -Wall -Wextra -fno-tree-loop-distribute-patterns"

TRACE::2026-01-20.16:56:39::SCWBDomain::"Running Make include in ps7_cortexa9_0/libsrc/xilffs_v4_5/src"

TRACE::2026-01-20.16:56:39::SCWBDomain::make -C ps7_cortexa9_0/libsrc/xilffs_v4_5/src -s include  "SHELL=CMD" "COMPILER=arm-none-eabi-gcc" "ASSEMBLER=arm-none-eabi-as"
TRACE::2026-01-20.16:56:39::SCWBDomain:: "ARCHIVER=arm-none-eabi-ar" "COMPILER_FLAGS=  -O2 -c" "EXTRA_COMPILER_FLAGS=-mcpu=cortex-a9 -mfpu=vfpv3 -mfloat-abi=hard -nost
TRACE::2026-01-20.16:56:39::SCWBDomain::artfiles -g -Wall -Wextra -fno-tree-loop-distribute-patterns"

TRACE::2026-01-20.16:56:39::SCWBDomain::"Running Make include in ps7_cortexa9_0/libsrc/xilrsa_v1_6/src"

TRACE::2026-01-20.16:56:39::SCWBDomain::make -C ps7_cortexa9_0/libsrc/xilrsa_v1_6/src -s include  "SHELL=CMD" "COMPILER=arm-none-eabi-gcc" "ASSEMBLER=arm-none-eabi-as"
TRACE::2026-01-20.16:56:39::SCWBDomain:: "ARCHIVER=arm-none-eabi-ar" "COMPILER_FLAGS=  -O2 -c" "EXTRA_COMPILER_FLAGS=-mcpu=cortex-a9 -mfpu=vfpv3 -mfloat-abi=hard -nost
TRACE::2026-01-20.16:56:39::SCWBDomain::artfiles -g -Wall -Wextra -fno-tree-loop-distribute-patterns"

TRACE::2026-01-20.16:56:39::SCWBDomain::"Running Make libs in ps7_cortexa9_0/libsrc/DMA_v1_0/src"

TRACE::2026-01-20.16:56:39::SCWBDomain::make -C ps7_cortexa9_0/libsrc/DMA_v1_0/src -s libs  "SHELL=CMD" "COMPILER=arm-none-eabi-gcc" "ASSEMBLER=arm-none-eabi-as" "ARCH
TRACE::2026-01-20.16:56:39::SCWBDomain::IVER=arm-none-eabi-ar" "COMPILER_FLAGS=  -O2 -c" "EXTRA_COMPILER_FLAGS=-mcpu=cortex-a9 -mfpu=vfpv3 -mfloat-abi=hard -nostartfil
TRACE::2026-01-20.16:56:39::SCWBDomain::es -g -Wall -Wextra -fno-tree-loop-distribute-patterns"

TRACE::2026-01-20.16:56:39::SCWBDomain::"Building DMA"

TRACE::2026-01-20.16:56:39::SCWBDomain::"Running Make libs in ps7_cortexa9_0/libsrc/lwip211_v1_5/src"

TRACE::2026-01-20.16:56:39::SCWBDomain::make -C ps7_cortexa9_0/libsrc/lwip211_v1_5/src -s libs  "SHELL=CMD" "COMPILER=arm-none-eabi-gcc" "ASSEMBLER=arm-none-eabi-as" "
TRACE::2026-01-20.16:56:39::SCWBDomain::ARCHIVER=arm-none-eabi-ar" "COMPILER_FLAGS=  -O2 -c" "EXTRA_COMPILER_FLAGS=-mcpu=cortex-a9 -mfpu=vfpv3 -mfloat-abi=hard -nostar
TRACE::2026-01-20.16:56:39::SCWBDomain::tfiles -g -Wall -Wextra -fno-tree-loop-distribute-patterns"

TRACE::2026-01-20.16:56:39::SCWBDomain::"Compiling lwip src and adapter files"

TRACE::2026-01-20.16:56:46::SCWBDomain::"Running Make libs in ps7_cortexa9_0/libsrc/xilrsa_v1_6/src"

TRACE::2026-01-20.16:56:46::SCWBDomain::make -C ps7_cortexa9_0/libsrc/xilrsa_v1_6/src -s libs  "SHELL=CMD" "COMPILER=arm-none-eabi-gcc" "ASSEMBLER=arm-none-eabi-as" "A
TRACE::2026-01-20.16:56:46::SCWBDomain::RCHIVER=arm-none-eabi-ar" "COMPILER_FLAGS=  -O2 -c" "EXTRA_COMPILER_FLAGS=-mcpu=cortex-a9 -mfpu=vfpv3 -mfloat-abi=hard -nostart
TRACE::2026-01-20.16:56:46::SCWBDomain::files -g -Wall -Wextra -fno-tree-loop-distribute-patterns"

TRACE::2026-01-20.16:56:46::SCWBDomain::'Finished building libraries sequentially.'

TRACE::2026-01-20.16:56:46::SCWBDomain::make -j 14 --no-print-directory par_libs

TRACE::2026-01-20.16:56:46::SCWBDomain::"Running Make include in ps7_cortexa9_0/libsrc/coresightps_dcc_v1_8/src"

TRACE::2026-01-20.16:56:46::SCWBDomain::make -C ps7_cortexa9_0/libsrc/coresightps_dcc_v1_8/src -s include  "SHELL=CMD" "COMPILER=arm-none-eabi-gcc" "ASSEMBLER=arm-none
TRACE::2026-01-20.16:56:46::SCWBDomain::-eabi-as" "ARCHIVER=arm-none-eabi-ar" "COMPILER_FLAGS=  -O2 -c" "EXTRA_COMPILER_FLAGS=-mcpu=cortex-a9 -mfpu=vfpv3 -mfloat-abi=h
TRACE::2026-01-20.16:56:46::SCWBDomain::ard -nostartfiles -g -Wall -Wextra -fno-tree-loop-distribute-patterns"

TRACE::2026-01-20.16:56:46::SCWBDomain::"Running Make include in ps7_cortexa9_0/libsrc/cpu_cortexa9_v2_11/src"

TRACE::2026-01-20.16:56:46::SCWBDomain::"Running Make include in ps7_cortexa9_0/libsrc/ddrps_v1_2/src"

TRACE::2026-01-20.16:56:46::SCWBDomain::make -C ps7_cortexa9_0/libsrc/cpu_cortexa9_v2_11/src -s include  "SHELL=CMD" "COMPILER=arm-none-eabi-gcc" "ASSEMBLER=arm-none-e
TRACE::2026-01-20.16:56:46::SCWBDomain::abi-as" "ARCHIVER=arm-none-eabi-ar" "COMPILER_FLAGS=  -O2 -c" "EXTRA_COMPILER_FLAGS=-mcpu=cortex-a9 -mfpu=vfpv3 -mfloat-abi=har
TRACE::2026-01-20.16:56:46::SCWBDomain::d -nostartfiles -g -Wall -Wextra -fno-tree-loop-distribute-patterns"

TRACE::2026-01-20.16:56:46::SCWBDomain::make -C ps7_cortexa9_0/libsrc/ddrps_v1_2/src -s include  "SHELL=CMD" "COMPILER=arm-none-eabi-gcc" "ASSEMBLER=arm-none-eabi-as" 
TRACE::2026-01-20.16:56:46::SCWBDomain::"ARCHIVER=arm-none-eabi-ar" "COMPILER_FLAGS=  -O2 -c" "EXTRA_COMPILER_FLAGS=-mcpu=cortex-a9 -mfpu=vfpv3 -mfloat-abi=hard -nosta
TRACE::2026-01-20.16:56:46::SCWBDomain::rtfiles -g -Wall -Wextra -fno-tree-loop-distribute-patterns"

TRACE::2026-01-20.16:56:46::SCWBDomain::"Running Make include in ps7_cortexa9_0/libsrc/devcfg_v3_7/src"

TRACE::2026-01-20.16:56:46::SCWBDomain::"Running Make include in ps7_cortexa9_0/libsrc/dmaps_v2_8/src"

TRACE::2026-01-20.16:56:46::SCWBDomain::make -C ps7_cortexa9_0/libsrc/devcfg_v3_7/src -s include  "SHELL=CMD" "COMPILER=arm-none-eabi-gcc" "ASSEMBLER=arm-none-eabi-as"
TRACE::2026-01-20.16:56:46::SCWBDomain:: "ARCHIVER=arm-none-eabi-ar" "COMPILER_FLAGS=  -O2 -c" "EXTRA_COMPILER_FLAGS=-mcpu=cortex-a9 -mfpu=vfpv3 -mfloat-abi=hard -nost
TRACE::2026-01-20.16:56:46::SCWBDomain::artfiles -g -Wall -Wextra -fno-tree-loop-distribute-patterns"

TRACE::2026-01-20.16:56:46::SCWBDomain::make -C ps7_cortexa9_0/libsrc/dmaps_v2_8/src -s include  "SHELL=CMD" "COMPILER=arm-none-eabi-gcc" "ASSEMBLER=arm-none-eabi-as" 
TRACE::2026-01-20.16:56:46::SCWBDomain::"ARCHIVER=arm-none-eabi-ar" "COMPILER_FLAGS=  -O2 -c" "EXTRA_COMPILER_FLAGS=-mcpu=cortex-a9 -mfpu=vfpv3 -mfloat-abi=hard -nosta
TRACE::2026-01-20.16:56:46::SCWBDomain::rtfiles -g -Wall -Wextra -fno-tree-loop-distribute-patterns"

TRACE::2026-01-20.16:56:46::SCWBDomain::"Running Make include in ps7_cortexa9_0/libsrc/DMA_v1_0/src"

TRACE::2026-01-20.16:56:46::SCWBDomain::make -C ps7_cortexa9_0/libsrc/DMA_v1_0/src -s include  "SHELL=CMD" "COMPILER=arm-none-eabi-gcc" "ASSEMBLER=arm-none-eabi-as" "A
TRACE::2026-01-20.16:56:46::SCWBDomain::RCHIVER=arm-none-eabi-ar" "COMPILER_FLAGS=  -O2 -c" "EXTRA_COMPILER_FLAGS=-mcpu=cortex-a9 -mfpu=vfpv3 -mfloat-abi=hard -nostart
TRACE::2026-01-20.16:56:46::SCWBDomain::files -g -Wall -Wextra -fno-tree-loop-distribute-patterns"

TRACE::2026-01-20.16:56:46::SCWBDomain::"Running Make include in ps7_cortexa9_0/libsrc/emacps_v3_14/src"

TRACE::2026-01-20.16:56:46::SCWBDomain::make -C ps7_cortexa9_0/libsrc/emacps_v3_14/src -s include  "SHELL=CMD" "COMPILER=arm-none-eabi-gcc" "ASSEMBLER=arm-none-eabi-as
TRACE::2026-01-20.16:56:46::SCWBDomain::" "ARCHIVER=arm-none-eabi-ar" "COMPILER_FLAGS=  -O2 -c" "EXTRA_COMPILER_FLAGS=-mcpu=cortex-a9 -mfpu=vfpv3 -mfloat-abi=hard -nos
TRACE::2026-01-20.16:56:46::SCWBDomain::tartfiles -g -Wall -Wextra -fno-tree-loop-distribute-patterns"

TRACE::2026-01-20.16:56:46::SCWBDomain::"Running Make include in ps7_cortexa9_0/libsrc/gpiops_v3_9/src"

TRACE::2026-01-20.16:56:46::SCWBDomain::"Running Make include in ps7_cortexa9_0/libsrc/lwip211_v1_5/src"

TRACE::2026-01-20.16:56:46::SCWBDomain::make -C ps7_cortexa9_0/libsrc/gpiops_v3_9/src -s include  "SHELL=CMD" "COMPILER=arm-none-eabi-gcc" "ASSEMBLER=arm-none-eabi-as"
TRACE::2026-01-20.16:56:46::SCWBDomain:: "ARCHIVER=arm-none-eabi-ar" "COMPILER_FLAGS=  -O2 -c" "EXTRA_COMPILER_FLAGS=-mcpu=cortex-a9 -mfpu=vfpv3 -mfloat-abi=hard -nost
TRACE::2026-01-20.16:56:46::SCWBDomain::artfiles -g -Wall -Wextra -fno-tree-loop-distribute-patterns"

TRACE::2026-01-20.16:56:46::SCWBDomain::make -C ps7_cortexa9_0/libsrc/lwip211_v1_5/src -s include  "SHELL=CMD" "COMPILER=arm-none-eabi-gcc" "ASSEMBLER=arm-none-eabi-as
TRACE::2026-01-20.16:56:46::SCWBDomain::" "ARCHIVER=arm-none-eabi-ar" "COMPILER_FLAGS=  -O2 -c" "EXTRA_COMPILER_FLAGS=-mcpu=cortex-a9 -mfpu=vfpv3 -mfloat-abi=hard -nos
TRACE::2026-01-20.16:56:46::SCWBDomain::tartfiles -g -Wall -Wextra -fno-tree-loop-distribute-patterns"

TRACE::2026-01-20.16:56:46::SCWBDomain::"Running Make include in ps7_cortexa9_0/libsrc/qspips_v3_9/src"

TRACE::2026-01-20.16:56:46::SCWBDomain::make -C ps7_cortexa9_0/libsrc/qspips_v3_9/src -s include  "SHELL=CMD" "COMPILER=arm-none-eabi-gcc" "ASSEMBLER=arm-none-eabi-as"
TRACE::2026-01-20.16:56:46::SCWBDomain:: "ARCHIVER=arm-none-eabi-ar" "COMPILER_FLAGS=  -O2 -c" "EXTRA_COMPILER_FLAGS=-mcpu=cortex-a9 -mfpu=vfpv3 -mfloat-abi=hard -nost
TRACE::2026-01-20.16:56:46::SCWBDomain::artfiles -g -Wall -Wextra -fno-tree-loop-distribute-patterns"

TRACE::2026-01-20.16:56:46::SCWBDomain::"Running Make include in ps7_cortexa9_0/libsrc/scugic_v4_5/src"

TRACE::2026-01-20.16:56:46::SCWBDomain::"Running Make include in ps7_cortexa9_0/libsrc/scutimer_v2_3/src"

TRACE::2026-01-20.16:56:46::SCWBDomain::make -C ps7_cortexa9_0/libsrc/scugic_v4_5/src -s include  "SHELL=CMD" "COMPILER=arm-none-eabi-gcc" "ASSEMBLER=arm-none-eabi-as"
TRACE::2026-01-20.16:56:46::SCWBDomain:: "ARCHIVER=arm-none-eabi-ar" "COMPILER_FLAGS=  -O2 -c" "EXTRA_COMPILER_FLAGS=-mcpu=cortex-a9 -mfpu=vfpv3 -mfloat-abi=hard -nost
TRACE::2026-01-20.16:56:46::SCWBDomain::artfiles -g -Wall -Wextra -fno-tree-loop-distribute-patterns"

TRACE::2026-01-20.16:56:46::SCWBDomain::make -C ps7_cortexa9_0/libsrc/scutimer_v2_3/src -s include  "SHELL=CMD" "COMPILER=arm-none-eabi-gcc" "ASSEMBLER=arm-none-eabi-a
TRACE::2026-01-20.16:56:46::SCWBDomain::s" "ARCHIVER=arm-none-eabi-ar" "COMPILER_FLAGS=  -O2 -c" "EXTRA_COMPILER_FLAGS=-mcpu=cortex-a9 -mfpu=vfpv3 -mfloat-abi=hard -no
TRACE::2026-01-20.16:56:46::SCWBDomain::startfiles -g -Wall -Wextra -fno-tree-loop-distribute-patterns"

TRACE::2026-01-20.16:56:46::SCWBDomain::"Running Make include in ps7_cortexa9_0/libsrc/scuwdt_v2_4/src"

TRACE::2026-01-20.16:56:46::SCWBDomain::make -C ps7_cortexa9_0/libsrc/scuwdt_v2_4/src -s include  "SHELL=CMD" "COMPILER=arm-none-eabi-gcc" "ASSEMBLER=arm-none-eabi-as"
TRACE::2026-01-20.16:56:46::SCWBDomain:: "ARCHIVER=arm-none-eabi-ar" "COMPILER_FLAGS=  -O2 -c" "EXTRA_COMPILER_FLAGS=-mcpu=cortex-a9 -mfpu=vfpv3 -mfloat-abi=hard -nost
TRACE::2026-01-20.16:56:46::SCWBDomain::artfiles -g -Wall -Wextra -fno-tree-loop-distribute-patterns"

TRACE::2026-01-20.16:56:46::SCWBDomain::"Running Make include in ps7_cortexa9_0/libsrc/sdps_v3_12/src"

TRACE::2026-01-20.16:56:46::SCWBDomain::make -C ps7_cortexa9_0/libsrc/sdps_v3_12/src -s include  "SHELL=CMD" "COMPILER=arm-none-eabi-gcc" "ASSEMBLER=arm-none-eabi-as" 
TRACE::2026-01-20.16:56:46::SCWBDomain::"ARCHIVER=arm-none-eabi-ar" "COMPILER_FLAGS=  -O2 -c" "EXTRA_COMPILER_FLAGS=-mcpu=cortex-a9 -mfpu=vfpv3 -mfloat-abi=hard -nosta
TRACE::2026-01-20.16:56:46::SCWBDomain::rtfiles -g -Wall -Wextra -fno-tree-loop-distribute-patterns"

TRACE::2026-01-20.16:56:46::SCWBDomain::"Running Make include in ps7_cortexa9_0/libsrc/standalone_v7_5/src"

TRACE::2026-01-20.16:56:46::SCWBDomain::make -C ps7_cortexa9_0/libsrc/standalone_v7_5/src -s include  "SHELL=CMD" "COMPILER=arm-none-eabi-gcc" "ASSEMBLER=arm-none-eabi
TRACE::2026-01-20.16:56:46::SCWBDomain::-as" "ARCHIVER=arm-none-eabi-ar" "COMPILER_FLAGS=  -O2 -c" "EXTRA_COMPILER_FLAGS=-mcpu=cortex-a9 -mfpu=vfpv3 -mfloat-abi=hard -
TRACE::2026-01-20.16:56:46::SCWBDomain::nostartfiles -g -Wall -Wextra -fno-tree-loop-distribute-patterns"

TRACE::2026-01-20.16:56:46::SCWBDomain::"Running Make include in ps7_cortexa9_0/libsrc/uartps_v3_11/src"

TRACE::2026-01-20.16:56:46::SCWBDomain::make -C ps7_cortexa9_0/libsrc/uartps_v3_11/src -s include  "SHELL=CMD" "COMPILER=arm-none-eabi-gcc" "ASSEMBLER=arm-none-eabi-as
TRACE::2026-01-20.16:56:46::SCWBDomain::" "ARCHIVER=arm-none-eabi-ar" "COMPILER_FLAGS=  -O2 -c" "EXTRA_COMPILER_FLAGS=-mcpu=cortex-a9 -mfpu=vfpv3 -mfloat-abi=hard -nos
TRACE::2026-01-20.16:56:46::SCWBDomain::tartfiles -g -Wall -Wextra -fno-tree-loop-distribute-patterns"

TRACE::2026-01-20.16:56:46::SCWBDomain::"Running Make include in ps7_cortexa9_0/libsrc/usbps_v2_7/src"

TRACE::2026-01-20.16:56:46::SCWBDomain::make -C ps7_cortexa9_0/libsrc/usbps_v2_7/src -s include  "SHELL=CMD" "COMPILER=arm-none-eabi-gcc" "ASSEMBLER=arm-none-eabi-as" 
TRACE::2026-01-20.16:56:46::SCWBDomain::"ARCHIVER=arm-none-eabi-ar" "COMPILER_FLAGS=  -O2 -c" "EXTRA_COMPILER_FLAGS=-mcpu=cortex-a9 -mfpu=vfpv3 -mfloat-abi=hard -nosta
TRACE::2026-01-20.16:56:46::SCWBDomain::rtfiles -g -Wall -Wextra -fno-tree-loop-distribute-patterns"

TRACE::2026-01-20.16:56:46::SCWBDomain::"Running Make include in ps7_cortexa9_0/libsrc/xadcps_v2_6/src"

TRACE::2026-01-20.16:56:46::SCWBDomain::make -C ps7_cortexa9_0/libsrc/xadcps_v2_6/src -s include  "SHELL=CMD" "COMPILER=arm-none-eabi-gcc" "ASSEMBLER=arm-none-eabi-as"
TRACE::2026-01-20.16:56:46::SCWBDomain:: "ARCHIVER=arm-none-eabi-ar" "COMPILER_FLAGS=  -O2 -c" "EXTRA_COMPILER_FLAGS=-mcpu=cortex-a9 -mfpu=vfpv3 -mfloat-abi=hard -nost
TRACE::2026-01-20.16:56:46::SCWBDomain::artfiles -g -Wall -Wextra -fno-tree-loop-distribute-patterns"

TRACE::2026-01-20.16:56:46::SCWBDomain::"Running Make include in ps7_cortexa9_0/libsrc/xilffs_v4_5/src"

TRACE::2026-01-20.16:56:46::SCWBDomain::make -C ps7_cortexa9_0/libsrc/xilffs_v4_5/src -s include  "SHELL=CMD" "COMPILER=arm-none-eabi-gcc" "ASSEMBLER=arm-none-eabi-as"
TRACE::2026-01-20.16:56:46::SCWBDomain:: "ARCHIVER=arm-none-eabi-ar" "COMPILER_FLAGS=  -O2 -c" "EXTRA_COMPILER_FLAGS=-mcpu=cortex-a9 -mfpu=vfpv3 -mfloat-abi=hard -nost
TRACE::2026-01-20.16:56:46::SCWBDomain::artfiles -g -Wall -Wextra -fno-tree-loop-distribute-patterns"

TRACE::2026-01-20.16:56:46::SCWBDomain::"Running Make include in ps7_cortexa9_0/libsrc/xilrsa_v1_6/src"

TRACE::2026-01-20.16:56:46::SCWBDomain::make -C ps7_cortexa9_0/libsrc/xilrsa_v1_6/src -s include  "SHELL=CMD" "COMPILER=arm-none-eabi-gcc" "ASSEMBLER=arm-none-eabi-as"
TRACE::2026-01-20.16:56:46::SCWBDomain:: "ARCHIVER=arm-none-eabi-ar" "COMPILER_FLAGS=  -O2 -c" "EXTRA_COMPILER_FLAGS=-mcpu=cortex-a9 -mfpu=vfpv3 -mfloat-abi=hard -nost
TRACE::2026-01-20.16:56:46::SCWBDomain::artfiles -g -Wall -Wextra -fno-tree-loop-distribute-patterns"

TRACE::2026-01-20.16:56:46::SCWBDomain::"Running Make libs in ps7_cortexa9_0/libsrc/coresightps_dcc_v1_8/src"

TRACE::2026-01-20.16:56:46::SCWBDomain::make -C ps7_cortexa9_0/libsrc/coresightps_dcc_v1_8/src -s libs  "SHELL=CMD" "COMPILER=arm-none-eabi-gcc" "ASSEMBLER=arm-none-ea
TRACE::2026-01-20.16:56:46::SCWBDomain::bi-as" "ARCHIVER=arm-none-eabi-ar" "COMPILER_FLAGS=  -O2 -c" "EXTRA_COMPILER_FLAGS=-mcpu=cortex-a9 -mfpu=vfpv3 -mfloat-abi=hard
TRACE::2026-01-20.16:56:46::SCWBDomain:: -nostartfiles -g -Wall -Wextra -fno-tree-loop-distribute-patterns"

TRACE::2026-01-20.16:56:46::SCWBDomain::"Running Make libs in ps7_cortexa9_0/libsrc/cpu_cortexa9_v2_11/src"

TRACE::2026-01-20.16:56:46::SCWBDomain::make -C ps7_cortexa9_0/libsrc/cpu_cortexa9_v2_11/src -s libs  "SHELL=CMD" "COMPILER=arm-none-eabi-gcc" "ASSEMBLER=arm-none-eabi
TRACE::2026-01-20.16:56:46::SCWBDomain::-as" "ARCHIVER=arm-none-eabi-ar" "COMPILER_FLAGS=  -O2 -c" "EXTRA_COMPILER_FLAGS=-mcpu=cortex-a9 -mfpu=vfpv3 -mfloat-abi=hard -
TRACE::2026-01-20.16:56:46::SCWBDomain::nostartfiles -g -Wall -Wextra -fno-tree-loop-distribute-patterns"

TRACE::2026-01-20.16:56:46::SCWBDomain::"Running Make libs in ps7_cortexa9_0/libsrc/ddrps_v1_2/src"

TRACE::2026-01-20.16:56:46::SCWBDomain::make -C ps7_cortexa9_0/libsrc/ddrps_v1_2/src -s libs  "SHELL=CMD" "COMPILER=arm-none-eabi-gcc" "ASSEMBLER=arm-none-eabi-as" "AR
TRACE::2026-01-20.16:56:46::SCWBDomain::CHIVER=arm-none-eabi-ar" "COMPILER_FLAGS=  -O2 -c" "EXTRA_COMPILER_FLAGS=-mcpu=cortex-a9 -mfpu=vfpv3 -mfloat-abi=hard -nostartf
TRACE::2026-01-20.16:56:46::SCWBDomain::iles -g -Wall -Wextra -fno-tree-loop-distribute-patterns"

TRACE::2026-01-20.16:56:46::SCWBDomain::"Running Make libs in ps7_cortexa9_0/libsrc/devcfg_v3_7/src"

TRACE::2026-01-20.16:56:47::SCWBDomain::make -C ps7_cortexa9_0/libsrc/devcfg_v3_7/src -s libs  "SHELL=CMD" "COMPILER=arm-none-eabi-gcc" "ASSEMBLER=arm-none-eabi-as" "A
TRACE::2026-01-20.16:56:47::SCWBDomain::RCHIVER=arm-none-eabi-ar" "COMPILER_FLAGS=  -O2 -c" "EXTRA_COMPILER_FLAGS=-mcpu=cortex-a9 -mfpu=vfpv3 -mfloat-abi=hard -nostart
TRACE::2026-01-20.16:56:47::SCWBDomain::files -g -Wall -Wextra -fno-tree-loop-distribute-patterns"

TRACE::2026-01-20.16:56:47::SCWBDomain::"Running Make libs in ps7_cortexa9_0/libsrc/dmaps_v2_8/src"

TRACE::2026-01-20.16:56:47::SCWBDomain::make -C ps7_cortexa9_0/libsrc/dmaps_v2_8/src -s libs  "SHELL=CMD" "COMPILER=arm-none-eabi-gcc" "ASSEMBLER=arm-none-eabi-as" "AR
TRACE::2026-01-20.16:56:47::SCWBDomain::CHIVER=arm-none-eabi-ar" "COMPILER_FLAGS=  -O2 -c" "EXTRA_COMPILER_FLAGS=-mcpu=cortex-a9 -mfpu=vfpv3 -mfloat-abi=hard -nostartf
TRACE::2026-01-20.16:56:47::SCWBDomain::iles -g -Wall -Wextra -fno-tree-loop-distribute-patterns"

TRACE::2026-01-20.16:56:47::SCWBDomain::"Running Make libs in ps7_cortexa9_0/libsrc/emacps_v3_14/src"

TRACE::2026-01-20.16:56:47::SCWBDomain::make -C ps7_cortexa9_0/libsrc/emacps_v3_14/src -s libs  "SHELL=CMD" "COMPILER=arm-none-eabi-gcc" "ASSEMBLER=arm-none-eabi-as" "
TRACE::2026-01-20.16:56:47::SCWBDomain::ARCHIVER=arm-none-eabi-ar" "COMPILER_FLAGS=  -O2 -c" "EXTRA_COMPILER_FLAGS=-mcpu=cortex-a9 -mfpu=vfpv3 -mfloat-abi=hard -nostar
TRACE::2026-01-20.16:56:47::SCWBDomain::tfiles -g -Wall -Wextra -fno-tree-loop-distribute-patterns"

TRACE::2026-01-20.16:56:47::SCWBDomain::"Running Make libs in ps7_cortexa9_0/libsrc/gpiops_v3_9/src"

TRACE::2026-01-20.16:56:47::SCWBDomain::make -C ps7_cortexa9_0/libsrc/gpiops_v3_9/src -s libs  "SHELL=CMD" "COMPILER=arm-none-eabi-gcc" "ASSEMBLER=arm-none-eabi-as" "A
TRACE::2026-01-20.16:56:47::SCWBDomain::RCHIVER=arm-none-eabi-ar" "COMPILER_FLAGS=  -O2 -c" "EXTRA_COMPILER_FLAGS=-mcpu=cortex-a9 -mfpu=vfpv3 -mfloat-abi=hard -nostart
TRACE::2026-01-20.16:56:47::SCWBDomain::files -g -Wall -Wextra -fno-tree-loop-distribute-patterns"

TRACE::2026-01-20.16:56:47::SCWBDomain::"Running Make libs in ps7_cortexa9_0/libsrc/qspips_v3_9/src"

TRACE::2026-01-20.16:56:47::SCWBDomain::make -C ps7_cortexa9_0/libsrc/qspips_v3_9/src -s libs  "SHELL=CMD" "COMPILER=arm-none-eabi-gcc" "ASSEMBLER=arm-none-eabi-as" "A
TRACE::2026-01-20.16:56:47::SCWBDomain::RCHIVER=arm-none-eabi-ar" "COMPILER_FLAGS=  -O2 -c" "EXTRA_COMPILER_FLAGS=-mcpu=cortex-a9 -mfpu=vfpv3 -mfloat-abi=hard -nostart
TRACE::2026-01-20.16:56:47::SCWBDomain::files -g -Wall -Wextra -fno-tree-loop-distribute-patterns"

TRACE::2026-01-20.16:56:47::SCWBDomain::"Running Make libs in ps7_cortexa9_0/libsrc/scugic_v4_5/src"

TRACE::2026-01-20.16:56:47::SCWBDomain::make -C ps7_cortexa9_0/libsrc/scugic_v4_5/src -s libs  "SHELL=CMD" "COMPILER=arm-none-eabi-gcc" "ASSEMBLER=arm-none-eabi-as" "A
TRACE::2026-01-20.16:56:47::SCWBDomain::RCHIVER=arm-none-eabi-ar" "COMPILER_FLAGS=  -O2 -c" "EXTRA_COMPILER_FLAGS=-mcpu=cortex-a9 -mfpu=vfpv3 -mfloat-abi=hard -nostart
TRACE::2026-01-20.16:56:47::SCWBDomain::files -g -Wall -Wextra -fno-tree-loop-distribute-patterns"

TRACE::2026-01-20.16:56:47::SCWBDomain::"Running Make libs in ps7_cortexa9_0/libsrc/scutimer_v2_3/src"

TRACE::2026-01-20.16:56:47::SCWBDomain::make -C ps7_cortexa9_0/libsrc/scutimer_v2_3/src -s libs  "SHELL=CMD" "COMPILER=arm-none-eabi-gcc" "ASSEMBLER=arm-none-eabi-as" 
TRACE::2026-01-20.16:56:47::SCWBDomain::"ARCHIVER=arm-none-eabi-ar" "COMPILER_FLAGS=  -O2 -c" "EXTRA_COMPILER_FLAGS=-mcpu=cortex-a9 -mfpu=vfpv3 -mfloat-abi=hard -nosta
TRACE::2026-01-20.16:56:47::SCWBDomain::rtfiles -g -Wall -Wextra -fno-tree-loop-distribute-patterns"

TRACE::2026-01-20.16:56:47::SCWBDomain::"Running Make libs in ps7_cortexa9_0/libsrc/scuwdt_v2_4/src"

TRACE::2026-01-20.16:56:47::SCWBDomain::make -C ps7_cortexa9_0/libsrc/scuwdt_v2_4/src -s libs  "SHELL=CMD" "COMPILER=arm-none-eabi-gcc" "ASSEMBLER=arm-none-eabi-as" "A
TRACE::2026-01-20.16:56:47::SCWBDomain::RCHIVER=arm-none-eabi-ar" "COMPILER_FLAGS=  -O2 -c" "EXTRA_COMPILER_FLAGS=-mcpu=cortex-a9 -mfpu=vfpv3 -mfloat-abi=hard -nostart
TRACE::2026-01-20.16:56:47::SCWBDomain::files -g -Wall -Wextra -fno-tree-loop-distribute-patterns"

TRACE::2026-01-20.16:56:47::SCWBDomain::"Running Make libs in ps7_cortexa9_0/libsrc/sdps_v3_12/src"

TRACE::2026-01-20.16:56:47::SCWBDomain::make -C ps7_cortexa9_0/libsrc/sdps_v3_12/src -s libs  "SHELL=CMD" "COMPILER=arm-none-eabi-gcc" "ASSEMBLER=arm-none-eabi-as" "AR
TRACE::2026-01-20.16:56:47::SCWBDomain::CHIVER=arm-none-eabi-ar" "COMPILER_FLAGS=  -O2 -c" "EXTRA_COMPILER_FLAGS=-mcpu=cortex-a9 -mfpu=vfpv3 -mfloat-abi=hard -nostartf
TRACE::2026-01-20.16:56:47::SCWBDomain::iles -g -Wall -Wextra -fno-tree-loop-distribute-patterns"

TRACE::2026-01-20.16:56:47::SCWBDomain::"Running Make libs in ps7_cortexa9_0/libsrc/standalone_v7_5/src"

TRACE::2026-01-20.16:56:47::SCWBDomain::make -C ps7_cortexa9_0/libsrc/standalone_v7_5/src -s libs  "SHELL=CMD" "COMPILER=arm-none-eabi-gcc" "ASSEMBLER=arm-none-eabi-as
TRACE::2026-01-20.16:56:47::SCWBDomain::" "ARCHIVER=arm-none-eabi-ar" "COMPILER_FLAGS=  -O2 -c" "EXTRA_COMPILER_FLAGS=-mcpu=cortex-a9 -mfpu=vfpv3 -mfloat-abi=hard -nos
TRACE::2026-01-20.16:56:47::SCWBDomain::tartfiles -g -Wall -Wextra -fno-tree-loop-distribute-patterns"

TRACE::2026-01-20.16:56:47::SCWBDomain::"Running Make libs in ps7_cortexa9_0/libsrc/uartps_v3_11/src"

TRACE::2026-01-20.16:56:47::SCWBDomain::make -C ps7_cortexa9_0/libsrc/uartps_v3_11/src -s libs  "SHELL=CMD" "COMPILER=arm-none-eabi-gcc" "ASSEMBLER=arm-none-eabi-as" "
TRACE::2026-01-20.16:56:47::SCWBDomain::ARCHIVER=arm-none-eabi-ar" "COMPILER_FLAGS=  -O2 -c" "EXTRA_COMPILER_FLAGS=-mcpu=cortex-a9 -mfpu=vfpv3 -mfloat-abi=hard -nostar
TRACE::2026-01-20.16:56:47::SCWBDomain::tfiles -g -Wall -Wextra -fno-tree-loop-distribute-patterns"

TRACE::2026-01-20.16:56:47::SCWBDomain::"Running Make libs in ps7_cortexa9_0/libsrc/usbps_v2_7/src"

TRACE::2026-01-20.16:56:47::SCWBDomain::make -C ps7_cortexa9_0/libsrc/usbps_v2_7/src -s libs  "SHELL=CMD" "COMPILER=arm-none-eabi-gcc" "ASSEMBLER=arm-none-eabi-as" "AR
TRACE::2026-01-20.16:56:47::SCWBDomain::CHIVER=arm-none-eabi-ar" "COMPILER_FLAGS=  -O2 -c" "EXTRA_COMPILER_FLAGS=-mcpu=cortex-a9 -mfpu=vfpv3 -mfloat-abi=hard -nostartf
TRACE::2026-01-20.16:56:47::SCWBDomain::iles -g -Wall -Wextra -fno-tree-loop-distribute-patterns"

TRACE::2026-01-20.16:56:48::SCWBDomain::"Running Make libs in ps7_cortexa9_0/libsrc/xadcps_v2_6/src"

TRACE::2026-01-20.16:56:48::SCWBDomain::make -C ps7_cortexa9_0/libsrc/xadcps_v2_6/src -s libs  "SHELL=CMD" "COMPILER=arm-none-eabi-gcc" "ASSEMBLER=arm-none-eabi-as" "A
TRACE::2026-01-20.16:56:48::SCWBDomain::RCHIVER=arm-none-eabi-ar" "COMPILER_FLAGS=  -O2 -c" "EXTRA_COMPILER_FLAGS=-mcpu=cortex-a9 -mfpu=vfpv3 -mfloat-abi=hard -nostart
TRACE::2026-01-20.16:56:48::SCWBDomain::files -g -Wall -Wextra -fno-tree-loop-distribute-patterns"

TRACE::2026-01-20.16:56:48::SCWBDomain::"Running Make libs in ps7_cortexa9_0/libsrc/xilffs_v4_5/src"

TRACE::2026-01-20.16:56:48::SCWBDomain::make -C ps7_cortexa9_0/libsrc/xilffs_v4_5/src -s libs  "SHELL=CMD" "COMPILER=arm-none-eabi-gcc" "ASSEMBLER=arm-none-eabi-as" "A
TRACE::2026-01-20.16:56:48::SCWBDomain::RCHIVER=arm-none-eabi-ar" "COMPILER_FLAGS=  -O2 -c" "EXTRA_COMPILER_FLAGS=-mcpu=cortex-a9 -mfpu=vfpv3 -mfloat-abi=hard -nostart
TRACE::2026-01-20.16:56:48::SCWBDomain::files -g -Wall -Wextra -fno-tree-loop-distribute-patterns"

TRACE::2026-01-20.16:56:49::SCWBDomain::'Finished building libraries parallelly.'

TRACE::2026-01-20.16:56:49::SCWBDomain::make --no-print-directory archive

TRACE::2026-01-20.16:56:49::SCWBDomain::arm-none-eabi-ar -r  ps7_cortexa9_0/lib/libxil.a ps7_cortexa9_0/lib/xil_testcache.o ps7_cortexa9_0/lib/xadcps_selftest.o ps7_co
TRACE::2026-01-20.16:56:49::SCWBDomain::rtexa9_0/lib/xplatform_info.o ps7_cortexa9_0/lib/xil_mmu.o ps7_cortexa9_0/lib/_exit.o ps7_cortexa9_0/lib/xusbps_sinit.o ps7_cor
TRACE::2026-01-20.16:56:49::SCWBDomain::texa9_0/lib/xdevcfg_hw.o ps7_cortexa9_0/lib/xil_sleeptimer.o ps7_cortexa9_0/lib/xqspips_options.o ps7_cortexa9_0/lib/xdmaps_g.o
TRACE::2026-01-20.16:56:49::SCWBDomain:: ps7_cortexa9_0/lib/xscutimer_g.o ps7_cortexa9_0/lib/xsdps_options.o ps7_cortexa9_0/lib/xil_misc_psreset_api.o ps7_cortexa9_0/l
TRACE::2026-01-20.16:56:49::SCWBDomain::ib/xdmaps_sinit.o ps7_cortexa9_0/lib/xscutimer_sinit.o ps7_cortexa9_0/lib/xemacps_hw.o ps7_cortexa9_0/lib/inbyte.o ps7_cortexa9
TRACE::2026-01-20.16:56:49::SCWBDomain::_0/lib/xdmaps_selftest.o ps7_cortexa9_0/lib/xscutimer_selftest.o ps7_cortexa9_0/lib/putnum.o ps7_cortexa9_0/lib/xqspips_hw.o ps
TRACE::2026-01-20.16:56:49::SCWBDomain::7_cortexa9_0/lib/xgpiops_g.o ps7_cortexa9_0/lib/xsdps.o ps7_cortexa9_0/lib/close.o ps7_cortexa9_0/lib/xgpiops_intr.o ps7_cortex
TRACE::2026-01-20.16:56:49::SCWBDomain::a9_0/lib/xdma_g.o ps7_cortexa9_0/lib/xgpiops_sinit.o ps7_cortexa9_0/lib/xdma_sinit.o ps7_cortexa9_0/lib/xgpiops_selftest.o ps7_
TRACE::2026-01-20.16:56:49::SCWBDomain::cortexa9_0/lib/xscuwdt.o ps7_cortexa9_0/lib/xgpiops.o ps7_cortexa9_0/lib/xil_clocking.o ps7_cortexa9_0/lib/xil_mem.o ps7_cortex
TRACE::2026-01-20.16:56:49::SCWBDomain::a9_0/lib/time.o ps7_cortexa9_0/lib/xil_printf.o ps7_cortexa9_0/lib/kill.o ps7_cortexa9_0/lib/xuartps_g.o ps7_cortexa9_0/lib/xad
TRACE::2026-01-20.16:56:49::SCWBDomain::cps.o ps7_cortexa9_0/lib/xuartps_sinit.o ps7_cortexa9_0/lib/xuartps_selftest.o ps7_cortexa9_0/lib/lseek.o ps7_cortexa9_0/lib/xu
TRACE::2026-01-20.16:56:49::SCWBDomain::sbps_hw.o ps7_cortexa9_0/lib/xl2cc_counter.o ps7_cortexa9_0/lib/asm_vectors.o ps7_cortexa9_0/lib/abort.o ps7_cortexa9_0/lib/xsc
TRACE::2026-01-20.16:56:49::SCWBDomain::ugic_intr.o ps7_cortexa9_0/lib/getpid.o ps7_cortexa9_0/lib/xdevcfg_sinit.o ps7_cortexa9_0/lib/xdmaps.o ps7_cortexa9_0/lib/xscut
TRACE::2026-01-20.16:56:49::SCWBDomain::imer.o ps7_cortexa9_0/lib/xdevcfg_selftest.o ps7_cortexa9_0/lib/xpm_counter.o ps7_cortexa9_0/lib/_sbrk.o ps7_cortexa9_0/lib/xem
TRACE::2026-01-20.16:56:49::SCWBDomain::acps_sinit.o ps7_cortexa9_0/lib/xqspips_g.o ps7_cortexa9_0/lib/xusbps.o ps7_cortexa9_0/lib/xusbps_endpoint.o ps7_cortexa9_0/lib
TRACE::2026-01-20.16:56:49::SCWBDomain::/xusbps_g.o ps7_cortexa9_0/lib/xsdps_sinit.o ps7_cortexa9_0/lib/xqspips_selftest.o ps7_cortexa9_0/lib/xil_exception.o ps7_corte
TRACE::2026-01-20.16:56:49::SCWBDomain::xa9_0/lib/xil_testmem.o ps7_cortexa9_0/lib/xemacps_control.o ps7_cortexa9_0/lib/open.o ps7_cortexa9_0/lib/xil_assert.o ps7_cort
TRACE::2026-01-20.16:56:49::SCWBDomain::exa9_0/lib/xusbps_intr.o ps7_cortexa9_0/lib/xsdps_host.o ps7_cortexa9_0/lib/xcoresightpsdcc.o ps7_cortexa9_0/lib/xscugic_hw.o p
TRACE::2026-01-20.16:56:49::SCWBDomain::s7_cortexa9_0/lib/sleep.o ps7_cortexa9_0/lib/cpputest_time.o ps7_cortexa9_0/lib/_open.o ps7_cortexa9_0/lib/fcntl.o ps7_cortexa9
TRACE::2026-01-20.16:56:49::SCWBDomain::_0/lib/print.o ps7_cortexa9_0/lib/read.o ps7_cortexa9_0/lib/xdevcfg.o ps7_cortexa9_0/lib/xadcps_intr.o ps7_cortexa9_0/lib/xqspi
TRACE::2026-01-20.16:56:49::SCWBDomain::ps.o ps7_cortexa9_0/lib/xemacps.o ps7_cortexa9_0/lib/xil_cache.o ps7_cortexa9_0/lib/xil_testio.o ps7_cortexa9_0/lib/unlink.o ps
TRACE::2026-01-20.16:56:49::SCWBDomain::7_cortexa9_0/lib/xil_spinlock.o ps7_cortexa9_0/lib/translation_table.o ps7_cortexa9_0/lib/write.o ps7_cortexa9_0/lib/boot.o ps7
TRACE::2026-01-20.16:56:49::SCWBDomain::_cortexa9_0/lib/xemacps_bdring.o ps7_cortexa9_0/lib/cpu_init.o ps7_cortexa9_0/lib/vectors.o ps7_cortexa9_0/lib/usleep.o ps7_cor
TRACE::2026-01-20.16:56:49::SCWBDomain::texa9_0/lib/xil_sleepcommon.o ps7_cortexa9_0/lib/xscugic_g.o ps7_cortexa9_0/lib/xscugic_sinit.o ps7_cortexa9_0/lib/xdevcfg_g.o 
TRACE::2026-01-20.16:56:49::SCWBDomain::ps7_cortexa9_0/lib/outbyte.o ps7_cortexa9_0/lib/xtime_l.o ps7_cortexa9_0/lib/xdma_linux.o ps7_cortexa9_0/lib/xscugic_selftest.o
TRACE::2026-01-20.16:56:49::SCWBDomain:: ps7_cortexa9_0/lib/xil_util.o ps7_cortexa9_0/lib/xuartps_intr.o ps7_cortexa9_0/lib/xuartps.o ps7_cortexa9_0/lib/xsdps_card.o p
TRACE::2026-01-20.16:56:49::SCWBDomain::s7_cortexa9_0/lib/xdmaps_hw.o ps7_cortexa9_0/lib/sbrk.o ps7_cortexa9_0/lib/xgpiops_hw.o ps7_cortexa9_0/lib/xsdps_g.o ps7_cortex
TRACE::2026-01-20.16:56:49::SCWBDomain::a9_0/lib/fstat.o ps7_cortexa9_0/lib/errno.o ps7_cortexa9_0/lib/xdevcfg_intr.o ps7_cortexa9_0/lib/xuartps_options.o ps7_cortexa9
TRACE::2026-01-20.16:56:49::SCWBDomain::_0/lib/xscuwdt_g.o ps7_cortexa9_0/lib/xdma.o ps7_cortexa9_0/lib/xemacps_g.o ps7_cortexa9_0/lib/xscuwdt_sinit.o ps7_cortexa9_0/l
TRACE::2026-01-20.16:56:49::SCWBDomain::ib/xemacps_intr.o ps7_cortexa9_0/lib/xscuwdt_selftest.o ps7_cortexa9_0/lib/isatty.o ps7_cortexa9_0/lib/xil-crt0.o ps7_cortexa9_
TRACE::2026-01-20.16:56:49::SCWBDomain::0/lib/xscugic.o ps7_cortexa9_0/lib/xuartps_hw.o ps7_cortexa9_0/lib/xadcps_g.o ps7_cortexa9_0/lib/xqspips_sinit.o ps7_cortexa9_0
TRACE::2026-01-20.16:56:49::SCWBDomain::/lib/xadcps_sinit.o

TRACE::2026-01-20.16:56:49::SCWBDomain::'Finished building libraries'

TRACE::2026-01-20.16:56:49::SCWBDomain::make: Leaving directory 'C:/Users/CamLT/AX7010_Work/UltrasonicFPGA2021/delay-and-sum-v2/delay-and-sum-v2-platform/zynq_fsbl/zyn
TRACE::2026-01-20.16:56:49::SCWBDomain::q_fsbl_bsp'

TRACE::2026-01-20.16:56:49::SCWBDomain::arm-none-eabi-gcc -MMD -MP       -mcpu=cortex-a9 -mfpu=vfpv3 -mfloat-abi=hard   -O2 -c -c sd.c -o sd.o -Izynq_fsbl_bsp/ps7_cort
TRACE::2026-01-20.16:56:49::SCWBDomain::exa9_0/include -I.

TRACE::2026-01-20.16:56:49::SCWBDomain::arm-none-eabi-gcc -MMD -MP       -mcpu=cortex-a9 -mfpu=vfpv3 -mfloat-abi=hard   -O2 -c -c nand.c -o nand.o -Izynq_fsbl_bsp/ps7_
TRACE::2026-01-20.16:56:49::SCWBDomain::cortexa9_0/include -I.

TRACE::2026-01-20.16:56:49::SCWBDomain::arm-none-eabi-gcc -MMD -MP       -mcpu=cortex-a9 -mfpu=vfpv3 -mfloat-abi=hard   -O2 -c -c image_mover.c -o image_mover.o -Izynq
TRACE::2026-01-20.16:56:49::SCWBDomain::_fsbl_bsp/ps7_cortexa9_0/include -I.

TRACE::2026-01-20.16:56:49::SCWBDomain::arm-none-eabi-gcc -MMD -MP       -mcpu=cortex-a9 -mfpu=vfpv3 -mfloat-abi=hard   -O2 -c -c md5.c -o md5.o -Izynq_fsbl_bsp/ps7_co
TRACE::2026-01-20.16:56:49::SCWBDomain::rtexa9_0/include -I.

TRACE::2026-01-20.16:56:50::SCWBDomain::arm-none-eabi-gcc -MMD -MP       -mcpu=cortex-a9 -mfpu=vfpv3 -mfloat-abi=hard   -O2 -c -c fsbl_hooks.c -o fsbl_hooks.o -Izynq_f
TRACE::2026-01-20.16:56:50::SCWBDomain::sbl_bsp/ps7_cortexa9_0/include -I.

TRACE::2026-01-20.16:56:50::SCWBDomain::arm-none-eabi-gcc -MMD -MP       -mcpu=cortex-a9 -mfpu=vfpv3 -mfloat-abi=hard   -O2 -c -c main.c -o main.o -Izynq_fsbl_bsp/ps7_
TRACE::2026-01-20.16:56:50::SCWBDomain::cortexa9_0/include -I.

TRACE::2026-01-20.16:56:50::SCWBDomain::arm-none-eabi-gcc -MMD -MP       -mcpu=cortex-a9 -mfpu=vfpv3 -mfloat-abi=hard   -O2 -c -c rsa.c -o rsa.o -Izynq_fsbl_bsp/ps7_co
TRACE::2026-01-20.16:56:50::SCWBDomain::rtexa9_0/include -I.

TRACE::2026-01-20.16:56:50::SCWBDomain::arm-none-eabi-gcc -MMD -MP       -mcpu=cortex-a9 -mfpu=vfpv3 -mfloat-abi=hard   -O2 -c -c nor.c -o nor.o -Izynq_fsbl_bsp/ps7_co
TRACE::2026-01-20.16:56:50::SCWBDomain::rtexa9_0/include -I.

TRACE::2026-01-20.16:56:50::SCWBDomain::arm-none-eabi-gcc -MMD -MP       -mcpu=cortex-a9 -mfpu=vfpv3 -mfloat-abi=hard   -O2 -c -c qspi.c -o qspi.o -Izynq_fsbl_bsp/ps7_
TRACE::2026-01-20.16:56:50::SCWBDomain::cortexa9_0/include -I.

TRACE::2026-01-20.16:56:50::SCWBDomain::arm-none-eabi-gcc -MMD -MP       -mcpu=cortex-a9 -mfpu=vfpv3 -mfloat-abi=hard   -O2 -c -c ps7_init.c -o ps7_init.o -Izynq_fsbl_
TRACE::2026-01-20.16:56:50::SCWBDomain::bsp/ps7_cortexa9_0/include -I.

TRACE::2026-01-20.16:56:50::SCWBDomain::arm-none-eabi-gcc -MMD -MP       -mcpu=cortex-a9 -mfpu=vfpv3 -mfloat-abi=hard   -O2 -c -c pcap.c -o pcap.o -Izynq_fsbl_bsp/ps7_
TRACE::2026-01-20.16:56:50::SCWBDomain::cortexa9_0/include -I.

TRACE::2026-01-20.16:56:50::SCWBDomain::arm-none-eabi-gcc -MMD -MP       -mcpu=cortex-a9 -mfpu=vfpv3 -mfloat-abi=hard   -O2 -c -c fsbl_handoff.S -o fsbl_handoff.o -Izy
TRACE::2026-01-20.16:56:50::SCWBDomain::nq_fsbl_bsp/ps7_cortexa9_0/include -I.

TRACE::2026-01-20.16:56:50::SCWBDomain::arm-none-eabi-gcc -o fsbl.elf  sd.o  nand.o  image_mover.o  md5.o  fsbl_hooks.o  main.o  rsa.o  nor.o  qspi.o  ps7_init.o  pcap
TRACE::2026-01-20.16:56:50::SCWBDomain::.o  fsbl_handoff.o -MMD -MP       -mcpu=cortex-a9 -mfpu=vfpv3 -mfloat-abi=hard   -mcpu=cortex-a9 -mfpu=vfpv3 -mfloat-abi=hard -
TRACE::2026-01-20.16:56:50::SCWBDomain::Wl,-build-id=none -specs=Xilinx.spec  -lrsa -Wl,--start-group,-lxil,-lgcc,-lc,--end-group -Wl,--start-group,-lxilffs,-lxil,-lgc
TRACE::2026-01-20.16:56:50::SCWBDomain::c,-lc,--end-group -Wl,--start-group,-lrsa,-lxil,-lgcc,-lc,--end-group -Wl,--start-group,-lxil,-llwip4,-lgcc,-lc,--end-group    
TRACE::2026-01-20.16:56:50::SCWBDomain::                                -Wl,--gc-sections -Lzynq_fsbl_bsp/ps7_cortexa9_0/lib -L./ -Tlscript.ld

LOG::2026-01-20.16:56:50::SCWSystem::Checking the domain standalone_domain
LOG::2026-01-20.16:56:50::SCWSystem::Not a boot domain 
LOG::2026-01-20.16:56:50::SCWSystem::Started Processing the domain standalone_domain
TRACE::2026-01-20.16:56:50::SCWDomain::Generating domain artifcats
TRACE::2026-01-20.16:56:50::SCWMssOS::Generating standalone artifcats
TRACE::2026-01-20.16:56:50::SCWMssOS::Copying the qemu file from  C:/Xilinx/Vitis/2021.1/data/emulation/platforms/zynq/sw/a9_standalone/qemu/qemu_args.txt To C:/Users/CamLT/AX7010_Work/UltrasonicFPGA2021/delay-and-sum-v2/delay-and-sum-v2-platform/export/delay-and-sum-v2-platform/sw/delay-and-sum-v2-platform/qemu/
TRACE::2026-01-20.16:56:50::SCWMssOS::Copying the qemu file from  C:/Xilinx/Vitis/2021.1/data/emulation/platforms/zynq/sw/a9_standalone/qemu/qemu_args.txt To C:/Users/CamLT/AX7010_Work/UltrasonicFPGA2021/delay-and-sum-v2/delay-and-sum-v2-platform/export/delay-and-sum-v2-platform/sw/delay-and-sum-v2-platform/standalone_domain/qemu/
TRACE::2026-01-20.16:56:50::SCWMssOS:: Copying the user libraries. 
TRACE::2026-01-20.16:56:50::SCWPlatform::Trying to open the hw design at C:/Users/CamLT/AX7010_Work/UltrasonicFPGA2021/delay-and-sum-v2/delay-and-sum-v2-platform/hw/Demodulator_128Ch_wrapper.xsa
TRACE::2026-01-20.16:56:50::SCWPlatform::DSA given C:/Users/CamLT/AX7010_Work/UltrasonicFPGA2021/delay-and-sum-v2/delay-and-sum-v2-platform/hw/Demodulator_128Ch_wrapper.xsa
TRACE::2026-01-20.16:56:50::SCWPlatform::DSA absoulate path C:/Users/CamLT/AX7010_Work/UltrasonicFPGA2021/delay-and-sum-v2/delay-and-sum-v2-platform/hw/Demodulator_128Ch_wrapper.xsa
TRACE::2026-01-20.16:56:50::SCWPlatform::DSA directory C:/Users/CamLT/AX7010_Work/UltrasonicFPGA2021/delay-and-sum-v2/delay-and-sum-v2-platform/hw
TRACE::2026-01-20.16:56:50::SCWPlatform:: Platform Path C:/Users/CamLT/AX7010_Work/UltrasonicFPGA2021/delay-and-sum-v2/delay-and-sum-v2-platform/hw/Demodulator_128Ch_wrapper.xsa
TRACE::2026-01-20.16:56:50::SCWPlatform:: Unique name xilinx:::0.0
TRACE::2026-01-20.16:56:50::SCWPlatform::Trying to set the existing hwdb with name Demodulator_128Ch_wrapper_1
TRACE::2026-01-20.16:56:50::SCWPlatform::Opened existing hwdb Demodulator_128Ch_wrapper_1
TRACE::2026-01-20.16:56:50::SCWPlatform::Found the Hw Db part of the input DSA
TRACE::2026-01-20.16:56:50::SCWMssOS::Checking the sw design at  C:/Users/CamLT/AX7010_Work/UltrasonicFPGA2021/delay-and-sum-v2/delay-and-sum-v2-platform/ps7_cortexa9_0/standalone_domain/bsp/system.mss
TRACE::2026-01-20.16:56:50::SCWMssOS::DEBUG:  swdes dump  C:/Users/CamLT/AX7010_Work/UltrasonicFPGA2021/delay-and-sum-v2/delay-and-sum-v2-platform/ps7_cortexa9_0/standalone_domain/bsp/system.mss|system||
C:/Users/CamLT/AX7010_Work/UltrasonicFPGA2021/delay-and-sum-v2/delay-and-sum-v2-platform/zynq_fsbl/zynq_fsbl_bsp/system.mss|system_0||

TRACE::2026-01-20.16:56:50::SCWMssOS::Sw design exists and opened at  C:/Users/CamLT/AX7010_Work/UltrasonicFPGA2021/delay-and-sum-v2/delay-and-sum-v2-platform/ps7_cortexa9_0/standalone_domain/bsp/system.mss
TRACE::2026-01-20.16:56:50::SCWMssOS::Completed writing the mss file at C:/Users/CamLT/AX7010_Work/UltrasonicFPGA2021/delay-and-sum-v2/delay-and-sum-v2-platform/ps7_cortexa9_0/standalone_domain/bsp
TRACE::2026-01-20.16:56:50::SCWMssOS::Mss edits present, copying mssfile into export location C:/Users/CamLT/AX7010_Work/UltrasonicFPGA2021/delay-and-sum-v2/delay-and-sum-v2-platform/ps7_cortexa9_0/standalone_domain/bsp/system.mss
TRACE::2026-01-20.16:56:50::SCWMssOS::bsp generated is upto date with the mss file. Skipping bsp generation.
TRACE::2026-01-20.16:56:50::SCWMssOS::BSP is already built. skipping the bsp build ... 
TRACE::2026-01-20.16:56:50::SCWDomain::Building the domain as part of full build :  standalone_domain
TRACE::2026-01-20.16:56:50::SCWMssOS::doing bsp build ... 
TRACE::2026-01-20.16:56:50::SCWMssOS::System Command Ran  C: & cd  C:/Users/CamLT/AX7010_Work/UltrasonicFPGA2021/delay-and-sum-v2/delay-and-sum-v2-platform/ps7_cortexa9_0/standalone_domain/bsp & make 
TRACE::2026-01-20.16:56:51::SCWMssOS::make --no-print-directory seq_libs

TRACE::2026-01-20.16:56:51::SCWMssOS::"Running Make include in ps7_cortexa9_0/libsrc/coresightps_dcc_v1_8/src"

TRACE::2026-01-20.16:56:51::SCWMssOS::make -C ps7_cortexa9_0/libsrc/coresightps_dcc_v1_8/src -s include  "SHELL=CMD" "COMPILER=arm-none-eabi-gcc" "ASSEMBLER=arm-none
TRACE::2026-01-20.16:56:51::SCWMssOS::-eabi-as" "ARCHIVER=arm-none-eabi-ar" "COMPILER_FLAGS=  -O2 -c" "EXTRA_COMPILER_FLAGS=-mcpu=cortex-a9 -mfpu=vfpv3 -mfloat-abi=h
TRACE::2026-01-20.16:56:51::SCWMssOS::ard -nostartfiles -g -Wall -Wextra -fno-tree-loop-distribute-patterns"

TRACE::2026-01-20.16:56:51::SCWMssOS::"Running Make include in ps7_cortexa9_0/libsrc/cpu_cortexa9_v2_11/src"

TRACE::2026-01-20.16:56:51::SCWMssOS::make -C ps7_cortexa9_0/libsrc/cpu_cortexa9_v2_11/src -s include  "SHELL=CMD" "COMPILER=arm-none-eabi-gcc" "ASSEMBLER=arm-none-e
TRACE::2026-01-20.16:56:51::SCWMssOS::abi-as" "ARCHIVER=arm-none-eabi-ar" "COMPILER_FLAGS=  -O2 -c" "EXTRA_COMPILER_FLAGS=-mcpu=cortex-a9 -mfpu=vfpv3 -mfloat-abi=har
TRACE::2026-01-20.16:56:51::SCWMssOS::d -nostartfiles -g -Wall -Wextra -fno-tree-loop-distribute-patterns"

TRACE::2026-01-20.16:56:51::SCWMssOS::"Running Make include in ps7_cortexa9_0/libsrc/ddrps_v1_2/src"

TRACE::2026-01-20.16:56:51::SCWMssOS::make -C ps7_cortexa9_0/libsrc/ddrps_v1_2/src -s include  "SHELL=CMD" "COMPILER=arm-none-eabi-gcc" "ASSEMBLER=arm-none-eabi-as" 
TRACE::2026-01-20.16:56:51::SCWMssOS::"ARCHIVER=arm-none-eabi-ar" "COMPILER_FLAGS=  -O2 -c" "EXTRA_COMPILER_FLAGS=-mcpu=cortex-a9 -mfpu=vfpv3 -mfloat-abi=hard -nosta
TRACE::2026-01-20.16:56:51::SCWMssOS::rtfiles -g -Wall -Wextra -fno-tree-loop-distribute-patterns"

TRACE::2026-01-20.16:56:51::SCWMssOS::"Running Make include in ps7_cortexa9_0/libsrc/devcfg_v3_7/src"

TRACE::2026-01-20.16:56:51::SCWMssOS::make -C ps7_cortexa9_0/libsrc/devcfg_v3_7/src -s include  "SHELL=CMD" "COMPILER=arm-none-eabi-gcc" "ASSEMBLER=arm-none-eabi-as"
TRACE::2026-01-20.16:56:51::SCWMssOS:: "ARCHIVER=arm-none-eabi-ar" "COMPILER_FLAGS=  -O2 -c" "EXTRA_COMPILER_FLAGS=-mcpu=cortex-a9 -mfpu=vfpv3 -mfloat-abi=hard -nost
TRACE::2026-01-20.16:56:51::SCWMssOS::artfiles -g -Wall -Wextra -fno-tree-loop-distribute-patterns"

TRACE::2026-01-20.16:56:51::SCWMssOS::"Running Make include in ps7_cortexa9_0/libsrc/dmaps_v2_8/src"

TRACE::2026-01-20.16:56:51::SCWMssOS::make -C ps7_cortexa9_0/libsrc/dmaps_v2_8/src -s include  "SHELL=CMD" "COMPILER=arm-none-eabi-gcc" "ASSEMBLER=arm-none-eabi-as" 
TRACE::2026-01-20.16:56:51::SCWMssOS::"ARCHIVER=arm-none-eabi-ar" "COMPILER_FLAGS=  -O2 -c" "EXTRA_COMPILER_FLAGS=-mcpu=cortex-a9 -mfpu=vfpv3 -mfloat-abi=hard -nosta
TRACE::2026-01-20.16:56:51::SCWMssOS::rtfiles -g -Wall -Wextra -fno-tree-loop-distribute-patterns"

TRACE::2026-01-20.16:56:51::SCWMssOS::"Running Make include in ps7_cortexa9_0/libsrc/DMA_v1_0/src"

TRACE::2026-01-20.16:56:51::SCWMssOS::make -C ps7_cortexa9_0/libsrc/DMA_v1_0/src -s include  "SHELL=CMD" "COMPILER=arm-none-eabi-gcc" "ASSEMBLER=arm-none-eabi-as" "A
TRACE::2026-01-20.16:56:51::SCWMssOS::RCHIVER=arm-none-eabi-ar" "COMPILER_FLAGS=  -O2 -c" "EXTRA_COMPILER_FLAGS=-mcpu=cortex-a9 -mfpu=vfpv3 -mfloat-abi=hard -nostart
TRACE::2026-01-20.16:56:51::SCWMssOS::files -g -Wall -Wextra -fno-tree-loop-distribute-patterns"

TRACE::2026-01-20.16:56:51::SCWMssOS::"Running Make include in ps7_cortexa9_0/libsrc/emacps_v3_14/src"

TRACE::2026-01-20.16:56:51::SCWMssOS::make -C ps7_cortexa9_0/libsrc/emacps_v3_14/src -s include  "SHELL=CMD" "COMPILER=arm-none-eabi-gcc" "ASSEMBLER=arm-none-eabi-as
TRACE::2026-01-20.16:56:51::SCWMssOS::" "ARCHIVER=arm-none-eabi-ar" "COMPILER_FLAGS=  -O2 -c" "EXTRA_COMPILER_FLAGS=-mcpu=cortex-a9 -mfpu=vfpv3 -mfloat-abi=hard -nos
TRACE::2026-01-20.16:56:51::SCWMssOS::tartfiles -g -Wall -Wextra -fno-tree-loop-distribute-patterns"

TRACE::2026-01-20.16:56:51::SCWMssOS::"Running Make include in ps7_cortexa9_0/libsrc/gpiops_v3_9/src"

TRACE::2026-01-20.16:56:51::SCWMssOS::make -C ps7_cortexa9_0/libsrc/gpiops_v3_9/src -s include  "SHELL=CMD" "COMPILER=arm-none-eabi-gcc" "ASSEMBLER=arm-none-eabi-as"
TRACE::2026-01-20.16:56:51::SCWMssOS:: "ARCHIVER=arm-none-eabi-ar" "COMPILER_FLAGS=  -O2 -c" "EXTRA_COMPILER_FLAGS=-mcpu=cortex-a9 -mfpu=vfpv3 -mfloat-abi=hard -nost
TRACE::2026-01-20.16:56:51::SCWMssOS::artfiles -g -Wall -Wextra -fno-tree-loop-distribute-patterns"

TRACE::2026-01-20.16:56:51::SCWMssOS::"Running Make include in ps7_cortexa9_0/libsrc/lwip211_v1_5/src"

TRACE::2026-01-20.16:56:51::SCWMssOS::make -C ps7_cortexa9_0/libsrc/lwip211_v1_5/src -s include  "SHELL=CMD" "COMPILER=arm-none-eabi-gcc" "ASSEMBLER=arm-none-eabi-as
TRACE::2026-01-20.16:56:51::SCWMssOS::" "ARCHIVER=arm-none-eabi-ar" "COMPILER_FLAGS=  -O2 -c" "EXTRA_COMPILER_FLAGS=-mcpu=cortex-a9 -mfpu=vfpv3 -mfloat-abi=hard -nos
TRACE::2026-01-20.16:56:51::SCWMssOS::tartfiles -g -Wall -Wextra -fno-tree-loop-distribute-patterns"

TRACE::2026-01-20.16:56:51::SCWMssOS::"Running Make include in ps7_cortexa9_0/libsrc/qspips_v3_9/src"

TRACE::2026-01-20.16:56:51::SCWMssOS::make -C ps7_cortexa9_0/libsrc/qspips_v3_9/src -s include  "SHELL=CMD" "COMPILER=arm-none-eabi-gcc" "ASSEMBLER=arm-none-eabi-as"
TRACE::2026-01-20.16:56:51::SCWMssOS:: "ARCHIVER=arm-none-eabi-ar" "COMPILER_FLAGS=  -O2 -c" "EXTRA_COMPILER_FLAGS=-mcpu=cortex-a9 -mfpu=vfpv3 -mfloat-abi=hard -nost
TRACE::2026-01-20.16:56:51::SCWMssOS::artfiles -g -Wall -Wextra -fno-tree-loop-distribute-patterns"

TRACE::2026-01-20.16:56:51::SCWMssOS::"Running Make include in ps7_cortexa9_0/libsrc/scugic_v4_5/src"

TRACE::2026-01-20.16:56:51::SCWMssOS::make -C ps7_cortexa9_0/libsrc/scugic_v4_5/src -s include  "SHELL=CMD" "COMPILER=arm-none-eabi-gcc" "ASSEMBLER=arm-none-eabi-as"
TRACE::2026-01-20.16:56:51::SCWMssOS:: "ARCHIVER=arm-none-eabi-ar" "COMPILER_FLAGS=  -O2 -c" "EXTRA_COMPILER_FLAGS=-mcpu=cortex-a9 -mfpu=vfpv3 -mfloat-abi=hard -nost
TRACE::2026-01-20.16:56:51::SCWMssOS::artfiles -g -Wall -Wextra -fno-tree-loop-distribute-patterns"

TRACE::2026-01-20.16:56:52::SCWMssOS::"Running Make include in ps7_cortexa9_0/libsrc/scutimer_v2_3/src"

TRACE::2026-01-20.16:56:52::SCWMssOS::make -C ps7_cortexa9_0/libsrc/scutimer_v2_3/src -s include  "SHELL=CMD" "COMPILER=arm-none-eabi-gcc" "ASSEMBLER=arm-none-eabi-a
TRACE::2026-01-20.16:56:52::SCWMssOS::s" "ARCHIVER=arm-none-eabi-ar" "COMPILER_FLAGS=  -O2 -c" "EXTRA_COMPILER_FLAGS=-mcpu=cortex-a9 -mfpu=vfpv3 -mfloat-abi=hard -no
TRACE::2026-01-20.16:56:52::SCWMssOS::startfiles -g -Wall -Wextra -fno-tree-loop-distribute-patterns"

TRACE::2026-01-20.16:56:52::SCWMssOS::"Running Make include in ps7_cortexa9_0/libsrc/scuwdt_v2_4/src"

TRACE::2026-01-20.16:56:52::SCWMssOS::make -C ps7_cortexa9_0/libsrc/scuwdt_v2_4/src -s include  "SHELL=CMD" "COMPILER=arm-none-eabi-gcc" "ASSEMBLER=arm-none-eabi-as"
TRACE::2026-01-20.16:56:52::SCWMssOS:: "ARCHIVER=arm-none-eabi-ar" "COMPILER_FLAGS=  -O2 -c" "EXTRA_COMPILER_FLAGS=-mcpu=cortex-a9 -mfpu=vfpv3 -mfloat-abi=hard -nost
TRACE::2026-01-20.16:56:52::SCWMssOS::artfiles -g -Wall -Wextra -fno-tree-loop-distribute-patterns"

TRACE::2026-01-20.16:56:52::SCWMssOS::"Running Make include in ps7_cortexa9_0/libsrc/sdps_v3_12/src"

TRACE::2026-01-20.16:56:52::SCWMssOS::make -C ps7_cortexa9_0/libsrc/sdps_v3_12/src -s include  "SHELL=CMD" "COMPILER=arm-none-eabi-gcc" "ASSEMBLER=arm-none-eabi-as" 
TRACE::2026-01-20.16:56:52::SCWMssOS::"ARCHIVER=arm-none-eabi-ar" "COMPILER_FLAGS=  -O2 -c" "EXTRA_COMPILER_FLAGS=-mcpu=cortex-a9 -mfpu=vfpv3 -mfloat-abi=hard -nosta
TRACE::2026-01-20.16:56:52::SCWMssOS::rtfiles -g -Wall -Wextra -fno-tree-loop-distribute-patterns"

TRACE::2026-01-20.16:56:52::SCWMssOS::"Running Make include in ps7_cortexa9_0/libsrc/standalone_v7_5/src"

TRACE::2026-01-20.16:56:52::SCWMssOS::make -C ps7_cortexa9_0/libsrc/standalone_v7_5/src -s include  "SHELL=CMD" "COMPILER=arm-none-eabi-gcc" "ASSEMBLER=arm-none-eabi
TRACE::2026-01-20.16:56:52::SCWMssOS::-as" "ARCHIVER=arm-none-eabi-ar" "COMPILER_FLAGS=  -O2 -c" "EXTRA_COMPILER_FLAGS=-mcpu=cortex-a9 -mfpu=vfpv3 -mfloat-abi=hard -
TRACE::2026-01-20.16:56:52::SCWMssOS::nostartfiles -g -Wall -Wextra -fno-tree-loop-distribute-patterns"

TRACE::2026-01-20.16:56:52::SCWMssOS::"Running Make include in ps7_cortexa9_0/libsrc/uartps_v3_11/src"

TRACE::2026-01-20.16:56:52::SCWMssOS::make -C ps7_cortexa9_0/libsrc/uartps_v3_11/src -s include  "SHELL=CMD" "COMPILER=arm-none-eabi-gcc" "ASSEMBLER=arm-none-eabi-as
TRACE::2026-01-20.16:56:52::SCWMssOS::" "ARCHIVER=arm-none-eabi-ar" "COMPILER_FLAGS=  -O2 -c" "EXTRA_COMPILER_FLAGS=-mcpu=cortex-a9 -mfpu=vfpv3 -mfloat-abi=hard -nos
TRACE::2026-01-20.16:56:52::SCWMssOS::tartfiles -g -Wall -Wextra -fno-tree-loop-distribute-patterns"

TRACE::2026-01-20.16:56:52::SCWMssOS::"Running Make include in ps7_cortexa9_0/libsrc/usbps_v2_7/src"

TRACE::2026-01-20.16:56:52::SCWMssOS::make -C ps7_cortexa9_0/libsrc/usbps_v2_7/src -s include  "SHELL=CMD" "COMPILER=arm-none-eabi-gcc" "ASSEMBLER=arm-none-eabi-as" 
TRACE::2026-01-20.16:56:52::SCWMssOS::"ARCHIVER=arm-none-eabi-ar" "COMPILER_FLAGS=  -O2 -c" "EXTRA_COMPILER_FLAGS=-mcpu=cortex-a9 -mfpu=vfpv3 -mfloat-abi=hard -nosta
TRACE::2026-01-20.16:56:52::SCWMssOS::rtfiles -g -Wall -Wextra -fno-tree-loop-distribute-patterns"

TRACE::2026-01-20.16:56:52::SCWMssOS::"Running Make include in ps7_cortexa9_0/libsrc/xadcps_v2_6/src"

TRACE::2026-01-20.16:56:52::SCWMssOS::make -C ps7_cortexa9_0/libsrc/xadcps_v2_6/src -s include  "SHELL=CMD" "COMPILER=arm-none-eabi-gcc" "ASSEMBLER=arm-none-eabi-as"
TRACE::2026-01-20.16:56:52::SCWMssOS:: "ARCHIVER=arm-none-eabi-ar" "COMPILER_FLAGS=  -O2 -c" "EXTRA_COMPILER_FLAGS=-mcpu=cortex-a9 -mfpu=vfpv3 -mfloat-abi=hard -nost
TRACE::2026-01-20.16:56:52::SCWMssOS::artfiles -g -Wall -Wextra -fno-tree-loop-distribute-patterns"

TRACE::2026-01-20.16:56:52::SCWMssOS::"Running Make libs in ps7_cortexa9_0/libsrc/DMA_v1_0/src"

TRACE::2026-01-20.16:56:52::SCWMssOS::make -C ps7_cortexa9_0/libsrc/DMA_v1_0/src -s libs  "SHELL=CMD" "COMPILER=arm-none-eabi-gcc" "ASSEMBLER=arm-none-eabi-as" "ARCH
TRACE::2026-01-20.16:56:52::SCWMssOS::IVER=arm-none-eabi-ar" "COMPILER_FLAGS=  -O2 -c" "EXTRA_COMPILER_FLAGS=-mcpu=cortex-a9 -mfpu=vfpv3 -mfloat-abi=hard -nostartfil
TRACE::2026-01-20.16:56:52::SCWMssOS::es -g -Wall -Wextra -fno-tree-loop-distribute-patterns"

TRACE::2026-01-20.16:56:52::SCWMssOS::"Building DMA"

TRACE::2026-01-20.16:56:53::SCWMssOS::"Running Make libs in ps7_cortexa9_0/libsrc/lwip211_v1_5/src"

TRACE::2026-01-20.16:56:53::SCWMssOS::make -C ps7_cortexa9_0/libsrc/lwip211_v1_5/src -s libs  "SHELL=CMD" "COMPILER=arm-none-eabi-gcc" "ASSEMBLER=arm-none-eabi-as" "
TRACE::2026-01-20.16:56:53::SCWMssOS::ARCHIVER=arm-none-eabi-ar" "COMPILER_FLAGS=  -O2 -c" "EXTRA_COMPILER_FLAGS=-mcpu=cortex-a9 -mfpu=vfpv3 -mfloat-abi=hard -nostar
TRACE::2026-01-20.16:56:53::SCWMssOS::tfiles -g -Wall -Wextra -fno-tree-loop-distribute-patterns"

TRACE::2026-01-20.16:56:53::SCWMssOS::"Compiling lwip src and adapter files"

TRACE::2026-01-20.16:56:59::SCWMssOS::'Finished building libraries sequentially.'

TRACE::2026-01-20.16:56:59::SCWMssOS::make -j 14 --no-print-directory par_libs

TRACE::2026-01-20.16:56:59::SCWMssOS::"Running Make include in ps7_cortexa9_0/libsrc/coresightps_dcc_v1_8/src"

TRACE::2026-01-20.16:56:59::SCWMssOS::make -C ps7_cortexa9_0/libsrc/coresightps_dcc_v1_8/src -s include  "SHELL=CMD" "COMPILER=arm-none-eabi-gcc" "ASSEMBLER=arm-none
TRACE::2026-01-20.16:56:59::SCWMssOS::-eabi-as" "ARCHIVER=arm-none-eabi-ar" "COMPILER_FLAGS=  -O2 -c" "EXTRA_COMPILER_FLAGS=-mcpu=cortex-a9 -mfpu=vfpv3 -mfloat-abi=h
TRACE::2026-01-20.16:56:59::SCWMssOS::ard -nostartfiles -g -Wall -Wextra -fno-tree-loop-distribute-patterns"

TRACE::2026-01-20.16:56:59::SCWMssOS::"Running Make include in ps7_cortexa9_0/libsrc/cpu_cortexa9_v2_11/src"

TRACE::2026-01-20.16:56:59::SCWMssOS::make -C ps7_cortexa9_0/libsrc/cpu_cortexa9_v2_11/src -s include  "SHELL=CMD" "COMPILER=arm-none-eabi-gcc" "ASSEMBLER=arm-none-e
TRACE::2026-01-20.16:56:59::SCWMssOS::abi-as" "ARCHIVER=arm-none-eabi-ar" "COMPILER_FLAGS=  -O2 -c" "EXTRA_COMPILER_FLAGS=-mcpu=cortex-a9 -mfpu=vfpv3 -mfloat-abi=har
TRACE::2026-01-20.16:56:59::SCWMssOS::d -nostartfiles -g -Wall -Wextra -fno-tree-loop-distribute-patterns"

TRACE::2026-01-20.16:56:59::SCWMssOS::"Running Make include in ps7_cortexa9_0/libsrc/ddrps_v1_2/src"

TRACE::2026-01-20.16:56:59::SCWMssOS::"Running Make include in ps7_cortexa9_0/libsrc/devcfg_v3_7/src"

TRACE::2026-01-20.16:56:59::SCWMssOS::make -C ps7_cortexa9_0/libsrc/ddrps_v1_2/src -s include  "SHELL=CMD" "COMPILER=arm-none-eabi-gcc" "ASSEMBLER=arm-none-eabi-as" 
TRACE::2026-01-20.16:56:59::SCWMssOS::"ARCHIVER=arm-none-eabi-ar" "COMPILER_FLAGS=  -O2 -c" "EXTRA_COMPILER_FLAGS=-mcpu=cortex-a9 -mfpu=vfpv3 -mfloat-abi=hard -nosta
TRACE::2026-01-20.16:56:59::SCWMssOS::rtfiles -g -Wall -Wextra -fno-tree-loop-distribute-patterns"

TRACE::2026-01-20.16:56:59::SCWMssOS::make -C ps7_cortexa9_0/libsrc/devcfg_v3_7/src -s include  "SHELL=CMD" "COMPILER=arm-none-eabi-gcc" "ASSEMBLER=arm-none-eabi-as"
TRACE::2026-01-20.16:56:59::SCWMssOS:: "ARCHIVER=arm-none-eabi-ar" "COMPILER_FLAGS=  -O2 -c" "EXTRA_COMPILER_FLAGS=-mcpu=cortex-a9 -mfpu=vfpv3 -mfloat-abi=hard -nost
TRACE::2026-01-20.16:56:59::SCWMssOS::artfiles -g -Wall -Wextra -fno-tree-loop-distribute-patterns"

TRACE::2026-01-20.16:56:59::SCWMssOS::"Running Make include in ps7_cortexa9_0/libsrc/dmaps_v2_8/src"

TRACE::2026-01-20.16:56:59::SCWMssOS::make -C ps7_cortexa9_0/libsrc/dmaps_v2_8/src -s include  "SHELL=CMD" "COMPILER=arm-none-eabi-gcc" "ASSEMBLER=arm-none-eabi-as" 
TRACE::2026-01-20.16:56:59::SCWMssOS::"ARCHIVER=arm-none-eabi-ar" "COMPILER_FLAGS=  -O2 -c" "EXTRA_COMPILER_FLAGS=-mcpu=cortex-a9 -mfpu=vfpv3 -mfloat-abi=hard -nosta
TRACE::2026-01-20.16:56:59::SCWMssOS::rtfiles -g -Wall -Wextra -fno-tree-loop-distribute-patterns"

TRACE::2026-01-20.16:56:59::SCWMssOS::"Running Make include in ps7_cortexa9_0/libsrc/DMA_v1_0/src"

TRACE::2026-01-20.16:56:59::SCWMssOS::make -C ps7_cortexa9_0/libsrc/DMA_v1_0/src -s include  "SHELL=CMD" "COMPILER=arm-none-eabi-gcc" "ASSEMBLER=arm-none-eabi-as" "A
TRACE::2026-01-20.16:56:59::SCWMssOS::RCHIVER=arm-none-eabi-ar" "COMPILER_FLAGS=  -O2 -c" "EXTRA_COMPILER_FLAGS=-mcpu=cortex-a9 -mfpu=vfpv3 -mfloat-abi=hard -nostart
TRACE::2026-01-20.16:56:59::SCWMssOS::files -g -Wall -Wextra -fno-tree-loop-distribute-patterns"

TRACE::2026-01-20.16:56:59::SCWMssOS::"Running Make include in ps7_cortexa9_0/libsrc/emacps_v3_14/src"

TRACE::2026-01-20.16:56:59::SCWMssOS::make -C ps7_cortexa9_0/libsrc/emacps_v3_14/src -s include  "SHELL=CMD" "COMPILER=arm-none-eabi-gcc" "ASSEMBLER=arm-none-eabi-as
TRACE::2026-01-20.16:56:59::SCWMssOS::" "ARCHIVER=arm-none-eabi-ar" "COMPILER_FLAGS=  -O2 -c" "EXTRA_COMPILER_FLAGS=-mcpu=cortex-a9 -mfpu=vfpv3 -mfloat-abi=hard -nos
TRACE::2026-01-20.16:56:59::SCWMssOS::tartfiles -g -Wall -Wextra -fno-tree-loop-distribute-patterns"

TRACE::2026-01-20.16:56:59::SCWMssOS::"Running Make include in ps7_cortexa9_0/libsrc/gpiops_v3_9/src"

TRACE::2026-01-20.16:56:59::SCWMssOS::make -C ps7_cortexa9_0/libsrc/gpiops_v3_9/src -s include  "SHELL=CMD" "COMPILER=arm-none-eabi-gcc" "ASSEMBLER=arm-none-eabi-as"
TRACE::2026-01-20.16:56:59::SCWMssOS:: "ARCHIVER=arm-none-eabi-ar" "COMPILER_FLAGS=  -O2 -c" "EXTRA_COMPILER_FLAGS=-mcpu=cortex-a9 -mfpu=vfpv3 -mfloat-abi=hard -nost
TRACE::2026-01-20.16:56:59::SCWMssOS::artfiles -g -Wall -Wextra -fno-tree-loop-distribute-patterns"

TRACE::2026-01-20.16:56:59::SCWMssOS::"Running Make include in ps7_cortexa9_0/libsrc/lwip211_v1_5/src"

TRACE::2026-01-20.16:56:59::SCWMssOS::make -C ps7_cortexa9_0/libsrc/lwip211_v1_5/src -s include  "SHELL=CMD" "COMPILER=arm-none-eabi-gcc" "ASSEMBLER=arm-none-eabi-as
TRACE::2026-01-20.16:56:59::SCWMssOS::" "ARCHIVER=arm-none-eabi-ar" "COMPILER_FLAGS=  -O2 -c" "EXTRA_COMPILER_FLAGS=-mcpu=cortex-a9 -mfpu=vfpv3 -mfloat-abi=hard -nos
TRACE::2026-01-20.16:56:59::SCWMssOS::tartfiles -g -Wall -Wextra -fno-tree-loop-distribute-patterns"

TRACE::2026-01-20.16:56:59::SCWMssOS::"Running Make include in ps7_cortexa9_0/libsrc/qspips_v3_9/src"

TRACE::2026-01-20.16:56:59::SCWMssOS::make -C ps7_cortexa9_0/libsrc/qspips_v3_9/src -s include  "SHELL=CMD" "COMPILER=arm-none-eabi-gcc" "ASSEMBLER=arm-none-eabi-as"
TRACE::2026-01-20.16:56:59::SCWMssOS:: "ARCHIVER=arm-none-eabi-ar" "COMPILER_FLAGS=  -O2 -c" "EXTRA_COMPILER_FLAGS=-mcpu=cortex-a9 -mfpu=vfpv3 -mfloat-abi=hard -nost
TRACE::2026-01-20.16:56:59::SCWMssOS::artfiles -g -Wall -Wextra -fno-tree-loop-distribute-patterns"

TRACE::2026-01-20.16:56:59::SCWMssOS::"Running Make include in ps7_cortexa9_0/libsrc/scugic_v4_5/src"

TRACE::2026-01-20.16:56:59::SCWMssOS::"Running Make include in ps7_cortexa9_0/libsrc/scutimer_v2_3/src"

TRACE::2026-01-20.16:56:59::SCWMssOS::make -C ps7_cortexa9_0/libsrc/scugic_v4_5/src -s include  "SHELL=CMD" "COMPILER=arm-none-eabi-gcc" "ASSEMBLER=arm-none-eabi-as"
TRACE::2026-01-20.16:56:59::SCWMssOS:: "ARCHIVER=arm-none-eabi-ar" "COMPILER_FLAGS=  -O2 -c" "EXTRA_COMPILER_FLAGS=-mcpu=cortex-a9 -mfpu=vfpv3 -mfloat-abi=hard -nost
TRACE::2026-01-20.16:56:59::SCWMssOS::artfiles -g -Wall -Wextra -fno-tree-loop-distribute-patterns"

TRACE::2026-01-20.16:56:59::SCWMssOS::make -C ps7_cortexa9_0/libsrc/scutimer_v2_3/src -s include  "SHELL=CMD" "COMPILER=arm-none-eabi-gcc" "ASSEMBLER=arm-none-eabi-a
TRACE::2026-01-20.16:56:59::SCWMssOS::s" "ARCHIVER=arm-none-eabi-ar" "COMPILER_FLAGS=  -O2 -c" "EXTRA_COMPILER_FLAGS=-mcpu=cortex-a9 -mfpu=vfpv3 -mfloat-abi=hard -no
TRACE::2026-01-20.16:56:59::SCWMssOS::startfiles -g -Wall -Wextra -fno-tree-loop-distribute-patterns"

TRACE::2026-01-20.16:56:59::SCWMssOS::"Running Make include in ps7_cortexa9_0/libsrc/scuwdt_v2_4/src"

TRACE::2026-01-20.16:56:59::SCWMssOS::make -C ps7_cortexa9_0/libsrc/scuwdt_v2_4/src -s include  "SHELL=CMD" "COMPILER=arm-none-eabi-gcc" "ASSEMBLER=arm-none-eabi-as"
TRACE::2026-01-20.16:56:59::SCWMssOS:: "ARCHIVER=arm-none-eabi-ar" "COMPILER_FLAGS=  -O2 -c" "EXTRA_COMPILER_FLAGS=-mcpu=cortex-a9 -mfpu=vfpv3 -mfloat-abi=hard -nost
TRACE::2026-01-20.16:56:59::SCWMssOS::artfiles -g -Wall -Wextra -fno-tree-loop-distribute-patterns"

TRACE::2026-01-20.16:56:59::SCWMssOS::"Running Make include in ps7_cortexa9_0/libsrc/sdps_v3_12/src"

TRACE::2026-01-20.16:56:59::SCWMssOS::make -C ps7_cortexa9_0/libsrc/sdps_v3_12/src -s include  "SHELL=CMD" "COMPILER=arm-none-eabi-gcc" "ASSEMBLER=arm-none-eabi-as" 
TRACE::2026-01-20.16:56:59::SCWMssOS::"ARCHIVER=arm-none-eabi-ar" "COMPILER_FLAGS=  -O2 -c" "EXTRA_COMPILER_FLAGS=-mcpu=cortex-a9 -mfpu=vfpv3 -mfloat-abi=hard -nosta
TRACE::2026-01-20.16:56:59::SCWMssOS::rtfiles -g -Wall -Wextra -fno-tree-loop-distribute-patterns"

TRACE::2026-01-20.16:56:59::SCWMssOS::"Running Make include in ps7_cortexa9_0/libsrc/standalone_v7_5/src"

TRACE::2026-01-20.16:56:59::SCWMssOS::"Running Make include in ps7_cortexa9_0/libsrc/uartps_v3_11/src"

TRACE::2026-01-20.16:56:59::SCWMssOS::make -C ps7_cortexa9_0/libsrc/standalone_v7_5/src -s include  "SHELL=CMD" "COMPILER=arm-none-eabi-gcc" "ASSEMBLER=arm-none-eabi
TRACE::2026-01-20.16:56:59::SCWMssOS::-as" "ARCHIVER=arm-none-eabi-ar" "COMPILER_FLAGS=  -O2 -c" "EXTRA_COMPILER_FLAGS=-mcpu=cortex-a9 -mfpu=vfpv3 -mfloat-abi=hard -
TRACE::2026-01-20.16:56:59::SCWMssOS::nostartfiles -g -Wall -Wextra -fno-tree-loop-distribute-patterns"

TRACE::2026-01-20.16:56:59::SCWMssOS::make -C ps7_cortexa9_0/libsrc/uartps_v3_11/src -s include  "SHELL=CMD" "COMPILER=arm-none-eabi-gcc" "ASSEMBLER=arm-none-eabi-as
TRACE::2026-01-20.16:56:59::SCWMssOS::" "ARCHIVER=arm-none-eabi-ar" "COMPILER_FLAGS=  -O2 -c" "EXTRA_COMPILER_FLAGS=-mcpu=cortex-a9 -mfpu=vfpv3 -mfloat-abi=hard -nos
TRACE::2026-01-20.16:56:59::SCWMssOS::tartfiles -g -Wall -Wextra -fno-tree-loop-distribute-patterns"

TRACE::2026-01-20.16:56:59::SCWMssOS::"Running Make include in ps7_cortexa9_0/libsrc/usbps_v2_7/src"

TRACE::2026-01-20.16:56:59::SCWMssOS::make -C ps7_cortexa9_0/libsrc/usbps_v2_7/src -s include  "SHELL=CMD" "COMPILER=arm-none-eabi-gcc" "ASSEMBLER=arm-none-eabi-as" 
TRACE::2026-01-20.16:56:59::SCWMssOS::"ARCHIVER=arm-none-eabi-ar" "COMPILER_FLAGS=  -O2 -c" "EXTRA_COMPILER_FLAGS=-mcpu=cortex-a9 -mfpu=vfpv3 -mfloat-abi=hard -nosta
TRACE::2026-01-20.16:56:59::SCWMssOS::rtfiles -g -Wall -Wextra -fno-tree-loop-distribute-patterns"

TRACE::2026-01-20.16:56:59::SCWMssOS::"Running Make include in ps7_cortexa9_0/libsrc/xadcps_v2_6/src"

TRACE::2026-01-20.16:56:59::SCWMssOS::make -C ps7_cortexa9_0/libsrc/xadcps_v2_6/src -s include  "SHELL=CMD" "COMPILER=arm-none-eabi-gcc" "ASSEMBLER=arm-none-eabi-as"
TRACE::2026-01-20.16:56:59::SCWMssOS:: "ARCHIVER=arm-none-eabi-ar" "COMPILER_FLAGS=  -O2 -c" "EXTRA_COMPILER_FLAGS=-mcpu=cortex-a9 -mfpu=vfpv3 -mfloat-abi=hard -nost
TRACE::2026-01-20.16:56:59::SCWMssOS::artfiles -g -Wall -Wextra -fno-tree-loop-distribute-patterns"

TRACE::2026-01-20.16:57:00::SCWMssOS::"Running Make libs in ps7_cortexa9_0/libsrc/coresightps_dcc_v1_8/src"

TRACE::2026-01-20.16:57:00::SCWMssOS::make -C ps7_cortexa9_0/libsrc/coresightps_dcc_v1_8/src -s libs  "SHELL=CMD" "COMPILER=arm-none-eabi-gcc" "ASSEMBLER=arm-none-ea
TRACE::2026-01-20.16:57:00::SCWMssOS::bi-as" "ARCHIVER=arm-none-eabi-ar" "COMPILER_FLAGS=  -O2 -c" "EXTRA_COMPILER_FLAGS=-mcpu=cortex-a9 -mfpu=vfpv3 -mfloat-abi=hard
TRACE::2026-01-20.16:57:00::SCWMssOS:: -nostartfiles -g -Wall -Wextra -fno-tree-loop-distribute-patterns"

TRACE::2026-01-20.16:57:00::SCWMssOS::"Running Make libs in ps7_cortexa9_0/libsrc/cpu_cortexa9_v2_11/src"

TRACE::2026-01-20.16:57:00::SCWMssOS::make -C ps7_cortexa9_0/libsrc/cpu_cortexa9_v2_11/src -s libs  "SHELL=CMD" "COMPILER=arm-none-eabi-gcc" "ASSEMBLER=arm-none-eabi
TRACE::2026-01-20.16:57:00::SCWMssOS::-as" "ARCHIVER=arm-none-eabi-ar" "COMPILER_FLAGS=  -O2 -c" "EXTRA_COMPILER_FLAGS=-mcpu=cortex-a9 -mfpu=vfpv3 -mfloat-abi=hard -
TRACE::2026-01-20.16:57:00::SCWMssOS::nostartfiles -g -Wall -Wextra -fno-tree-loop-distribute-patterns"

TRACE::2026-01-20.16:57:00::SCWMssOS::"Running Make libs in ps7_cortexa9_0/libsrc/ddrps_v1_2/src"

TRACE::2026-01-20.16:57:00::SCWMssOS::"Running Make libs in ps7_cortexa9_0/libsrc/devcfg_v3_7/src"

TRACE::2026-01-20.16:57:00::SCWMssOS::make -C ps7_cortexa9_0/libsrc/ddrps_v1_2/src -s libs  "SHELL=CMD" "COMPILER=arm-none-eabi-gcc" "ASSEMBLER=arm-none-eabi-as" "AR
TRACE::2026-01-20.16:57:00::SCWMssOS::CHIVER=arm-none-eabi-ar" "COMPILER_FLAGS=  -O2 -c" "EXTRA_COMPILER_FLAGS=-mcpu=cortex-a9 -mfpu=vfpv3 -mfloat-abi=hard -nostartf
TRACE::2026-01-20.16:57:00::SCWMssOS::iles -g -Wall -Wextra -fno-tree-loop-distribute-patterns"

TRACE::2026-01-20.16:57:00::SCWMssOS::make -C ps7_cortexa9_0/libsrc/devcfg_v3_7/src -s libs  "SHELL=CMD" "COMPILER=arm-none-eabi-gcc" "ASSEMBLER=arm-none-eabi-as" "A
TRACE::2026-01-20.16:57:00::SCWMssOS::RCHIVER=arm-none-eabi-ar" "COMPILER_FLAGS=  -O2 -c" "EXTRA_COMPILER_FLAGS=-mcpu=cortex-a9 -mfpu=vfpv3 -mfloat-abi=hard -nostart
TRACE::2026-01-20.16:57:00::SCWMssOS::files -g -Wall -Wextra -fno-tree-loop-distribute-patterns"

TRACE::2026-01-20.16:57:00::SCWMssOS::"Running Make libs in ps7_cortexa9_0/libsrc/dmaps_v2_8/src"

TRACE::2026-01-20.16:57:00::SCWMssOS::make -C ps7_cortexa9_0/libsrc/dmaps_v2_8/src -s libs  "SHELL=CMD" "COMPILER=arm-none-eabi-gcc" "ASSEMBLER=arm-none-eabi-as" "AR
TRACE::2026-01-20.16:57:00::SCWMssOS::CHIVER=arm-none-eabi-ar" "COMPILER_FLAGS=  -O2 -c" "EXTRA_COMPILER_FLAGS=-mcpu=cortex-a9 -mfpu=vfpv3 -mfloat-abi=hard -nostartf
TRACE::2026-01-20.16:57:00::SCWMssOS::iles -g -Wall -Wextra -fno-tree-loop-distribute-patterns"

TRACE::2026-01-20.16:57:00::SCWMssOS::"Running Make libs in ps7_cortexa9_0/libsrc/emacps_v3_14/src"

TRACE::2026-01-20.16:57:00::SCWMssOS::make -C ps7_cortexa9_0/libsrc/emacps_v3_14/src -s libs  "SHELL=CMD" "COMPILER=arm-none-eabi-gcc" "ASSEMBLER=arm-none-eabi-as" "
TRACE::2026-01-20.16:57:00::SCWMssOS::ARCHIVER=arm-none-eabi-ar" "COMPILER_FLAGS=  -O2 -c" "EXTRA_COMPILER_FLAGS=-mcpu=cortex-a9 -mfpu=vfpv3 -mfloat-abi=hard -nostar
TRACE::2026-01-20.16:57:00::SCWMssOS::tfiles -g -Wall -Wextra -fno-tree-loop-distribute-patterns"

TRACE::2026-01-20.16:57:00::SCWMssOS::"Running Make libs in ps7_cortexa9_0/libsrc/gpiops_v3_9/src"

TRACE::2026-01-20.16:57:00::SCWMssOS::make -C ps7_cortexa9_0/libsrc/gpiops_v3_9/src -s libs  "SHELL=CMD" "COMPILER=arm-none-eabi-gcc" "ASSEMBLER=arm-none-eabi-as" "A
TRACE::2026-01-20.16:57:00::SCWMssOS::RCHIVER=arm-none-eabi-ar" "COMPILER_FLAGS=  -O2 -c" "EXTRA_COMPILER_FLAGS=-mcpu=cortex-a9 -mfpu=vfpv3 -mfloat-abi=hard -nostart
TRACE::2026-01-20.16:57:00::SCWMssOS::files -g -Wall -Wextra -fno-tree-loop-distribute-patterns"

TRACE::2026-01-20.16:57:00::SCWMssOS::"Running Make libs in ps7_cortexa9_0/libsrc/qspips_v3_9/src"

TRACE::2026-01-20.16:57:00::SCWMssOS::make -C ps7_cortexa9_0/libsrc/qspips_v3_9/src -s libs  "SHELL=CMD" "COMPILER=arm-none-eabi-gcc" "ASSEMBLER=arm-none-eabi-as" "A
TRACE::2026-01-20.16:57:00::SCWMssOS::RCHIVER=arm-none-eabi-ar" "COMPILER_FLAGS=  -O2 -c" "EXTRA_COMPILER_FLAGS=-mcpu=cortex-a9 -mfpu=vfpv3 -mfloat-abi=hard -nostart
TRACE::2026-01-20.16:57:00::SCWMssOS::files -g -Wall -Wextra -fno-tree-loop-distribute-patterns"

TRACE::2026-01-20.16:57:00::SCWMssOS::"Running Make libs in ps7_cortexa9_0/libsrc/scugic_v4_5/src"

TRACE::2026-01-20.16:57:00::SCWMssOS::make -C ps7_cortexa9_0/libsrc/scugic_v4_5/src -s libs  "SHELL=CMD" "COMPILER=arm-none-eabi-gcc" "ASSEMBLER=arm-none-eabi-as" "A
TRACE::2026-01-20.16:57:00::SCWMssOS::RCHIVER=arm-none-eabi-ar" "COMPILER_FLAGS=  -O2 -c" "EXTRA_COMPILER_FLAGS=-mcpu=cortex-a9 -mfpu=vfpv3 -mfloat-abi=hard -nostart
TRACE::2026-01-20.16:57:00::SCWMssOS::files -g -Wall -Wextra -fno-tree-loop-distribute-patterns"

TRACE::2026-01-20.16:57:00::SCWMssOS::"Running Make libs in ps7_cortexa9_0/libsrc/scutimer_v2_3/src"

TRACE::2026-01-20.16:57:00::SCWMssOS::make -C ps7_cortexa9_0/libsrc/scutimer_v2_3/src -s libs  "SHELL=CMD" "COMPILER=arm-none-eabi-gcc" "ASSEMBLER=arm-none-eabi-as" 
TRACE::2026-01-20.16:57:00::SCWMssOS::"ARCHIVER=arm-none-eabi-ar" "COMPILER_FLAGS=  -O2 -c" "EXTRA_COMPILER_FLAGS=-mcpu=cortex-a9 -mfpu=vfpv3 -mfloat-abi=hard -nosta
TRACE::2026-01-20.16:57:00::SCWMssOS::rtfiles -g -Wall -Wextra -fno-tree-loop-distribute-patterns"

TRACE::2026-01-20.16:57:00::SCWMssOS::"Running Make libs in ps7_cortexa9_0/libsrc/scuwdt_v2_4/src"

TRACE::2026-01-20.16:57:00::SCWMssOS::make -C ps7_cortexa9_0/libsrc/scuwdt_v2_4/src -s libs  "SHELL=CMD" "COMPILER=arm-none-eabi-gcc" "ASSEMBLER=arm-none-eabi-as" "A
TRACE::2026-01-20.16:57:00::SCWMssOS::RCHIVER=arm-none-eabi-ar" "COMPILER_FLAGS=  -O2 -c" "EXTRA_COMPILER_FLAGS=-mcpu=cortex-a9 -mfpu=vfpv3 -mfloat-abi=hard -nostart
TRACE::2026-01-20.16:57:00::SCWMssOS::files -g -Wall -Wextra -fno-tree-loop-distribute-patterns"

TRACE::2026-01-20.16:57:01::SCWMssOS::"Running Make libs in ps7_cortexa9_0/libsrc/sdps_v3_12/src"

TRACE::2026-01-20.16:57:01::SCWMssOS::make -C ps7_cortexa9_0/libsrc/sdps_v3_12/src -s libs  "SHELL=CMD" "COMPILER=arm-none-eabi-gcc" "ASSEMBLER=arm-none-eabi-as" "AR
TRACE::2026-01-20.16:57:01::SCWMssOS::CHIVER=arm-none-eabi-ar" "COMPILER_FLAGS=  -O2 -c" "EXTRA_COMPILER_FLAGS=-mcpu=cortex-a9 -mfpu=vfpv3 -mfloat-abi=hard -nostartf
TRACE::2026-01-20.16:57:01::SCWMssOS::iles -g -Wall -Wextra -fno-tree-loop-distribute-patterns"

TRACE::2026-01-20.16:57:01::SCWMssOS::"Running Make libs in ps7_cortexa9_0/libsrc/standalone_v7_5/src"

TRACE::2026-01-20.16:57:01::SCWMssOS::make -C ps7_cortexa9_0/libsrc/standalone_v7_5/src -s libs  "SHELL=CMD" "COMPILER=arm-none-eabi-gcc" "ASSEMBLER=arm-none-eabi-as
TRACE::2026-01-20.16:57:01::SCWMssOS::" "ARCHIVER=arm-none-eabi-ar" "COMPILER_FLAGS=  -O2 -c" "EXTRA_COMPILER_FLAGS=-mcpu=cortex-a9 -mfpu=vfpv3 -mfloat-abi=hard -nos
TRACE::2026-01-20.16:57:01::SCWMssOS::tartfiles -g -Wall -Wextra -fno-tree-loop-distribute-patterns"

TRACE::2026-01-20.16:57:01::SCWMssOS::"Running Make libs in ps7_cortexa9_0/libsrc/uartps_v3_11/src"

TRACE::2026-01-20.16:57:01::SCWMssOS::make -C ps7_cortexa9_0/libsrc/uartps_v3_11/src -s libs  "SHELL=CMD" "COMPILER=arm-none-eabi-gcc" "ASSEMBLER=arm-none-eabi-as" "
TRACE::2026-01-20.16:57:01::SCWMssOS::ARCHIVER=arm-none-eabi-ar" "COMPILER_FLAGS=  -O2 -c" "EXTRA_COMPILER_FLAGS=-mcpu=cortex-a9 -mfpu=vfpv3 -mfloat-abi=hard -nostar
TRACE::2026-01-20.16:57:01::SCWMssOS::tfiles -g -Wall -Wextra -fno-tree-loop-distribute-patterns"

TRACE::2026-01-20.16:57:01::SCWMssOS::"Running Make libs in ps7_cortexa9_0/libsrc/usbps_v2_7/src"

TRACE::2026-01-20.16:57:01::SCWMssOS::make -C ps7_cortexa9_0/libsrc/usbps_v2_7/src -s libs  "SHELL=CMD" "COMPILER=arm-none-eabi-gcc" "ASSEMBLER=arm-none-eabi-as" "AR
TRACE::2026-01-20.16:57:01::SCWMssOS::CHIVER=arm-none-eabi-ar" "COMPILER_FLAGS=  -O2 -c" "EXTRA_COMPILER_FLAGS=-mcpu=cortex-a9 -mfpu=vfpv3 -mfloat-abi=hard -nostartf
TRACE::2026-01-20.16:57:01::SCWMssOS::iles -g -Wall -Wextra -fno-tree-loop-distribute-patterns"

TRACE::2026-01-20.16:57:01::SCWMssOS::"Running Make libs in ps7_cortexa9_0/libsrc/xadcps_v2_6/src"

TRACE::2026-01-20.16:57:01::SCWMssOS::make -C ps7_cortexa9_0/libsrc/xadcps_v2_6/src -s libs  "SHELL=CMD" "COMPILER=arm-none-eabi-gcc" "ASSEMBLER=arm-none-eabi-as" "A
TRACE::2026-01-20.16:57:01::SCWMssOS::RCHIVER=arm-none-eabi-ar" "COMPILER_FLAGS=  -O2 -c" "EXTRA_COMPILER_FLAGS=-mcpu=cortex-a9 -mfpu=vfpv3 -mfloat-abi=hard -nostart
TRACE::2026-01-20.16:57:01::SCWMssOS::files -g -Wall -Wextra -fno-tree-loop-distribute-patterns"

TRACE::2026-01-20.16:57:02::SCWMssOS::'Finished building libraries parallelly.'

TRACE::2026-01-20.16:57:02::SCWMssOS::make --no-print-directory archive

TRACE::2026-01-20.16:57:02::SCWMssOS::arm-none-eabi-ar -r  ps7_cortexa9_0/lib/libxil.a ps7_cortexa9_0/lib/xil_testcache.o ps7_cortexa9_0/lib/xadcps_selftest.o ps7_co
TRACE::2026-01-20.16:57:02::SCWMssOS::rtexa9_0/lib/xplatform_info.o ps7_cortexa9_0/lib/xil_mmu.o ps7_cortexa9_0/lib/_exit.o ps7_cortexa9_0/lib/xusbps_sinit.o ps7_cor
TRACE::2026-01-20.16:57:02::SCWMssOS::texa9_0/lib/xdevcfg_hw.o ps7_cortexa9_0/lib/xil_sleeptimer.o ps7_cortexa9_0/lib/xqspips_options.o ps7_cortexa9_0/lib/xdmaps_g.o
TRACE::2026-01-20.16:57:02::SCWMssOS:: ps7_cortexa9_0/lib/xscutimer_g.o ps7_cortexa9_0/lib/xsdps_options.o ps7_cortexa9_0/lib/xil_misc_psreset_api.o ps7_cortexa9_0/l
TRACE::2026-01-20.16:57:02::SCWMssOS::ib/xdmaps_sinit.o ps7_cortexa9_0/lib/xscutimer_sinit.o ps7_cortexa9_0/lib/xemacps_hw.o ps7_cortexa9_0/lib/inbyte.o ps7_cortexa9
TRACE::2026-01-20.16:57:02::SCWMssOS::_0/lib/xdmaps_selftest.o ps7_cortexa9_0/lib/xscutimer_selftest.o ps7_cortexa9_0/lib/putnum.o ps7_cortexa9_0/lib/xadcps_intr.o p
TRACE::2026-01-20.16:57:02::SCWMssOS::s7_cortexa9_0/lib/xgpiops_g.o ps7_cortexa9_0/lib/xsdps.o ps7_cortexa9_0/lib/close.o ps7_cortexa9_0/lib/xgpiops_intr.o ps7_corte
TRACE::2026-01-20.16:57:02::SCWMssOS::xa9_0/lib/xdma_g.o ps7_cortexa9_0/lib/xgpiops_sinit.o ps7_cortexa9_0/lib/xdma_sinit.o ps7_cortexa9_0/lib/xgpiops_selftest.o ps7
TRACE::2026-01-20.16:57:02::SCWMssOS::_cortexa9_0/lib/xscuwdt.o ps7_cortexa9_0/lib/xgpiops.o ps7_cortexa9_0/lib/xil_clocking.o ps7_cortexa9_0/lib/xil_mem.o ps7_corte
TRACE::2026-01-20.16:57:02::SCWMssOS::xa9_0/lib/time.o ps7_cortexa9_0/lib/xil_printf.o ps7_cortexa9_0/lib/kill.o ps7_cortexa9_0/lib/xuartps_g.o ps7_cortexa9_0/lib/xa
TRACE::2026-01-20.16:57:02::SCWMssOS::dcps.o ps7_cortexa9_0/lib/xuartps_sinit.o ps7_cortexa9_0/lib/xuartps_selftest.o ps7_cortexa9_0/lib/outbyte.o ps7_cortexa9_0/lib
TRACE::2026-01-20.16:57:02::SCWMssOS::/lseek.o ps7_cortexa9_0/lib/xusbps_hw.o ps7_cortexa9_0/lib/xl2cc_counter.o ps7_cortexa9_0/lib/asm_vectors.o ps7_cortexa9_0/lib/
TRACE::2026-01-20.16:57:02::SCWMssOS::abort.o ps7_cortexa9_0/lib/xscugic_intr.o ps7_cortexa9_0/lib/getpid.o ps7_cortexa9_0/lib/xdevcfg_sinit.o ps7_cortexa9_0/lib/xdm
TRACE::2026-01-20.16:57:02::SCWMssOS::aps.o ps7_cortexa9_0/lib/xscutimer.o ps7_cortexa9_0/lib/xdevcfg_selftest.o ps7_cortexa9_0/lib/xpm_counter.o ps7_cortexa9_0/lib/
TRACE::2026-01-20.16:57:02::SCWMssOS::_sbrk.o ps7_cortexa9_0/lib/xemacps_sinit.o ps7_cortexa9_0/lib/xqspips_g.o ps7_cortexa9_0/lib/xusbps.o ps7_cortexa9_0/lib/xusbps
TRACE::2026-01-20.16:57:02::SCWMssOS::_endpoint.o ps7_cortexa9_0/lib/xusbps_g.o ps7_cortexa9_0/lib/xsdps_sinit.o ps7_cortexa9_0/lib/xqspips_selftest.o ps7_cortexa9_0
TRACE::2026-01-20.16:57:02::SCWMssOS::/lib/xil_exception.o ps7_cortexa9_0/lib/xil_testmem.o ps7_cortexa9_0/lib/xemacps_control.o ps7_cortexa9_0/lib/open.o ps7_cortex
TRACE::2026-01-20.16:57:02::SCWMssOS::a9_0/lib/xil_assert.o ps7_cortexa9_0/lib/xusbps_intr.o ps7_cortexa9_0/lib/xsdps_host.o ps7_cortexa9_0/lib/xcoresightpsdcc.o ps7
TRACE::2026-01-20.16:57:02::SCWMssOS::_cortexa9_0/lib/xscugic_hw.o ps7_cortexa9_0/lib/sleep.o ps7_cortexa9_0/lib/cpputest_time.o ps7_cortexa9_0/lib/xil_spinlock.o ps
TRACE::2026-01-20.16:57:02::SCWMssOS::7_cortexa9_0/lib/fcntl.o ps7_cortexa9_0/lib/print.o ps7_cortexa9_0/lib/read.o ps7_cortexa9_0/lib/xdevcfg.o ps7_cortexa9_0/lib/x
TRACE::2026-01-20.16:57:02::SCWMssOS::qspips.o ps7_cortexa9_0/lib/xemacps.o ps7_cortexa9_0/lib/xil_cache.o ps7_cortexa9_0/lib/xil_testio.o ps7_cortexa9_0/lib/_open.o
TRACE::2026-01-20.16:57:02::SCWMssOS:: ps7_cortexa9_0/lib/unlink.o ps7_cortexa9_0/lib/xdma.o ps7_cortexa9_0/lib/translation_table.o ps7_cortexa9_0/lib/write.o ps7_co
TRACE::2026-01-20.16:57:02::SCWMssOS::rtexa9_0/lib/boot.o ps7_cortexa9_0/lib/xemacps_bdring.o ps7_cortexa9_0/lib/cpu_init.o ps7_cortexa9_0/lib/vectors.o ps7_cortexa9
TRACE::2026-01-20.16:57:02::SCWMssOS::_0/lib/usleep.o ps7_cortexa9_0/lib/xil_sleepcommon.o ps7_cortexa9_0/lib/xscugic_g.o ps7_cortexa9_0/lib/xscugic_sinit.o ps7_cort
TRACE::2026-01-20.16:57:02::SCWMssOS::exa9_0/lib/xdevcfg_g.o ps7_cortexa9_0/lib/xtime_l.o ps7_cortexa9_0/lib/xdma_linux.o ps7_cortexa9_0/lib/xscugic_selftest.o ps7_c
TRACE::2026-01-20.16:57:02::SCWMssOS::ortexa9_0/lib/xil_util.o ps7_cortexa9_0/lib/xuartps_intr.o ps7_cortexa9_0/lib/xuartps.o ps7_cortexa9_0/lib/xsdps_card.o ps7_cor
TRACE::2026-01-20.16:57:02::SCWMssOS::texa9_0/lib/xdmaps_hw.o ps7_cortexa9_0/lib/sbrk.o ps7_cortexa9_0/lib/xgpiops_hw.o ps7_cortexa9_0/lib/xsdps_g.o ps7_cortexa9_0/l
TRACE::2026-01-20.16:57:02::SCWMssOS::ib/fstat.o ps7_cortexa9_0/lib/xqspips_hw.o ps7_cortexa9_0/lib/errno.o ps7_cortexa9_0/lib/xdevcfg_intr.o ps7_cortexa9_0/lib/xuar
TRACE::2026-01-20.16:57:02::SCWMssOS::tps_options.o ps7_cortexa9_0/lib/xscuwdt_g.o ps7_cortexa9_0/lib/xemacps_g.o ps7_cortexa9_0/lib/xscuwdt_sinit.o ps7_cortexa9_0/l
TRACE::2026-01-20.16:57:02::SCWMssOS::ib/xemacps_intr.o ps7_cortexa9_0/lib/xscuwdt_selftest.o ps7_cortexa9_0/lib/isatty.o ps7_cortexa9_0/lib/xil-crt0.o ps7_cortexa9_
TRACE::2026-01-20.16:57:02::SCWMssOS::0/lib/xscugic.o ps7_cortexa9_0/lib/xuartps_hw.o ps7_cortexa9_0/lib/xadcps_g.o ps7_cortexa9_0/lib/xqspips_sinit.o ps7_cortexa9_0
TRACE::2026-01-20.16:57:02::SCWMssOS::/lib/xadcps_sinit.o

TRACE::2026-01-20.16:57:03::SCWMssOS::'Finished building libraries'

TRACE::2026-01-20.16:57:03::SCWMssOS::Copying to export directory.
TRACE::2026-01-20.16:57:04::SCWMssOS:: Checking if to create the Supporting Applications
TRACE::2026-01-20.16:57:04::SCWMssOS:: No Linux domain exists, trying to generate FSBL 
LOG::2026-01-20.16:57:04::SCWSystem::Completed Processing the domain standalone_domain
LOG::2026-01-20.16:57:04::SCWSystem::Completed Processing the sysconfig delay-and-sum-v2-platform
LOG::2026-01-20.16:57:04::SCWPlatform::Completed generating the artifacts for system configuration delay-and-sum-v2-platform
TRACE::2026-01-20.16:57:04::SCWPlatform::Started preparing the platform 
TRACE::2026-01-20.16:57:04::SCWSystem::Writing the bif file for system config delay-and-sum-v2-platform
TRACE::2026-01-20.16:57:04::SCWSystem::dir created 
TRACE::2026-01-20.16:57:04::SCWSystem::Writing the bif 
TRACE::2026-01-20.16:57:04::SCWPlatform::Started writing the spfm file 
TRACE::2026-01-20.16:57:04::SCWPlatform::Started writing the xpfm file 
TRACE::2026-01-20.16:57:04::SCWPlatform::Completed generating the platform
TRACE::2026-01-20.16:57:04::SCWMssOS::Saving the mss changes C:/Users/CamLT/AX7010_Work/UltrasonicFPGA2021/delay-and-sum-v2/delay-and-sum-v2-platform/zynq_fsbl/zynq_fsbl_bsp/system.mss
TRACE::2026-01-20.16:57:04::SCWMssOS::Found a swdesign opened with the mssfile.
TRACE::2026-01-20.16:57:04::SCWMssOS::Completed writemss as part of save.
TRACE::2026-01-20.16:57:04::SCWMssOS::Commit changes completed.
TRACE::2026-01-20.16:57:04::SCWMssOS::Saving the mss changes C:/Users/CamLT/AX7010_Work/UltrasonicFPGA2021/delay-and-sum-v2/delay-and-sum-v2-platform/ps7_cortexa9_0/standalone_domain/bsp/system.mss
TRACE::2026-01-20.16:57:04::SCWMssOS::Found a swdesign opened with the mssfile.
TRACE::2026-01-20.16:57:04::SCWMssOS::Completed writemss as part of save.
TRACE::2026-01-20.16:57:04::SCWMssOS::Commit changes completed.
TRACE::2026-01-20.16:57:04::SCWPlatform::Trying to open the hw design at C:/Users/CamLT/AX7010_Work/UltrasonicFPGA2021/delay-and-sum-v2/delay-and-sum-v2-platform/hw/Demodulator_128Ch_wrapper.xsa
TRACE::2026-01-20.16:57:04::SCWPlatform::DSA given C:/Users/CamLT/AX7010_Work/UltrasonicFPGA2021/delay-and-sum-v2/delay-and-sum-v2-platform/hw/Demodulator_128Ch_wrapper.xsa
TRACE::2026-01-20.16:57:04::SCWPlatform::DSA absoulate path C:/Users/CamLT/AX7010_Work/UltrasonicFPGA2021/delay-and-sum-v2/delay-and-sum-v2-platform/hw/Demodulator_128Ch_wrapper.xsa
TRACE::2026-01-20.16:57:04::SCWPlatform::DSA directory C:/Users/CamLT/AX7010_Work/UltrasonicFPGA2021/delay-and-sum-v2/delay-and-sum-v2-platform/hw
TRACE::2026-01-20.16:57:04::SCWPlatform:: Platform Path C:/Users/CamLT/AX7010_Work/UltrasonicFPGA2021/delay-and-sum-v2/delay-and-sum-v2-platform/hw/Demodulator_128Ch_wrapper.xsa
TRACE::2026-01-20.16:57:04::SCWPlatform:: Unique name xilinx:::0.0
TRACE::2026-01-20.16:57:04::SCWPlatform::Trying to set the existing hwdb with name Demodulator_128Ch_wrapper_1
TRACE::2026-01-20.16:57:04::SCWPlatform::Opened existing hwdb Demodulator_128Ch_wrapper_1
TRACE::2026-01-20.16:57:04::SCWPlatform::Found the Hw Db part of the input DSA
TRACE::2026-01-20.16:57:04::SCWMssOS::Checking the sw design at  C:/Users/CamLT/AX7010_Work/UltrasonicFPGA2021/delay-and-sum-v2/delay-and-sum-v2-platform/zynq_fsbl/zynq_fsbl_bsp/system.mss
TRACE::2026-01-20.16:57:04::SCWMssOS::DEBUG:  swdes dump  C:/Users/CamLT/AX7010_Work/UltrasonicFPGA2021/delay-and-sum-v2/delay-and-sum-v2-platform/ps7_cortexa9_0/standalone_domain/bsp/system.mss|system||
C:/Users/CamLT/AX7010_Work/UltrasonicFPGA2021/delay-and-sum-v2/delay-and-sum-v2-platform/zynq_fsbl/zynq_fsbl_bsp/system.mss|system_0||

TRACE::2026-01-20.16:57:04::SCWMssOS::Sw design exists and opened at  C:/Users/CamLT/AX7010_Work/UltrasonicFPGA2021/delay-and-sum-v2/delay-and-sum-v2-platform/zynq_fsbl/zynq_fsbl_bsp/system.mss
TRACE::2026-01-20.16:57:04::SCWPlatform::Trying to open the hw design at C:/Users/CamLT/AX7010_Work/UltrasonicFPGA2021/delay-and-sum-v2/delay-and-sum-v2-platform/hw/Demodulator_128Ch_wrapper.xsa
TRACE::2026-01-20.16:57:04::SCWPlatform::DSA given C:/Users/CamLT/AX7010_Work/UltrasonicFPGA2021/delay-and-sum-v2/delay-and-sum-v2-platform/hw/Demodulator_128Ch_wrapper.xsa
TRACE::2026-01-20.16:57:04::SCWPlatform::DSA absoulate path C:/Users/CamLT/AX7010_Work/UltrasonicFPGA2021/delay-and-sum-v2/delay-and-sum-v2-platform/hw/Demodulator_128Ch_wrapper.xsa
TRACE::2026-01-20.16:57:04::SCWPlatform::DSA directory C:/Users/CamLT/AX7010_Work/UltrasonicFPGA2021/delay-and-sum-v2/delay-and-sum-v2-platform/hw
TRACE::2026-01-20.16:57:04::SCWPlatform:: Platform Path C:/Users/CamLT/AX7010_Work/UltrasonicFPGA2021/delay-and-sum-v2/delay-and-sum-v2-platform/hw/Demodulator_128Ch_wrapper.xsa
TRACE::2026-01-20.16:57:04::SCWPlatform:: Unique name xilinx:::0.0
TRACE::2026-01-20.16:57:04::SCWPlatform::Trying to set the existing hwdb with name Demodulator_128Ch_wrapper_1
TRACE::2026-01-20.16:57:04::SCWPlatform::Opened existing hwdb Demodulator_128Ch_wrapper_1
TRACE::2026-01-20.16:57:04::SCWPlatform::Found the Hw Db part of the input DSA
TRACE::2026-01-20.16:57:04::SCWMssOS::Checking the sw design at  C:/Users/CamLT/AX7010_Work/UltrasonicFPGA2021/delay-and-sum-v2/delay-and-sum-v2-platform/ps7_cortexa9_0/standalone_domain/bsp/system.mss
TRACE::2026-01-20.16:57:04::SCWMssOS::DEBUG:  swdes dump  C:/Users/CamLT/AX7010_Work/UltrasonicFPGA2021/delay-and-sum-v2/delay-and-sum-v2-platform/ps7_cortexa9_0/standalone_domain/bsp/system.mss|system||
C:/Users/CamLT/AX7010_Work/UltrasonicFPGA2021/delay-and-sum-v2/delay-and-sum-v2-platform/zynq_fsbl/zynq_fsbl_bsp/system.mss|system_0||

TRACE::2026-01-20.16:57:04::SCWMssOS::Sw design exists and opened at  C:/Users/CamLT/AX7010_Work/UltrasonicFPGA2021/delay-and-sum-v2/delay-and-sum-v2-platform/ps7_cortexa9_0/standalone_domain/bsp/system.mss
TRACE::2026-01-20.16:57:04::SCWWriter::formatted JSON is {
	"platformName":	"delay-and-sum-v2-platform",
	"sprVersion":	"2.0",
	"mode":	"gui",
	"dsaType":	"Fixed",
	"platformDesc":	"delay-and-sum-v2-platform",
	"platHandOff":	"C:/Users/CamLT/AX7010_Work/Demodulator_128Ch_wrapper.xsa",
	"platIntHandOff":	"<platformDir>/hw/Demodulator_128Ch_wrapper.xsa",
	"deviceType":	"zynq",
	"platIsPrebuiltAutogen":	"false",
	"platIsNoBootBsp":	"false",
	"hasFsblMakeHasChanges":	"false",
	"hasPmufwMakeHasChanges":	"false",
	"fsblExtraCompilerFlags":	"-MMD -MP       -mcpu=cortex-a9 -mfpu=vfpv3 -mfloat-abi=hard ",
	"platPreBuiltFlag":	false,
	"platformSamplesDir":	"",
	"platActiveSys":	"delay-and-sum-v2-platform",
	"systems":	[{
			"systemName":	"delay-and-sum-v2-platform",
			"systemDesc":	"delay-and-sum-v2-platform",
			"sysIsBootAutoGen":	"true",
			"systemDispName":	"delay-and-sum-v2-platform",
			"sysActiveDom":	"standalone_domain",
			"sysDefaultDom":	"standalone_domain",
			"domains":	[{
					"domainName":	"zynq_fsbl",
					"domainDispName":	"zynq_fsbl",
					"domainDesc":	"FSBL Application BSP - Auto Generated.",
					"processors":	"ps7_cortexa9_0",
					"os":	"standalone",
					"sdxOs":	"standalone",
					"debugEnable":	"",
					"domRuntimes":	["cpp"],
					"swRepo":	"",
					"mssOsVer":	"7.5",
					"mssFile":	"",
					"md5Digest":	"f3dae8f02a170fb93c0638c92ba171da",
					"compatibleApp":	"zynq_fsbl",
					"domType":	"bootDomain",
					"arch":	"32-bit",
					"appSettings":	{
						"appCompilerFlags":	"",
						"appLinkerFlags":	""
					},
					"addedLibs":	["xilffs:4.5", "xilrsa:1.6", "lwip211:1.5"],
					"libOptions":	{
						"libsContainingOptions":	[]
					},
					"prebuiltLibs":	{
						"prebuiltIncPath":	[],
						"prebuiltLibPath":	[]
					},
					"isolation":	{
					}
				}, {
					"domainName":	"standalone_domain",
					"domainDispName":	"standalone on ps7_cortexa9_0",
					"domainDesc":	"standalone_domain",
					"processors":	"ps7_cortexa9_0",
					"os":	"standalone",
					"sdxOs":	"standalone",
					"qemuArgs":	"C:/Xilinx/Vitis/2021.1/data/emulation/platforms/zynq/sw/a9_standalone/qemu/qemu_args.txt",
					"qemuData":	"C:/Xilinx/Vitis/2021.1/data/emulation/platforms/zynq/sw/a9_standalone/qemu/",
					"debugEnable":	"False",
					"domRuntimes":	["cpp"],
					"swRepo":	"",
					"mssOsVer":	"7.5",
					"mssFile":	"",
					"md5Digest":	"c0bcabe2214432c53bf60814567322c2",
					"compatibleApp":	"",
					"domType":	"mssDomain",
					"appSettings":	{
						"appCompilerFlags":	"",
						"appLinkerFlags":	""
					},
					"addedLibs":	["lwip211:1.5"],
					"libOptions":	{
						"libsContainingOptions":	[]
					},
					"prebuiltLibs":	{
						"prebuiltIncPath":	[],
						"prebuiltLibPath":	[]
					},
					"isolation":	{
					}
				}]
		}]
}
KEYINFO::2026-01-20.16:57:04::SCWPlatform::updated the xpfm file.
TRACE::2026-01-20.16:57:04::SCWPlatform::Trying to open the hw design at C:/Users/CamLT/AX7010_Work/UltrasonicFPGA2021/delay-and-sum-v2/delay-and-sum-v2-platform/hw/Demodulator_128Ch_wrapper.xsa
TRACE::2026-01-20.16:57:04::SCWPlatform::DSA given C:/Users/CamLT/AX7010_Work/UltrasonicFPGA2021/delay-and-sum-v2/delay-and-sum-v2-platform/hw/Demodulator_128Ch_wrapper.xsa
TRACE::2026-01-20.16:57:04::SCWPlatform::DSA absoulate path C:/Users/CamLT/AX7010_Work/UltrasonicFPGA2021/delay-and-sum-v2/delay-and-sum-v2-platform/hw/Demodulator_128Ch_wrapper.xsa
TRACE::2026-01-20.16:57:04::SCWPlatform::DSA directory C:/Users/CamLT/AX7010_Work/UltrasonicFPGA2021/delay-and-sum-v2/delay-and-sum-v2-platform/hw
TRACE::2026-01-20.16:57:04::SCWPlatform:: Platform Path C:/Users/CamLT/AX7010_Work/UltrasonicFPGA2021/delay-and-sum-v2/delay-and-sum-v2-platform/hw/Demodulator_128Ch_wrapper.xsa
TRACE::2026-01-20.16:57:04::SCWPlatform:: Unique name xilinx:::0.0
TRACE::2026-01-20.16:57:04::SCWPlatform::Trying to set the existing hwdb with name Demodulator_128Ch_wrapper_1
TRACE::2026-01-20.16:57:04::SCWPlatform::Opened existing hwdb Demodulator_128Ch_wrapper_1
TRACE::2026-01-20.16:57:04::SCWPlatform::Found the Hw Db part of the input DSA
TRACE::2026-01-20.16:57:04::SCWMssOS::Checking the sw design at  C:/Users/CamLT/AX7010_Work/UltrasonicFPGA2021/delay-and-sum-v2/delay-and-sum-v2-platform/ps7_cortexa9_0/standalone_domain/bsp/system.mss
TRACE::2026-01-20.16:57:04::SCWMssOS::DEBUG:  swdes dump  C:/Users/CamLT/AX7010_Work/UltrasonicFPGA2021/delay-and-sum-v2/delay-and-sum-v2-platform/ps7_cortexa9_0/standalone_domain/bsp/system.mss|system||
C:/Users/CamLT/AX7010_Work/UltrasonicFPGA2021/delay-and-sum-v2/delay-and-sum-v2-platform/zynq_fsbl/zynq_fsbl_bsp/system.mss|system_0||

TRACE::2026-01-20.16:57:04::SCWMssOS::Sw design exists and opened at  C:/Users/CamLT/AX7010_Work/UltrasonicFPGA2021/delay-and-sum-v2/delay-and-sum-v2-platform/ps7_cortexa9_0/standalone_domain/bsp/system.mss
TRACE::2026-01-22.14:57:03::SCWPlatform::DSA given C:/Users/CamLT/AX7010_Work/UltrasonicFPGA2021/delay-and-sum-v2/delay-and-sum-v2-platform/tempdsa/Demodulator_128Ch_wrapper22.xsa
TRACE::2026-01-22.14:57:03::SCWPlatform::DSA absoulate path C:/Users/CamLT/AX7010_Work/UltrasonicFPGA2021/delay-and-sum-v2/delay-and-sum-v2-platform/tempdsa/Demodulator_128Ch_wrapper22.xsa
TRACE::2026-01-22.14:57:03::SCWPlatform:: Platform location is C:/Users/CamLT/AX7010_Work/UltrasonicFPGA2021/delay-and-sum-v2/delay-and-sum-v2-platform/tempdsa
TRACE::2026-01-22.14:57:03::SCWPlatform:: Platform Path C:/Users/CamLT/AX7010_Work/UltrasonicFPGA2021/delay-and-sum-v2/delay-and-sum-v2-platform/tempdsa/Demodulator_128Ch_wrapper22.xsa
TRACE::2026-01-22.14:57:03::SCWPlatform:: Unique name xilinx:::0.0
TRACE::2026-01-22.14:57:06::SCWPlatform::Found the Hw Db part of the input DSA
TRACE::2026-01-22.14:57:06::SCWMssOS::Doing hw sync for the mss in domain: zynq_fsbl
TRACE::2026-01-22.14:57:06::SCWPlatform::Trying to open the hw design at C:/Users/CamLT/AX7010_Work/UltrasonicFPGA2021/delay-and-sum-v2/delay-and-sum-v2-platform/hw/Demodulator_128Ch_wrapper.xsa
TRACE::2026-01-22.14:57:06::SCWPlatform::DSA given C:/Users/CamLT/AX7010_Work/UltrasonicFPGA2021/delay-and-sum-v2/delay-and-sum-v2-platform/hw/Demodulator_128Ch_wrapper.xsa
TRACE::2026-01-22.14:57:06::SCWPlatform::DSA absoulate path C:/Users/CamLT/AX7010_Work/UltrasonicFPGA2021/delay-and-sum-v2/delay-and-sum-v2-platform/hw/Demodulator_128Ch_wrapper.xsa
TRACE::2026-01-22.14:57:06::SCWPlatform::DSA directory C:/Users/CamLT/AX7010_Work/UltrasonicFPGA2021/delay-and-sum-v2/delay-and-sum-v2-platform/hw
TRACE::2026-01-22.14:57:06::SCWPlatform:: Platform Path C:/Users/CamLT/AX7010_Work/UltrasonicFPGA2021/delay-and-sum-v2/delay-and-sum-v2-platform/hw/Demodulator_128Ch_wrapper.xsa
TRACE::2026-01-22.14:57:06::SCWPlatform:: Unique name xilinx:::0.0
TRACE::2026-01-22.14:57:06::SCWPlatform::Trying to set the existing hwdb with name Demodulator_128Ch_wrapper_1
TRACE::2026-01-22.14:57:06::SCWPlatform::Opened existing hwdb Demodulator_128Ch_wrapper_1
TRACE::2026-01-22.14:57:06::SCWPlatform::Found the Hw Db part of the input DSA
TRACE::2026-01-22.14:57:06::SCWPlatform::Trying to open the hw design at C:/Users/CamLT/AX7010_Work/UltrasonicFPGA2021/delay-and-sum-v2/delay-and-sum-v2-platform/hw/Demodulator_128Ch_wrapper.xsa
TRACE::2026-01-22.14:57:06::SCWPlatform::DSA given C:/Users/CamLT/AX7010_Work/UltrasonicFPGA2021/delay-and-sum-v2/delay-and-sum-v2-platform/hw/Demodulator_128Ch_wrapper.xsa
TRACE::2026-01-22.14:57:06::SCWPlatform::DSA absoulate path C:/Users/CamLT/AX7010_Work/UltrasonicFPGA2021/delay-and-sum-v2/delay-and-sum-v2-platform/hw/Demodulator_128Ch_wrapper.xsa
TRACE::2026-01-22.14:57:06::SCWPlatform::DSA directory C:/Users/CamLT/AX7010_Work/UltrasonicFPGA2021/delay-and-sum-v2/delay-and-sum-v2-platform/hw
TRACE::2026-01-22.14:57:06::SCWPlatform:: Platform Path C:/Users/CamLT/AX7010_Work/UltrasonicFPGA2021/delay-and-sum-v2/delay-and-sum-v2-platform/hw/Demodulator_128Ch_wrapper.xsa
TRACE::2026-01-22.14:57:06::SCWPlatform:: Unique name xilinx:::0.0
TRACE::2026-01-22.14:57:06::SCWPlatform::Trying to set the existing hwdb with name Demodulator_128Ch_wrapper_1
TRACE::2026-01-22.14:57:06::SCWPlatform::Opened existing hwdb Demodulator_128Ch_wrapper_1
TRACE::2026-01-22.14:57:06::SCWPlatform::Found the Hw Db part of the input DSA
TRACE::2026-01-22.14:57:06::SCWMssOS::Checking the sw design at  C:/Users/CamLT/AX7010_Work/UltrasonicFPGA2021/delay-and-sum-v2/delay-and-sum-v2-platform/zynq_fsbl/zynq_fsbl_bsp/system.mss
TRACE::2026-01-22.14:57:06::SCWMssOS::DEBUG:  swdes dump  C:/Users/CamLT/AX7010_Work/UltrasonicFPGA2021/delay-and-sum-v2/delay-and-sum-v2-platform/ps7_cortexa9_0/standalone_domain/bsp/system.mss|system||
C:/Users/CamLT/AX7010_Work/UltrasonicFPGA2021/delay-and-sum-v2/delay-and-sum-v2-platform/zynq_fsbl/zynq_fsbl_bsp/system.mss|system_0||

TRACE::2026-01-22.14:57:06::SCWMssOS::Sw design exists and opened at  C:/Users/CamLT/AX7010_Work/UltrasonicFPGA2021/delay-and-sum-v2/delay-and-sum-v2-platform/zynq_fsbl/zynq_fsbl_bsp/system.mss
TRACE::2026-01-22.14:57:06::SCWPlatform::Trying to open the hw design at C:/Users/CamLT/AX7010_Work/UltrasonicFPGA2021/delay-and-sum-v2/delay-and-sum-v2-platform/tempdsa/Demodulator_128Ch_wrapper22.xsa
TRACE::2026-01-22.14:57:06::SCWPlatform::DSA given C:/Users/CamLT/AX7010_Work/UltrasonicFPGA2021/delay-and-sum-v2/delay-and-sum-v2-platform/tempdsa/Demodulator_128Ch_wrapper22.xsa
TRACE::2026-01-22.14:57:06::SCWPlatform::DSA absoulate path C:/Users/CamLT/AX7010_Work/UltrasonicFPGA2021/delay-and-sum-v2/delay-and-sum-v2-platform/tempdsa/Demodulator_128Ch_wrapper22.xsa
TRACE::2026-01-22.14:57:06::SCWPlatform::DSA directory C:/Users/CamLT/AX7010_Work/UltrasonicFPGA2021/delay-and-sum-v2/delay-and-sum-v2-platform/tempdsa
TRACE::2026-01-22.14:57:06::SCWPlatform:: Platform Path C:/Users/CamLT/AX7010_Work/UltrasonicFPGA2021/delay-and-sum-v2/delay-and-sum-v2-platform/tempdsa/Demodulator_128Ch_wrapper22.xsa
TRACE::2026-01-22.14:57:06::SCWPlatform:: Unique name xilinx:::0.0
TRACE::2026-01-22.14:57:06::SCWPlatform::update - Opened existing hwdb Demodulator_128Ch_wrapper_4
TRACE::2026-01-22.14:57:06::SCWPlatform::Found the Hw Db part of the input DSA
TRACE::2026-01-22.14:57:06::SCWMssOS::Doing hw sync for the mss in domain: standalone_domain
TRACE::2026-01-22.14:57:06::SCWPlatform::Trying to open the hw design at C:/Users/CamLT/AX7010_Work/UltrasonicFPGA2021/delay-and-sum-v2/delay-and-sum-v2-platform/hw/Demodulator_128Ch_wrapper.xsa
TRACE::2026-01-22.14:57:06::SCWPlatform::DSA given C:/Users/CamLT/AX7010_Work/UltrasonicFPGA2021/delay-and-sum-v2/delay-and-sum-v2-platform/hw/Demodulator_128Ch_wrapper.xsa
TRACE::2026-01-22.14:57:06::SCWPlatform::DSA absoulate path C:/Users/CamLT/AX7010_Work/UltrasonicFPGA2021/delay-and-sum-v2/delay-and-sum-v2-platform/hw/Demodulator_128Ch_wrapper.xsa
TRACE::2026-01-22.14:57:06::SCWPlatform::DSA directory C:/Users/CamLT/AX7010_Work/UltrasonicFPGA2021/delay-and-sum-v2/delay-and-sum-v2-platform/hw
TRACE::2026-01-22.14:57:06::SCWPlatform:: Platform Path C:/Users/CamLT/AX7010_Work/UltrasonicFPGA2021/delay-and-sum-v2/delay-and-sum-v2-platform/hw/Demodulator_128Ch_wrapper.xsa
TRACE::2026-01-22.14:57:06::SCWPlatform:: Unique name xilinx:::0.0
TRACE::2026-01-22.14:57:06::SCWPlatform::Trying to set the existing hwdb with name Demodulator_128Ch_wrapper_1
TRACE::2026-01-22.14:57:06::SCWPlatform::Opened existing hwdb Demodulator_128Ch_wrapper_1
TRACE::2026-01-22.14:57:06::SCWPlatform::Found the Hw Db part of the input DSA
TRACE::2026-01-22.14:57:06::SCWPlatform::Trying to open the hw design at C:/Users/CamLT/AX7010_Work/UltrasonicFPGA2021/delay-and-sum-v2/delay-and-sum-v2-platform/hw/Demodulator_128Ch_wrapper.xsa
TRACE::2026-01-22.14:57:06::SCWPlatform::DSA given C:/Users/CamLT/AX7010_Work/UltrasonicFPGA2021/delay-and-sum-v2/delay-and-sum-v2-platform/hw/Demodulator_128Ch_wrapper.xsa
TRACE::2026-01-22.14:57:06::SCWPlatform::DSA absoulate path C:/Users/CamLT/AX7010_Work/UltrasonicFPGA2021/delay-and-sum-v2/delay-and-sum-v2-platform/hw/Demodulator_128Ch_wrapper.xsa
TRACE::2026-01-22.14:57:06::SCWPlatform::DSA directory C:/Users/CamLT/AX7010_Work/UltrasonicFPGA2021/delay-and-sum-v2/delay-and-sum-v2-platform/hw
TRACE::2026-01-22.14:57:06::SCWPlatform:: Platform Path C:/Users/CamLT/AX7010_Work/UltrasonicFPGA2021/delay-and-sum-v2/delay-and-sum-v2-platform/hw/Demodulator_128Ch_wrapper.xsa
TRACE::2026-01-22.14:57:06::SCWPlatform:: Unique name xilinx:::0.0
TRACE::2026-01-22.14:57:06::SCWPlatform::Trying to set the existing hwdb with name Demodulator_128Ch_wrapper_1
TRACE::2026-01-22.14:57:06::SCWPlatform::Opened existing hwdb Demodulator_128Ch_wrapper_1
TRACE::2026-01-22.14:57:06::SCWPlatform::Found the Hw Db part of the input DSA
TRACE::2026-01-22.14:57:06::SCWMssOS::Checking the sw design at  C:/Users/CamLT/AX7010_Work/UltrasonicFPGA2021/delay-and-sum-v2/delay-and-sum-v2-platform/ps7_cortexa9_0/standalone_domain/bsp/system.mss
TRACE::2026-01-22.14:57:06::SCWMssOS::DEBUG:  swdes dump  C:/Users/CamLT/AX7010_Work/UltrasonicFPGA2021/delay-and-sum-v2/delay-and-sum-v2-platform/ps7_cortexa9_0/standalone_domain/bsp/system.mss|system||
C:/Users/CamLT/AX7010_Work/UltrasonicFPGA2021/delay-and-sum-v2/delay-and-sum-v2-platform/zynq_fsbl/zynq_fsbl_bsp/system.mss|system_0||

TRACE::2026-01-22.14:57:06::SCWMssOS::Sw design exists and opened at  C:/Users/CamLT/AX7010_Work/UltrasonicFPGA2021/delay-and-sum-v2/delay-and-sum-v2-platform/ps7_cortexa9_0/standalone_domain/bsp/system.mss
TRACE::2026-01-22.14:57:06::SCWPlatform::Trying to open the hw design at C:/Users/CamLT/AX7010_Work/UltrasonicFPGA2021/delay-and-sum-v2/delay-and-sum-v2-platform/tempdsa/Demodulator_128Ch_wrapper22.xsa
TRACE::2026-01-22.14:57:06::SCWPlatform::DSA given C:/Users/CamLT/AX7010_Work/UltrasonicFPGA2021/delay-and-sum-v2/delay-and-sum-v2-platform/tempdsa/Demodulator_128Ch_wrapper22.xsa
TRACE::2026-01-22.14:57:06::SCWPlatform::DSA absoulate path C:/Users/CamLT/AX7010_Work/UltrasonicFPGA2021/delay-and-sum-v2/delay-and-sum-v2-platform/tempdsa/Demodulator_128Ch_wrapper22.xsa
TRACE::2026-01-22.14:57:06::SCWPlatform::DSA directory C:/Users/CamLT/AX7010_Work/UltrasonicFPGA2021/delay-and-sum-v2/delay-and-sum-v2-platform/tempdsa
TRACE::2026-01-22.14:57:06::SCWPlatform:: Platform Path C:/Users/CamLT/AX7010_Work/UltrasonicFPGA2021/delay-and-sum-v2/delay-and-sum-v2-platform/tempdsa/Demodulator_128Ch_wrapper22.xsa
TRACE::2026-01-22.14:57:06::SCWPlatform:: Unique name xilinx:::0.0
TRACE::2026-01-22.14:57:06::SCWPlatform::update - Opened existing hwdb Demodulator_128Ch_wrapper_4
TRACE::2026-01-22.14:57:06::SCWPlatform::Found the Hw Db part of the input DSA
TRACE::2026-01-22.14:57:06::SCWMssOS::Saving the mss changes C:/Users/CamLT/AX7010_Work/UltrasonicFPGA2021/delay-and-sum-v2/delay-and-sum-v2-platform/zynq_fsbl/zynq_fsbl_bsp/system.mss
TRACE::2026-01-22.14:57:06::SCWMssOS::Found a swdesign opened with the mssfile.
TRACE::2026-01-22.14:57:06::SCWMssOS::Completed writemss as part of save.
TRACE::2026-01-22.14:57:06::SCWMssOS::Commit changes completed.
TRACE::2026-01-22.14:57:06::SCWMssOS::Completed hw sync for the mss in domain: zynq_fsbl
TRACE::2026-01-22.14:57:06::SCWMssOS::Removing the swdes entry for  C:/Users/CamLT/AX7010_Work/UltrasonicFPGA2021/delay-and-sum-v2/delay-and-sum-v2-platform/zynq_fsbl/zynq_fsbl_bsp/system.mss
TRACE::2026-01-22.14:57:06::SCWMssOS::Saving the mss changes C:/Users/CamLT/AX7010_Work/UltrasonicFPGA2021/delay-and-sum-v2/delay-and-sum-v2-platform/ps7_cortexa9_0/standalone_domain/bsp/system.mss
TRACE::2026-01-22.14:57:06::SCWMssOS::Found a swdesign opened with the mssfile.
TRACE::2026-01-22.14:57:06::SCWMssOS::Completed writemss as part of save.
TRACE::2026-01-22.14:57:06::SCWMssOS::Commit changes completed.
TRACE::2026-01-22.14:57:06::SCWMssOS::Completed hw sync for the mss in domain: standalone_domain
TRACE::2026-01-22.14:57:06::SCWMssOS::Removing the swdes entry for  C:/Users/CamLT/AX7010_Work/UltrasonicFPGA2021/delay-and-sum-v2/delay-and-sum-v2-platform/ps7_cortexa9_0/standalone_domain/bsp/system.mss
TRACE::2026-01-22.14:57:07::SCWPlatform::Trying to open the hw design at C:/Users/CamLT/AX7010_Work/UltrasonicFPGA2021/delay-and-sum-v2/delay-and-sum-v2-platform/hw/Demodulator_128Ch_wrapper22.xsa
TRACE::2026-01-22.14:57:07::SCWPlatform::DSA given C:/Users/CamLT/AX7010_Work/UltrasonicFPGA2021/delay-and-sum-v2/delay-and-sum-v2-platform/hw/Demodulator_128Ch_wrapper22.xsa
TRACE::2026-01-22.14:57:07::SCWPlatform::DSA absoulate path C:/Users/CamLT/AX7010_Work/UltrasonicFPGA2021/delay-and-sum-v2/delay-and-sum-v2-platform/hw/Demodulator_128Ch_wrapper22.xsa
TRACE::2026-01-22.14:57:07::SCWPlatform::DSA directory C:/Users/CamLT/AX7010_Work/UltrasonicFPGA2021/delay-and-sum-v2/delay-and-sum-v2-platform/hw
TRACE::2026-01-22.14:57:07::SCWPlatform:: Platform Path C:/Users/CamLT/AX7010_Work/UltrasonicFPGA2021/delay-and-sum-v2/delay-and-sum-v2-platform/hw/Demodulator_128Ch_wrapper22.xsa
TRACE::2026-01-22.14:57:07::SCWPlatform:: Unique name xilinx:::0.0
TRACE::2026-01-22.14:57:07::SCWPlatform::Do not have an existing db opened. 
TRACE::2026-01-22.14:57:10::SCWPlatform::Opened new HwDB with name Demodulator_128Ch_wrapper_5
TRACE::2026-01-22.14:57:10::SCWMssOS::Saving the mss changes C:/Users/CamLT/AX7010_Work/UltrasonicFPGA2021/delay-and-sum-v2/delay-and-sum-v2-platform/zynq_fsbl/zynq_fsbl_bsp/system.mss
TRACE::2026-01-22.14:57:10::SCWMssOS::Adding the swdes entry, mss present, able to open swdb C:/Users/CamLT/AX7010_Work/UltrasonicFPGA2021/delay-and-sum-v2/delay-and-sum-v2-platform/zynq_fsbl/zynq_fsbl_bsp/system.mss with des name system
TRACE::2026-01-22.14:57:10::SCWMssOS::Writing the mss file completed C:/Users/CamLT/AX7010_Work/UltrasonicFPGA2021/delay-and-sum-v2/delay-and-sum-v2-platform/zynq_fsbl/zynq_fsbl_bsp/system.mss
TRACE::2026-01-22.14:57:10::SCWMssOS::Commit changes completed.
TRACE::2026-01-22.14:57:10::SCWMssOS::Saving the mss changes C:/Users/CamLT/AX7010_Work/UltrasonicFPGA2021/delay-and-sum-v2/delay-and-sum-v2-platform/ps7_cortexa9_0/standalone_domain/bsp/system.mss
TRACE::2026-01-22.14:57:10::SCWMssOS::Adding the swdes entry, mss present, able to open swdb C:/Users/CamLT/AX7010_Work/UltrasonicFPGA2021/delay-and-sum-v2/delay-and-sum-v2-platform/ps7_cortexa9_0/standalone_domain/bsp/system.mss with des name system_0
TRACE::2026-01-22.14:57:10::SCWMssOS::Writing the mss file completed C:/Users/CamLT/AX7010_Work/UltrasonicFPGA2021/delay-and-sum-v2/delay-and-sum-v2-platform/ps7_cortexa9_0/standalone_domain/bsp/system.mss
TRACE::2026-01-22.14:57:10::SCWMssOS::Commit changes completed.
TRACE::2026-01-22.14:57:10::SCWPlatform::Trying to open the hw design at C:/Users/CamLT/AX7010_Work/UltrasonicFPGA2021/delay-and-sum-v2/delay-and-sum-v2-platform/hw/Demodulator_128Ch_wrapper22.xsa
TRACE::2026-01-22.14:57:10::SCWPlatform::DSA given C:/Users/CamLT/AX7010_Work/UltrasonicFPGA2021/delay-and-sum-v2/delay-and-sum-v2-platform/hw/Demodulator_128Ch_wrapper22.xsa
TRACE::2026-01-22.14:57:10::SCWPlatform::DSA absoulate path C:/Users/CamLT/AX7010_Work/UltrasonicFPGA2021/delay-and-sum-v2/delay-and-sum-v2-platform/hw/Demodulator_128Ch_wrapper22.xsa
TRACE::2026-01-22.14:57:10::SCWPlatform::DSA directory C:/Users/CamLT/AX7010_Work/UltrasonicFPGA2021/delay-and-sum-v2/delay-and-sum-v2-platform/hw
TRACE::2026-01-22.14:57:10::SCWPlatform:: Platform Path C:/Users/CamLT/AX7010_Work/UltrasonicFPGA2021/delay-and-sum-v2/delay-and-sum-v2-platform/hw/Demodulator_128Ch_wrapper22.xsa
TRACE::2026-01-22.14:57:10::SCWPlatform:: Unique name xilinx:::0.0
TRACE::2026-01-22.14:57:10::SCWPlatform::Trying to set the existing hwdb with name Demodulator_128Ch_wrapper_5
TRACE::2026-01-22.14:57:10::SCWPlatform::Opened existing hwdb Demodulator_128Ch_wrapper_5
TRACE::2026-01-22.14:57:10::SCWPlatform::Found the Hw Db part of the input DSA
TRACE::2026-01-22.14:57:10::SCWMssOS::Checking the sw design at  C:/Users/CamLT/AX7010_Work/UltrasonicFPGA2021/delay-and-sum-v2/delay-and-sum-v2-platform/zynq_fsbl/zynq_fsbl_bsp/system.mss
TRACE::2026-01-22.14:57:10::SCWMssOS::DEBUG:  swdes dump  C:/Users/CamLT/AX7010_Work/UltrasonicFPGA2021/delay-and-sum-v2/delay-and-sum-v2-platform/ps7_cortexa9_0/standalone_domain/bsp/system.mss|system_0||
C:/Users/CamLT/AX7010_Work/UltrasonicFPGA2021/delay-and-sum-v2/delay-and-sum-v2-platform/zynq_fsbl/zynq_fsbl_bsp/system.mss|system||

TRACE::2026-01-22.14:57:10::SCWMssOS::Sw design exists and opened at  C:/Users/CamLT/AX7010_Work/UltrasonicFPGA2021/delay-and-sum-v2/delay-and-sum-v2-platform/zynq_fsbl/zynq_fsbl_bsp/system.mss
TRACE::2026-01-22.14:57:10::SCWPlatform::Trying to open the hw design at C:/Users/CamLT/AX7010_Work/UltrasonicFPGA2021/delay-and-sum-v2/delay-and-sum-v2-platform/hw/Demodulator_128Ch_wrapper22.xsa
TRACE::2026-01-22.14:57:10::SCWPlatform::DSA given C:/Users/CamLT/AX7010_Work/UltrasonicFPGA2021/delay-and-sum-v2/delay-and-sum-v2-platform/hw/Demodulator_128Ch_wrapper22.xsa
TRACE::2026-01-22.14:57:10::SCWPlatform::DSA absoulate path C:/Users/CamLT/AX7010_Work/UltrasonicFPGA2021/delay-and-sum-v2/delay-and-sum-v2-platform/hw/Demodulator_128Ch_wrapper22.xsa
TRACE::2026-01-22.14:57:10::SCWPlatform::DSA directory C:/Users/CamLT/AX7010_Work/UltrasonicFPGA2021/delay-and-sum-v2/delay-and-sum-v2-platform/hw
TRACE::2026-01-22.14:57:10::SCWPlatform:: Platform Path C:/Users/CamLT/AX7010_Work/UltrasonicFPGA2021/delay-and-sum-v2/delay-and-sum-v2-platform/hw/Demodulator_128Ch_wrapper22.xsa
TRACE::2026-01-22.14:57:10::SCWPlatform:: Unique name xilinx:::0.0
TRACE::2026-01-22.14:57:10::SCWPlatform::Trying to set the existing hwdb with name Demodulator_128Ch_wrapper_5
TRACE::2026-01-22.14:57:10::SCWPlatform::Opened existing hwdb Demodulator_128Ch_wrapper_5
TRACE::2026-01-22.14:57:10::SCWPlatform::Found the Hw Db part of the input DSA
TRACE::2026-01-22.14:57:10::SCWMssOS::Checking the sw design at  C:/Users/CamLT/AX7010_Work/UltrasonicFPGA2021/delay-and-sum-v2/delay-and-sum-v2-platform/ps7_cortexa9_0/standalone_domain/bsp/system.mss
TRACE::2026-01-22.14:57:10::SCWMssOS::DEBUG:  swdes dump  C:/Users/CamLT/AX7010_Work/UltrasonicFPGA2021/delay-and-sum-v2/delay-and-sum-v2-platform/ps7_cortexa9_0/standalone_domain/bsp/system.mss|system_0||
C:/Users/CamLT/AX7010_Work/UltrasonicFPGA2021/delay-and-sum-v2/delay-and-sum-v2-platform/zynq_fsbl/zynq_fsbl_bsp/system.mss|system||

TRACE::2026-01-22.14:57:10::SCWMssOS::Sw design exists and opened at  C:/Users/CamLT/AX7010_Work/UltrasonicFPGA2021/delay-and-sum-v2/delay-and-sum-v2-platform/ps7_cortexa9_0/standalone_domain/bsp/system.mss
TRACE::2026-01-22.14:57:10::SCWWriter::formatted JSON is {
	"platformName":	"delay-and-sum-v2-platform",
	"sprVersion":	"2.0",
	"mode":	"gui",
	"dsaType":	"Fixed",
	"platformDesc":	"delay-and-sum-v2-platform",
	"platHandOff":	"C:/Users/CamLT/AX7010_Work/Demodulator_128Ch_wrapper22.xsa",
	"platIntHandOff":	"<platformDir>/hw/Demodulator_128Ch_wrapper22.xsa",
	"deviceType":	"zynq",
	"platIsPrebuiltAutogen":	"false",
	"platIsNoBootBsp":	"false",
	"hasFsblMakeHasChanges":	"false",
	"hasPmufwMakeHasChanges":	"false",
	"fsblExtraCompilerFlags":	"-MMD -MP       -mcpu=cortex-a9 -mfpu=vfpv3 -mfloat-abi=hard ",
	"platPreBuiltFlag":	false,
	"platformSamplesDir":	"",
	"platActiveSys":	"delay-and-sum-v2-platform",
	"systems":	[{
			"systemName":	"delay-and-sum-v2-platform",
			"systemDesc":	"delay-and-sum-v2-platform",
			"sysIsBootAutoGen":	"true",
			"systemDispName":	"delay-and-sum-v2-platform",
			"sysActiveDom":	"standalone_domain",
			"sysDefaultDom":	"standalone_domain",
			"domains":	[{
					"domainName":	"zynq_fsbl",
					"domainDispName":	"zynq_fsbl",
					"domainDesc":	"FSBL Application BSP - Auto Generated.",
					"processors":	"ps7_cortexa9_0",
					"os":	"standalone",
					"sdxOs":	"standalone",
					"debugEnable":	"",
					"domRuntimes":	["cpp"],
					"swRepo":	"",
					"mssOsVer":	"7.5",
					"mssFile":	"",
					"md5Digest":	"f3dae8f02a170fb93c0638c92ba171da",
					"compatibleApp":	"zynq_fsbl",
					"domType":	"bootDomain",
					"arch":	"32-bit",
					"appSettings":	{
						"appCompilerFlags":	"",
						"appLinkerFlags":	""
					},
					"addedLibs":	["xilffs:4.5", "xilrsa:1.6", "lwip211:1.5"],
					"libOptions":	{
						"libsContainingOptions":	[]
					},
					"prebuiltLibs":	{
						"prebuiltIncPath":	[],
						"prebuiltLibPath":	[]
					},
					"isolation":	{
					}
				}, {
					"domainName":	"standalone_domain",
					"domainDispName":	"standalone on ps7_cortexa9_0",
					"domainDesc":	"standalone_domain",
					"processors":	"ps7_cortexa9_0",
					"os":	"standalone",
					"sdxOs":	"standalone",
					"qemuArgs":	"C:/Xilinx/Vitis/2021.1/data/emulation/platforms/zynq/sw/a9_standalone/qemu/qemu_args.txt",
					"qemuData":	"C:/Xilinx/Vitis/2021.1/data/emulation/platforms/zynq/sw/a9_standalone/qemu/",
					"debugEnable":	"False",
					"domRuntimes":	["cpp"],
					"swRepo":	"",
					"mssOsVer":	"7.5",
					"mssFile":	"",
					"md5Digest":	"c0bcabe2214432c53bf60814567322c2",
					"compatibleApp":	"",
					"domType":	"mssDomain",
					"appSettings":	{
						"appCompilerFlags":	"",
						"appLinkerFlags":	""
					},
					"addedLibs":	["lwip211:1.5"],
					"libOptions":	{
						"libsContainingOptions":	[]
					},
					"prebuiltLibs":	{
						"prebuiltIncPath":	[],
						"prebuiltLibPath":	[]
					},
					"isolation":	{
					}
				}]
		}]
}
TRACE::2026-01-22.14:57:12::SCWPlatform::Clearing the existing platform
TRACE::2026-01-22.14:57:12::SCWSystem::Clearing the existing sysconfig
TRACE::2026-01-22.14:57:12::SCWBDomain::clearing the fsbl build
TRACE::2026-01-22.14:57:12::SCWMssOS::Removing the swdes entry for  C:/Users/CamLT/AX7010_Work/UltrasonicFPGA2021/delay-and-sum-v2/delay-and-sum-v2-platform/zynq_fsbl/zynq_fsbl_bsp/system.mss
TRACE::2026-01-22.14:57:12::SCWMssOS::Removing the swdes entry for  C:/Users/CamLT/AX7010_Work/UltrasonicFPGA2021/delay-and-sum-v2/delay-and-sum-v2-platform/ps7_cortexa9_0/standalone_domain/bsp/system.mss
TRACE::2026-01-22.14:57:12::SCWSystem::Clearing the domains completed.
TRACE::2026-01-22.14:57:12::SCWPlatform::Clearing the opened hw db.
TRACE::2026-01-22.14:57:12::SCWPlatform::DSA given C:/Users/CamLT/AX7010_Work/UltrasonicFPGA2021/delay-and-sum-v2/delay-and-sum-v2-platform/hw/Demodulator_128Ch_wrapper22.xsa
TRACE::2026-01-22.14:57:12::SCWPlatform::DSA absoulate path C:/Users/CamLT/AX7010_Work/UltrasonicFPGA2021/delay-and-sum-v2/delay-and-sum-v2-platform/hw/Demodulator_128Ch_wrapper22.xsa
TRACE::2026-01-22.14:57:12::SCWPlatform:: Platform location is C:/Users/CamLT/AX7010_Work/UltrasonicFPGA2021/delay-and-sum-v2/delay-and-sum-v2-platform/hw
TRACE::2026-01-22.14:57:12::SCWPlatform:: Platform Path C:/Users/CamLT/AX7010_Work/UltrasonicFPGA2021/delay-and-sum-v2/delay-and-sum-v2-platform/hw/Demodulator_128Ch_wrapper22.xsa
TRACE::2026-01-22.14:57:12::SCWPlatform:: Unique name xilinx:::0.0
TRACE::2026-01-22.14:57:12::SCWPlatform::Removing the HwDB with name C:/Users/CamLT/AX7010_Work/UltrasonicFPGA2021/delay-and-sum-v2/delay-and-sum-v2-platform/hw/Demodulator_128Ch_wrapper22.xsa
TRACE::2026-01-22.14:57:12::SCWPlatform::Trying to open the hw design at C:/Users/CamLT/AX7010_Work/UltrasonicFPGA2021/delay-and-sum-v2/delay-and-sum-v2-platform/hw/Demodulator_128Ch_wrapper22.xsa
TRACE::2026-01-22.14:57:12::SCWPlatform::DSA given C:/Users/CamLT/AX7010_Work/UltrasonicFPGA2021/delay-and-sum-v2/delay-and-sum-v2-platform/hw/Demodulator_128Ch_wrapper22.xsa
TRACE::2026-01-22.14:57:12::SCWPlatform::DSA absoulate path C:/Users/CamLT/AX7010_Work/UltrasonicFPGA2021/delay-and-sum-v2/delay-and-sum-v2-platform/hw/Demodulator_128Ch_wrapper22.xsa
TRACE::2026-01-22.14:57:12::SCWPlatform::DSA directory C:/Users/CamLT/AX7010_Work/UltrasonicFPGA2021/delay-and-sum-v2/delay-and-sum-v2-platform/hw
TRACE::2026-01-22.14:57:12::SCWPlatform:: Platform Path C:/Users/CamLT/AX7010_Work/UltrasonicFPGA2021/delay-and-sum-v2/delay-and-sum-v2-platform/hw/Demodulator_128Ch_wrapper22.xsa
TRACE::2026-01-22.14:57:12::SCWPlatform:: Unique name xilinx:::0.0
TRACE::2026-01-22.14:57:12::SCWPlatform::Do not have an existing db opened. 
TRACE::2026-01-22.14:57:14::SCWPlatform::Opened new HwDB with name Demodulator_128Ch_wrapper_6
TRACE::2026-01-22.14:57:14::SCWReader::Active system found as  delay-and-sum-v2-platform
TRACE::2026-01-22.14:57:14::SCWReader::Handling sysconfig delay-and-sum-v2-platform
TRACE::2026-01-22.14:57:14::SCWDomain::checking for install qemu data   : 
TRACE::2026-01-22.14:57:14::SCWDomain:: Using the QEMU Data from install at  : C:/Xilinx/Vitis/2021.1/data/emulation/platforms/zynq/sw/a9_standalone/qemu/
TRACE::2026-01-22.14:57:14::SCWDomain:: Using the QEMU args  from install at  : C:/Xilinx/Vitis/2021.1/data/emulation/platforms/zynq/sw/a9_standalone/qemu/qemu_args.txt
TRACE::2026-01-22.14:57:14::SCWPlatform::Trying to open the hw design at C:/Users/CamLT/AX7010_Work/UltrasonicFPGA2021/delay-and-sum-v2/delay-and-sum-v2-platform/hw/Demodulator_128Ch_wrapper22.xsa
TRACE::2026-01-22.14:57:14::SCWPlatform::DSA given C:/Users/CamLT/AX7010_Work/UltrasonicFPGA2021/delay-and-sum-v2/delay-and-sum-v2-platform/hw/Demodulator_128Ch_wrapper22.xsa
TRACE::2026-01-22.14:57:14::SCWPlatform::DSA absoulate path C:/Users/CamLT/AX7010_Work/UltrasonicFPGA2021/delay-and-sum-v2/delay-and-sum-v2-platform/hw/Demodulator_128Ch_wrapper22.xsa
TRACE::2026-01-22.14:57:14::SCWPlatform::DSA directory C:/Users/CamLT/AX7010_Work/UltrasonicFPGA2021/delay-and-sum-v2/delay-and-sum-v2-platform/hw
TRACE::2026-01-22.14:57:14::SCWPlatform:: Platform Path C:/Users/CamLT/AX7010_Work/UltrasonicFPGA2021/delay-and-sum-v2/delay-and-sum-v2-platform/hw/Demodulator_128Ch_wrapper22.xsa
TRACE::2026-01-22.14:57:14::SCWPlatform:: Unique name xilinx:::0.0
TRACE::2026-01-22.14:57:14::SCWPlatform::Trying to set the existing hwdb with name Demodulator_128Ch_wrapper_6
TRACE::2026-01-22.14:57:14::SCWPlatform::Opened existing hwdb Demodulator_128Ch_wrapper_6
TRACE::2026-01-22.14:57:14::SCWPlatform::Found the Hw Db part of the input DSA
TRACE::2026-01-22.14:57:14::SCWPlatform::Trying to open the hw design at C:/Users/CamLT/AX7010_Work/UltrasonicFPGA2021/delay-and-sum-v2/delay-and-sum-v2-platform/hw/Demodulator_128Ch_wrapper22.xsa
TRACE::2026-01-22.14:57:14::SCWPlatform::DSA given C:/Users/CamLT/AX7010_Work/UltrasonicFPGA2021/delay-and-sum-v2/delay-and-sum-v2-platform/hw/Demodulator_128Ch_wrapper22.xsa
TRACE::2026-01-22.14:57:14::SCWPlatform::DSA absoulate path C:/Users/CamLT/AX7010_Work/UltrasonicFPGA2021/delay-and-sum-v2/delay-and-sum-v2-platform/hw/Demodulator_128Ch_wrapper22.xsa
TRACE::2026-01-22.14:57:14::SCWPlatform::DSA directory C:/Users/CamLT/AX7010_Work/UltrasonicFPGA2021/delay-and-sum-v2/delay-and-sum-v2-platform/hw
TRACE::2026-01-22.14:57:14::SCWPlatform:: Platform Path C:/Users/CamLT/AX7010_Work/UltrasonicFPGA2021/delay-and-sum-v2/delay-and-sum-v2-platform/hw/Demodulator_128Ch_wrapper22.xsa
TRACE::2026-01-22.14:57:14::SCWPlatform:: Unique name xilinx:::0.0
TRACE::2026-01-22.14:57:14::SCWPlatform::Trying to set the existing hwdb with name Demodulator_128Ch_wrapper_6
TRACE::2026-01-22.14:57:14::SCWPlatform::Opened existing hwdb Demodulator_128Ch_wrapper_6
TRACE::2026-01-22.14:57:14::SCWPlatform::Found the Hw Db part of the input DSA
TRACE::2026-01-22.14:57:14::SCWPlatform::Trying to open the hw design at C:/Users/CamLT/AX7010_Work/UltrasonicFPGA2021/delay-and-sum-v2/delay-and-sum-v2-platform/hw/Demodulator_128Ch_wrapper22.xsa
TRACE::2026-01-22.14:57:14::SCWPlatform::DSA given C:/Users/CamLT/AX7010_Work/UltrasonicFPGA2021/delay-and-sum-v2/delay-and-sum-v2-platform/hw/Demodulator_128Ch_wrapper22.xsa
TRACE::2026-01-22.14:57:14::SCWPlatform::DSA absoulate path C:/Users/CamLT/AX7010_Work/UltrasonicFPGA2021/delay-and-sum-v2/delay-and-sum-v2-platform/hw/Demodulator_128Ch_wrapper22.xsa
TRACE::2026-01-22.14:57:14::SCWPlatform::DSA directory C:/Users/CamLT/AX7010_Work/UltrasonicFPGA2021/delay-and-sum-v2/delay-and-sum-v2-platform/hw
TRACE::2026-01-22.14:57:14::SCWPlatform:: Platform Path C:/Users/CamLT/AX7010_Work/UltrasonicFPGA2021/delay-and-sum-v2/delay-and-sum-v2-platform/hw/Demodulator_128Ch_wrapper22.xsa
TRACE::2026-01-22.14:57:14::SCWPlatform:: Unique name xilinx:::0.0
TRACE::2026-01-22.14:57:14::SCWPlatform::Trying to set the existing hwdb with name Demodulator_128Ch_wrapper_6
TRACE::2026-01-22.14:57:14::SCWPlatform::Opened existing hwdb Demodulator_128Ch_wrapper_6
TRACE::2026-01-22.14:57:14::SCWPlatform::Found the Hw Db part of the input DSA
TRACE::2026-01-22.14:57:14::SCWReader::Boot application domain added for zynq_fsbl
TRACE::2026-01-22.14:57:14::SCWPlatform::Trying to open the hw design at C:/Users/CamLT/AX7010_Work/UltrasonicFPGA2021/delay-and-sum-v2/delay-and-sum-v2-platform/hw/Demodulator_128Ch_wrapper22.xsa
TRACE::2026-01-22.14:57:14::SCWPlatform::DSA given C:/Users/CamLT/AX7010_Work/UltrasonicFPGA2021/delay-and-sum-v2/delay-and-sum-v2-platform/hw/Demodulator_128Ch_wrapper22.xsa
TRACE::2026-01-22.14:57:14::SCWPlatform::DSA absoulate path C:/Users/CamLT/AX7010_Work/UltrasonicFPGA2021/delay-and-sum-v2/delay-and-sum-v2-platform/hw/Demodulator_128Ch_wrapper22.xsa
TRACE::2026-01-22.14:57:14::SCWPlatform::DSA directory C:/Users/CamLT/AX7010_Work/UltrasonicFPGA2021/delay-and-sum-v2/delay-and-sum-v2-platform/hw
TRACE::2026-01-22.14:57:14::SCWPlatform:: Platform Path C:/Users/CamLT/AX7010_Work/UltrasonicFPGA2021/delay-and-sum-v2/delay-and-sum-v2-platform/hw/Demodulator_128Ch_wrapper22.xsa
TRACE::2026-01-22.14:57:14::SCWPlatform:: Unique name xilinx:::0.0
TRACE::2026-01-22.14:57:14::SCWPlatform::Trying to set the existing hwdb with name Demodulator_128Ch_wrapper_6
TRACE::2026-01-22.14:57:14::SCWPlatform::Opened existing hwdb Demodulator_128Ch_wrapper_6
TRACE::2026-01-22.14:57:14::SCWPlatform::Found the Hw Db part of the input DSA
TRACE::2026-01-22.14:57:14::SCWMssOS::Checking the sw design at  C:/Users/CamLT/AX7010_Work/UltrasonicFPGA2021/delay-and-sum-v2/delay-and-sum-v2-platform/zynq_fsbl/zynq_fsbl_bsp/system.mss
TRACE::2026-01-22.14:57:14::SCWMssOS::DEBUG:  swdes dump  
TRACE::2026-01-22.14:57:14::SCWMssOS::No sw design opened at  C:/Users/CamLT/AX7010_Work/UltrasonicFPGA2021/delay-and-sum-v2/delay-and-sum-v2-platform/zynq_fsbl/zynq_fsbl_bsp/system.mss
TRACE::2026-01-22.14:57:14::SCWMssOS::mss exists loading the mss file  C:/Users/CamLT/AX7010_Work/UltrasonicFPGA2021/delay-and-sum-v2/delay-and-sum-v2-platform/zynq_fsbl/zynq_fsbl_bsp/system.mss
TRACE::2026-01-22.14:57:14::SCWMssOS::Opened the sw design from mss  C:/Users/CamLT/AX7010_Work/UltrasonicFPGA2021/delay-and-sum-v2/delay-and-sum-v2-platform/zynq_fsbl/zynq_fsbl_bsp/system.mss
TRACE::2026-01-22.14:57:14::SCWMssOS::Adding the swdes entry C:/Users/CamLT/AX7010_Work/UltrasonicFPGA2021/delay-and-sum-v2/delay-and-sum-v2-platform/zynq_fsbl/zynq_fsbl_bsp/system.mss with des name system
TRACE::2026-01-22.14:57:14::SCWMssOS::updating the scw layer about changes
TRACE::2026-01-22.14:57:14::SCWMssOS::Opened the sw design.  C:/Users/CamLT/AX7010_Work/UltrasonicFPGA2021/delay-and-sum-v2/delay-and-sum-v2-platform/zynq_fsbl/zynq_fsbl_bsp/system.mss
TRACE::2026-01-22.14:57:14::SCWPlatform::Trying to open the hw design at C:/Users/CamLT/AX7010_Work/UltrasonicFPGA2021/delay-and-sum-v2/delay-and-sum-v2-platform/hw/Demodulator_128Ch_wrapper22.xsa
TRACE::2026-01-22.14:57:14::SCWPlatform::DSA given C:/Users/CamLT/AX7010_Work/UltrasonicFPGA2021/delay-and-sum-v2/delay-and-sum-v2-platform/hw/Demodulator_128Ch_wrapper22.xsa
TRACE::2026-01-22.14:57:14::SCWPlatform::DSA absoulate path C:/Users/CamLT/AX7010_Work/UltrasonicFPGA2021/delay-and-sum-v2/delay-and-sum-v2-platform/hw/Demodulator_128Ch_wrapper22.xsa
TRACE::2026-01-22.14:57:14::SCWPlatform::DSA directory C:/Users/CamLT/AX7010_Work/UltrasonicFPGA2021/delay-and-sum-v2/delay-and-sum-v2-platform/hw
TRACE::2026-01-22.14:57:14::SCWPlatform:: Platform Path C:/Users/CamLT/AX7010_Work/UltrasonicFPGA2021/delay-and-sum-v2/delay-and-sum-v2-platform/hw/Demodulator_128Ch_wrapper22.xsa
TRACE::2026-01-22.14:57:14::SCWPlatform:: Unique name xilinx:::0.0
TRACE::2026-01-22.14:57:14::SCWPlatform::Trying to set the existing hwdb with name Demodulator_128Ch_wrapper_6
TRACE::2026-01-22.14:57:14::SCWPlatform::Opened existing hwdb Demodulator_128Ch_wrapper_6
TRACE::2026-01-22.14:57:14::SCWPlatform::Found the Hw Db part of the input DSA
TRACE::2026-01-22.14:57:14::SCWMssOS::Checking the sw design at  C:/Users/CamLT/AX7010_Work/UltrasonicFPGA2021/delay-and-sum-v2/delay-and-sum-v2-platform/zynq_fsbl/zynq_fsbl_bsp/system.mss
TRACE::2026-01-22.14:57:14::SCWMssOS::DEBUG:  swdes dump  C:/Users/CamLT/AX7010_Work/UltrasonicFPGA2021/delay-and-sum-v2/delay-and-sum-v2-platform/zynq_fsbl/zynq_fsbl_bsp/system.mss|system||

TRACE::2026-01-22.14:57:14::SCWMssOS::Sw design exists and opened at  C:/Users/CamLT/AX7010_Work/UltrasonicFPGA2021/delay-and-sum-v2/delay-and-sum-v2-platform/zynq_fsbl/zynq_fsbl_bsp/system.mss
TRACE::2026-01-22.14:57:14::SCWMssOS:: library already available in sw design:  xilffs:4.5
TRACE::2026-01-22.14:57:14::SCWPlatform::Trying to open the hw design at C:/Users/CamLT/AX7010_Work/UltrasonicFPGA2021/delay-and-sum-v2/delay-and-sum-v2-platform/hw/Demodulator_128Ch_wrapper22.xsa
TRACE::2026-01-22.14:57:14::SCWPlatform::DSA given C:/Users/CamLT/AX7010_Work/UltrasonicFPGA2021/delay-and-sum-v2/delay-and-sum-v2-platform/hw/Demodulator_128Ch_wrapper22.xsa
TRACE::2026-01-22.14:57:14::SCWPlatform::DSA absoulate path C:/Users/CamLT/AX7010_Work/UltrasonicFPGA2021/delay-and-sum-v2/delay-and-sum-v2-platform/hw/Demodulator_128Ch_wrapper22.xsa
TRACE::2026-01-22.14:57:14::SCWPlatform::DSA directory C:/Users/CamLT/AX7010_Work/UltrasonicFPGA2021/delay-and-sum-v2/delay-and-sum-v2-platform/hw
TRACE::2026-01-22.14:57:14::SCWPlatform:: Platform Path C:/Users/CamLT/AX7010_Work/UltrasonicFPGA2021/delay-and-sum-v2/delay-and-sum-v2-platform/hw/Demodulator_128Ch_wrapper22.xsa
TRACE::2026-01-22.14:57:14::SCWPlatform:: Unique name xilinx:::0.0
TRACE::2026-01-22.14:57:14::SCWPlatform::Trying to set the existing hwdb with name Demodulator_128Ch_wrapper_6
TRACE::2026-01-22.14:57:14::SCWPlatform::Opened existing hwdb Demodulator_128Ch_wrapper_6
TRACE::2026-01-22.14:57:14::SCWPlatform::Found the Hw Db part of the input DSA
TRACE::2026-01-22.14:57:14::SCWMssOS::Checking the sw design at  C:/Users/CamLT/AX7010_Work/UltrasonicFPGA2021/delay-and-sum-v2/delay-and-sum-v2-platform/zynq_fsbl/zynq_fsbl_bsp/system.mss
TRACE::2026-01-22.14:57:14::SCWMssOS::DEBUG:  swdes dump  C:/Users/CamLT/AX7010_Work/UltrasonicFPGA2021/delay-and-sum-v2/delay-and-sum-v2-platform/zynq_fsbl/zynq_fsbl_bsp/system.mss|system||

TRACE::2026-01-22.14:57:14::SCWMssOS::Sw design exists and opened at  C:/Users/CamLT/AX7010_Work/UltrasonicFPGA2021/delay-and-sum-v2/delay-and-sum-v2-platform/zynq_fsbl/zynq_fsbl_bsp/system.mss
TRACE::2026-01-22.14:57:14::SCWMssOS:: library already available in sw design:  xilrsa:1.6
TRACE::2026-01-22.14:57:14::SCWPlatform::Trying to open the hw design at C:/Users/CamLT/AX7010_Work/UltrasonicFPGA2021/delay-and-sum-v2/delay-and-sum-v2-platform/hw/Demodulator_128Ch_wrapper22.xsa
TRACE::2026-01-22.14:57:14::SCWPlatform::DSA given C:/Users/CamLT/AX7010_Work/UltrasonicFPGA2021/delay-and-sum-v2/delay-and-sum-v2-platform/hw/Demodulator_128Ch_wrapper22.xsa
TRACE::2026-01-22.14:57:14::SCWPlatform::DSA absoulate path C:/Users/CamLT/AX7010_Work/UltrasonicFPGA2021/delay-and-sum-v2/delay-and-sum-v2-platform/hw/Demodulator_128Ch_wrapper22.xsa
TRACE::2026-01-22.14:57:14::SCWPlatform::DSA directory C:/Users/CamLT/AX7010_Work/UltrasonicFPGA2021/delay-and-sum-v2/delay-and-sum-v2-platform/hw
TRACE::2026-01-22.14:57:14::SCWPlatform:: Platform Path C:/Users/CamLT/AX7010_Work/UltrasonicFPGA2021/delay-and-sum-v2/delay-and-sum-v2-platform/hw/Demodulator_128Ch_wrapper22.xsa
TRACE::2026-01-22.14:57:14::SCWPlatform:: Unique name xilinx:::0.0
TRACE::2026-01-22.14:57:14::SCWPlatform::Trying to set the existing hwdb with name Demodulator_128Ch_wrapper_6
TRACE::2026-01-22.14:57:14::SCWPlatform::Opened existing hwdb Demodulator_128Ch_wrapper_6
TRACE::2026-01-22.14:57:14::SCWPlatform::Found the Hw Db part of the input DSA
TRACE::2026-01-22.14:57:14::SCWMssOS::Checking the sw design at  C:/Users/CamLT/AX7010_Work/UltrasonicFPGA2021/delay-and-sum-v2/delay-and-sum-v2-platform/zynq_fsbl/zynq_fsbl_bsp/system.mss
TRACE::2026-01-22.14:57:14::SCWMssOS::DEBUG:  swdes dump  C:/Users/CamLT/AX7010_Work/UltrasonicFPGA2021/delay-and-sum-v2/delay-and-sum-v2-platform/zynq_fsbl/zynq_fsbl_bsp/system.mss|system||

TRACE::2026-01-22.14:57:14::SCWMssOS::Sw design exists and opened at  C:/Users/CamLT/AX7010_Work/UltrasonicFPGA2021/delay-and-sum-v2/delay-and-sum-v2-platform/zynq_fsbl/zynq_fsbl_bsp/system.mss
TRACE::2026-01-22.14:57:14::SCWMssOS:: library already available in sw design:  lwip211:1.5
TRACE::2026-01-22.14:57:14::SCWMssOS::Saving the mss changes C:/Users/CamLT/AX7010_Work/UltrasonicFPGA2021/delay-and-sum-v2/delay-and-sum-v2-platform/zynq_fsbl/zynq_fsbl_bsp/system.mss
TRACE::2026-01-22.14:57:14::SCWMssOS::Found a swdesign opened with the mssfile.
TRACE::2026-01-22.14:57:14::SCWMssOS::Completed writemss as part of save.
TRACE::2026-01-22.14:57:14::SCWMssOS::Commit changes completed.
TRACE::2026-01-22.14:57:14::SCWReader::Adding prebuilt librarypaths as   
TRACE::2026-01-22.14:57:14::SCWReader::Adding prebuilt incpaths  as   
TRACE::2026-01-22.14:57:14::SCWPlatform::Trying to open the hw design at C:/Users/CamLT/AX7010_Work/UltrasonicFPGA2021/delay-and-sum-v2/delay-and-sum-v2-platform/hw/Demodulator_128Ch_wrapper22.xsa
TRACE::2026-01-22.14:57:14::SCWPlatform::DSA given C:/Users/CamLT/AX7010_Work/UltrasonicFPGA2021/delay-and-sum-v2/delay-and-sum-v2-platform/hw/Demodulator_128Ch_wrapper22.xsa
TRACE::2026-01-22.14:57:14::SCWPlatform::DSA absoulate path C:/Users/CamLT/AX7010_Work/UltrasonicFPGA2021/delay-and-sum-v2/delay-and-sum-v2-platform/hw/Demodulator_128Ch_wrapper22.xsa
TRACE::2026-01-22.14:57:14::SCWPlatform::DSA directory C:/Users/CamLT/AX7010_Work/UltrasonicFPGA2021/delay-and-sum-v2/delay-and-sum-v2-platform/hw
TRACE::2026-01-22.14:57:14::SCWPlatform:: Platform Path C:/Users/CamLT/AX7010_Work/UltrasonicFPGA2021/delay-and-sum-v2/delay-and-sum-v2-platform/hw/Demodulator_128Ch_wrapper22.xsa
TRACE::2026-01-22.14:57:14::SCWPlatform:: Unique name xilinx:::0.0
TRACE::2026-01-22.14:57:14::SCWPlatform::Trying to set the existing hwdb with name Demodulator_128Ch_wrapper_6
TRACE::2026-01-22.14:57:14::SCWPlatform::Opened existing hwdb Demodulator_128Ch_wrapper_6
TRACE::2026-01-22.14:57:14::SCWPlatform::Found the Hw Db part of the input DSA
TRACE::2026-01-22.14:57:14::SCWMssOS::Checking the sw design at  C:/Users/CamLT/AX7010_Work/UltrasonicFPGA2021/delay-and-sum-v2/delay-and-sum-v2-platform/zynq_fsbl/zynq_fsbl_bsp/system.mss
TRACE::2026-01-22.14:57:14::SCWMssOS::DEBUG:  swdes dump  C:/Users/CamLT/AX7010_Work/UltrasonicFPGA2021/delay-and-sum-v2/delay-and-sum-v2-platform/zynq_fsbl/zynq_fsbl_bsp/system.mss|system||

TRACE::2026-01-22.14:57:14::SCWMssOS::Sw design exists and opened at  C:/Users/CamLT/AX7010_Work/UltrasonicFPGA2021/delay-and-sum-v2/delay-and-sum-v2-platform/zynq_fsbl/zynq_fsbl_bsp/system.mss
TRACE::2026-01-22.14:57:14::SCWReader::No isolation master present  
TRACE::2026-01-22.14:57:14::SCWDomain::checking for install qemu data   : 
TRACE::2026-01-22.14:57:14::SCWDomain:: Using the QEMU Data from install at  : C:/Xilinx/Vitis/2021.1/data/emulation/platforms/zynq/sw/a9_standalone/qemu/
TRACE::2026-01-22.14:57:14::SCWDomain:: Using the QEMU args  from install at  : C:/Xilinx/Vitis/2021.1/data/emulation/platforms/zynq/sw/a9_standalone/qemu/qemu_args.txt
TRACE::2026-01-22.14:57:14::SCWPlatform::Trying to open the hw design at C:/Users/CamLT/AX7010_Work/UltrasonicFPGA2021/delay-and-sum-v2/delay-and-sum-v2-platform/hw/Demodulator_128Ch_wrapper22.xsa
TRACE::2026-01-22.14:57:14::SCWPlatform::DSA given C:/Users/CamLT/AX7010_Work/UltrasonicFPGA2021/delay-and-sum-v2/delay-and-sum-v2-platform/hw/Demodulator_128Ch_wrapper22.xsa
TRACE::2026-01-22.14:57:14::SCWPlatform::DSA absoulate path C:/Users/CamLT/AX7010_Work/UltrasonicFPGA2021/delay-and-sum-v2/delay-and-sum-v2-platform/hw/Demodulator_128Ch_wrapper22.xsa
TRACE::2026-01-22.14:57:14::SCWPlatform::DSA directory C:/Users/CamLT/AX7010_Work/UltrasonicFPGA2021/delay-and-sum-v2/delay-and-sum-v2-platform/hw
TRACE::2026-01-22.14:57:14::SCWPlatform:: Platform Path C:/Users/CamLT/AX7010_Work/UltrasonicFPGA2021/delay-and-sum-v2/delay-and-sum-v2-platform/hw/Demodulator_128Ch_wrapper22.xsa
TRACE::2026-01-22.14:57:14::SCWPlatform:: Unique name xilinx:::0.0
TRACE::2026-01-22.14:57:14::SCWPlatform::Trying to set the existing hwdb with name Demodulator_128Ch_wrapper_6
TRACE::2026-01-22.14:57:14::SCWPlatform::Opened existing hwdb Demodulator_128Ch_wrapper_6
TRACE::2026-01-22.14:57:14::SCWPlatform::Found the Hw Db part of the input DSA
TRACE::2026-01-22.14:57:14::SCWPlatform::Trying to open the hw design at C:/Users/CamLT/AX7010_Work/UltrasonicFPGA2021/delay-and-sum-v2/delay-and-sum-v2-platform/hw/Demodulator_128Ch_wrapper22.xsa
TRACE::2026-01-22.14:57:14::SCWPlatform::DSA given C:/Users/CamLT/AX7010_Work/UltrasonicFPGA2021/delay-and-sum-v2/delay-and-sum-v2-platform/hw/Demodulator_128Ch_wrapper22.xsa
TRACE::2026-01-22.14:57:14::SCWPlatform::DSA absoulate path C:/Users/CamLT/AX7010_Work/UltrasonicFPGA2021/delay-and-sum-v2/delay-and-sum-v2-platform/hw/Demodulator_128Ch_wrapper22.xsa
TRACE::2026-01-22.14:57:14::SCWPlatform::DSA directory C:/Users/CamLT/AX7010_Work/UltrasonicFPGA2021/delay-and-sum-v2/delay-and-sum-v2-platform/hw
TRACE::2026-01-22.14:57:14::SCWPlatform:: Platform Path C:/Users/CamLT/AX7010_Work/UltrasonicFPGA2021/delay-and-sum-v2/delay-and-sum-v2-platform/hw/Demodulator_128Ch_wrapper22.xsa
TRACE::2026-01-22.14:57:14::SCWPlatform:: Unique name xilinx:::0.0
TRACE::2026-01-22.14:57:14::SCWPlatform::Trying to set the existing hwdb with name Demodulator_128Ch_wrapper_6
TRACE::2026-01-22.14:57:14::SCWPlatform::Opened existing hwdb Demodulator_128Ch_wrapper_6
TRACE::2026-01-22.14:57:14::SCWPlatform::Found the Hw Db part of the input DSA
TRACE::2026-01-22.14:57:14::SCWPlatform::Trying to open the hw design at C:/Users/CamLT/AX7010_Work/UltrasonicFPGA2021/delay-and-sum-v2/delay-and-sum-v2-platform/hw/Demodulator_128Ch_wrapper22.xsa
TRACE::2026-01-22.14:57:14::SCWPlatform::DSA given C:/Users/CamLT/AX7010_Work/UltrasonicFPGA2021/delay-and-sum-v2/delay-and-sum-v2-platform/hw/Demodulator_128Ch_wrapper22.xsa
TRACE::2026-01-22.14:57:14::SCWPlatform::DSA absoulate path C:/Users/CamLT/AX7010_Work/UltrasonicFPGA2021/delay-and-sum-v2/delay-and-sum-v2-platform/hw/Demodulator_128Ch_wrapper22.xsa
TRACE::2026-01-22.14:57:14::SCWPlatform::DSA directory C:/Users/CamLT/AX7010_Work/UltrasonicFPGA2021/delay-and-sum-v2/delay-and-sum-v2-platform/hw
TRACE::2026-01-22.14:57:14::SCWPlatform:: Platform Path C:/Users/CamLT/AX7010_Work/UltrasonicFPGA2021/delay-and-sum-v2/delay-and-sum-v2-platform/hw/Demodulator_128Ch_wrapper22.xsa
TRACE::2026-01-22.14:57:14::SCWPlatform:: Unique name xilinx:::0.0
TRACE::2026-01-22.14:57:14::SCWPlatform::Trying to set the existing hwdb with name Demodulator_128Ch_wrapper_6
TRACE::2026-01-22.14:57:14::SCWPlatform::Opened existing hwdb Demodulator_128Ch_wrapper_6
TRACE::2026-01-22.14:57:14::SCWPlatform::Found the Hw Db part of the input DSA
TRACE::2026-01-22.14:57:14::SCWMssOS::Checking the sw design at  C:/Users/CamLT/AX7010_Work/UltrasonicFPGA2021/delay-and-sum-v2/delay-and-sum-v2-platform/ps7_cortexa9_0/standalone_domain/bsp/system.mss
TRACE::2026-01-22.14:57:14::SCWMssOS::DEBUG:  swdes dump  C:/Users/CamLT/AX7010_Work/UltrasonicFPGA2021/delay-and-sum-v2/delay-and-sum-v2-platform/zynq_fsbl/zynq_fsbl_bsp/system.mss|system||

TRACE::2026-01-22.14:57:14::SCWMssOS::No sw design opened at  C:/Users/CamLT/AX7010_Work/UltrasonicFPGA2021/delay-and-sum-v2/delay-and-sum-v2-platform/ps7_cortexa9_0/standalone_domain/bsp/system.mss
TRACE::2026-01-22.14:57:14::SCWMssOS::mss exists loading the mss file  C:/Users/CamLT/AX7010_Work/UltrasonicFPGA2021/delay-and-sum-v2/delay-and-sum-v2-platform/ps7_cortexa9_0/standalone_domain/bsp/system.mss
TRACE::2026-01-22.14:57:14::SCWMssOS::Opened the sw design from mss  C:/Users/CamLT/AX7010_Work/UltrasonicFPGA2021/delay-and-sum-v2/delay-and-sum-v2-platform/ps7_cortexa9_0/standalone_domain/bsp/system.mss
TRACE::2026-01-22.14:57:14::SCWMssOS::Adding the swdes entry C:/Users/CamLT/AX7010_Work/UltrasonicFPGA2021/delay-and-sum-v2/delay-and-sum-v2-platform/ps7_cortexa9_0/standalone_domain/bsp/system.mss with des name system_0
TRACE::2026-01-22.14:57:14::SCWMssOS::updating the scw layer about changes
TRACE::2026-01-22.14:57:14::SCWMssOS::Opened the sw design.  C:/Users/CamLT/AX7010_Work/UltrasonicFPGA2021/delay-and-sum-v2/delay-and-sum-v2-platform/ps7_cortexa9_0/standalone_domain/bsp/system.mss
TRACE::2026-01-22.14:57:14::SCWPlatform::Trying to open the hw design at C:/Users/CamLT/AX7010_Work/UltrasonicFPGA2021/delay-and-sum-v2/delay-and-sum-v2-platform/hw/Demodulator_128Ch_wrapper22.xsa
TRACE::2026-01-22.14:57:14::SCWPlatform::DSA given C:/Users/CamLT/AX7010_Work/UltrasonicFPGA2021/delay-and-sum-v2/delay-and-sum-v2-platform/hw/Demodulator_128Ch_wrapper22.xsa
TRACE::2026-01-22.14:57:14::SCWPlatform::DSA absoulate path C:/Users/CamLT/AX7010_Work/UltrasonicFPGA2021/delay-and-sum-v2/delay-and-sum-v2-platform/hw/Demodulator_128Ch_wrapper22.xsa
TRACE::2026-01-22.14:57:14::SCWPlatform::DSA directory C:/Users/CamLT/AX7010_Work/UltrasonicFPGA2021/delay-and-sum-v2/delay-and-sum-v2-platform/hw
TRACE::2026-01-22.14:57:14::SCWPlatform:: Platform Path C:/Users/CamLT/AX7010_Work/UltrasonicFPGA2021/delay-and-sum-v2/delay-and-sum-v2-platform/hw/Demodulator_128Ch_wrapper22.xsa
TRACE::2026-01-22.14:57:14::SCWPlatform:: Unique name xilinx:::0.0
TRACE::2026-01-22.14:57:14::SCWPlatform::Trying to set the existing hwdb with name Demodulator_128Ch_wrapper_6
TRACE::2026-01-22.14:57:14::SCWPlatform::Opened existing hwdb Demodulator_128Ch_wrapper_6
TRACE::2026-01-22.14:57:14::SCWPlatform::Found the Hw Db part of the input DSA
TRACE::2026-01-22.14:57:14::SCWMssOS::Checking the sw design at  C:/Users/CamLT/AX7010_Work/UltrasonicFPGA2021/delay-and-sum-v2/delay-and-sum-v2-platform/ps7_cortexa9_0/standalone_domain/bsp/system.mss
TRACE::2026-01-22.14:57:14::SCWMssOS::DEBUG:  swdes dump  C:/Users/CamLT/AX7010_Work/UltrasonicFPGA2021/delay-and-sum-v2/delay-and-sum-v2-platform/ps7_cortexa9_0/standalone_domain/bsp/system.mss|system_0||
C:/Users/CamLT/AX7010_Work/UltrasonicFPGA2021/delay-and-sum-v2/delay-and-sum-v2-platform/zynq_fsbl/zynq_fsbl_bsp/system.mss|system||

TRACE::2026-01-22.14:57:14::SCWMssOS::Sw design exists and opened at  C:/Users/CamLT/AX7010_Work/UltrasonicFPGA2021/delay-and-sum-v2/delay-and-sum-v2-platform/ps7_cortexa9_0/standalone_domain/bsp/system.mss
TRACE::2026-01-22.14:57:14::SCWMssOS:: library already available in sw design:  lwip211:1.5
TRACE::2026-01-22.14:57:14::SCWMssOS::Saving the mss changes C:/Users/CamLT/AX7010_Work/UltrasonicFPGA2021/delay-and-sum-v2/delay-and-sum-v2-platform/ps7_cortexa9_0/standalone_domain/bsp/system.mss
TRACE::2026-01-22.14:57:14::SCWMssOS::Found a swdesign opened with the mssfile.
TRACE::2026-01-22.14:57:14::SCWMssOS::Completed writemss as part of save.
TRACE::2026-01-22.14:57:14::SCWMssOS::Commit changes completed.
TRACE::2026-01-22.14:57:14::SCWReader::Adding prebuilt librarypaths as   
TRACE::2026-01-22.14:57:14::SCWReader::Adding prebuilt incpaths  as   
TRACE::2026-01-22.14:57:14::SCWPlatform::Trying to open the hw design at C:/Users/CamLT/AX7010_Work/UltrasonicFPGA2021/delay-and-sum-v2/delay-and-sum-v2-platform/hw/Demodulator_128Ch_wrapper22.xsa
TRACE::2026-01-22.14:57:14::SCWPlatform::DSA given C:/Users/CamLT/AX7010_Work/UltrasonicFPGA2021/delay-and-sum-v2/delay-and-sum-v2-platform/hw/Demodulator_128Ch_wrapper22.xsa
TRACE::2026-01-22.14:57:14::SCWPlatform::DSA absoulate path C:/Users/CamLT/AX7010_Work/UltrasonicFPGA2021/delay-and-sum-v2/delay-and-sum-v2-platform/hw/Demodulator_128Ch_wrapper22.xsa
TRACE::2026-01-22.14:57:14::SCWPlatform::DSA directory C:/Users/CamLT/AX7010_Work/UltrasonicFPGA2021/delay-and-sum-v2/delay-and-sum-v2-platform/hw
TRACE::2026-01-22.14:57:14::SCWPlatform:: Platform Path C:/Users/CamLT/AX7010_Work/UltrasonicFPGA2021/delay-and-sum-v2/delay-and-sum-v2-platform/hw/Demodulator_128Ch_wrapper22.xsa
TRACE::2026-01-22.14:57:14::SCWPlatform:: Unique name xilinx:::0.0
TRACE::2026-01-22.14:57:14::SCWPlatform::Trying to set the existing hwdb with name Demodulator_128Ch_wrapper_6
TRACE::2026-01-22.14:57:14::SCWPlatform::Opened existing hwdb Demodulator_128Ch_wrapper_6
TRACE::2026-01-22.14:57:14::SCWPlatform::Found the Hw Db part of the input DSA
TRACE::2026-01-22.14:57:14::SCWMssOS::Checking the sw design at  C:/Users/CamLT/AX7010_Work/UltrasonicFPGA2021/delay-and-sum-v2/delay-and-sum-v2-platform/ps7_cortexa9_0/standalone_domain/bsp/system.mss
TRACE::2026-01-22.14:57:14::SCWMssOS::DEBUG:  swdes dump  C:/Users/CamLT/AX7010_Work/UltrasonicFPGA2021/delay-and-sum-v2/delay-and-sum-v2-platform/ps7_cortexa9_0/standalone_domain/bsp/system.mss|system_0||
C:/Users/CamLT/AX7010_Work/UltrasonicFPGA2021/delay-and-sum-v2/delay-and-sum-v2-platform/zynq_fsbl/zynq_fsbl_bsp/system.mss|system||

TRACE::2026-01-22.14:57:14::SCWMssOS::Sw design exists and opened at  C:/Users/CamLT/AX7010_Work/UltrasonicFPGA2021/delay-and-sum-v2/delay-and-sum-v2-platform/ps7_cortexa9_0/standalone_domain/bsp/system.mss
TRACE::2026-01-22.14:57:14::SCWReader::No isolation master present  
TRACE::2026-01-22.14:57:20::SCWBDomain::System Command Ran  C:&  cd  C:/Users/CamLT/AX7010_Work/UltrasonicFPGA2021/delay-and-sum-v2/delay-and-sum-v2-platform/zynq_fsbl & make clean
TRACE::2026-01-22.14:57:21::SCWBDomain::rm -rf  sd.o  nand.o  image_mover.o  md5.o  fsbl_hooks.o  main.o  nor.o  qspi.o  rsa.o  ps7_init.o  pcap.o  fsbl_handoff.o zynq
TRACE::2026-01-22.14:57:21::SCWBDomain::_fsbl_bsp/ps7_cortexa9_0/lib/libxil.a fsbl.elf *.o

TRACE::2026-01-22.14:57:21::SCWBDomain::System Command Ran  C:&  cd  C:/Users/CamLT/AX7010_Work/UltrasonicFPGA2021/delay-and-sum-v2/delay-and-sum-v2-platform/zynq_fsbl/zynq_fsbl_bsp & make clean
TRACE::2026-01-22.14:57:21::SCWBDomain::make -C ps7_cortexa9_0/libsrc/coresightps_dcc_v1_8/src -s clean 

TRACE::2026-01-22.14:57:21::SCWBDomain::make -C ps7_cortexa9_0/libsrc/cpu_cortexa9_v2_11/src -s clean 

TRACE::2026-01-22.14:57:21::SCWBDomain::make -C ps7_cortexa9_0/libsrc/ddrps_v1_2/src -s clean 

TRACE::2026-01-22.14:57:21::SCWBDomain::make -C ps7_cortexa9_0/libsrc/devcfg_v3_7/src -s clean 

TRACE::2026-01-22.14:57:21::SCWBDomain::make -C ps7_cortexa9_0/libsrc/dmaps_v2_8/src -s clean 

TRACE::2026-01-22.14:57:21::SCWBDomain::make -C ps7_cortexa9_0/libsrc/DMA_v1_0/src -s clean 

TRACE::2026-01-22.14:57:21::SCWBDomain::make -C ps7_cortexa9_0/libsrc/emacps_v3_14/src -s clean 

TRACE::2026-01-22.14:57:21::SCWBDomain::make -C ps7_cortexa9_0/libsrc/gpiops_v3_9/src -s clean 

TRACE::2026-01-22.14:57:22::SCWBDomain::make -C ps7_cortexa9_0/libsrc/lwip211_v1_5/src -s clean 

TRACE::2026-01-22.14:57:22::SCWBDomain::make -C ps7_cortexa9_0/libsrc/qspips_v3_9/src -s clean 

TRACE::2026-01-22.14:57:22::SCWBDomain::make -C ps7_cortexa9_0/libsrc/scugic_v4_5/src -s clean 

TRACE::2026-01-22.14:57:22::SCWBDomain::make -C ps7_cortexa9_0/libsrc/scutimer_v2_3/src -s clean 

TRACE::2026-01-22.14:57:22::SCWBDomain::make -C ps7_cortexa9_0/libsrc/scuwdt_v2_4/src -s clean 

TRACE::2026-01-22.14:57:22::SCWBDomain::make -C ps7_cortexa9_0/libsrc/sdps_v3_12/src -s clean 

TRACE::2026-01-22.14:57:22::SCWBDomain::make -C ps7_cortexa9_0/libsrc/standalone_v7_5/src -s clean 

TRACE::2026-01-22.14:57:23::SCWBDomain::make -C ps7_cortexa9_0/libsrc/uartps_v3_11/src -s clean 

TRACE::2026-01-22.14:57:23::SCWBDomain::make -C ps7_cortexa9_0/libsrc/usbps_v2_7/src -s clean 

TRACE::2026-01-22.14:57:23::SCWBDomain::make -C ps7_cortexa9_0/libsrc/xadcps_v2_6/src -s clean 

TRACE::2026-01-22.14:57:23::SCWBDomain::make -C ps7_cortexa9_0/libsrc/xilffs_v4_5/src -s clean 

TRACE::2026-01-22.14:57:23::SCWBDomain::make -C ps7_cortexa9_0/libsrc/xilrsa_v1_6/src -s clean 

TRACE::2026-01-22.14:57:23::SCWBDomain::rm -f ps7_cortexa9_0/lib/libxil.a

TRACE::2026-01-22.14:57:23::SCWMssOS::cleaning the bsp 
TRACE::2026-01-22.14:57:23::SCWMssOS::System Command Ran  C: & cd  C:/Users/CamLT/AX7010_Work/UltrasonicFPGA2021/delay-and-sum-v2/delay-and-sum-v2-platform/ps7_cortexa9_0/standalone_domain/bsp & make clean 
TRACE::2026-01-22.14:57:23::SCWMssOS::make -C ps7_cortexa9_0/libsrc/coresightps_dcc_v1_8/src -s clean 

TRACE::2026-01-22.14:57:23::SCWMssOS::make -C ps7_cortexa9_0/libsrc/cpu_cortexa9_v2_11/src -s clean 

TRACE::2026-01-22.14:57:24::SCWMssOS::make -C ps7_cortexa9_0/libsrc/ddrps_v1_2/src -s clean 

TRACE::2026-01-22.14:57:24::SCWMssOS::make -C ps7_cortexa9_0/libsrc/devcfg_v3_7/src -s clean 

TRACE::2026-01-22.14:57:24::SCWMssOS::make -C ps7_cortexa9_0/libsrc/dmaps_v2_8/src -s clean 

TRACE::2026-01-22.14:57:24::SCWMssOS::make -C ps7_cortexa9_0/libsrc/DMA_v1_0/src -s clean 

TRACE::2026-01-22.14:57:24::SCWMssOS::make -C ps7_cortexa9_0/libsrc/emacps_v3_14/src -s clean 

TRACE::2026-01-22.14:57:24::SCWMssOS::make -C ps7_cortexa9_0/libsrc/gpiops_v3_9/src -s clean 

TRACE::2026-01-22.14:57:24::SCWMssOS::make -C ps7_cortexa9_0/libsrc/lwip211_v1_5/src -s clean 

TRACE::2026-01-22.14:57:24::SCWMssOS::make -C ps7_cortexa9_0/libsrc/qspips_v3_9/src -s clean 

TRACE::2026-01-22.14:57:24::SCWMssOS::make -C ps7_cortexa9_0/libsrc/scugic_v4_5/src -s clean 

TRACE::2026-01-22.14:57:25::SCWMssOS::make -C ps7_cortexa9_0/libsrc/scutimer_v2_3/src -s clean 

TRACE::2026-01-22.14:57:25::SCWMssOS::make -C ps7_cortexa9_0/libsrc/scuwdt_v2_4/src -s clean 

TRACE::2026-01-22.14:57:25::SCWMssOS::make -C ps7_cortexa9_0/libsrc/sdps_v3_12/src -s clean 

TRACE::2026-01-22.14:57:25::SCWMssOS::make -C ps7_cortexa9_0/libsrc/standalone_v7_5/src -s clean 

TRACE::2026-01-22.14:57:25::SCWMssOS::make -C ps7_cortexa9_0/libsrc/uartps_v3_11/src -s clean 

TRACE::2026-01-22.14:57:25::SCWMssOS::make -C ps7_cortexa9_0/libsrc/usbps_v2_7/src -s clean 

TRACE::2026-01-22.14:57:26::SCWMssOS::make -C ps7_cortexa9_0/libsrc/xadcps_v2_6/src -s clean 

TRACE::2026-01-22.14:57:26::SCWMssOS::rm -f ps7_cortexa9_0/lib/libxil.a

LOG::2026-01-22.14:57:32::SCWPlatform::Started generating the artifacts platform delay-and-sum-v2-platform
TRACE::2026-01-22.14:57:32::SCWPlatform::Sanity checking of platform is completed
LOG::2026-01-22.14:57:32::SCWPlatform::Started generating the artifacts for system configuration delay-and-sum-v2-platform
LOG::2026-01-22.14:57:32::SCWSystem::Checking the domain zynq_fsbl
LOG::2026-01-22.14:57:32::SCWSystem::Doing application build for :  zynq_fsbl
TRACE::2026-01-22.14:57:32::SCWBDomain::Not a forced makefile updation, No changes are present. 
TRACE::2026-01-22.14:57:32::SCWDomain::Building the domain as part of full build :  zynq_fsbl
TRACE::2026-01-22.14:57:32::SCWPlatform::Trying to open the hw design at C:/Users/CamLT/AX7010_Work/UltrasonicFPGA2021/delay-and-sum-v2/delay-and-sum-v2-platform/hw/Demodulator_128Ch_wrapper22.xsa
TRACE::2026-01-22.14:57:32::SCWPlatform::DSA given C:/Users/CamLT/AX7010_Work/UltrasonicFPGA2021/delay-and-sum-v2/delay-and-sum-v2-platform/hw/Demodulator_128Ch_wrapper22.xsa
TRACE::2026-01-22.14:57:32::SCWPlatform::DSA absoulate path C:/Users/CamLT/AX7010_Work/UltrasonicFPGA2021/delay-and-sum-v2/delay-and-sum-v2-platform/hw/Demodulator_128Ch_wrapper22.xsa
TRACE::2026-01-22.14:57:32::SCWPlatform::DSA directory C:/Users/CamLT/AX7010_Work/UltrasonicFPGA2021/delay-and-sum-v2/delay-and-sum-v2-platform/hw
TRACE::2026-01-22.14:57:32::SCWPlatform:: Platform Path C:/Users/CamLT/AX7010_Work/UltrasonicFPGA2021/delay-and-sum-v2/delay-and-sum-v2-platform/hw/Demodulator_128Ch_wrapper22.xsa
TRACE::2026-01-22.14:57:32::SCWPlatform:: Unique name xilinx:::0.0
TRACE::2026-01-22.14:57:32::SCWPlatform::Trying to set the existing hwdb with name Demodulator_128Ch_wrapper_6
TRACE::2026-01-22.14:57:32::SCWPlatform::Opened existing hwdb Demodulator_128Ch_wrapper_6
TRACE::2026-01-22.14:57:32::SCWPlatform::Found the Hw Db part of the input DSA
TRACE::2026-01-22.14:57:32::SCWMssOS::Checking the sw design at  C:/Users/CamLT/AX7010_Work/UltrasonicFPGA2021/delay-and-sum-v2/delay-and-sum-v2-platform/zynq_fsbl/zynq_fsbl_bsp/system.mss
TRACE::2026-01-22.14:57:32::SCWMssOS::DEBUG:  swdes dump  C:/Users/CamLT/AX7010_Work/UltrasonicFPGA2021/delay-and-sum-v2/delay-and-sum-v2-platform/ps7_cortexa9_0/standalone_domain/bsp/system.mss|system_0||
C:/Users/CamLT/AX7010_Work/UltrasonicFPGA2021/delay-and-sum-v2/delay-and-sum-v2-platform/zynq_fsbl/zynq_fsbl_bsp/system.mss|system||

TRACE::2026-01-22.14:57:32::SCWMssOS::Sw design exists and opened at  C:/Users/CamLT/AX7010_Work/UltrasonicFPGA2021/delay-and-sum-v2/delay-and-sum-v2-platform/zynq_fsbl/zynq_fsbl_bsp/system.mss
TRACE::2026-01-22.14:57:32::SCWBDomain::Completed writing the mss file at C:/Users/CamLT/AX7010_Work/UltrasonicFPGA2021/delay-and-sum-v2/delay-and-sum-v2-platform/zynq_fsbl/zynq_fsbl_bsp
TRACE::2026-01-22.14:57:32::SCWBDomain::bsp generated is upto date with the mss file. Skipping bsp generation.
TRACE::2026-01-22.14:57:32::SCWBDomain::Not a forced makefile updation, No changes are present. 
TRACE::2026-01-22.14:57:32::SCWBDomain::System Command Ran  C:&  cd  C:/Users/CamLT/AX7010_Work/UltrasonicFPGA2021/delay-and-sum-v2/delay-and-sum-v2-platform/zynq_fsbl& make -C  zynq_fsbl_bsp & make 
TRACE::2026-01-22.14:57:32::SCWBDomain::make: Entering directory 'C:/Users/CamLT/AX7010_Work/UltrasonicFPGA2021/delay-and-sum-v2/delay-and-sum-v2-platform/zynq_fsbl/zy
TRACE::2026-01-22.14:57:32::SCWBDomain::nq_fsbl_bsp'

TRACE::2026-01-22.14:57:32::SCWBDomain::make --no-print-directory seq_libs

TRACE::2026-01-22.14:57:32::SCWBDomain::"Running Make include in ps7_cortexa9_0/libsrc/coresightps_dcc_v1_8/src"

TRACE::2026-01-22.14:57:32::SCWBDomain::make -C ps7_cortexa9_0/libsrc/coresightps_dcc_v1_8/src -s include  "SHELL=CMD" "COMPILER=arm-none-eabi-gcc" "ASSEMBLER=arm-none
TRACE::2026-01-22.14:57:32::SCWBDomain::-eabi-as" "ARCHIVER=arm-none-eabi-ar" "COMPILER_FLAGS=  -O2 -c" "EXTRA_COMPILER_FLAGS=-mcpu=cortex-a9 -mfpu=vfpv3 -mfloat-abi=h
TRACE::2026-01-22.14:57:32::SCWBDomain::ard -nostartfiles -g -Wall -Wextra -fno-tree-loop-distribute-patterns"

TRACE::2026-01-22.14:57:32::SCWBDomain::"Running Make include in ps7_cortexa9_0/libsrc/cpu_cortexa9_v2_11/src"

TRACE::2026-01-22.14:57:32::SCWBDomain::make -C ps7_cortexa9_0/libsrc/cpu_cortexa9_v2_11/src -s include  "SHELL=CMD" "COMPILER=arm-none-eabi-gcc" "ASSEMBLER=arm-none-e
TRACE::2026-01-22.14:57:32::SCWBDomain::abi-as" "ARCHIVER=arm-none-eabi-ar" "COMPILER_FLAGS=  -O2 -c" "EXTRA_COMPILER_FLAGS=-mcpu=cortex-a9 -mfpu=vfpv3 -mfloat-abi=har
TRACE::2026-01-22.14:57:32::SCWBDomain::d -nostartfiles -g -Wall -Wextra -fno-tree-loop-distribute-patterns"

TRACE::2026-01-22.14:57:32::SCWBDomain::"Running Make include in ps7_cortexa9_0/libsrc/ddrps_v1_2/src"

TRACE::2026-01-22.14:57:32::SCWBDomain::make -C ps7_cortexa9_0/libsrc/ddrps_v1_2/src -s include  "SHELL=CMD" "COMPILER=arm-none-eabi-gcc" "ASSEMBLER=arm-none-eabi-as" 
TRACE::2026-01-22.14:57:32::SCWBDomain::"ARCHIVER=arm-none-eabi-ar" "COMPILER_FLAGS=  -O2 -c" "EXTRA_COMPILER_FLAGS=-mcpu=cortex-a9 -mfpu=vfpv3 -mfloat-abi=hard -nosta
TRACE::2026-01-22.14:57:32::SCWBDomain::rtfiles -g -Wall -Wextra -fno-tree-loop-distribute-patterns"

TRACE::2026-01-22.14:57:32::SCWBDomain::"Running Make include in ps7_cortexa9_0/libsrc/devcfg_v3_7/src"

TRACE::2026-01-22.14:57:32::SCWBDomain::make -C ps7_cortexa9_0/libsrc/devcfg_v3_7/src -s include  "SHELL=CMD" "COMPILER=arm-none-eabi-gcc" "ASSEMBLER=arm-none-eabi-as"
TRACE::2026-01-22.14:57:32::SCWBDomain:: "ARCHIVER=arm-none-eabi-ar" "COMPILER_FLAGS=  -O2 -c" "EXTRA_COMPILER_FLAGS=-mcpu=cortex-a9 -mfpu=vfpv3 -mfloat-abi=hard -nost
TRACE::2026-01-22.14:57:32::SCWBDomain::artfiles -g -Wall -Wextra -fno-tree-loop-distribute-patterns"

TRACE::2026-01-22.14:57:32::SCWBDomain::"Running Make include in ps7_cortexa9_0/libsrc/dmaps_v2_8/src"

TRACE::2026-01-22.14:57:32::SCWBDomain::make -C ps7_cortexa9_0/libsrc/dmaps_v2_8/src -s include  "SHELL=CMD" "COMPILER=arm-none-eabi-gcc" "ASSEMBLER=arm-none-eabi-as" 
TRACE::2026-01-22.14:57:32::SCWBDomain::"ARCHIVER=arm-none-eabi-ar" "COMPILER_FLAGS=  -O2 -c" "EXTRA_COMPILER_FLAGS=-mcpu=cortex-a9 -mfpu=vfpv3 -mfloat-abi=hard -nosta
TRACE::2026-01-22.14:57:32::SCWBDomain::rtfiles -g -Wall -Wextra -fno-tree-loop-distribute-patterns"

TRACE::2026-01-22.14:57:32::SCWBDomain::"Running Make include in ps7_cortexa9_0/libsrc/DMA_v1_0/src"

TRACE::2026-01-22.14:57:32::SCWBDomain::make -C ps7_cortexa9_0/libsrc/DMA_v1_0/src -s include  "SHELL=CMD" "COMPILER=arm-none-eabi-gcc" "ASSEMBLER=arm-none-eabi-as" "A
TRACE::2026-01-22.14:57:32::SCWBDomain::RCHIVER=arm-none-eabi-ar" "COMPILER_FLAGS=  -O2 -c" "EXTRA_COMPILER_FLAGS=-mcpu=cortex-a9 -mfpu=vfpv3 -mfloat-abi=hard -nostart
TRACE::2026-01-22.14:57:32::SCWBDomain::files -g -Wall -Wextra -fno-tree-loop-distribute-patterns"

TRACE::2026-01-22.14:57:33::SCWBDomain::"Running Make include in ps7_cortexa9_0/libsrc/emacps_v3_14/src"

TRACE::2026-01-22.14:57:33::SCWBDomain::make -C ps7_cortexa9_0/libsrc/emacps_v3_14/src -s include  "SHELL=CMD" "COMPILER=arm-none-eabi-gcc" "ASSEMBLER=arm-none-eabi-as
TRACE::2026-01-22.14:57:33::SCWBDomain::" "ARCHIVER=arm-none-eabi-ar" "COMPILER_FLAGS=  -O2 -c" "EXTRA_COMPILER_FLAGS=-mcpu=cortex-a9 -mfpu=vfpv3 -mfloat-abi=hard -nos
TRACE::2026-01-22.14:57:33::SCWBDomain::tartfiles -g -Wall -Wextra -fno-tree-loop-distribute-patterns"

TRACE::2026-01-22.14:57:33::SCWBDomain::"Running Make include in ps7_cortexa9_0/libsrc/gpiops_v3_9/src"

TRACE::2026-01-22.14:57:33::SCWBDomain::make -C ps7_cortexa9_0/libsrc/gpiops_v3_9/src -s include  "SHELL=CMD" "COMPILER=arm-none-eabi-gcc" "ASSEMBLER=arm-none-eabi-as"
TRACE::2026-01-22.14:57:33::SCWBDomain:: "ARCHIVER=arm-none-eabi-ar" "COMPILER_FLAGS=  -O2 -c" "EXTRA_COMPILER_FLAGS=-mcpu=cortex-a9 -mfpu=vfpv3 -mfloat-abi=hard -nost
TRACE::2026-01-22.14:57:33::SCWBDomain::artfiles -g -Wall -Wextra -fno-tree-loop-distribute-patterns"

TRACE::2026-01-22.14:57:33::SCWBDomain::"Running Make include in ps7_cortexa9_0/libsrc/lwip211_v1_5/src"

TRACE::2026-01-22.14:57:33::SCWBDomain::make -C ps7_cortexa9_0/libsrc/lwip211_v1_5/src -s include  "SHELL=CMD" "COMPILER=arm-none-eabi-gcc" "ASSEMBLER=arm-none-eabi-as
TRACE::2026-01-22.14:57:33::SCWBDomain::" "ARCHIVER=arm-none-eabi-ar" "COMPILER_FLAGS=  -O2 -c" "EXTRA_COMPILER_FLAGS=-mcpu=cortex-a9 -mfpu=vfpv3 -mfloat-abi=hard -nos
TRACE::2026-01-22.14:57:33::SCWBDomain::tartfiles -g -Wall -Wextra -fno-tree-loop-distribute-patterns"

TRACE::2026-01-22.14:57:33::SCWBDomain::"Running Make include in ps7_cortexa9_0/libsrc/qspips_v3_9/src"

TRACE::2026-01-22.14:57:34::SCWBDomain::make -C ps7_cortexa9_0/libsrc/qspips_v3_9/src -s include  "SHELL=CMD" "COMPILER=arm-none-eabi-gcc" "ASSEMBLER=arm-none-eabi-as"
TRACE::2026-01-22.14:57:34::SCWBDomain:: "ARCHIVER=arm-none-eabi-ar" "COMPILER_FLAGS=  -O2 -c" "EXTRA_COMPILER_FLAGS=-mcpu=cortex-a9 -mfpu=vfpv3 -mfloat-abi=hard -nost
TRACE::2026-01-22.14:57:34::SCWBDomain::artfiles -g -Wall -Wextra -fno-tree-loop-distribute-patterns"

TRACE::2026-01-22.14:57:34::SCWBDomain::"Running Make include in ps7_cortexa9_0/libsrc/scugic_v4_5/src"

TRACE::2026-01-22.14:57:34::SCWBDomain::make -C ps7_cortexa9_0/libsrc/scugic_v4_5/src -s include  "SHELL=CMD" "COMPILER=arm-none-eabi-gcc" "ASSEMBLER=arm-none-eabi-as"
TRACE::2026-01-22.14:57:34::SCWBDomain:: "ARCHIVER=arm-none-eabi-ar" "COMPILER_FLAGS=  -O2 -c" "EXTRA_COMPILER_FLAGS=-mcpu=cortex-a9 -mfpu=vfpv3 -mfloat-abi=hard -nost
TRACE::2026-01-22.14:57:34::SCWBDomain::artfiles -g -Wall -Wextra -fno-tree-loop-distribute-patterns"

TRACE::2026-01-22.14:57:34::SCWBDomain::"Running Make include in ps7_cortexa9_0/libsrc/scutimer_v2_3/src"

TRACE::2026-01-22.14:57:34::SCWBDomain::make -C ps7_cortexa9_0/libsrc/scutimer_v2_3/src -s include  "SHELL=CMD" "COMPILER=arm-none-eabi-gcc" "ASSEMBLER=arm-none-eabi-a
TRACE::2026-01-22.14:57:34::SCWBDomain::s" "ARCHIVER=arm-none-eabi-ar" "COMPILER_FLAGS=  -O2 -c" "EXTRA_COMPILER_FLAGS=-mcpu=cortex-a9 -mfpu=vfpv3 -mfloat-abi=hard -no
TRACE::2026-01-22.14:57:34::SCWBDomain::startfiles -g -Wall -Wextra -fno-tree-loop-distribute-patterns"

TRACE::2026-01-22.14:57:34::SCWBDomain::"Running Make include in ps7_cortexa9_0/libsrc/scuwdt_v2_4/src"

TRACE::2026-01-22.14:57:34::SCWBDomain::make -C ps7_cortexa9_0/libsrc/scuwdt_v2_4/src -s include  "SHELL=CMD" "COMPILER=arm-none-eabi-gcc" "ASSEMBLER=arm-none-eabi-as"
TRACE::2026-01-22.14:57:34::SCWBDomain:: "ARCHIVER=arm-none-eabi-ar" "COMPILER_FLAGS=  -O2 -c" "EXTRA_COMPILER_FLAGS=-mcpu=cortex-a9 -mfpu=vfpv3 -mfloat-abi=hard -nost
TRACE::2026-01-22.14:57:34::SCWBDomain::artfiles -g -Wall -Wextra -fno-tree-loop-distribute-patterns"

TRACE::2026-01-22.14:57:34::SCWBDomain::"Running Make include in ps7_cortexa9_0/libsrc/sdps_v3_12/src"

TRACE::2026-01-22.14:57:34::SCWBDomain::make -C ps7_cortexa9_0/libsrc/sdps_v3_12/src -s include  "SHELL=CMD" "COMPILER=arm-none-eabi-gcc" "ASSEMBLER=arm-none-eabi-as" 
TRACE::2026-01-22.14:57:34::SCWBDomain::"ARCHIVER=arm-none-eabi-ar" "COMPILER_FLAGS=  -O2 -c" "EXTRA_COMPILER_FLAGS=-mcpu=cortex-a9 -mfpu=vfpv3 -mfloat-abi=hard -nosta
TRACE::2026-01-22.14:57:34::SCWBDomain::rtfiles -g -Wall -Wextra -fno-tree-loop-distribute-patterns"

TRACE::2026-01-22.14:57:34::SCWBDomain::"Running Make include in ps7_cortexa9_0/libsrc/standalone_v7_5/src"

TRACE::2026-01-22.14:57:34::SCWBDomain::make -C ps7_cortexa9_0/libsrc/standalone_v7_5/src -s include  "SHELL=CMD" "COMPILER=arm-none-eabi-gcc" "ASSEMBLER=arm-none-eabi
TRACE::2026-01-22.14:57:34::SCWBDomain::-as" "ARCHIVER=arm-none-eabi-ar" "COMPILER_FLAGS=  -O2 -c" "EXTRA_COMPILER_FLAGS=-mcpu=cortex-a9 -mfpu=vfpv3 -mfloat-abi=hard -
TRACE::2026-01-22.14:57:34::SCWBDomain::nostartfiles -g -Wall -Wextra -fno-tree-loop-distribute-patterns"

TRACE::2026-01-22.14:57:34::SCWBDomain::"Running Make include in ps7_cortexa9_0/libsrc/uartps_v3_11/src"

TRACE::2026-01-22.14:57:34::SCWBDomain::make -C ps7_cortexa9_0/libsrc/uartps_v3_11/src -s include  "SHELL=CMD" "COMPILER=arm-none-eabi-gcc" "ASSEMBLER=arm-none-eabi-as
TRACE::2026-01-22.14:57:34::SCWBDomain::" "ARCHIVER=arm-none-eabi-ar" "COMPILER_FLAGS=  -O2 -c" "EXTRA_COMPILER_FLAGS=-mcpu=cortex-a9 -mfpu=vfpv3 -mfloat-abi=hard -nos
TRACE::2026-01-22.14:57:34::SCWBDomain::tartfiles -g -Wall -Wextra -fno-tree-loop-distribute-patterns"

TRACE::2026-01-22.14:57:34::SCWBDomain::"Running Make include in ps7_cortexa9_0/libsrc/usbps_v2_7/src"

TRACE::2026-01-22.14:57:34::SCWBDomain::make -C ps7_cortexa9_0/libsrc/usbps_v2_7/src -s include  "SHELL=CMD" "COMPILER=arm-none-eabi-gcc" "ASSEMBLER=arm-none-eabi-as" 
TRACE::2026-01-22.14:57:34::SCWBDomain::"ARCHIVER=arm-none-eabi-ar" "COMPILER_FLAGS=  -O2 -c" "EXTRA_COMPILER_FLAGS=-mcpu=cortex-a9 -mfpu=vfpv3 -mfloat-abi=hard -nosta
TRACE::2026-01-22.14:57:34::SCWBDomain::rtfiles -g -Wall -Wextra -fno-tree-loop-distribute-patterns"

TRACE::2026-01-22.14:57:34::SCWBDomain::"Running Make include in ps7_cortexa9_0/libsrc/xadcps_v2_6/src"

TRACE::2026-01-22.14:57:34::SCWBDomain::make -C ps7_cortexa9_0/libsrc/xadcps_v2_6/src -s include  "SHELL=CMD" "COMPILER=arm-none-eabi-gcc" "ASSEMBLER=arm-none-eabi-as"
TRACE::2026-01-22.14:57:34::SCWBDomain:: "ARCHIVER=arm-none-eabi-ar" "COMPILER_FLAGS=  -O2 -c" "EXTRA_COMPILER_FLAGS=-mcpu=cortex-a9 -mfpu=vfpv3 -mfloat-abi=hard -nost
TRACE::2026-01-22.14:57:34::SCWBDomain::artfiles -g -Wall -Wextra -fno-tree-loop-distribute-patterns"

TRACE::2026-01-22.14:57:34::SCWBDomain::"Running Make include in ps7_cortexa9_0/libsrc/xilffs_v4_5/src"

TRACE::2026-01-22.14:57:34::SCWBDomain::make -C ps7_cortexa9_0/libsrc/xilffs_v4_5/src -s include  "SHELL=CMD" "COMPILER=arm-none-eabi-gcc" "ASSEMBLER=arm-none-eabi-as"
TRACE::2026-01-22.14:57:34::SCWBDomain:: "ARCHIVER=arm-none-eabi-ar" "COMPILER_FLAGS=  -O2 -c" "EXTRA_COMPILER_FLAGS=-mcpu=cortex-a9 -mfpu=vfpv3 -mfloat-abi=hard -nost
TRACE::2026-01-22.14:57:34::SCWBDomain::artfiles -g -Wall -Wextra -fno-tree-loop-distribute-patterns"

TRACE::2026-01-22.14:57:34::SCWBDomain::"Running Make include in ps7_cortexa9_0/libsrc/xilrsa_v1_6/src"

TRACE::2026-01-22.14:57:34::SCWBDomain::make -C ps7_cortexa9_0/libsrc/xilrsa_v1_6/src -s include  "SHELL=CMD" "COMPILER=arm-none-eabi-gcc" "ASSEMBLER=arm-none-eabi-as"
TRACE::2026-01-22.14:57:34::SCWBDomain:: "ARCHIVER=arm-none-eabi-ar" "COMPILER_FLAGS=  -O2 -c" "EXTRA_COMPILER_FLAGS=-mcpu=cortex-a9 -mfpu=vfpv3 -mfloat-abi=hard -nost
TRACE::2026-01-22.14:57:34::SCWBDomain::artfiles -g -Wall -Wextra -fno-tree-loop-distribute-patterns"

TRACE::2026-01-22.14:57:34::SCWBDomain::"Running Make libs in ps7_cortexa9_0/libsrc/DMA_v1_0/src"

TRACE::2026-01-22.14:57:34::SCWBDomain::make -C ps7_cortexa9_0/libsrc/DMA_v1_0/src -s libs  "SHELL=CMD" "COMPILER=arm-none-eabi-gcc" "ASSEMBLER=arm-none-eabi-as" "ARCH
TRACE::2026-01-22.14:57:34::SCWBDomain::IVER=arm-none-eabi-ar" "COMPILER_FLAGS=  -O2 -c" "EXTRA_COMPILER_FLAGS=-mcpu=cortex-a9 -mfpu=vfpv3 -mfloat-abi=hard -nostartfil
TRACE::2026-01-22.14:57:34::SCWBDomain::es -g -Wall -Wextra -fno-tree-loop-distribute-patterns"

TRACE::2026-01-22.14:57:39::SCWBDomain::"Building DMA"

TRACE::2026-01-22.14:57:39::SCWBDomain::"Running Make libs in ps7_cortexa9_0/libsrc/lwip211_v1_5/src"

TRACE::2026-01-22.14:57:39::SCWBDomain::make -C ps7_cortexa9_0/libsrc/lwip211_v1_5/src -s libs  "SHELL=CMD" "COMPILER=arm-none-eabi-gcc" "ASSEMBLER=arm-none-eabi-as" "
TRACE::2026-01-22.14:57:39::SCWBDomain::ARCHIVER=arm-none-eabi-ar" "COMPILER_FLAGS=  -O2 -c" "EXTRA_COMPILER_FLAGS=-mcpu=cortex-a9 -mfpu=vfpv3 -mfloat-abi=hard -nostar
TRACE::2026-01-22.14:57:39::SCWBDomain::tfiles -g -Wall -Wextra -fno-tree-loop-distribute-patterns"

TRACE::2026-01-22.14:57:39::SCWBDomain::"Compiling lwip src and adapter files"

TRACE::2026-01-22.14:57:46::SCWBDomain::"Running Make libs in ps7_cortexa9_0/libsrc/xilrsa_v1_6/src"

TRACE::2026-01-22.14:57:46::SCWBDomain::make -C ps7_cortexa9_0/libsrc/xilrsa_v1_6/src -s libs  "SHELL=CMD" "COMPILER=arm-none-eabi-gcc" "ASSEMBLER=arm-none-eabi-as" "A
TRACE::2026-01-22.14:57:46::SCWBDomain::RCHIVER=arm-none-eabi-ar" "COMPILER_FLAGS=  -O2 -c" "EXTRA_COMPILER_FLAGS=-mcpu=cortex-a9 -mfpu=vfpv3 -mfloat-abi=hard -nostart
TRACE::2026-01-22.14:57:46::SCWBDomain::files -g -Wall -Wextra -fno-tree-loop-distribute-patterns"

TRACE::2026-01-22.14:57:46::SCWBDomain::'Finished building libraries sequentially.'

TRACE::2026-01-22.14:57:46::SCWBDomain::make -j 14 --no-print-directory par_libs

TRACE::2026-01-22.14:57:46::SCWBDomain::"Running Make include in ps7_cortexa9_0/libsrc/coresightps_dcc_v1_8/src"

TRACE::2026-01-22.14:57:46::SCWBDomain::make -C ps7_cortexa9_0/libsrc/coresightps_dcc_v1_8/src -s include  "SHELL=CMD" "COMPILER=arm-none-eabi-gcc" "ASSEMBLER=arm-none
TRACE::2026-01-22.14:57:46::SCWBDomain::-eabi-as" "ARCHIVER=arm-none-eabi-ar" "COMPILER_FLAGS=  -O2 -c" "EXTRA_COMPILER_FLAGS=-mcpu=cortex-a9 -mfpu=vfpv3 -mfloat-abi=h
TRACE::2026-01-22.14:57:46::SCWBDomain::ard -nostartfiles -g -Wall -Wextra -fno-tree-loop-distribute-patterns"

TRACE::2026-01-22.14:57:46::SCWBDomain::"Running Make include in ps7_cortexa9_0/libsrc/cpu_cortexa9_v2_11/src"

TRACE::2026-01-22.14:57:46::SCWBDomain::make -C ps7_cortexa9_0/libsrc/cpu_cortexa9_v2_11/src -s include  "SHELL=CMD" "COMPILER=arm-none-eabi-gcc" "ASSEMBLER=arm-none-e
TRACE::2026-01-22.14:57:46::SCWBDomain::abi-as" "ARCHIVER=arm-none-eabi-ar" "COMPILER_FLAGS=  -O2 -c" "EXTRA_COMPILER_FLAGS=-mcpu=cortex-a9 -mfpu=vfpv3 -mfloat-abi=har
TRACE::2026-01-22.14:57:46::SCWBDomain::d -nostartfiles -g -Wall -Wextra -fno-tree-loop-distribute-patterns"

TRACE::2026-01-22.14:57:46::SCWBDomain::"Running Make include in ps7_cortexa9_0/libsrc/ddrps_v1_2/src"

TRACE::2026-01-22.14:57:46::SCWBDomain::"Running Make include in ps7_cortexa9_0/libsrc/devcfg_v3_7/src"

TRACE::2026-01-22.14:57:46::SCWBDomain::make -C ps7_cortexa9_0/libsrc/ddrps_v1_2/src -s include  "SHELL=CMD" "COMPILER=arm-none-eabi-gcc" "ASSEMBLER=arm-none-eabi-as" 
TRACE::2026-01-22.14:57:46::SCWBDomain::"ARCHIVER=arm-none-eabi-ar" "COMPILER_FLAGS=  -O2 -c" "EXTRA_COMPILER_FLAGS=-mcpu=cortex-a9 -mfpu=vfpv3 -mfloat-abi=hard -nosta
TRACE::2026-01-22.14:57:46::SCWBDomain::rtfiles -g -Wall -Wextra -fno-tree-loop-distribute-patterns"

TRACE::2026-01-22.14:57:46::SCWBDomain::make -C ps7_cortexa9_0/libsrc/devcfg_v3_7/src -s include  "SHELL=CMD" "COMPILER=arm-none-eabi-gcc" "ASSEMBLER=arm-none-eabi-as"
TRACE::2026-01-22.14:57:46::SCWBDomain:: "ARCHIVER=arm-none-eabi-ar" "COMPILER_FLAGS=  -O2 -c" "EXTRA_COMPILER_FLAGS=-mcpu=cortex-a9 -mfpu=vfpv3 -mfloat-abi=hard -nost
TRACE::2026-01-22.14:57:46::SCWBDomain::artfiles -g -Wall -Wextra -fno-tree-loop-distribute-patterns"

TRACE::2026-01-22.14:57:46::SCWBDomain::"Running Make include in ps7_cortexa9_0/libsrc/dmaps_v2_8/src"

TRACE::2026-01-22.14:57:46::SCWBDomain::make -C ps7_cortexa9_0/libsrc/dmaps_v2_8/src -s include  "SHELL=CMD" "COMPILER=arm-none-eabi-gcc" "ASSEMBLER=arm-none-eabi-as" 
TRACE::2026-01-22.14:57:46::SCWBDomain::"ARCHIVER=arm-none-eabi-ar" "COMPILER_FLAGS=  -O2 -c" "EXTRA_COMPILER_FLAGS=-mcpu=cortex-a9 -mfpu=vfpv3 -mfloat-abi=hard -nosta
TRACE::2026-01-22.14:57:46::SCWBDomain::rtfiles -g -Wall -Wextra -fno-tree-loop-distribute-patterns"

TRACE::2026-01-22.14:57:46::SCWBDomain::"Running Make include in ps7_cortexa9_0/libsrc/DMA_v1_0/src"

TRACE::2026-01-22.14:57:46::SCWBDomain::make -C ps7_cortexa9_0/libsrc/DMA_v1_0/src -s include  "SHELL=CMD" "COMPILER=arm-none-eabi-gcc" "ASSEMBLER=arm-none-eabi-as" "A
TRACE::2026-01-22.14:57:46::SCWBDomain::RCHIVER=arm-none-eabi-ar" "COMPILER_FLAGS=  -O2 -c" "EXTRA_COMPILER_FLAGS=-mcpu=cortex-a9 -mfpu=vfpv3 -mfloat-abi=hard -nostart
TRACE::2026-01-22.14:57:46::SCWBDomain::files -g -Wall -Wextra -fno-tree-loop-distribute-patterns"

TRACE::2026-01-22.14:57:46::SCWBDomain::"Running Make include in ps7_cortexa9_0/libsrc/emacps_v3_14/src"

TRACE::2026-01-22.14:57:46::SCWBDomain::make -C ps7_cortexa9_0/libsrc/emacps_v3_14/src -s include  "SHELL=CMD" "COMPILER=arm-none-eabi-gcc" "ASSEMBLER=arm-none-eabi-as
TRACE::2026-01-22.14:57:46::SCWBDomain::" "ARCHIVER=arm-none-eabi-ar" "COMPILER_FLAGS=  -O2 -c" "EXTRA_COMPILER_FLAGS=-mcpu=cortex-a9 -mfpu=vfpv3 -mfloat-abi=hard -nos
TRACE::2026-01-22.14:57:46::SCWBDomain::tartfiles -g -Wall -Wextra -fno-tree-loop-distribute-patterns"

TRACE::2026-01-22.14:57:46::SCWBDomain::"Running Make include in ps7_cortexa9_0/libsrc/gpiops_v3_9/src"

TRACE::2026-01-22.14:57:46::SCWBDomain::make -C ps7_cortexa9_0/libsrc/gpiops_v3_9/src -s include  "SHELL=CMD" "COMPILER=arm-none-eabi-gcc" "ASSEMBLER=arm-none-eabi-as"
TRACE::2026-01-22.14:57:46::SCWBDomain:: "ARCHIVER=arm-none-eabi-ar" "COMPILER_FLAGS=  -O2 -c" "EXTRA_COMPILER_FLAGS=-mcpu=cortex-a9 -mfpu=vfpv3 -mfloat-abi=hard -nost
TRACE::2026-01-22.14:57:46::SCWBDomain::artfiles -g -Wall -Wextra -fno-tree-loop-distribute-patterns"

TRACE::2026-01-22.14:57:46::SCWBDomain::"Running Make include in ps7_cortexa9_0/libsrc/lwip211_v1_5/src"

TRACE::2026-01-22.14:57:46::SCWBDomain::make -C ps7_cortexa9_0/libsrc/lwip211_v1_5/src -s include  "SHELL=CMD" "COMPILER=arm-none-eabi-gcc" "ASSEMBLER=arm-none-eabi-as
TRACE::2026-01-22.14:57:46::SCWBDomain::" "ARCHIVER=arm-none-eabi-ar" "COMPILER_FLAGS=  -O2 -c" "EXTRA_COMPILER_FLAGS=-mcpu=cortex-a9 -mfpu=vfpv3 -mfloat-abi=hard -nos
TRACE::2026-01-22.14:57:46::SCWBDomain::tartfiles -g -Wall -Wextra -fno-tree-loop-distribute-patterns"

TRACE::2026-01-22.14:57:46::SCWBDomain::"Running Make include in ps7_cortexa9_0/libsrc/qspips_v3_9/src"

TRACE::2026-01-22.14:57:46::SCWBDomain::"Running Make include in ps7_cortexa9_0/libsrc/scugic_v4_5/src"

TRACE::2026-01-22.14:57:46::SCWBDomain::make -C ps7_cortexa9_0/libsrc/qspips_v3_9/src -s include  "SHELL=CMD" "COMPILER=arm-none-eabi-gcc" "ASSEMBLER=arm-none-eabi-as"
TRACE::2026-01-22.14:57:46::SCWBDomain:: "ARCHIVER=arm-none-eabi-ar" "COMPILER_FLAGS=  -O2 -c" "EXTRA_COMPILER_FLAGS=-mcpu=cortex-a9 -mfpu=vfpv3 -mfloat-abi=hard -nost
TRACE::2026-01-22.14:57:46::SCWBDomain::artfiles -g -Wall -Wextra -fno-tree-loop-distribute-patterns"

TRACE::2026-01-22.14:57:46::SCWBDomain::make -C ps7_cortexa9_0/libsrc/scugic_v4_5/src -s include  "SHELL=CMD" "COMPILER=arm-none-eabi-gcc" "ASSEMBLER=arm-none-eabi-as"
TRACE::2026-01-22.14:57:46::SCWBDomain:: "ARCHIVER=arm-none-eabi-ar" "COMPILER_FLAGS=  -O2 -c" "EXTRA_COMPILER_FLAGS=-mcpu=cortex-a9 -mfpu=vfpv3 -mfloat-abi=hard -nost
TRACE::2026-01-22.14:57:46::SCWBDomain::artfiles -g -Wall -Wextra -fno-tree-loop-distribute-patterns"

TRACE::2026-01-22.14:57:46::SCWBDomain::"Running Make include in ps7_cortexa9_0/libsrc/scutimer_v2_3/src"

TRACE::2026-01-22.14:57:46::SCWBDomain::make -C ps7_cortexa9_0/libsrc/scutimer_v2_3/src -s include  "SHELL=CMD" "COMPILER=arm-none-eabi-gcc" "ASSEMBLER=arm-none-eabi-a
TRACE::2026-01-22.14:57:46::SCWBDomain::s" "ARCHIVER=arm-none-eabi-ar" "COMPILER_FLAGS=  -O2 -c" "EXTRA_COMPILER_FLAGS=-mcpu=cortex-a9 -mfpu=vfpv3 -mfloat-abi=hard -no
TRACE::2026-01-22.14:57:46::SCWBDomain::startfiles -g -Wall -Wextra -fno-tree-loop-distribute-patterns"

TRACE::2026-01-22.14:57:46::SCWBDomain::"Running Make include in ps7_cortexa9_0/libsrc/scuwdt_v2_4/src"

TRACE::2026-01-22.14:57:46::SCWBDomain::make -C ps7_cortexa9_0/libsrc/scuwdt_v2_4/src -s include  "SHELL=CMD" "COMPILER=arm-none-eabi-gcc" "ASSEMBLER=arm-none-eabi-as"
TRACE::2026-01-22.14:57:46::SCWBDomain:: "ARCHIVER=arm-none-eabi-ar" "COMPILER_FLAGS=  -O2 -c" "EXTRA_COMPILER_FLAGS=-mcpu=cortex-a9 -mfpu=vfpv3 -mfloat-abi=hard -nost
TRACE::2026-01-22.14:57:46::SCWBDomain::artfiles -g -Wall -Wextra -fno-tree-loop-distribute-patterns"

TRACE::2026-01-22.14:57:46::SCWBDomain::"Running Make include in ps7_cortexa9_0/libsrc/sdps_v3_12/src"

TRACE::2026-01-22.14:57:46::SCWBDomain::"Running Make include in ps7_cortexa9_0/libsrc/standalone_v7_5/src"

TRACE::2026-01-22.14:57:46::SCWBDomain::make -C ps7_cortexa9_0/libsrc/sdps_v3_12/src -s include  "SHELL=CMD" "COMPILER=arm-none-eabi-gcc" "ASSEMBLER=arm-none-eabi-as" 
TRACE::2026-01-22.14:57:46::SCWBDomain::"ARCHIVER=arm-none-eabi-ar" "COMPILER_FLAGS=  -O2 -c" "EXTRA_COMPILER_FLAGS=-mcpu=cortex-a9 -mfpu=vfpv3 -mfloat-abi=hard -nosta
TRACE::2026-01-22.14:57:46::SCWBDomain::rtfiles -g -Wall -Wextra -fno-tree-loop-distribute-patterns"

TRACE::2026-01-22.14:57:46::SCWBDomain::make -C ps7_cortexa9_0/libsrc/standalone_v7_5/src -s include  "SHELL=CMD" "COMPILER=arm-none-eabi-gcc" "ASSEMBLER=arm-none-eabi
TRACE::2026-01-22.14:57:46::SCWBDomain::-as" "ARCHIVER=arm-none-eabi-ar" "COMPILER_FLAGS=  -O2 -c" "EXTRA_COMPILER_FLAGS=-mcpu=cortex-a9 -mfpu=vfpv3 -mfloat-abi=hard -
TRACE::2026-01-22.14:57:46::SCWBDomain::nostartfiles -g -Wall -Wextra -fno-tree-loop-distribute-patterns"

TRACE::2026-01-22.14:57:46::SCWBDomain::"Running Make include in ps7_cortexa9_0/libsrc/uartps_v3_11/src"

TRACE::2026-01-22.14:57:46::SCWBDomain::make -C ps7_cortexa9_0/libsrc/uartps_v3_11/src -s include  "SHELL=CMD" "COMPILER=arm-none-eabi-gcc" "ASSEMBLER=arm-none-eabi-as
TRACE::2026-01-22.14:57:46::SCWBDomain::" "ARCHIVER=arm-none-eabi-ar" "COMPILER_FLAGS=  -O2 -c" "EXTRA_COMPILER_FLAGS=-mcpu=cortex-a9 -mfpu=vfpv3 -mfloat-abi=hard -nos
TRACE::2026-01-22.14:57:46::SCWBDomain::tartfiles -g -Wall -Wextra -fno-tree-loop-distribute-patterns"

TRACE::2026-01-22.14:57:46::SCWBDomain::"Running Make include in ps7_cortexa9_0/libsrc/usbps_v2_7/src"

TRACE::2026-01-22.14:57:46::SCWBDomain::"Running Make include in ps7_cortexa9_0/libsrc/xadcps_v2_6/src"

TRACE::2026-01-22.14:57:46::SCWBDomain::make -C ps7_cortexa9_0/libsrc/usbps_v2_7/src -s include  "SHELL=CMD" "COMPILER=arm-none-eabi-gcc" "ASSEMBLER=arm-none-eabi-as" 
TRACE::2026-01-22.14:57:46::SCWBDomain::"ARCHIVER=arm-none-eabi-ar" "COMPILER_FLAGS=  -O2 -c" "EXTRA_COMPILER_FLAGS=-mcpu=cortex-a9 -mfpu=vfpv3 -mfloat-abi=hard -nosta
TRACE::2026-01-22.14:57:46::SCWBDomain::rtfiles -g -Wall -Wextra -fno-tree-loop-distribute-patterns"

TRACE::2026-01-22.14:57:46::SCWBDomain::make -C ps7_cortexa9_0/libsrc/xadcps_v2_6/src -s include  "SHELL=CMD" "COMPILER=arm-none-eabi-gcc" "ASSEMBLER=arm-none-eabi-as"
TRACE::2026-01-22.14:57:46::SCWBDomain:: "ARCHIVER=arm-none-eabi-ar" "COMPILER_FLAGS=  -O2 -c" "EXTRA_COMPILER_FLAGS=-mcpu=cortex-a9 -mfpu=vfpv3 -mfloat-abi=hard -nost
TRACE::2026-01-22.14:57:46::SCWBDomain::artfiles -g -Wall -Wextra -fno-tree-loop-distribute-patterns"

TRACE::2026-01-22.14:57:46::SCWBDomain::"Running Make include in ps7_cortexa9_0/libsrc/xilffs_v4_5/src"

TRACE::2026-01-22.14:57:46::SCWBDomain::make -C ps7_cortexa9_0/libsrc/xilffs_v4_5/src -s include  "SHELL=CMD" "COMPILER=arm-none-eabi-gcc" "ASSEMBLER=arm-none-eabi-as"
TRACE::2026-01-22.14:57:46::SCWBDomain:: "ARCHIVER=arm-none-eabi-ar" "COMPILER_FLAGS=  -O2 -c" "EXTRA_COMPILER_FLAGS=-mcpu=cortex-a9 -mfpu=vfpv3 -mfloat-abi=hard -nost
TRACE::2026-01-22.14:57:46::SCWBDomain::artfiles -g -Wall -Wextra -fno-tree-loop-distribute-patterns"

TRACE::2026-01-22.14:57:46::SCWBDomain::"Running Make include in ps7_cortexa9_0/libsrc/xilrsa_v1_6/src"

TRACE::2026-01-22.14:57:46::SCWBDomain::make -C ps7_cortexa9_0/libsrc/xilrsa_v1_6/src -s include  "SHELL=CMD" "COMPILER=arm-none-eabi-gcc" "ASSEMBLER=arm-none-eabi-as"
TRACE::2026-01-22.14:57:46::SCWBDomain:: "ARCHIVER=arm-none-eabi-ar" "COMPILER_FLAGS=  -O2 -c" "EXTRA_COMPILER_FLAGS=-mcpu=cortex-a9 -mfpu=vfpv3 -mfloat-abi=hard -nost
TRACE::2026-01-22.14:57:46::SCWBDomain::artfiles -g -Wall -Wextra -fno-tree-loop-distribute-patterns"

TRACE::2026-01-22.14:57:47::SCWBDomain::"Running Make libs in ps7_cortexa9_0/libsrc/coresightps_dcc_v1_8/src"

TRACE::2026-01-22.14:57:47::SCWBDomain::make -C ps7_cortexa9_0/libsrc/coresightps_dcc_v1_8/src -s libs  "SHELL=CMD" "COMPILER=arm-none-eabi-gcc" "ASSEMBLER=arm-none-ea
TRACE::2026-01-22.14:57:47::SCWBDomain::bi-as" "ARCHIVER=arm-none-eabi-ar" "COMPILER_FLAGS=  -O2 -c" "EXTRA_COMPILER_FLAGS=-mcpu=cortex-a9 -mfpu=vfpv3 -mfloat-abi=hard
TRACE::2026-01-22.14:57:47::SCWBDomain:: -nostartfiles -g -Wall -Wextra -fno-tree-loop-distribute-patterns"

TRACE::2026-01-22.14:57:47::SCWBDomain::"Running Make libs in ps7_cortexa9_0/libsrc/cpu_cortexa9_v2_11/src"

TRACE::2026-01-22.14:57:47::SCWBDomain::"Running Make libs in ps7_cortexa9_0/libsrc/ddrps_v1_2/src"

TRACE::2026-01-22.14:57:47::SCWBDomain::make -C ps7_cortexa9_0/libsrc/cpu_cortexa9_v2_11/src -s libs  "SHELL=CMD" "COMPILER=arm-none-eabi-gcc" "ASSEMBLER=arm-none-eabi
TRACE::2026-01-22.14:57:47::SCWBDomain::-as" "ARCHIVER=arm-none-eabi-ar" "COMPILER_FLAGS=  -O2 -c" "EXTRA_COMPILER_FLAGS=-mcpu=cortex-a9 -mfpu=vfpv3 -mfloat-abi=hard -
TRACE::2026-01-22.14:57:47::SCWBDomain::nostartfiles -g -Wall -Wextra -fno-tree-loop-distribute-patterns"

TRACE::2026-01-22.14:57:47::SCWBDomain::make -C ps7_cortexa9_0/libsrc/ddrps_v1_2/src -s libs  "SHELL=CMD" "COMPILER=arm-none-eabi-gcc" "ASSEMBLER=arm-none-eabi-as" "AR
TRACE::2026-01-22.14:57:47::SCWBDomain::CHIVER=arm-none-eabi-ar" "COMPILER_FLAGS=  -O2 -c" "EXTRA_COMPILER_FLAGS=-mcpu=cortex-a9 -mfpu=vfpv3 -mfloat-abi=hard -nostartf
TRACE::2026-01-22.14:57:47::SCWBDomain::iles -g -Wall -Wextra -fno-tree-loop-distribute-patterns"

TRACE::2026-01-22.14:57:47::SCWBDomain::"Running Make libs in ps7_cortexa9_0/libsrc/devcfg_v3_7/src"

TRACE::2026-01-22.14:57:47::SCWBDomain::make -C ps7_cortexa9_0/libsrc/devcfg_v3_7/src -s libs  "SHELL=CMD" "COMPILER=arm-none-eabi-gcc" "ASSEMBLER=arm-none-eabi-as" "A
TRACE::2026-01-22.14:57:47::SCWBDomain::RCHIVER=arm-none-eabi-ar" "COMPILER_FLAGS=  -O2 -c" "EXTRA_COMPILER_FLAGS=-mcpu=cortex-a9 -mfpu=vfpv3 -mfloat-abi=hard -nostart
TRACE::2026-01-22.14:57:47::SCWBDomain::files -g -Wall -Wextra -fno-tree-loop-distribute-patterns"

TRACE::2026-01-22.14:57:47::SCWBDomain::"Running Make libs in ps7_cortexa9_0/libsrc/dmaps_v2_8/src"

TRACE::2026-01-22.14:57:47::SCWBDomain::make -C ps7_cortexa9_0/libsrc/dmaps_v2_8/src -s libs  "SHELL=CMD" "COMPILER=arm-none-eabi-gcc" "ASSEMBLER=arm-none-eabi-as" "AR
TRACE::2026-01-22.14:57:47::SCWBDomain::CHIVER=arm-none-eabi-ar" "COMPILER_FLAGS=  -O2 -c" "EXTRA_COMPILER_FLAGS=-mcpu=cortex-a9 -mfpu=vfpv3 -mfloat-abi=hard -nostartf
TRACE::2026-01-22.14:57:47::SCWBDomain::iles -g -Wall -Wextra -fno-tree-loop-distribute-patterns"

TRACE::2026-01-22.14:57:47::SCWBDomain::"Running Make libs in ps7_cortexa9_0/libsrc/emacps_v3_14/src"

TRACE::2026-01-22.14:57:47::SCWBDomain::make -C ps7_cortexa9_0/libsrc/emacps_v3_14/src -s libs  "SHELL=CMD" "COMPILER=arm-none-eabi-gcc" "ASSEMBLER=arm-none-eabi-as" "
TRACE::2026-01-22.14:57:47::SCWBDomain::ARCHIVER=arm-none-eabi-ar" "COMPILER_FLAGS=  -O2 -c" "EXTRA_COMPILER_FLAGS=-mcpu=cortex-a9 -mfpu=vfpv3 -mfloat-abi=hard -nostar
TRACE::2026-01-22.14:57:47::SCWBDomain::tfiles -g -Wall -Wextra -fno-tree-loop-distribute-patterns"

TRACE::2026-01-22.14:57:47::SCWBDomain::"Running Make libs in ps7_cortexa9_0/libsrc/gpiops_v3_9/src"

TRACE::2026-01-22.14:57:47::SCWBDomain::make -C ps7_cortexa9_0/libsrc/gpiops_v3_9/src -s libs  "SHELL=CMD" "COMPILER=arm-none-eabi-gcc" "ASSEMBLER=arm-none-eabi-as" "A
TRACE::2026-01-22.14:57:47::SCWBDomain::RCHIVER=arm-none-eabi-ar" "COMPILER_FLAGS=  -O2 -c" "EXTRA_COMPILER_FLAGS=-mcpu=cortex-a9 -mfpu=vfpv3 -mfloat-abi=hard -nostart
TRACE::2026-01-22.14:57:47::SCWBDomain::files -g -Wall -Wextra -fno-tree-loop-distribute-patterns"

TRACE::2026-01-22.14:57:47::SCWBDomain::"Running Make libs in ps7_cortexa9_0/libsrc/qspips_v3_9/src"

TRACE::2026-01-22.14:57:47::SCWBDomain::make -C ps7_cortexa9_0/libsrc/qspips_v3_9/src -s libs  "SHELL=CMD" "COMPILER=arm-none-eabi-gcc" "ASSEMBLER=arm-none-eabi-as" "A
TRACE::2026-01-22.14:57:47::SCWBDomain::RCHIVER=arm-none-eabi-ar" "COMPILER_FLAGS=  -O2 -c" "EXTRA_COMPILER_FLAGS=-mcpu=cortex-a9 -mfpu=vfpv3 -mfloat-abi=hard -nostart
TRACE::2026-01-22.14:57:47::SCWBDomain::files -g -Wall -Wextra -fno-tree-loop-distribute-patterns"

TRACE::2026-01-22.14:57:47::SCWBDomain::"Running Make libs in ps7_cortexa9_0/libsrc/scugic_v4_5/src"

TRACE::2026-01-22.14:57:47::SCWBDomain::make -C ps7_cortexa9_0/libsrc/scugic_v4_5/src -s libs  "SHELL=CMD" "COMPILER=arm-none-eabi-gcc" "ASSEMBLER=arm-none-eabi-as" "A
TRACE::2026-01-22.14:57:47::SCWBDomain::RCHIVER=arm-none-eabi-ar" "COMPILER_FLAGS=  -O2 -c" "EXTRA_COMPILER_FLAGS=-mcpu=cortex-a9 -mfpu=vfpv3 -mfloat-abi=hard -nostart
TRACE::2026-01-22.14:57:47::SCWBDomain::files -g -Wall -Wextra -fno-tree-loop-distribute-patterns"

TRACE::2026-01-22.14:57:47::SCWBDomain::"Running Make libs in ps7_cortexa9_0/libsrc/scutimer_v2_3/src"

TRACE::2026-01-22.14:57:47::SCWBDomain::make -C ps7_cortexa9_0/libsrc/scutimer_v2_3/src -s libs  "SHELL=CMD" "COMPILER=arm-none-eabi-gcc" "ASSEMBLER=arm-none-eabi-as" 
TRACE::2026-01-22.14:57:47::SCWBDomain::"ARCHIVER=arm-none-eabi-ar" "COMPILER_FLAGS=  -O2 -c" "EXTRA_COMPILER_FLAGS=-mcpu=cortex-a9 -mfpu=vfpv3 -mfloat-abi=hard -nosta
TRACE::2026-01-22.14:57:47::SCWBDomain::rtfiles -g -Wall -Wextra -fno-tree-loop-distribute-patterns"

TRACE::2026-01-22.14:57:47::SCWBDomain::"Running Make libs in ps7_cortexa9_0/libsrc/scuwdt_v2_4/src"

TRACE::2026-01-22.14:57:47::SCWBDomain::make -C ps7_cortexa9_0/libsrc/scuwdt_v2_4/src -s libs  "SHELL=CMD" "COMPILER=arm-none-eabi-gcc" "ASSEMBLER=arm-none-eabi-as" "A
TRACE::2026-01-22.14:57:47::SCWBDomain::RCHIVER=arm-none-eabi-ar" "COMPILER_FLAGS=  -O2 -c" "EXTRA_COMPILER_FLAGS=-mcpu=cortex-a9 -mfpu=vfpv3 -mfloat-abi=hard -nostart
TRACE::2026-01-22.14:57:47::SCWBDomain::files -g -Wall -Wextra -fno-tree-loop-distribute-patterns"

TRACE::2026-01-22.14:57:47::SCWBDomain::"Running Make libs in ps7_cortexa9_0/libsrc/sdps_v3_12/src"

TRACE::2026-01-22.14:57:47::SCWBDomain::make -C ps7_cortexa9_0/libsrc/sdps_v3_12/src -s libs  "SHELL=CMD" "COMPILER=arm-none-eabi-gcc" "ASSEMBLER=arm-none-eabi-as" "AR
TRACE::2026-01-22.14:57:47::SCWBDomain::CHIVER=arm-none-eabi-ar" "COMPILER_FLAGS=  -O2 -c" "EXTRA_COMPILER_FLAGS=-mcpu=cortex-a9 -mfpu=vfpv3 -mfloat-abi=hard -nostartf
TRACE::2026-01-22.14:57:47::SCWBDomain::iles -g -Wall -Wextra -fno-tree-loop-distribute-patterns"

TRACE::2026-01-22.14:57:47::SCWBDomain::"Running Make libs in ps7_cortexa9_0/libsrc/standalone_v7_5/src"

TRACE::2026-01-22.14:57:47::SCWBDomain::make -C ps7_cortexa9_0/libsrc/standalone_v7_5/src -s libs  "SHELL=CMD" "COMPILER=arm-none-eabi-gcc" "ASSEMBLER=arm-none-eabi-as
TRACE::2026-01-22.14:57:47::SCWBDomain::" "ARCHIVER=arm-none-eabi-ar" "COMPILER_FLAGS=  -O2 -c" "EXTRA_COMPILER_FLAGS=-mcpu=cortex-a9 -mfpu=vfpv3 -mfloat-abi=hard -nos
TRACE::2026-01-22.14:57:47::SCWBDomain::tartfiles -g -Wall -Wextra -fno-tree-loop-distribute-patterns"

TRACE::2026-01-22.14:57:47::SCWBDomain::"Running Make libs in ps7_cortexa9_0/libsrc/uartps_v3_11/src"

TRACE::2026-01-22.14:57:47::SCWBDomain::make -C ps7_cortexa9_0/libsrc/uartps_v3_11/src -s libs  "SHELL=CMD" "COMPILER=arm-none-eabi-gcc" "ASSEMBLER=arm-none-eabi-as" "
TRACE::2026-01-22.14:57:47::SCWBDomain::ARCHIVER=arm-none-eabi-ar" "COMPILER_FLAGS=  -O2 -c" "EXTRA_COMPILER_FLAGS=-mcpu=cortex-a9 -mfpu=vfpv3 -mfloat-abi=hard -nostar
TRACE::2026-01-22.14:57:47::SCWBDomain::tfiles -g -Wall -Wextra -fno-tree-loop-distribute-patterns"

TRACE::2026-01-22.14:57:47::SCWBDomain::"Running Make libs in ps7_cortexa9_0/libsrc/usbps_v2_7/src"

TRACE::2026-01-22.14:57:48::SCWBDomain::make -C ps7_cortexa9_0/libsrc/usbps_v2_7/src -s libs  "SHELL=CMD" "COMPILER=arm-none-eabi-gcc" "ASSEMBLER=arm-none-eabi-as" "AR
TRACE::2026-01-22.14:57:48::SCWBDomain::CHIVER=arm-none-eabi-ar" "COMPILER_FLAGS=  -O2 -c" "EXTRA_COMPILER_FLAGS=-mcpu=cortex-a9 -mfpu=vfpv3 -mfloat-abi=hard -nostartf
TRACE::2026-01-22.14:57:48::SCWBDomain::iles -g -Wall -Wextra -fno-tree-loop-distribute-patterns"

TRACE::2026-01-22.14:57:48::SCWBDomain::"Running Make libs in ps7_cortexa9_0/libsrc/xadcps_v2_6/src"

TRACE::2026-01-22.14:57:48::SCWBDomain::make -C ps7_cortexa9_0/libsrc/xadcps_v2_6/src -s libs  "SHELL=CMD" "COMPILER=arm-none-eabi-gcc" "ASSEMBLER=arm-none-eabi-as" "A
TRACE::2026-01-22.14:57:48::SCWBDomain::RCHIVER=arm-none-eabi-ar" "COMPILER_FLAGS=  -O2 -c" "EXTRA_COMPILER_FLAGS=-mcpu=cortex-a9 -mfpu=vfpv3 -mfloat-abi=hard -nostart
TRACE::2026-01-22.14:57:48::SCWBDomain::files -g -Wall -Wextra -fno-tree-loop-distribute-patterns"

TRACE::2026-01-22.14:57:48::SCWBDomain::"Running Make libs in ps7_cortexa9_0/libsrc/xilffs_v4_5/src"

TRACE::2026-01-22.14:57:48::SCWBDomain::make -C ps7_cortexa9_0/libsrc/xilffs_v4_5/src -s libs  "SHELL=CMD" "COMPILER=arm-none-eabi-gcc" "ASSEMBLER=arm-none-eabi-as" "A
TRACE::2026-01-22.14:57:48::SCWBDomain::RCHIVER=arm-none-eabi-ar" "COMPILER_FLAGS=  -O2 -c" "EXTRA_COMPILER_FLAGS=-mcpu=cortex-a9 -mfpu=vfpv3 -mfloat-abi=hard -nostart
TRACE::2026-01-22.14:57:48::SCWBDomain::files -g -Wall -Wextra -fno-tree-loop-distribute-patterns"

TRACE::2026-01-22.14:57:49::SCWBDomain::'Finished building libraries parallelly.'

TRACE::2026-01-22.14:57:49::SCWBDomain::make --no-print-directory archive

TRACE::2026-01-22.14:57:49::SCWBDomain::arm-none-eabi-ar -r  ps7_cortexa9_0/lib/libxil.a ps7_cortexa9_0/lib/xil_testcache.o ps7_cortexa9_0/lib/xadcps_selftest.o ps7_co
TRACE::2026-01-22.14:57:49::SCWBDomain::rtexa9_0/lib/xplatform_info.o ps7_cortexa9_0/lib/xil_mmu.o ps7_cortexa9_0/lib/_exit.o ps7_cortexa9_0/lib/xusbps_sinit.o ps7_cor
TRACE::2026-01-22.14:57:49::SCWBDomain::texa9_0/lib/xdevcfg_hw.o ps7_cortexa9_0/lib/xil_sleeptimer.o ps7_cortexa9_0/lib/xqspips_options.o ps7_cortexa9_0/lib/xdmaps_g.o
TRACE::2026-01-22.14:57:49::SCWBDomain:: ps7_cortexa9_0/lib/xscutimer_g.o ps7_cortexa9_0/lib/xsdps_options.o ps7_cortexa9_0/lib/xil_misc_psreset_api.o ps7_cortexa9_0/l
TRACE::2026-01-22.14:57:49::SCWBDomain::ib/xdmaps_sinit.o ps7_cortexa9_0/lib/xscutimer_sinit.o ps7_cortexa9_0/lib/xemacps_hw.o ps7_cortexa9_0/lib/inbyte.o ps7_cortexa9
TRACE::2026-01-22.14:57:49::SCWBDomain::_0/lib/xdmaps_selftest.o ps7_cortexa9_0/lib/xscutimer_selftest.o ps7_cortexa9_0/lib/putnum.o ps7_cortexa9_0/lib/xqspips_hw.o ps
TRACE::2026-01-22.14:57:49::SCWBDomain::7_cortexa9_0/lib/xgpiops_g.o ps7_cortexa9_0/lib/xsdps.o ps7_cortexa9_0/lib/close.o ps7_cortexa9_0/lib/xgpiops_intr.o ps7_cortex
TRACE::2026-01-22.14:57:49::SCWBDomain::a9_0/lib/xdma_g.o ps7_cortexa9_0/lib/xgpiops_sinit.o ps7_cortexa9_0/lib/xdma_sinit.o ps7_cortexa9_0/lib/xgpiops_selftest.o ps7_
TRACE::2026-01-22.14:57:49::SCWBDomain::cortexa9_0/lib/xscuwdt.o ps7_cortexa9_0/lib/xgpiops.o ps7_cortexa9_0/lib/xil_clocking.o ps7_cortexa9_0/lib/xil_mem.o ps7_cortex
TRACE::2026-01-22.14:57:49::SCWBDomain::a9_0/lib/time.o ps7_cortexa9_0/lib/xil_printf.o ps7_cortexa9_0/lib/kill.o ps7_cortexa9_0/lib/xuartps_g.o ps7_cortexa9_0/lib/xad
TRACE::2026-01-22.14:57:49::SCWBDomain::cps.o ps7_cortexa9_0/lib/xuartps_sinit.o ps7_cortexa9_0/lib/xuartps_selftest.o ps7_cortexa9_0/lib/lseek.o ps7_cortexa9_0/lib/xu
TRACE::2026-01-22.14:57:49::SCWBDomain::sbps_hw.o ps7_cortexa9_0/lib/xl2cc_counter.o ps7_cortexa9_0/lib/asm_vectors.o ps7_cortexa9_0/lib/abort.o ps7_cortexa9_0/lib/xsc
TRACE::2026-01-22.14:57:49::SCWBDomain::ugic_intr.o ps7_cortexa9_0/lib/getpid.o ps7_cortexa9_0/lib/xdevcfg_sinit.o ps7_cortexa9_0/lib/xdmaps.o ps7_cortexa9_0/lib/xscut
TRACE::2026-01-22.14:57:49::SCWBDomain::imer.o ps7_cortexa9_0/lib/xdevcfg_selftest.o ps7_cortexa9_0/lib/xpm_counter.o ps7_cortexa9_0/lib/_sbrk.o ps7_cortexa9_0/lib/xem
TRACE::2026-01-22.14:57:49::SCWBDomain::acps_sinit.o ps7_cortexa9_0/lib/xqspips_g.o ps7_cortexa9_0/lib/xusbps.o ps7_cortexa9_0/lib/xusbps_endpoint.o ps7_cortexa9_0/lib
TRACE::2026-01-22.14:57:49::SCWBDomain::/xusbps_g.o ps7_cortexa9_0/lib/xsdps_sinit.o ps7_cortexa9_0/lib/xqspips_selftest.o ps7_cortexa9_0/lib/xil_exception.o ps7_corte
TRACE::2026-01-22.14:57:49::SCWBDomain::xa9_0/lib/xil_testmem.o ps7_cortexa9_0/lib/xemacps_control.o ps7_cortexa9_0/lib/open.o ps7_cortexa9_0/lib/xil_assert.o ps7_cort
TRACE::2026-01-22.14:57:49::SCWBDomain::exa9_0/lib/xusbps_intr.o ps7_cortexa9_0/lib/xsdps_host.o ps7_cortexa9_0/lib/xcoresightpsdcc.o ps7_cortexa9_0/lib/xscugic_hw.o p
TRACE::2026-01-22.14:57:49::SCWBDomain::s7_cortexa9_0/lib/sleep.o ps7_cortexa9_0/lib/cpputest_time.o ps7_cortexa9_0/lib/_open.o ps7_cortexa9_0/lib/fcntl.o ps7_cortexa9
TRACE::2026-01-22.14:57:49::SCWBDomain::_0/lib/print.o ps7_cortexa9_0/lib/read.o ps7_cortexa9_0/lib/xdevcfg.o ps7_cortexa9_0/lib/xadcps_intr.o ps7_cortexa9_0/lib/xqspi
TRACE::2026-01-22.14:57:49::SCWBDomain::ps.o ps7_cortexa9_0/lib/xemacps.o ps7_cortexa9_0/lib/xil_cache.o ps7_cortexa9_0/lib/xil_testio.o ps7_cortexa9_0/lib/unlink.o ps
TRACE::2026-01-22.14:57:49::SCWBDomain::7_cortexa9_0/lib/xil_spinlock.o ps7_cortexa9_0/lib/translation_table.o ps7_cortexa9_0/lib/write.o ps7_cortexa9_0/lib/boot.o ps7
TRACE::2026-01-22.14:57:49::SCWBDomain::_cortexa9_0/lib/xemacps_bdring.o ps7_cortexa9_0/lib/cpu_init.o ps7_cortexa9_0/lib/vectors.o ps7_cortexa9_0/lib/usleep.o ps7_cor
TRACE::2026-01-22.14:57:49::SCWBDomain::texa9_0/lib/xil_sleepcommon.o ps7_cortexa9_0/lib/xscugic_g.o ps7_cortexa9_0/lib/xscugic_sinit.o ps7_cortexa9_0/lib/xdevcfg_g.o 
TRACE::2026-01-22.14:57:49::SCWBDomain::ps7_cortexa9_0/lib/outbyte.o ps7_cortexa9_0/lib/xtime_l.o ps7_cortexa9_0/lib/xdma_linux.o ps7_cortexa9_0/lib/xscugic_selftest.o
TRACE::2026-01-22.14:57:49::SCWBDomain:: ps7_cortexa9_0/lib/xil_util.o ps7_cortexa9_0/lib/xuartps_intr.o ps7_cortexa9_0/lib/xuartps.o ps7_cortexa9_0/lib/xsdps_card.o p
TRACE::2026-01-22.14:57:49::SCWBDomain::s7_cortexa9_0/lib/xdmaps_hw.o ps7_cortexa9_0/lib/sbrk.o ps7_cortexa9_0/lib/xgpiops_hw.o ps7_cortexa9_0/lib/xsdps_g.o ps7_cortex
TRACE::2026-01-22.14:57:49::SCWBDomain::a9_0/lib/fstat.o ps7_cortexa9_0/lib/errno.o ps7_cortexa9_0/lib/xdevcfg_intr.o ps7_cortexa9_0/lib/xuartps_options.o ps7_cortexa9
TRACE::2026-01-22.14:57:49::SCWBDomain::_0/lib/xscuwdt_g.o ps7_cortexa9_0/lib/xdma.o ps7_cortexa9_0/lib/xemacps_g.o ps7_cortexa9_0/lib/xscuwdt_sinit.o ps7_cortexa9_0/l
TRACE::2026-01-22.14:57:49::SCWBDomain::ib/xemacps_intr.o ps7_cortexa9_0/lib/xscuwdt_selftest.o ps7_cortexa9_0/lib/isatty.o ps7_cortexa9_0/lib/xil-crt0.o ps7_cortexa9_
TRACE::2026-01-22.14:57:49::SCWBDomain::0/lib/xscugic.o ps7_cortexa9_0/lib/xuartps_hw.o ps7_cortexa9_0/lib/xadcps_g.o ps7_cortexa9_0/lib/xqspips_sinit.o ps7_cortexa9_0
TRACE::2026-01-22.14:57:49::SCWBDomain::/lib/xadcps_sinit.o

TRACE::2026-01-22.14:57:49::SCWBDomain::'Finished building libraries'

TRACE::2026-01-22.14:57:49::SCWBDomain::make: Leaving directory 'C:/Users/CamLT/AX7010_Work/UltrasonicFPGA2021/delay-and-sum-v2/delay-and-sum-v2-platform/zynq_fsbl/zyn
TRACE::2026-01-22.14:57:49::SCWBDomain::q_fsbl_bsp'

TRACE::2026-01-22.14:57:49::SCWBDomain::arm-none-eabi-gcc -MMD -MP       -mcpu=cortex-a9 -mfpu=vfpv3 -mfloat-abi=hard   -O2 -c -c sd.c -o sd.o -Izynq_fsbl_bsp/ps7_cort
TRACE::2026-01-22.14:57:49::SCWBDomain::exa9_0/include -I.

TRACE::2026-01-22.14:57:49::SCWBDomain::arm-none-eabi-gcc -MMD -MP       -mcpu=cortex-a9 -mfpu=vfpv3 -mfloat-abi=hard   -O2 -c -c nand.c -o nand.o -Izynq_fsbl_bsp/ps7_
TRACE::2026-01-22.14:57:49::SCWBDomain::cortexa9_0/include -I.

TRACE::2026-01-22.14:57:49::SCWBDomain::arm-none-eabi-gcc -MMD -MP       -mcpu=cortex-a9 -mfpu=vfpv3 -mfloat-abi=hard   -O2 -c -c image_mover.c -o image_mover.o -Izynq
TRACE::2026-01-22.14:57:49::SCWBDomain::_fsbl_bsp/ps7_cortexa9_0/include -I.

TRACE::2026-01-22.14:57:50::SCWBDomain::arm-none-eabi-gcc -MMD -MP       -mcpu=cortex-a9 -mfpu=vfpv3 -mfloat-abi=hard   -O2 -c -c md5.c -o md5.o -Izynq_fsbl_bsp/ps7_co
TRACE::2026-01-22.14:57:50::SCWBDomain::rtexa9_0/include -I.

TRACE::2026-01-22.14:57:50::SCWBDomain::arm-none-eabi-gcc -MMD -MP       -mcpu=cortex-a9 -mfpu=vfpv3 -mfloat-abi=hard   -O2 -c -c fsbl_hooks.c -o fsbl_hooks.o -Izynq_f
TRACE::2026-01-22.14:57:50::SCWBDomain::sbl_bsp/ps7_cortexa9_0/include -I.

TRACE::2026-01-22.14:57:50::SCWBDomain::arm-none-eabi-gcc -MMD -MP       -mcpu=cortex-a9 -mfpu=vfpv3 -mfloat-abi=hard   -O2 -c -c main.c -o main.o -Izynq_fsbl_bsp/ps7_
TRACE::2026-01-22.14:57:50::SCWBDomain::cortexa9_0/include -I.

TRACE::2026-01-22.14:57:50::SCWBDomain::arm-none-eabi-gcc -MMD -MP       -mcpu=cortex-a9 -mfpu=vfpv3 -mfloat-abi=hard   -O2 -c -c rsa.c -o rsa.o -Izynq_fsbl_bsp/ps7_co
TRACE::2026-01-22.14:57:50::SCWBDomain::rtexa9_0/include -I.

TRACE::2026-01-22.14:57:50::SCWBDomain::arm-none-eabi-gcc -MMD -MP       -mcpu=cortex-a9 -mfpu=vfpv3 -mfloat-abi=hard   -O2 -c -c nor.c -o nor.o -Izynq_fsbl_bsp/ps7_co
TRACE::2026-01-22.14:57:50::SCWBDomain::rtexa9_0/include -I.

TRACE::2026-01-22.14:57:50::SCWBDomain::arm-none-eabi-gcc -MMD -MP       -mcpu=cortex-a9 -mfpu=vfpv3 -mfloat-abi=hard   -O2 -c -c qspi.c -o qspi.o -Izynq_fsbl_bsp/ps7_
TRACE::2026-01-22.14:57:50::SCWBDomain::cortexa9_0/include -I.

TRACE::2026-01-22.14:57:50::SCWBDomain::arm-none-eabi-gcc -MMD -MP       -mcpu=cortex-a9 -mfpu=vfpv3 -mfloat-abi=hard   -O2 -c -c ps7_init.c -o ps7_init.o -Izynq_fsbl_
TRACE::2026-01-22.14:57:50::SCWBDomain::bsp/ps7_cortexa9_0/include -I.

TRACE::2026-01-22.14:57:51::SCWBDomain::arm-none-eabi-gcc -MMD -MP       -mcpu=cortex-a9 -mfpu=vfpv3 -mfloat-abi=hard   -O2 -c -c pcap.c -o pcap.o -Izynq_fsbl_bsp/ps7_
TRACE::2026-01-22.14:57:51::SCWBDomain::cortexa9_0/include -I.

TRACE::2026-01-22.14:57:51::SCWBDomain::arm-none-eabi-gcc -MMD -MP       -mcpu=cortex-a9 -mfpu=vfpv3 -mfloat-abi=hard   -O2 -c -c fsbl_handoff.S -o fsbl_handoff.o -Izy
TRACE::2026-01-22.14:57:51::SCWBDomain::nq_fsbl_bsp/ps7_cortexa9_0/include -I.

TRACE::2026-01-22.14:57:51::SCWBDomain::arm-none-eabi-gcc -o fsbl.elf  sd.o  nand.o  image_mover.o  md5.o  fsbl_hooks.o  main.o  rsa.o  nor.o  qspi.o  ps7_init.o  pcap
TRACE::2026-01-22.14:57:51::SCWBDomain::.o  fsbl_handoff.o -MMD -MP       -mcpu=cortex-a9 -mfpu=vfpv3 -mfloat-abi=hard   -mcpu=cortex-a9 -mfpu=vfpv3 -mfloat-abi=hard -
TRACE::2026-01-22.14:57:51::SCWBDomain::Wl,-build-id=none -specs=Xilinx.spec  -lrsa -Wl,--start-group,-lxil,-lgcc,-lc,--end-group -Wl,--start-group,-lxilffs,-lxil,-lgc
TRACE::2026-01-22.14:57:51::SCWBDomain::c,-lc,--end-group -Wl,--start-group,-lrsa,-lxil,-lgcc,-lc,--end-group -Wl,--start-group,-lxil,-llwip4,-lgcc,-lc,--end-group    
TRACE::2026-01-22.14:57:51::SCWBDomain::                                -Wl,--gc-sections -Lzynq_fsbl_bsp/ps7_cortexa9_0/lib -L./ -Tlscript.ld

LOG::2026-01-22.14:57:52::SCWSystem::Checking the domain standalone_domain
LOG::2026-01-22.14:57:52::SCWSystem::Not a boot domain 
LOG::2026-01-22.14:57:52::SCWSystem::Started Processing the domain standalone_domain
TRACE::2026-01-22.14:57:52::SCWDomain::Generating domain artifcats
TRACE::2026-01-22.14:57:52::SCWMssOS::Generating standalone artifcats
TRACE::2026-01-22.14:57:52::SCWMssOS::Copying the qemu file from  C:/Xilinx/Vitis/2021.1/data/emulation/platforms/zynq/sw/a9_standalone/qemu/qemu_args.txt To C:/Users/CamLT/AX7010_Work/UltrasonicFPGA2021/delay-and-sum-v2/delay-and-sum-v2-platform/export/delay-and-sum-v2-platform/sw/delay-and-sum-v2-platform/qemu/
TRACE::2026-01-22.14:57:52::SCWMssOS::Copying the qemu file from  C:/Xilinx/Vitis/2021.1/data/emulation/platforms/zynq/sw/a9_standalone/qemu/qemu_args.txt To C:/Users/CamLT/AX7010_Work/UltrasonicFPGA2021/delay-and-sum-v2/delay-and-sum-v2-platform/export/delay-and-sum-v2-platform/sw/delay-and-sum-v2-platform/standalone_domain/qemu/
TRACE::2026-01-22.14:57:52::SCWMssOS:: Copying the user libraries. 
TRACE::2026-01-22.14:57:52::SCWPlatform::Trying to open the hw design at C:/Users/CamLT/AX7010_Work/UltrasonicFPGA2021/delay-and-sum-v2/delay-and-sum-v2-platform/hw/Demodulator_128Ch_wrapper22.xsa
TRACE::2026-01-22.14:57:52::SCWPlatform::DSA given C:/Users/CamLT/AX7010_Work/UltrasonicFPGA2021/delay-and-sum-v2/delay-and-sum-v2-platform/hw/Demodulator_128Ch_wrapper22.xsa
TRACE::2026-01-22.14:57:52::SCWPlatform::DSA absoulate path C:/Users/CamLT/AX7010_Work/UltrasonicFPGA2021/delay-and-sum-v2/delay-and-sum-v2-platform/hw/Demodulator_128Ch_wrapper22.xsa
TRACE::2026-01-22.14:57:52::SCWPlatform::DSA directory C:/Users/CamLT/AX7010_Work/UltrasonicFPGA2021/delay-and-sum-v2/delay-and-sum-v2-platform/hw
TRACE::2026-01-22.14:57:52::SCWPlatform:: Platform Path C:/Users/CamLT/AX7010_Work/UltrasonicFPGA2021/delay-and-sum-v2/delay-and-sum-v2-platform/hw/Demodulator_128Ch_wrapper22.xsa
TRACE::2026-01-22.14:57:52::SCWPlatform:: Unique name xilinx:::0.0
TRACE::2026-01-22.14:57:52::SCWPlatform::Trying to set the existing hwdb with name Demodulator_128Ch_wrapper_6
TRACE::2026-01-22.14:57:52::SCWPlatform::Opened existing hwdb Demodulator_128Ch_wrapper_6
TRACE::2026-01-22.14:57:52::SCWPlatform::Found the Hw Db part of the input DSA
TRACE::2026-01-22.14:57:52::SCWMssOS::Checking the sw design at  C:/Users/CamLT/AX7010_Work/UltrasonicFPGA2021/delay-and-sum-v2/delay-and-sum-v2-platform/ps7_cortexa9_0/standalone_domain/bsp/system.mss
TRACE::2026-01-22.14:57:52::SCWMssOS::DEBUG:  swdes dump  C:/Users/CamLT/AX7010_Work/UltrasonicFPGA2021/delay-and-sum-v2/delay-and-sum-v2-platform/ps7_cortexa9_0/standalone_domain/bsp/system.mss|system_0||
C:/Users/CamLT/AX7010_Work/UltrasonicFPGA2021/delay-and-sum-v2/delay-and-sum-v2-platform/zynq_fsbl/zynq_fsbl_bsp/system.mss|system||

TRACE::2026-01-22.14:57:52::SCWMssOS::Sw design exists and opened at  C:/Users/CamLT/AX7010_Work/UltrasonicFPGA2021/delay-and-sum-v2/delay-and-sum-v2-platform/ps7_cortexa9_0/standalone_domain/bsp/system.mss
TRACE::2026-01-22.14:57:52::SCWMssOS::Completed writing the mss file at C:/Users/CamLT/AX7010_Work/UltrasonicFPGA2021/delay-and-sum-v2/delay-and-sum-v2-platform/ps7_cortexa9_0/standalone_domain/bsp
TRACE::2026-01-22.14:57:52::SCWMssOS::Mss edits present, copying mssfile into export location C:/Users/CamLT/AX7010_Work/UltrasonicFPGA2021/delay-and-sum-v2/delay-and-sum-v2-platform/ps7_cortexa9_0/standalone_domain/bsp/system.mss
TRACE::2026-01-22.14:57:52::SCWMssOS::bsp generated is upto date with the mss file. Skipping bsp generation.
TRACE::2026-01-22.14:57:52::SCWMssOS::BSP is already built. skipping the bsp build ... 
TRACE::2026-01-22.14:57:52::SCWDomain::Building the domain as part of full build :  standalone_domain
TRACE::2026-01-22.14:57:52::SCWMssOS::doing bsp build ... 
TRACE::2026-01-22.14:57:52::SCWMssOS::System Command Ran  C: & cd  C:/Users/CamLT/AX7010_Work/UltrasonicFPGA2021/delay-and-sum-v2/delay-and-sum-v2-platform/ps7_cortexa9_0/standalone_domain/bsp & make 
TRACE::2026-01-22.14:57:52::SCWMssOS::make --no-print-directory seq_libs

TRACE::2026-01-22.14:57:52::SCWMssOS::"Running Make include in ps7_cortexa9_0/libsrc/coresightps_dcc_v1_8/src"

TRACE::2026-01-22.14:57:52::SCWMssOS::make -C ps7_cortexa9_0/libsrc/coresightps_dcc_v1_8/src -s include  "SHELL=CMD" "COMPILER=arm-none-eabi-gcc" "ASSEMBLER=arm-none
TRACE::2026-01-22.14:57:52::SCWMssOS::-eabi-as" "ARCHIVER=arm-none-eabi-ar" "COMPILER_FLAGS=  -O2 -c" "EXTRA_COMPILER_FLAGS=-mcpu=cortex-a9 -mfpu=vfpv3 -mfloat-abi=h
TRACE::2026-01-22.14:57:52::SCWMssOS::ard -nostartfiles -g -Wall -Wextra -fno-tree-loop-distribute-patterns"

TRACE::2026-01-22.14:57:52::SCWMssOS::"Running Make include in ps7_cortexa9_0/libsrc/cpu_cortexa9_v2_11/src"

TRACE::2026-01-22.14:57:52::SCWMssOS::make -C ps7_cortexa9_0/libsrc/cpu_cortexa9_v2_11/src -s include  "SHELL=CMD" "COMPILER=arm-none-eabi-gcc" "ASSEMBLER=arm-none-e
TRACE::2026-01-22.14:57:52::SCWMssOS::abi-as" "ARCHIVER=arm-none-eabi-ar" "COMPILER_FLAGS=  -O2 -c" "EXTRA_COMPILER_FLAGS=-mcpu=cortex-a9 -mfpu=vfpv3 -mfloat-abi=har
TRACE::2026-01-22.14:57:52::SCWMssOS::d -nostartfiles -g -Wall -Wextra -fno-tree-loop-distribute-patterns"

TRACE::2026-01-22.14:57:52::SCWMssOS::"Running Make include in ps7_cortexa9_0/libsrc/ddrps_v1_2/src"

TRACE::2026-01-22.14:57:52::SCWMssOS::make -C ps7_cortexa9_0/libsrc/ddrps_v1_2/src -s include  "SHELL=CMD" "COMPILER=arm-none-eabi-gcc" "ASSEMBLER=arm-none-eabi-as" 
TRACE::2026-01-22.14:57:52::SCWMssOS::"ARCHIVER=arm-none-eabi-ar" "COMPILER_FLAGS=  -O2 -c" "EXTRA_COMPILER_FLAGS=-mcpu=cortex-a9 -mfpu=vfpv3 -mfloat-abi=hard -nosta
TRACE::2026-01-22.14:57:52::SCWMssOS::rtfiles -g -Wall -Wextra -fno-tree-loop-distribute-patterns"

TRACE::2026-01-22.14:57:52::SCWMssOS::"Running Make include in ps7_cortexa9_0/libsrc/devcfg_v3_7/src"

TRACE::2026-01-22.14:57:52::SCWMssOS::make -C ps7_cortexa9_0/libsrc/devcfg_v3_7/src -s include  "SHELL=CMD" "COMPILER=arm-none-eabi-gcc" "ASSEMBLER=arm-none-eabi-as"
TRACE::2026-01-22.14:57:52::SCWMssOS:: "ARCHIVER=arm-none-eabi-ar" "COMPILER_FLAGS=  -O2 -c" "EXTRA_COMPILER_FLAGS=-mcpu=cortex-a9 -mfpu=vfpv3 -mfloat-abi=hard -nost
TRACE::2026-01-22.14:57:52::SCWMssOS::artfiles -g -Wall -Wextra -fno-tree-loop-distribute-patterns"

TRACE::2026-01-22.14:57:52::SCWMssOS::"Running Make include in ps7_cortexa9_0/libsrc/dmaps_v2_8/src"

TRACE::2026-01-22.14:57:52::SCWMssOS::make -C ps7_cortexa9_0/libsrc/dmaps_v2_8/src -s include  "SHELL=CMD" "COMPILER=arm-none-eabi-gcc" "ASSEMBLER=arm-none-eabi-as" 
TRACE::2026-01-22.14:57:52::SCWMssOS::"ARCHIVER=arm-none-eabi-ar" "COMPILER_FLAGS=  -O2 -c" "EXTRA_COMPILER_FLAGS=-mcpu=cortex-a9 -mfpu=vfpv3 -mfloat-abi=hard -nosta
TRACE::2026-01-22.14:57:52::SCWMssOS::rtfiles -g -Wall -Wextra -fno-tree-loop-distribute-patterns"

TRACE::2026-01-22.14:57:52::SCWMssOS::"Running Make include in ps7_cortexa9_0/libsrc/DMA_v1_0/src"

TRACE::2026-01-22.14:57:52::SCWMssOS::make -C ps7_cortexa9_0/libsrc/DMA_v1_0/src -s include  "SHELL=CMD" "COMPILER=arm-none-eabi-gcc" "ASSEMBLER=arm-none-eabi-as" "A
TRACE::2026-01-22.14:57:52::SCWMssOS::RCHIVER=arm-none-eabi-ar" "COMPILER_FLAGS=  -O2 -c" "EXTRA_COMPILER_FLAGS=-mcpu=cortex-a9 -mfpu=vfpv3 -mfloat-abi=hard -nostart
TRACE::2026-01-22.14:57:52::SCWMssOS::files -g -Wall -Wextra -fno-tree-loop-distribute-patterns"

TRACE::2026-01-22.14:57:52::SCWMssOS::"Running Make include in ps7_cortexa9_0/libsrc/emacps_v3_14/src"

TRACE::2026-01-22.14:57:52::SCWMssOS::make -C ps7_cortexa9_0/libsrc/emacps_v3_14/src -s include  "SHELL=CMD" "COMPILER=arm-none-eabi-gcc" "ASSEMBLER=arm-none-eabi-as
TRACE::2026-01-22.14:57:52::SCWMssOS::" "ARCHIVER=arm-none-eabi-ar" "COMPILER_FLAGS=  -O2 -c" "EXTRA_COMPILER_FLAGS=-mcpu=cortex-a9 -mfpu=vfpv3 -mfloat-abi=hard -nos
TRACE::2026-01-22.14:57:52::SCWMssOS::tartfiles -g -Wall -Wextra -fno-tree-loop-distribute-patterns"

TRACE::2026-01-22.14:57:52::SCWMssOS::"Running Make include in ps7_cortexa9_0/libsrc/gpiops_v3_9/src"

TRACE::2026-01-22.14:57:52::SCWMssOS::make -C ps7_cortexa9_0/libsrc/gpiops_v3_9/src -s include  "SHELL=CMD" "COMPILER=arm-none-eabi-gcc" "ASSEMBLER=arm-none-eabi-as"
TRACE::2026-01-22.14:57:52::SCWMssOS:: "ARCHIVER=arm-none-eabi-ar" "COMPILER_FLAGS=  -O2 -c" "EXTRA_COMPILER_FLAGS=-mcpu=cortex-a9 -mfpu=vfpv3 -mfloat-abi=hard -nost
TRACE::2026-01-22.14:57:52::SCWMssOS::artfiles -g -Wall -Wextra -fno-tree-loop-distribute-patterns"

TRACE::2026-01-22.14:57:52::SCWMssOS::"Running Make include in ps7_cortexa9_0/libsrc/lwip211_v1_5/src"

TRACE::2026-01-22.14:57:52::SCWMssOS::make -C ps7_cortexa9_0/libsrc/lwip211_v1_5/src -s include  "SHELL=CMD" "COMPILER=arm-none-eabi-gcc" "ASSEMBLER=arm-none-eabi-as
TRACE::2026-01-22.14:57:52::SCWMssOS::" "ARCHIVER=arm-none-eabi-ar" "COMPILER_FLAGS=  -O2 -c" "EXTRA_COMPILER_FLAGS=-mcpu=cortex-a9 -mfpu=vfpv3 -mfloat-abi=hard -nos
TRACE::2026-01-22.14:57:52::SCWMssOS::tartfiles -g -Wall -Wextra -fno-tree-loop-distribute-patterns"

TRACE::2026-01-22.14:57:53::SCWMssOS::"Running Make include in ps7_cortexa9_0/libsrc/qspips_v3_9/src"

TRACE::2026-01-22.14:57:53::SCWMssOS::make -C ps7_cortexa9_0/libsrc/qspips_v3_9/src -s include  "SHELL=CMD" "COMPILER=arm-none-eabi-gcc" "ASSEMBLER=arm-none-eabi-as"
TRACE::2026-01-22.14:57:53::SCWMssOS:: "ARCHIVER=arm-none-eabi-ar" "COMPILER_FLAGS=  -O2 -c" "EXTRA_COMPILER_FLAGS=-mcpu=cortex-a9 -mfpu=vfpv3 -mfloat-abi=hard -nost
TRACE::2026-01-22.14:57:53::SCWMssOS::artfiles -g -Wall -Wextra -fno-tree-loop-distribute-patterns"

TRACE::2026-01-22.14:57:53::SCWMssOS::"Running Make include in ps7_cortexa9_0/libsrc/scugic_v4_5/src"

TRACE::2026-01-22.14:57:53::SCWMssOS::make -C ps7_cortexa9_0/libsrc/scugic_v4_5/src -s include  "SHELL=CMD" "COMPILER=arm-none-eabi-gcc" "ASSEMBLER=arm-none-eabi-as"
TRACE::2026-01-22.14:57:53::SCWMssOS:: "ARCHIVER=arm-none-eabi-ar" "COMPILER_FLAGS=  -O2 -c" "EXTRA_COMPILER_FLAGS=-mcpu=cortex-a9 -mfpu=vfpv3 -mfloat-abi=hard -nost
TRACE::2026-01-22.14:57:53::SCWMssOS::artfiles -g -Wall -Wextra -fno-tree-loop-distribute-patterns"

TRACE::2026-01-22.14:57:53::SCWMssOS::"Running Make include in ps7_cortexa9_0/libsrc/scutimer_v2_3/src"

TRACE::2026-01-22.14:57:53::SCWMssOS::make -C ps7_cortexa9_0/libsrc/scutimer_v2_3/src -s include  "SHELL=CMD" "COMPILER=arm-none-eabi-gcc" "ASSEMBLER=arm-none-eabi-a
TRACE::2026-01-22.14:57:53::SCWMssOS::s" "ARCHIVER=arm-none-eabi-ar" "COMPILER_FLAGS=  -O2 -c" "EXTRA_COMPILER_FLAGS=-mcpu=cortex-a9 -mfpu=vfpv3 -mfloat-abi=hard -no
TRACE::2026-01-22.14:57:53::SCWMssOS::startfiles -g -Wall -Wextra -fno-tree-loop-distribute-patterns"

TRACE::2026-01-22.14:57:53::SCWMssOS::"Running Make include in ps7_cortexa9_0/libsrc/scuwdt_v2_4/src"

TRACE::2026-01-22.14:57:53::SCWMssOS::make -C ps7_cortexa9_0/libsrc/scuwdt_v2_4/src -s include  "SHELL=CMD" "COMPILER=arm-none-eabi-gcc" "ASSEMBLER=arm-none-eabi-as"
TRACE::2026-01-22.14:57:53::SCWMssOS:: "ARCHIVER=arm-none-eabi-ar" "COMPILER_FLAGS=  -O2 -c" "EXTRA_COMPILER_FLAGS=-mcpu=cortex-a9 -mfpu=vfpv3 -mfloat-abi=hard -nost
TRACE::2026-01-22.14:57:53::SCWMssOS::artfiles -g -Wall -Wextra -fno-tree-loop-distribute-patterns"

TRACE::2026-01-22.14:57:53::SCWMssOS::"Running Make include in ps7_cortexa9_0/libsrc/sdps_v3_12/src"

TRACE::2026-01-22.14:57:53::SCWMssOS::make -C ps7_cortexa9_0/libsrc/sdps_v3_12/src -s include  "SHELL=CMD" "COMPILER=arm-none-eabi-gcc" "ASSEMBLER=arm-none-eabi-as" 
TRACE::2026-01-22.14:57:53::SCWMssOS::"ARCHIVER=arm-none-eabi-ar" "COMPILER_FLAGS=  -O2 -c" "EXTRA_COMPILER_FLAGS=-mcpu=cortex-a9 -mfpu=vfpv3 -mfloat-abi=hard -nosta
TRACE::2026-01-22.14:57:53::SCWMssOS::rtfiles -g -Wall -Wextra -fno-tree-loop-distribute-patterns"

TRACE::2026-01-22.14:57:53::SCWMssOS::"Running Make include in ps7_cortexa9_0/libsrc/standalone_v7_5/src"

TRACE::2026-01-22.14:57:53::SCWMssOS::make -C ps7_cortexa9_0/libsrc/standalone_v7_5/src -s include  "SHELL=CMD" "COMPILER=arm-none-eabi-gcc" "ASSEMBLER=arm-none-eabi
TRACE::2026-01-22.14:57:53::SCWMssOS::-as" "ARCHIVER=arm-none-eabi-ar" "COMPILER_FLAGS=  -O2 -c" "EXTRA_COMPILER_FLAGS=-mcpu=cortex-a9 -mfpu=vfpv3 -mfloat-abi=hard -
TRACE::2026-01-22.14:57:53::SCWMssOS::nostartfiles -g -Wall -Wextra -fno-tree-loop-distribute-patterns"

TRACE::2026-01-22.14:57:54::SCWMssOS::"Running Make include in ps7_cortexa9_0/libsrc/uartps_v3_11/src"

TRACE::2026-01-22.14:57:54::SCWMssOS::make -C ps7_cortexa9_0/libsrc/uartps_v3_11/src -s include  "SHELL=CMD" "COMPILER=arm-none-eabi-gcc" "ASSEMBLER=arm-none-eabi-as
TRACE::2026-01-22.14:57:54::SCWMssOS::" "ARCHIVER=arm-none-eabi-ar" "COMPILER_FLAGS=  -O2 -c" "EXTRA_COMPILER_FLAGS=-mcpu=cortex-a9 -mfpu=vfpv3 -mfloat-abi=hard -nos
TRACE::2026-01-22.14:57:54::SCWMssOS::tartfiles -g -Wall -Wextra -fno-tree-loop-distribute-patterns"

TRACE::2026-01-22.14:57:54::SCWMssOS::"Running Make include in ps7_cortexa9_0/libsrc/usbps_v2_7/src"

TRACE::2026-01-22.14:57:54::SCWMssOS::make -C ps7_cortexa9_0/libsrc/usbps_v2_7/src -s include  "SHELL=CMD" "COMPILER=arm-none-eabi-gcc" "ASSEMBLER=arm-none-eabi-as" 
TRACE::2026-01-22.14:57:54::SCWMssOS::"ARCHIVER=arm-none-eabi-ar" "COMPILER_FLAGS=  -O2 -c" "EXTRA_COMPILER_FLAGS=-mcpu=cortex-a9 -mfpu=vfpv3 -mfloat-abi=hard -nosta
TRACE::2026-01-22.14:57:54::SCWMssOS::rtfiles -g -Wall -Wextra -fno-tree-loop-distribute-patterns"

TRACE::2026-01-22.14:57:54::SCWMssOS::"Running Make include in ps7_cortexa9_0/libsrc/xadcps_v2_6/src"

TRACE::2026-01-22.14:57:54::SCWMssOS::make -C ps7_cortexa9_0/libsrc/xadcps_v2_6/src -s include  "SHELL=CMD" "COMPILER=arm-none-eabi-gcc" "ASSEMBLER=arm-none-eabi-as"
TRACE::2026-01-22.14:57:54::SCWMssOS:: "ARCHIVER=arm-none-eabi-ar" "COMPILER_FLAGS=  -O2 -c" "EXTRA_COMPILER_FLAGS=-mcpu=cortex-a9 -mfpu=vfpv3 -mfloat-abi=hard -nost
TRACE::2026-01-22.14:57:54::SCWMssOS::artfiles -g -Wall -Wextra -fno-tree-loop-distribute-patterns"

TRACE::2026-01-22.14:57:54::SCWMssOS::"Running Make libs in ps7_cortexa9_0/libsrc/DMA_v1_0/src"

TRACE::2026-01-22.14:57:54::SCWMssOS::make -C ps7_cortexa9_0/libsrc/DMA_v1_0/src -s libs  "SHELL=CMD" "COMPILER=arm-none-eabi-gcc" "ASSEMBLER=arm-none-eabi-as" "ARCH
TRACE::2026-01-22.14:57:54::SCWMssOS::IVER=arm-none-eabi-ar" "COMPILER_FLAGS=  -O2 -c" "EXTRA_COMPILER_FLAGS=-mcpu=cortex-a9 -mfpu=vfpv3 -mfloat-abi=hard -nostartfil
TRACE::2026-01-22.14:57:54::SCWMssOS::es -g -Wall -Wextra -fno-tree-loop-distribute-patterns"

TRACE::2026-01-22.14:57:54::SCWMssOS::"Building DMA"

TRACE::2026-01-22.14:57:54::SCWMssOS::"Running Make libs in ps7_cortexa9_0/libsrc/lwip211_v1_5/src"

TRACE::2026-01-22.14:57:54::SCWMssOS::make -C ps7_cortexa9_0/libsrc/lwip211_v1_5/src -s libs  "SHELL=CMD" "COMPILER=arm-none-eabi-gcc" "ASSEMBLER=arm-none-eabi-as" "
TRACE::2026-01-22.14:57:54::SCWMssOS::ARCHIVER=arm-none-eabi-ar" "COMPILER_FLAGS=  -O2 -c" "EXTRA_COMPILER_FLAGS=-mcpu=cortex-a9 -mfpu=vfpv3 -mfloat-abi=hard -nostar
TRACE::2026-01-22.14:57:54::SCWMssOS::tfiles -g -Wall -Wextra -fno-tree-loop-distribute-patterns"

TRACE::2026-01-22.14:57:54::SCWMssOS::"Compiling lwip src and adapter files"

TRACE::2026-01-22.14:58:01::SCWMssOS::'Finished building libraries sequentially.'

TRACE::2026-01-22.14:58:01::SCWMssOS::make -j 14 --no-print-directory par_libs

TRACE::2026-01-22.14:58:01::SCWMssOS::"Running Make include in ps7_cortexa9_0/libsrc/coresightps_dcc_v1_8/src"

TRACE::2026-01-22.14:58:01::SCWMssOS::make -C ps7_cortexa9_0/libsrc/coresightps_dcc_v1_8/src -s include  "SHELL=CMD" "COMPILER=arm-none-eabi-gcc" "ASSEMBLER=arm-none
TRACE::2026-01-22.14:58:01::SCWMssOS::-eabi-as" "ARCHIVER=arm-none-eabi-ar" "COMPILER_FLAGS=  -O2 -c" "EXTRA_COMPILER_FLAGS=-mcpu=cortex-a9 -mfpu=vfpv3 -mfloat-abi=h
TRACE::2026-01-22.14:58:01::SCWMssOS::ard -nostartfiles -g -Wall -Wextra -fno-tree-loop-distribute-patterns"

TRACE::2026-01-22.14:58:01::SCWMssOS::"Running Make include in ps7_cortexa9_0/libsrc/cpu_cortexa9_v2_11/src"

TRACE::2026-01-22.14:58:01::SCWMssOS::make -C ps7_cortexa9_0/libsrc/cpu_cortexa9_v2_11/src -s include  "SHELL=CMD" "COMPILER=arm-none-eabi-gcc" "ASSEMBLER=arm-none-e
TRACE::2026-01-22.14:58:01::SCWMssOS::abi-as" "ARCHIVER=arm-none-eabi-ar" "COMPILER_FLAGS=  -O2 -c" "EXTRA_COMPILER_FLAGS=-mcpu=cortex-a9 -mfpu=vfpv3 -mfloat-abi=har
TRACE::2026-01-22.14:58:01::SCWMssOS::d -nostartfiles -g -Wall -Wextra -fno-tree-loop-distribute-patterns"

TRACE::2026-01-22.14:58:01::SCWMssOS::"Running Make include in ps7_cortexa9_0/libsrc/ddrps_v1_2/src"

TRACE::2026-01-22.14:58:01::SCWMssOS::"Running Make include in ps7_cortexa9_0/libsrc/devcfg_v3_7/src"

TRACE::2026-01-22.14:58:01::SCWMssOS::make -C ps7_cortexa9_0/libsrc/ddrps_v1_2/src -s include  "SHELL=CMD" "COMPILER=arm-none-eabi-gcc" "ASSEMBLER=arm-none-eabi-as" 
TRACE::2026-01-22.14:58:01::SCWMssOS::"ARCHIVER=arm-none-eabi-ar" "COMPILER_FLAGS=  -O2 -c" "EXTRA_COMPILER_FLAGS=-mcpu=cortex-a9 -mfpu=vfpv3 -mfloat-abi=hard -nosta
TRACE::2026-01-22.14:58:01::SCWMssOS::rtfiles -g -Wall -Wextra -fno-tree-loop-distribute-patterns"

TRACE::2026-01-22.14:58:01::SCWMssOS::make -C ps7_cortexa9_0/libsrc/devcfg_v3_7/src -s include  "SHELL=CMD" "COMPILER=arm-none-eabi-gcc" "ASSEMBLER=arm-none-eabi-as"
TRACE::2026-01-22.14:58:01::SCWMssOS:: "ARCHIVER=arm-none-eabi-ar" "COMPILER_FLAGS=  -O2 -c" "EXTRA_COMPILER_FLAGS=-mcpu=cortex-a9 -mfpu=vfpv3 -mfloat-abi=hard -nost
TRACE::2026-01-22.14:58:01::SCWMssOS::artfiles -g -Wall -Wextra -fno-tree-loop-distribute-patterns"

TRACE::2026-01-22.14:58:01::SCWMssOS::"Running Make include in ps7_cortexa9_0/libsrc/dmaps_v2_8/src"

TRACE::2026-01-22.14:58:01::SCWMssOS::make -C ps7_cortexa9_0/libsrc/dmaps_v2_8/src -s include  "SHELL=CMD" "COMPILER=arm-none-eabi-gcc" "ASSEMBLER=arm-none-eabi-as" 
TRACE::2026-01-22.14:58:01::SCWMssOS::"ARCHIVER=arm-none-eabi-ar" "COMPILER_FLAGS=  -O2 -c" "EXTRA_COMPILER_FLAGS=-mcpu=cortex-a9 -mfpu=vfpv3 -mfloat-abi=hard -nosta
TRACE::2026-01-22.14:58:01::SCWMssOS::rtfiles -g -Wall -Wextra -fno-tree-loop-distribute-patterns"

TRACE::2026-01-22.14:58:01::SCWMssOS::"Running Make include in ps7_cortexa9_0/libsrc/DMA_v1_0/src"

TRACE::2026-01-22.14:58:01::SCWMssOS::make -C ps7_cortexa9_0/libsrc/DMA_v1_0/src -s include  "SHELL=CMD" "COMPILER=arm-none-eabi-gcc" "ASSEMBLER=arm-none-eabi-as" "A
TRACE::2026-01-22.14:58:01::SCWMssOS::RCHIVER=arm-none-eabi-ar" "COMPILER_FLAGS=  -O2 -c" "EXTRA_COMPILER_FLAGS=-mcpu=cortex-a9 -mfpu=vfpv3 -mfloat-abi=hard -nostart
TRACE::2026-01-22.14:58:01::SCWMssOS::files -g -Wall -Wextra -fno-tree-loop-distribute-patterns"

TRACE::2026-01-22.14:58:01::SCWMssOS::"Running Make include in ps7_cortexa9_0/libsrc/emacps_v3_14/src"

TRACE::2026-01-22.14:58:01::SCWMssOS::make -C ps7_cortexa9_0/libsrc/emacps_v3_14/src -s include  "SHELL=CMD" "COMPILER=arm-none-eabi-gcc" "ASSEMBLER=arm-none-eabi-as
TRACE::2026-01-22.14:58:01::SCWMssOS::" "ARCHIVER=arm-none-eabi-ar" "COMPILER_FLAGS=  -O2 -c" "EXTRA_COMPILER_FLAGS=-mcpu=cortex-a9 -mfpu=vfpv3 -mfloat-abi=hard -nos
TRACE::2026-01-22.14:58:01::SCWMssOS::tartfiles -g -Wall -Wextra -fno-tree-loop-distribute-patterns"

TRACE::2026-01-22.14:58:01::SCWMssOS::"Running Make include in ps7_cortexa9_0/libsrc/gpiops_v3_9/src"

TRACE::2026-01-22.14:58:01::SCWMssOS::"Running Make include in ps7_cortexa9_0/libsrc/lwip211_v1_5/src"

TRACE::2026-01-22.14:58:01::SCWMssOS::make -C ps7_cortexa9_0/libsrc/gpiops_v3_9/src -s include  "SHELL=CMD" "COMPILER=arm-none-eabi-gcc" "ASSEMBLER=arm-none-eabi-as"
TRACE::2026-01-22.14:58:01::SCWMssOS:: "ARCHIVER=arm-none-eabi-ar" "COMPILER_FLAGS=  -O2 -c" "EXTRA_COMPILER_FLAGS=-mcpu=cortex-a9 -mfpu=vfpv3 -mfloat-abi=hard -nost
TRACE::2026-01-22.14:58:01::SCWMssOS::artfiles -g -Wall -Wextra -fno-tree-loop-distribute-patterns"

TRACE::2026-01-22.14:58:01::SCWMssOS::make -C ps7_cortexa9_0/libsrc/lwip211_v1_5/src -s include  "SHELL=CMD" "COMPILER=arm-none-eabi-gcc" "ASSEMBLER=arm-none-eabi-as
TRACE::2026-01-22.14:58:01::SCWMssOS::" "ARCHIVER=arm-none-eabi-ar" "COMPILER_FLAGS=  -O2 -c" "EXTRA_COMPILER_FLAGS=-mcpu=cortex-a9 -mfpu=vfpv3 -mfloat-abi=hard -nos
TRACE::2026-01-22.14:58:01::SCWMssOS::tartfiles -g -Wall -Wextra -fno-tree-loop-distribute-patterns"

TRACE::2026-01-22.14:58:01::SCWMssOS::"Running Make include in ps7_cortexa9_0/libsrc/qspips_v3_9/src"

TRACE::2026-01-22.14:58:01::SCWMssOS::make -C ps7_cortexa9_0/libsrc/qspips_v3_9/src -s include  "SHELL=CMD" "COMPILER=arm-none-eabi-gcc" "ASSEMBLER=arm-none-eabi-as"
TRACE::2026-01-22.14:58:01::SCWMssOS:: "ARCHIVER=arm-none-eabi-ar" "COMPILER_FLAGS=  -O2 -c" "EXTRA_COMPILER_FLAGS=-mcpu=cortex-a9 -mfpu=vfpv3 -mfloat-abi=hard -nost
TRACE::2026-01-22.14:58:01::SCWMssOS::artfiles -g -Wall -Wextra -fno-tree-loop-distribute-patterns"

TRACE::2026-01-22.14:58:01::SCWMssOS::"Running Make include in ps7_cortexa9_0/libsrc/scugic_v4_5/src"

TRACE::2026-01-22.14:58:01::SCWMssOS::"Running Make include in ps7_cortexa9_0/libsrc/scutimer_v2_3/src"

TRACE::2026-01-22.14:58:01::SCWMssOS::make -C ps7_cortexa9_0/libsrc/scugic_v4_5/src -s include  "SHELL=CMD" "COMPILER=arm-none-eabi-gcc" "ASSEMBLER=arm-none-eabi-as"
TRACE::2026-01-22.14:58:01::SCWMssOS:: "ARCHIVER=arm-none-eabi-ar" "COMPILER_FLAGS=  -O2 -c" "EXTRA_COMPILER_FLAGS=-mcpu=cortex-a9 -mfpu=vfpv3 -mfloat-abi=hard -nost
TRACE::2026-01-22.14:58:01::SCWMssOS::artfiles -g -Wall -Wextra -fno-tree-loop-distribute-patterns"

TRACE::2026-01-22.14:58:01::SCWMssOS::make -C ps7_cortexa9_0/libsrc/scutimer_v2_3/src -s include  "SHELL=CMD" "COMPILER=arm-none-eabi-gcc" "ASSEMBLER=arm-none-eabi-a
TRACE::2026-01-22.14:58:01::SCWMssOS::s" "ARCHIVER=arm-none-eabi-ar" "COMPILER_FLAGS=  -O2 -c" "EXTRA_COMPILER_FLAGS=-mcpu=cortex-a9 -mfpu=vfpv3 -mfloat-abi=hard -no
TRACE::2026-01-22.14:58:01::SCWMssOS::startfiles -g -Wall -Wextra -fno-tree-loop-distribute-patterns"

TRACE::2026-01-22.14:58:01::SCWMssOS::"Running Make include in ps7_cortexa9_0/libsrc/scuwdt_v2_4/src"

TRACE::2026-01-22.14:58:01::SCWMssOS::make -C ps7_cortexa9_0/libsrc/scuwdt_v2_4/src -s include  "SHELL=CMD" "COMPILER=arm-none-eabi-gcc" "ASSEMBLER=arm-none-eabi-as"
TRACE::2026-01-22.14:58:01::SCWMssOS:: "ARCHIVER=arm-none-eabi-ar" "COMPILER_FLAGS=  -O2 -c" "EXTRA_COMPILER_FLAGS=-mcpu=cortex-a9 -mfpu=vfpv3 -mfloat-abi=hard -nost
TRACE::2026-01-22.14:58:01::SCWMssOS::artfiles -g -Wall -Wextra -fno-tree-loop-distribute-patterns"

TRACE::2026-01-22.14:58:01::SCWMssOS::"Running Make include in ps7_cortexa9_0/libsrc/sdps_v3_12/src"

TRACE::2026-01-22.14:58:01::SCWMssOS::make -C ps7_cortexa9_0/libsrc/sdps_v3_12/src -s include  "SHELL=CMD" "COMPILER=arm-none-eabi-gcc" "ASSEMBLER=arm-none-eabi-as" 
TRACE::2026-01-22.14:58:01::SCWMssOS::"ARCHIVER=arm-none-eabi-ar" "COMPILER_FLAGS=  -O2 -c" "EXTRA_COMPILER_FLAGS=-mcpu=cortex-a9 -mfpu=vfpv3 -mfloat-abi=hard -nosta
TRACE::2026-01-22.14:58:01::SCWMssOS::rtfiles -g -Wall -Wextra -fno-tree-loop-distribute-patterns"

TRACE::2026-01-22.14:58:01::SCWMssOS::"Running Make include in ps7_cortexa9_0/libsrc/standalone_v7_5/src"

TRACE::2026-01-22.14:58:01::SCWMssOS::"Running Make include in ps7_cortexa9_0/libsrc/uartps_v3_11/src"

TRACE::2026-01-22.14:58:01::SCWMssOS::make -C ps7_cortexa9_0/libsrc/standalone_v7_5/src -s include  "SHELL=CMD" "COMPILER=arm-none-eabi-gcc" "ASSEMBLER=arm-none-eabi
TRACE::2026-01-22.14:58:01::SCWMssOS::-as" "ARCHIVER=arm-none-eabi-ar" "COMPILER_FLAGS=  -O2 -c" "EXTRA_COMPILER_FLAGS=-mcpu=cortex-a9 -mfpu=vfpv3 -mfloat-abi=hard -
TRACE::2026-01-22.14:58:01::SCWMssOS::nostartfiles -g -Wall -Wextra -fno-tree-loop-distribute-patterns"

TRACE::2026-01-22.14:58:01::SCWMssOS::make -C ps7_cortexa9_0/libsrc/uartps_v3_11/src -s include  "SHELL=CMD" "COMPILER=arm-none-eabi-gcc" "ASSEMBLER=arm-none-eabi-as
TRACE::2026-01-22.14:58:01::SCWMssOS::" "ARCHIVER=arm-none-eabi-ar" "COMPILER_FLAGS=  -O2 -c" "EXTRA_COMPILER_FLAGS=-mcpu=cortex-a9 -mfpu=vfpv3 -mfloat-abi=hard -nos
TRACE::2026-01-22.14:58:01::SCWMssOS::tartfiles -g -Wall -Wextra -fno-tree-loop-distribute-patterns"

TRACE::2026-01-22.14:58:01::SCWMssOS::"Running Make include in ps7_cortexa9_0/libsrc/usbps_v2_7/src"

TRACE::2026-01-22.14:58:01::SCWMssOS::make -C ps7_cortexa9_0/libsrc/usbps_v2_7/src -s include  "SHELL=CMD" "COMPILER=arm-none-eabi-gcc" "ASSEMBLER=arm-none-eabi-as" 
TRACE::2026-01-22.14:58:01::SCWMssOS::"ARCHIVER=arm-none-eabi-ar" "COMPILER_FLAGS=  -O2 -c" "EXTRA_COMPILER_FLAGS=-mcpu=cortex-a9 -mfpu=vfpv3 -mfloat-abi=hard -nosta
TRACE::2026-01-22.14:58:01::SCWMssOS::rtfiles -g -Wall -Wextra -fno-tree-loop-distribute-patterns"

TRACE::2026-01-22.14:58:01::SCWMssOS::"Running Make include in ps7_cortexa9_0/libsrc/xadcps_v2_6/src"

TRACE::2026-01-22.14:58:01::SCWMssOS::make -C ps7_cortexa9_0/libsrc/xadcps_v2_6/src -s include  "SHELL=CMD" "COMPILER=arm-none-eabi-gcc" "ASSEMBLER=arm-none-eabi-as"
TRACE::2026-01-22.14:58:01::SCWMssOS:: "ARCHIVER=arm-none-eabi-ar" "COMPILER_FLAGS=  -O2 -c" "EXTRA_COMPILER_FLAGS=-mcpu=cortex-a9 -mfpu=vfpv3 -mfloat-abi=hard -nost
TRACE::2026-01-22.14:58:01::SCWMssOS::artfiles -g -Wall -Wextra -fno-tree-loop-distribute-patterns"

TRACE::2026-01-22.14:58:02::SCWMssOS::"Running Make libs in ps7_cortexa9_0/libsrc/coresightps_dcc_v1_8/src"

TRACE::2026-01-22.14:58:02::SCWMssOS::make -C ps7_cortexa9_0/libsrc/coresightps_dcc_v1_8/src -s libs  "SHELL=CMD" "COMPILER=arm-none-eabi-gcc" "ASSEMBLER=arm-none-ea
TRACE::2026-01-22.14:58:02::SCWMssOS::bi-as" "ARCHIVER=arm-none-eabi-ar" "COMPILER_FLAGS=  -O2 -c" "EXTRA_COMPILER_FLAGS=-mcpu=cortex-a9 -mfpu=vfpv3 -mfloat-abi=hard
TRACE::2026-01-22.14:58:02::SCWMssOS:: -nostartfiles -g -Wall -Wextra -fno-tree-loop-distribute-patterns"

TRACE::2026-01-22.14:58:02::SCWMssOS::"Running Make libs in ps7_cortexa9_0/libsrc/cpu_cortexa9_v2_11/src"

TRACE::2026-01-22.14:58:02::SCWMssOS::make -C ps7_cortexa9_0/libsrc/cpu_cortexa9_v2_11/src -s libs  "SHELL=CMD" "COMPILER=arm-none-eabi-gcc" "ASSEMBLER=arm-none-eabi
TRACE::2026-01-22.14:58:02::SCWMssOS::-as" "ARCHIVER=arm-none-eabi-ar" "COMPILER_FLAGS=  -O2 -c" "EXTRA_COMPILER_FLAGS=-mcpu=cortex-a9 -mfpu=vfpv3 -mfloat-abi=hard -
TRACE::2026-01-22.14:58:02::SCWMssOS::nostartfiles -g -Wall -Wextra -fno-tree-loop-distribute-patterns"

TRACE::2026-01-22.14:58:02::SCWMssOS::"Running Make libs in ps7_cortexa9_0/libsrc/ddrps_v1_2/src"

TRACE::2026-01-22.14:58:02::SCWMssOS::make -C ps7_cortexa9_0/libsrc/ddrps_v1_2/src -s libs  "SHELL=CMD" "COMPILER=arm-none-eabi-gcc" "ASSEMBLER=arm-none-eabi-as" "AR
TRACE::2026-01-22.14:58:02::SCWMssOS::CHIVER=arm-none-eabi-ar" "COMPILER_FLAGS=  -O2 -c" "EXTRA_COMPILER_FLAGS=-mcpu=cortex-a9 -mfpu=vfpv3 -mfloat-abi=hard -nostartf
TRACE::2026-01-22.14:58:02::SCWMssOS::iles -g -Wall -Wextra -fno-tree-loop-distribute-patterns"

TRACE::2026-01-22.14:58:02::SCWMssOS::"Running Make libs in ps7_cortexa9_0/libsrc/devcfg_v3_7/src"

TRACE::2026-01-22.14:58:02::SCWMssOS::make -C ps7_cortexa9_0/libsrc/devcfg_v3_7/src -s libs  "SHELL=CMD" "COMPILER=arm-none-eabi-gcc" "ASSEMBLER=arm-none-eabi-as" "A
TRACE::2026-01-22.14:58:02::SCWMssOS::RCHIVER=arm-none-eabi-ar" "COMPILER_FLAGS=  -O2 -c" "EXTRA_COMPILER_FLAGS=-mcpu=cortex-a9 -mfpu=vfpv3 -mfloat-abi=hard -nostart
TRACE::2026-01-22.14:58:02::SCWMssOS::files -g -Wall -Wextra -fno-tree-loop-distribute-patterns"

TRACE::2026-01-22.14:58:02::SCWMssOS::"Running Make libs in ps7_cortexa9_0/libsrc/dmaps_v2_8/src"

TRACE::2026-01-22.14:58:02::SCWMssOS::"Running Make libs in ps7_cortexa9_0/libsrc/emacps_v3_14/src"

TRACE::2026-01-22.14:58:02::SCWMssOS::make -C ps7_cortexa9_0/libsrc/dmaps_v2_8/src -s libs  "SHELL=CMD" "COMPILER=arm-none-eabi-gcc" "ASSEMBLER=arm-none-eabi-as" "AR
TRACE::2026-01-22.14:58:02::SCWMssOS::CHIVER=arm-none-eabi-ar" "COMPILER_FLAGS=  -O2 -c" "EXTRA_COMPILER_FLAGS=-mcpu=cortex-a9 -mfpu=vfpv3 -mfloat-abi=hard -nostartf
TRACE::2026-01-22.14:58:02::SCWMssOS::iles -g -Wall -Wextra -fno-tree-loop-distribute-patterns"

TRACE::2026-01-22.14:58:02::SCWMssOS::make -C ps7_cortexa9_0/libsrc/emacps_v3_14/src -s libs  "SHELL=CMD" "COMPILER=arm-none-eabi-gcc" "ASSEMBLER=arm-none-eabi-as" "
TRACE::2026-01-22.14:58:02::SCWMssOS::ARCHIVER=arm-none-eabi-ar" "COMPILER_FLAGS=  -O2 -c" "EXTRA_COMPILER_FLAGS=-mcpu=cortex-a9 -mfpu=vfpv3 -mfloat-abi=hard -nostar
TRACE::2026-01-22.14:58:02::SCWMssOS::tfiles -g -Wall -Wextra -fno-tree-loop-distribute-patterns"

TRACE::2026-01-22.14:58:02::SCWMssOS::"Running Make libs in ps7_cortexa9_0/libsrc/gpiops_v3_9/src"

TRACE::2026-01-22.14:58:02::SCWMssOS::make -C ps7_cortexa9_0/libsrc/gpiops_v3_9/src -s libs  "SHELL=CMD" "COMPILER=arm-none-eabi-gcc" "ASSEMBLER=arm-none-eabi-as" "A
TRACE::2026-01-22.14:58:02::SCWMssOS::RCHIVER=arm-none-eabi-ar" "COMPILER_FLAGS=  -O2 -c" "EXTRA_COMPILER_FLAGS=-mcpu=cortex-a9 -mfpu=vfpv3 -mfloat-abi=hard -nostart
TRACE::2026-01-22.14:58:02::SCWMssOS::files -g -Wall -Wextra -fno-tree-loop-distribute-patterns"

TRACE::2026-01-22.14:58:02::SCWMssOS::"Running Make libs in ps7_cortexa9_0/libsrc/qspips_v3_9/src"

TRACE::2026-01-22.14:58:02::SCWMssOS::make -C ps7_cortexa9_0/libsrc/qspips_v3_9/src -s libs  "SHELL=CMD" "COMPILER=arm-none-eabi-gcc" "ASSEMBLER=arm-none-eabi-as" "A
TRACE::2026-01-22.14:58:02::SCWMssOS::RCHIVER=arm-none-eabi-ar" "COMPILER_FLAGS=  -O2 -c" "EXTRA_COMPILER_FLAGS=-mcpu=cortex-a9 -mfpu=vfpv3 -mfloat-abi=hard -nostart
TRACE::2026-01-22.14:58:02::SCWMssOS::files -g -Wall -Wextra -fno-tree-loop-distribute-patterns"

TRACE::2026-01-22.14:58:02::SCWMssOS::"Running Make libs in ps7_cortexa9_0/libsrc/scugic_v4_5/src"

TRACE::2026-01-22.14:58:02::SCWMssOS::make -C ps7_cortexa9_0/libsrc/scugic_v4_5/src -s libs  "SHELL=CMD" "COMPILER=arm-none-eabi-gcc" "ASSEMBLER=arm-none-eabi-as" "A
TRACE::2026-01-22.14:58:02::SCWMssOS::RCHIVER=arm-none-eabi-ar" "COMPILER_FLAGS=  -O2 -c" "EXTRA_COMPILER_FLAGS=-mcpu=cortex-a9 -mfpu=vfpv3 -mfloat-abi=hard -nostart
TRACE::2026-01-22.14:58:02::SCWMssOS::files -g -Wall -Wextra -fno-tree-loop-distribute-patterns"

TRACE::2026-01-22.14:58:02::SCWMssOS::"Running Make libs in ps7_cortexa9_0/libsrc/scutimer_v2_3/src"

TRACE::2026-01-22.14:58:02::SCWMssOS::make -C ps7_cortexa9_0/libsrc/scutimer_v2_3/src -s libs  "SHELL=CMD" "COMPILER=arm-none-eabi-gcc" "ASSEMBLER=arm-none-eabi-as" 
TRACE::2026-01-22.14:58:02::SCWMssOS::"ARCHIVER=arm-none-eabi-ar" "COMPILER_FLAGS=  -O2 -c" "EXTRA_COMPILER_FLAGS=-mcpu=cortex-a9 -mfpu=vfpv3 -mfloat-abi=hard -nosta
TRACE::2026-01-22.14:58:02::SCWMssOS::rtfiles -g -Wall -Wextra -fno-tree-loop-distribute-patterns"

TRACE::2026-01-22.14:58:02::SCWMssOS::"Running Make libs in ps7_cortexa9_0/libsrc/scuwdt_v2_4/src"

TRACE::2026-01-22.14:58:02::SCWMssOS::make -C ps7_cortexa9_0/libsrc/scuwdt_v2_4/src -s libs  "SHELL=CMD" "COMPILER=arm-none-eabi-gcc" "ASSEMBLER=arm-none-eabi-as" "A
TRACE::2026-01-22.14:58:02::SCWMssOS::RCHIVER=arm-none-eabi-ar" "COMPILER_FLAGS=  -O2 -c" "EXTRA_COMPILER_FLAGS=-mcpu=cortex-a9 -mfpu=vfpv3 -mfloat-abi=hard -nostart
TRACE::2026-01-22.14:58:02::SCWMssOS::files -g -Wall -Wextra -fno-tree-loop-distribute-patterns"

TRACE::2026-01-22.14:58:02::SCWMssOS::"Running Make libs in ps7_cortexa9_0/libsrc/sdps_v3_12/src"

TRACE::2026-01-22.14:58:02::SCWMssOS::make -C ps7_cortexa9_0/libsrc/sdps_v3_12/src -s libs  "SHELL=CMD" "COMPILER=arm-none-eabi-gcc" "ASSEMBLER=arm-none-eabi-as" "AR
TRACE::2026-01-22.14:58:02::SCWMssOS::CHIVER=arm-none-eabi-ar" "COMPILER_FLAGS=  -O2 -c" "EXTRA_COMPILER_FLAGS=-mcpu=cortex-a9 -mfpu=vfpv3 -mfloat-abi=hard -nostartf
TRACE::2026-01-22.14:58:02::SCWMssOS::iles -g -Wall -Wextra -fno-tree-loop-distribute-patterns"

TRACE::2026-01-22.14:58:02::SCWMssOS::"Running Make libs in ps7_cortexa9_0/libsrc/standalone_v7_5/src"

TRACE::2026-01-22.14:58:02::SCWMssOS::make -C ps7_cortexa9_0/libsrc/standalone_v7_5/src -s libs  "SHELL=CMD" "COMPILER=arm-none-eabi-gcc" "ASSEMBLER=arm-none-eabi-as
TRACE::2026-01-22.14:58:02::SCWMssOS::" "ARCHIVER=arm-none-eabi-ar" "COMPILER_FLAGS=  -O2 -c" "EXTRA_COMPILER_FLAGS=-mcpu=cortex-a9 -mfpu=vfpv3 -mfloat-abi=hard -nos
TRACE::2026-01-22.14:58:02::SCWMssOS::tartfiles -g -Wall -Wextra -fno-tree-loop-distribute-patterns"

TRACE::2026-01-22.14:58:02::SCWMssOS::"Running Make libs in ps7_cortexa9_0/libsrc/uartps_v3_11/src"

TRACE::2026-01-22.14:58:02::SCWMssOS::make -C ps7_cortexa9_0/libsrc/uartps_v3_11/src -s libs  "SHELL=CMD" "COMPILER=arm-none-eabi-gcc" "ASSEMBLER=arm-none-eabi-as" "
TRACE::2026-01-22.14:58:02::SCWMssOS::ARCHIVER=arm-none-eabi-ar" "COMPILER_FLAGS=  -O2 -c" "EXTRA_COMPILER_FLAGS=-mcpu=cortex-a9 -mfpu=vfpv3 -mfloat-abi=hard -nostar
TRACE::2026-01-22.14:58:02::SCWMssOS::tfiles -g -Wall -Wextra -fno-tree-loop-distribute-patterns"

TRACE::2026-01-22.14:58:03::SCWMssOS::"Running Make libs in ps7_cortexa9_0/libsrc/usbps_v2_7/src"

TRACE::2026-01-22.14:58:03::SCWMssOS::make -C ps7_cortexa9_0/libsrc/usbps_v2_7/src -s libs  "SHELL=CMD" "COMPILER=arm-none-eabi-gcc" "ASSEMBLER=arm-none-eabi-as" "AR
TRACE::2026-01-22.14:58:03::SCWMssOS::CHIVER=arm-none-eabi-ar" "COMPILER_FLAGS=  -O2 -c" "EXTRA_COMPILER_FLAGS=-mcpu=cortex-a9 -mfpu=vfpv3 -mfloat-abi=hard -nostartf
TRACE::2026-01-22.14:58:03::SCWMssOS::iles -g -Wall -Wextra -fno-tree-loop-distribute-patterns"

TRACE::2026-01-22.14:58:03::SCWMssOS::"Running Make libs in ps7_cortexa9_0/libsrc/xadcps_v2_6/src"

TRACE::2026-01-22.14:58:03::SCWMssOS::make -C ps7_cortexa9_0/libsrc/xadcps_v2_6/src -s libs  "SHELL=CMD" "COMPILER=arm-none-eabi-gcc" "ASSEMBLER=arm-none-eabi-as" "A
TRACE::2026-01-22.14:58:03::SCWMssOS::RCHIVER=arm-none-eabi-ar" "COMPILER_FLAGS=  -O2 -c" "EXTRA_COMPILER_FLAGS=-mcpu=cortex-a9 -mfpu=vfpv3 -mfloat-abi=hard -nostart
TRACE::2026-01-22.14:58:03::SCWMssOS::files -g -Wall -Wextra -fno-tree-loop-distribute-patterns"

TRACE::2026-01-22.14:58:04::SCWMssOS::'Finished building libraries parallelly.'

TRACE::2026-01-22.14:58:04::SCWMssOS::make --no-print-directory archive

TRACE::2026-01-22.14:58:04::SCWMssOS::arm-none-eabi-ar -r  ps7_cortexa9_0/lib/libxil.a ps7_cortexa9_0/lib/xil_testcache.o ps7_cortexa9_0/lib/xadcps_selftest.o ps7_co
TRACE::2026-01-22.14:58:04::SCWMssOS::rtexa9_0/lib/xplatform_info.o ps7_cortexa9_0/lib/xil_mmu.o ps7_cortexa9_0/lib/_exit.o ps7_cortexa9_0/lib/xusbps_sinit.o ps7_cor
TRACE::2026-01-22.14:58:04::SCWMssOS::texa9_0/lib/xdevcfg_hw.o ps7_cortexa9_0/lib/xil_sleeptimer.o ps7_cortexa9_0/lib/xqspips_options.o ps7_cortexa9_0/lib/xdmaps_g.o
TRACE::2026-01-22.14:58:04::SCWMssOS:: ps7_cortexa9_0/lib/xscutimer_g.o ps7_cortexa9_0/lib/xsdps_options.o ps7_cortexa9_0/lib/xil_misc_psreset_api.o ps7_cortexa9_0/l
TRACE::2026-01-22.14:58:04::SCWMssOS::ib/xdmaps_sinit.o ps7_cortexa9_0/lib/xscutimer_sinit.o ps7_cortexa9_0/lib/xemacps_hw.o ps7_cortexa9_0/lib/inbyte.o ps7_cortexa9
TRACE::2026-01-22.14:58:04::SCWMssOS::_0/lib/xdmaps_selftest.o ps7_cortexa9_0/lib/xscutimer_selftest.o ps7_cortexa9_0/lib/putnum.o ps7_cortexa9_0/lib/xadcps_intr.o p
TRACE::2026-01-22.14:58:04::SCWMssOS::s7_cortexa9_0/lib/xgpiops_g.o ps7_cortexa9_0/lib/xsdps.o ps7_cortexa9_0/lib/close.o ps7_cortexa9_0/lib/xgpiops_intr.o ps7_corte
TRACE::2026-01-22.14:58:04::SCWMssOS::xa9_0/lib/xdma_g.o ps7_cortexa9_0/lib/xgpiops_sinit.o ps7_cortexa9_0/lib/xdma_sinit.o ps7_cortexa9_0/lib/xgpiops_selftest.o ps7
TRACE::2026-01-22.14:58:04::SCWMssOS::_cortexa9_0/lib/xscuwdt.o ps7_cortexa9_0/lib/xgpiops.o ps7_cortexa9_0/lib/xil_clocking.o ps7_cortexa9_0/lib/xil_mem.o ps7_corte
TRACE::2026-01-22.14:58:04::SCWMssOS::xa9_0/lib/time.o ps7_cortexa9_0/lib/xil_printf.o ps7_cortexa9_0/lib/kill.o ps7_cortexa9_0/lib/xuartps_g.o ps7_cortexa9_0/lib/xa
TRACE::2026-01-22.14:58:04::SCWMssOS::dcps.o ps7_cortexa9_0/lib/xuartps_sinit.o ps7_cortexa9_0/lib/xuartps_selftest.o ps7_cortexa9_0/lib/outbyte.o ps7_cortexa9_0/lib
TRACE::2026-01-22.14:58:04::SCWMssOS::/lseek.o ps7_cortexa9_0/lib/xusbps_hw.o ps7_cortexa9_0/lib/xl2cc_counter.o ps7_cortexa9_0/lib/asm_vectors.o ps7_cortexa9_0/lib/
TRACE::2026-01-22.14:58:04::SCWMssOS::abort.o ps7_cortexa9_0/lib/xscugic_intr.o ps7_cortexa9_0/lib/getpid.o ps7_cortexa9_0/lib/xdevcfg_sinit.o ps7_cortexa9_0/lib/xdm
TRACE::2026-01-22.14:58:04::SCWMssOS::aps.o ps7_cortexa9_0/lib/xscutimer.o ps7_cortexa9_0/lib/xdevcfg_selftest.o ps7_cortexa9_0/lib/xpm_counter.o ps7_cortexa9_0/lib/
TRACE::2026-01-22.14:58:04::SCWMssOS::_sbrk.o ps7_cortexa9_0/lib/xemacps_sinit.o ps7_cortexa9_0/lib/xqspips_g.o ps7_cortexa9_0/lib/xusbps.o ps7_cortexa9_0/lib/xusbps
TRACE::2026-01-22.14:58:04::SCWMssOS::_endpoint.o ps7_cortexa9_0/lib/xusbps_g.o ps7_cortexa9_0/lib/xsdps_sinit.o ps7_cortexa9_0/lib/xqspips_selftest.o ps7_cortexa9_0
TRACE::2026-01-22.14:58:04::SCWMssOS::/lib/xil_exception.o ps7_cortexa9_0/lib/xil_testmem.o ps7_cortexa9_0/lib/xemacps_control.o ps7_cortexa9_0/lib/open.o ps7_cortex
TRACE::2026-01-22.14:58:04::SCWMssOS::a9_0/lib/xil_assert.o ps7_cortexa9_0/lib/xusbps_intr.o ps7_cortexa9_0/lib/xsdps_host.o ps7_cortexa9_0/lib/xcoresightpsdcc.o ps7
TRACE::2026-01-22.14:58:04::SCWMssOS::_cortexa9_0/lib/xscugic_hw.o ps7_cortexa9_0/lib/sleep.o ps7_cortexa9_0/lib/cpputest_time.o ps7_cortexa9_0/lib/xil_spinlock.o ps
TRACE::2026-01-22.14:58:04::SCWMssOS::7_cortexa9_0/lib/fcntl.o ps7_cortexa9_0/lib/print.o ps7_cortexa9_0/lib/read.o ps7_cortexa9_0/lib/xdevcfg.o ps7_cortexa9_0/lib/x
TRACE::2026-01-22.14:58:04::SCWMssOS::qspips.o ps7_cortexa9_0/lib/xemacps.o ps7_cortexa9_0/lib/xil_cache.o ps7_cortexa9_0/lib/xil_testio.o ps7_cortexa9_0/lib/_open.o
TRACE::2026-01-22.14:58:04::SCWMssOS:: ps7_cortexa9_0/lib/unlink.o ps7_cortexa9_0/lib/xdma.o ps7_cortexa9_0/lib/translation_table.o ps7_cortexa9_0/lib/write.o ps7_co
TRACE::2026-01-22.14:58:04::SCWMssOS::rtexa9_0/lib/boot.o ps7_cortexa9_0/lib/xemacps_bdring.o ps7_cortexa9_0/lib/cpu_init.o ps7_cortexa9_0/lib/vectors.o ps7_cortexa9
TRACE::2026-01-22.14:58:04::SCWMssOS::_0/lib/usleep.o ps7_cortexa9_0/lib/xil_sleepcommon.o ps7_cortexa9_0/lib/xscugic_g.o ps7_cortexa9_0/lib/xscugic_sinit.o ps7_cort
TRACE::2026-01-22.14:58:04::SCWMssOS::exa9_0/lib/xdevcfg_g.o ps7_cortexa9_0/lib/xtime_l.o ps7_cortexa9_0/lib/xdma_linux.o ps7_cortexa9_0/lib/xscugic_selftest.o ps7_c
TRACE::2026-01-22.14:58:04::SCWMssOS::ortexa9_0/lib/xil_util.o ps7_cortexa9_0/lib/xuartps_intr.o ps7_cortexa9_0/lib/xuartps.o ps7_cortexa9_0/lib/xsdps_card.o ps7_cor
TRACE::2026-01-22.14:58:04::SCWMssOS::texa9_0/lib/xdmaps_hw.o ps7_cortexa9_0/lib/sbrk.o ps7_cortexa9_0/lib/xgpiops_hw.o ps7_cortexa9_0/lib/xsdps_g.o ps7_cortexa9_0/l
TRACE::2026-01-22.14:58:04::SCWMssOS::ib/fstat.o ps7_cortexa9_0/lib/xqspips_hw.o ps7_cortexa9_0/lib/errno.o ps7_cortexa9_0/lib/xdevcfg_intr.o ps7_cortexa9_0/lib/xuar
TRACE::2026-01-22.14:58:04::SCWMssOS::tps_options.o ps7_cortexa9_0/lib/xscuwdt_g.o ps7_cortexa9_0/lib/xemacps_g.o ps7_cortexa9_0/lib/xscuwdt_sinit.o ps7_cortexa9_0/l
TRACE::2026-01-22.14:58:04::SCWMssOS::ib/xemacps_intr.o ps7_cortexa9_0/lib/xscuwdt_selftest.o ps7_cortexa9_0/lib/isatty.o ps7_cortexa9_0/lib/xil-crt0.o ps7_cortexa9_
TRACE::2026-01-22.14:58:04::SCWMssOS::0/lib/xscugic.o ps7_cortexa9_0/lib/xuartps_hw.o ps7_cortexa9_0/lib/xadcps_g.o ps7_cortexa9_0/lib/xqspips_sinit.o ps7_cortexa9_0
TRACE::2026-01-22.14:58:04::SCWMssOS::/lib/xadcps_sinit.o

TRACE::2026-01-22.14:58:04::SCWMssOS::'Finished building libraries'

TRACE::2026-01-22.14:58:04::SCWMssOS::Copying to export directory.
TRACE::2026-01-22.14:58:05::SCWMssOS:: Checking if to create the Supporting Applications
TRACE::2026-01-22.14:58:05::SCWMssOS:: No Linux domain exists, trying to generate FSBL 
LOG::2026-01-22.14:58:05::SCWSystem::Completed Processing the domain standalone_domain
LOG::2026-01-22.14:58:05::SCWSystem::Completed Processing the sysconfig delay-and-sum-v2-platform
LOG::2026-01-22.14:58:05::SCWPlatform::Completed generating the artifacts for system configuration delay-and-sum-v2-platform
TRACE::2026-01-22.14:58:05::SCWPlatform::Started preparing the platform 
TRACE::2026-01-22.14:58:05::SCWSystem::Writing the bif file for system config delay-and-sum-v2-platform
TRACE::2026-01-22.14:58:05::SCWSystem::dir created 
TRACE::2026-01-22.14:58:05::SCWSystem::Writing the bif 
TRACE::2026-01-22.14:58:05::SCWPlatform::Started writing the spfm file 
TRACE::2026-01-22.14:58:05::SCWPlatform::Started writing the xpfm file 
TRACE::2026-01-22.14:58:05::SCWPlatform::Completed generating the platform
TRACE::2026-01-22.14:58:05::SCWMssOS::Saving the mss changes C:/Users/CamLT/AX7010_Work/UltrasonicFPGA2021/delay-and-sum-v2/delay-and-sum-v2-platform/zynq_fsbl/zynq_fsbl_bsp/system.mss
TRACE::2026-01-22.14:58:05::SCWMssOS::Found a swdesign opened with the mssfile.
TRACE::2026-01-22.14:58:05::SCWMssOS::Completed writemss as part of save.
TRACE::2026-01-22.14:58:05::SCWMssOS::Commit changes completed.
TRACE::2026-01-22.14:58:05::SCWMssOS::Saving the mss changes C:/Users/CamLT/AX7010_Work/UltrasonicFPGA2021/delay-and-sum-v2/delay-and-sum-v2-platform/ps7_cortexa9_0/standalone_domain/bsp/system.mss
TRACE::2026-01-22.14:58:05::SCWMssOS::Found a swdesign opened with the mssfile.
TRACE::2026-01-22.14:58:05::SCWMssOS::Completed writemss as part of save.
TRACE::2026-01-22.14:58:05::SCWMssOS::Commit changes completed.
TRACE::2026-01-22.14:58:05::SCWPlatform::Trying to open the hw design at C:/Users/CamLT/AX7010_Work/UltrasonicFPGA2021/delay-and-sum-v2/delay-and-sum-v2-platform/hw/Demodulator_128Ch_wrapper22.xsa
TRACE::2026-01-22.14:58:05::SCWPlatform::DSA given C:/Users/CamLT/AX7010_Work/UltrasonicFPGA2021/delay-and-sum-v2/delay-and-sum-v2-platform/hw/Demodulator_128Ch_wrapper22.xsa
TRACE::2026-01-22.14:58:05::SCWPlatform::DSA absoulate path C:/Users/CamLT/AX7010_Work/UltrasonicFPGA2021/delay-and-sum-v2/delay-and-sum-v2-platform/hw/Demodulator_128Ch_wrapper22.xsa
TRACE::2026-01-22.14:58:05::SCWPlatform::DSA directory C:/Users/CamLT/AX7010_Work/UltrasonicFPGA2021/delay-and-sum-v2/delay-and-sum-v2-platform/hw
TRACE::2026-01-22.14:58:05::SCWPlatform:: Platform Path C:/Users/CamLT/AX7010_Work/UltrasonicFPGA2021/delay-and-sum-v2/delay-and-sum-v2-platform/hw/Demodulator_128Ch_wrapper22.xsa
TRACE::2026-01-22.14:58:05::SCWPlatform:: Unique name xilinx:::0.0
TRACE::2026-01-22.14:58:05::SCWPlatform::Trying to set the existing hwdb with name Demodulator_128Ch_wrapper_6
TRACE::2026-01-22.14:58:05::SCWPlatform::Opened existing hwdb Demodulator_128Ch_wrapper_6
TRACE::2026-01-22.14:58:05::SCWPlatform::Found the Hw Db part of the input DSA
TRACE::2026-01-22.14:58:05::SCWMssOS::Checking the sw design at  C:/Users/CamLT/AX7010_Work/UltrasonicFPGA2021/delay-and-sum-v2/delay-and-sum-v2-platform/zynq_fsbl/zynq_fsbl_bsp/system.mss
TRACE::2026-01-22.14:58:05::SCWMssOS::DEBUG:  swdes dump  C:/Users/CamLT/AX7010_Work/UltrasonicFPGA2021/delay-and-sum-v2/delay-and-sum-v2-platform/ps7_cortexa9_0/standalone_domain/bsp/system.mss|system_0||
C:/Users/CamLT/AX7010_Work/UltrasonicFPGA2021/delay-and-sum-v2/delay-and-sum-v2-platform/zynq_fsbl/zynq_fsbl_bsp/system.mss|system||

TRACE::2026-01-22.14:58:05::SCWMssOS::Sw design exists and opened at  C:/Users/CamLT/AX7010_Work/UltrasonicFPGA2021/delay-and-sum-v2/delay-and-sum-v2-platform/zynq_fsbl/zynq_fsbl_bsp/system.mss
TRACE::2026-01-22.14:58:05::SCWPlatform::Trying to open the hw design at C:/Users/CamLT/AX7010_Work/UltrasonicFPGA2021/delay-and-sum-v2/delay-and-sum-v2-platform/hw/Demodulator_128Ch_wrapper22.xsa
TRACE::2026-01-22.14:58:05::SCWPlatform::DSA given C:/Users/CamLT/AX7010_Work/UltrasonicFPGA2021/delay-and-sum-v2/delay-and-sum-v2-platform/hw/Demodulator_128Ch_wrapper22.xsa
TRACE::2026-01-22.14:58:05::SCWPlatform::DSA absoulate path C:/Users/CamLT/AX7010_Work/UltrasonicFPGA2021/delay-and-sum-v2/delay-and-sum-v2-platform/hw/Demodulator_128Ch_wrapper22.xsa
TRACE::2026-01-22.14:58:05::SCWPlatform::DSA directory C:/Users/CamLT/AX7010_Work/UltrasonicFPGA2021/delay-and-sum-v2/delay-and-sum-v2-platform/hw
TRACE::2026-01-22.14:58:05::SCWPlatform:: Platform Path C:/Users/CamLT/AX7010_Work/UltrasonicFPGA2021/delay-and-sum-v2/delay-and-sum-v2-platform/hw/Demodulator_128Ch_wrapper22.xsa
TRACE::2026-01-22.14:58:05::SCWPlatform:: Unique name xilinx:::0.0
TRACE::2026-01-22.14:58:05::SCWPlatform::Trying to set the existing hwdb with name Demodulator_128Ch_wrapper_6
TRACE::2026-01-22.14:58:05::SCWPlatform::Opened existing hwdb Demodulator_128Ch_wrapper_6
TRACE::2026-01-22.14:58:05::SCWPlatform::Found the Hw Db part of the input DSA
TRACE::2026-01-22.14:58:05::SCWMssOS::Checking the sw design at  C:/Users/CamLT/AX7010_Work/UltrasonicFPGA2021/delay-and-sum-v2/delay-and-sum-v2-platform/ps7_cortexa9_0/standalone_domain/bsp/system.mss
TRACE::2026-01-22.14:58:05::SCWMssOS::DEBUG:  swdes dump  C:/Users/CamLT/AX7010_Work/UltrasonicFPGA2021/delay-and-sum-v2/delay-and-sum-v2-platform/ps7_cortexa9_0/standalone_domain/bsp/system.mss|system_0||
C:/Users/CamLT/AX7010_Work/UltrasonicFPGA2021/delay-and-sum-v2/delay-and-sum-v2-platform/zynq_fsbl/zynq_fsbl_bsp/system.mss|system||

TRACE::2026-01-22.14:58:05::SCWMssOS::Sw design exists and opened at  C:/Users/CamLT/AX7010_Work/UltrasonicFPGA2021/delay-and-sum-v2/delay-and-sum-v2-platform/ps7_cortexa9_0/standalone_domain/bsp/system.mss
TRACE::2026-01-22.14:58:05::SCWWriter::formatted JSON is {
	"platformName":	"delay-and-sum-v2-platform",
	"sprVersion":	"2.0",
	"mode":	"gui",
	"dsaType":	"Fixed",
	"platformDesc":	"delay-and-sum-v2-platform",
	"platHandOff":	"C:/Users/CamLT/AX7010_Work/Demodulator_128Ch_wrapper22.xsa",
	"platIntHandOff":	"<platformDir>/hw/Demodulator_128Ch_wrapper22.xsa",
	"deviceType":	"zynq",
	"platIsPrebuiltAutogen":	"false",
	"platIsNoBootBsp":	"false",
	"hasFsblMakeHasChanges":	"false",
	"hasPmufwMakeHasChanges":	"false",
	"fsblExtraCompilerFlags":	"-MMD -MP       -mcpu=cortex-a9 -mfpu=vfpv3 -mfloat-abi=hard ",
	"platPreBuiltFlag":	false,
	"platformSamplesDir":	"",
	"platActiveSys":	"delay-and-sum-v2-platform",
	"systems":	[{
			"systemName":	"delay-and-sum-v2-platform",
			"systemDesc":	"delay-and-sum-v2-platform",
			"sysIsBootAutoGen":	"true",
			"systemDispName":	"delay-and-sum-v2-platform",
			"sysActiveDom":	"standalone_domain",
			"sysDefaultDom":	"standalone_domain",
			"domains":	[{
					"domainName":	"zynq_fsbl",
					"domainDispName":	"zynq_fsbl",
					"domainDesc":	"FSBL Application BSP - Auto Generated.",
					"processors":	"ps7_cortexa9_0",
					"os":	"standalone",
					"sdxOs":	"standalone",
					"debugEnable":	"",
					"domRuntimes":	["cpp"],
					"swRepo":	"",
					"mssOsVer":	"7.5",
					"mssFile":	"",
					"md5Digest":	"f3dae8f02a170fb93c0638c92ba171da",
					"compatibleApp":	"zynq_fsbl",
					"domType":	"bootDomain",
					"arch":	"32-bit",
					"appSettings":	{
						"appCompilerFlags":	"",
						"appLinkerFlags":	""
					},
					"addedLibs":	["xilffs:4.5", "xilrsa:1.6", "lwip211:1.5"],
					"libOptions":	{
						"libsContainingOptions":	[]
					},
					"prebuiltLibs":	{
						"prebuiltIncPath":	[],
						"prebuiltLibPath":	[]
					},
					"isolation":	{
					}
				}, {
					"domainName":	"standalone_domain",
					"domainDispName":	"standalone on ps7_cortexa9_0",
					"domainDesc":	"standalone_domain",
					"processors":	"ps7_cortexa9_0",
					"os":	"standalone",
					"sdxOs":	"standalone",
					"qemuArgs":	"C:/Xilinx/Vitis/2021.1/data/emulation/platforms/zynq/sw/a9_standalone/qemu/qemu_args.txt",
					"qemuData":	"C:/Xilinx/Vitis/2021.1/data/emulation/platforms/zynq/sw/a9_standalone/qemu/",
					"debugEnable":	"False",
					"domRuntimes":	["cpp"],
					"swRepo":	"",
					"mssOsVer":	"7.5",
					"mssFile":	"",
					"md5Digest":	"c0bcabe2214432c53bf60814567322c2",
					"compatibleApp":	"",
					"domType":	"mssDomain",
					"appSettings":	{
						"appCompilerFlags":	"",
						"appLinkerFlags":	""
					},
					"addedLibs":	["lwip211:1.5"],
					"libOptions":	{
						"libsContainingOptions":	[]
					},
					"prebuiltLibs":	{
						"prebuiltIncPath":	[],
						"prebuiltLibPath":	[]
					},
					"isolation":	{
					}
				}]
		}]
}
KEYINFO::2026-01-22.14:58:05::SCWPlatform::updated the xpfm file.
TRACE::2026-01-22.14:58:05::SCWPlatform::Trying to open the hw design at C:/Users/CamLT/AX7010_Work/UltrasonicFPGA2021/delay-and-sum-v2/delay-and-sum-v2-platform/hw/Demodulator_128Ch_wrapper22.xsa
TRACE::2026-01-22.14:58:05::SCWPlatform::DSA given C:/Users/CamLT/AX7010_Work/UltrasonicFPGA2021/delay-and-sum-v2/delay-and-sum-v2-platform/hw/Demodulator_128Ch_wrapper22.xsa
TRACE::2026-01-22.14:58:05::SCWPlatform::DSA absoulate path C:/Users/CamLT/AX7010_Work/UltrasonicFPGA2021/delay-and-sum-v2/delay-and-sum-v2-platform/hw/Demodulator_128Ch_wrapper22.xsa
TRACE::2026-01-22.14:58:05::SCWPlatform::DSA directory C:/Users/CamLT/AX7010_Work/UltrasonicFPGA2021/delay-and-sum-v2/delay-and-sum-v2-platform/hw
TRACE::2026-01-22.14:58:05::SCWPlatform:: Platform Path C:/Users/CamLT/AX7010_Work/UltrasonicFPGA2021/delay-and-sum-v2/delay-and-sum-v2-platform/hw/Demodulator_128Ch_wrapper22.xsa
TRACE::2026-01-22.14:58:05::SCWPlatform:: Unique name xilinx:::0.0
TRACE::2026-01-22.14:58:05::SCWPlatform::Trying to set the existing hwdb with name Demodulator_128Ch_wrapper_6
TRACE::2026-01-22.14:58:05::SCWPlatform::Opened existing hwdb Demodulator_128Ch_wrapper_6
TRACE::2026-01-22.14:58:05::SCWPlatform::Found the Hw Db part of the input DSA
TRACE::2026-01-22.14:58:05::SCWMssOS::Checking the sw design at  C:/Users/CamLT/AX7010_Work/UltrasonicFPGA2021/delay-and-sum-v2/delay-and-sum-v2-platform/zynq_fsbl/zynq_fsbl_bsp/system.mss
TRACE::2026-01-22.14:58:05::SCWMssOS::DEBUG:  swdes dump  C:/Users/CamLT/AX7010_Work/UltrasonicFPGA2021/delay-and-sum-v2/delay-and-sum-v2-platform/ps7_cortexa9_0/standalone_domain/bsp/system.mss|system_0||
C:/Users/CamLT/AX7010_Work/UltrasonicFPGA2021/delay-and-sum-v2/delay-and-sum-v2-platform/zynq_fsbl/zynq_fsbl_bsp/system.mss|system||

TRACE::2026-01-22.14:58:05::SCWMssOS::Sw design exists and opened at  C:/Users/CamLT/AX7010_Work/UltrasonicFPGA2021/delay-and-sum-v2/delay-and-sum-v2-platform/zynq_fsbl/zynq_fsbl_bsp/system.mss
TRACE::2026-01-22.14:58:05::SCWPlatform::Trying to open the hw design at C:/Users/CamLT/AX7010_Work/UltrasonicFPGA2021/delay-and-sum-v2/delay-and-sum-v2-platform/hw/Demodulator_128Ch_wrapper22.xsa
TRACE::2026-01-22.14:58:05::SCWPlatform::DSA given C:/Users/CamLT/AX7010_Work/UltrasonicFPGA2021/delay-and-sum-v2/delay-and-sum-v2-platform/hw/Demodulator_128Ch_wrapper22.xsa
TRACE::2026-01-22.14:58:05::SCWPlatform::DSA absoulate path C:/Users/CamLT/AX7010_Work/UltrasonicFPGA2021/delay-and-sum-v2/delay-and-sum-v2-platform/hw/Demodulator_128Ch_wrapper22.xsa
TRACE::2026-01-22.14:58:05::SCWPlatform::DSA directory C:/Users/CamLT/AX7010_Work/UltrasonicFPGA2021/delay-and-sum-v2/delay-and-sum-v2-platform/hw
TRACE::2026-01-22.14:58:05::SCWPlatform:: Platform Path C:/Users/CamLT/AX7010_Work/UltrasonicFPGA2021/delay-and-sum-v2/delay-and-sum-v2-platform/hw/Demodulator_128Ch_wrapper22.xsa
TRACE::2026-01-22.14:58:05::SCWPlatform:: Unique name xilinx:::0.0
TRACE::2026-01-22.14:58:05::SCWPlatform::Trying to set the existing hwdb with name Demodulator_128Ch_wrapper_6
TRACE::2026-01-22.14:58:05::SCWPlatform::Opened existing hwdb Demodulator_128Ch_wrapper_6
TRACE::2026-01-22.14:58:05::SCWPlatform::Found the Hw Db part of the input DSA
TRACE::2026-01-22.14:58:05::SCWMssOS::Checking the sw design at  C:/Users/CamLT/AX7010_Work/UltrasonicFPGA2021/delay-and-sum-v2/delay-and-sum-v2-platform/ps7_cortexa9_0/standalone_domain/bsp/system.mss
TRACE::2026-01-22.14:58:05::SCWMssOS::DEBUG:  swdes dump  C:/Users/CamLT/AX7010_Work/UltrasonicFPGA2021/delay-and-sum-v2/delay-and-sum-v2-platform/ps7_cortexa9_0/standalone_domain/bsp/system.mss|system_0||
C:/Users/CamLT/AX7010_Work/UltrasonicFPGA2021/delay-and-sum-v2/delay-and-sum-v2-platform/zynq_fsbl/zynq_fsbl_bsp/system.mss|system||

TRACE::2026-01-22.14:58:05::SCWMssOS::Sw design exists and opened at  C:/Users/CamLT/AX7010_Work/UltrasonicFPGA2021/delay-and-sum-v2/delay-and-sum-v2-platform/ps7_cortexa9_0/standalone_domain/bsp/system.mss
TRACE::2026-01-22.14:58:05::SCWPlatform::Trying to open the hw design at C:/Users/CamLT/AX7010_Work/UltrasonicFPGA2021/delay-and-sum-v2/delay-and-sum-v2-platform/hw/Demodulator_128Ch_wrapper22.xsa
TRACE::2026-01-22.14:58:05::SCWPlatform::DSA given C:/Users/CamLT/AX7010_Work/UltrasonicFPGA2021/delay-and-sum-v2/delay-and-sum-v2-platform/hw/Demodulator_128Ch_wrapper22.xsa
TRACE::2026-01-22.14:58:05::SCWPlatform::DSA absoulate path C:/Users/CamLT/AX7010_Work/UltrasonicFPGA2021/delay-and-sum-v2/delay-and-sum-v2-platform/hw/Demodulator_128Ch_wrapper22.xsa
TRACE::2026-01-22.14:58:05::SCWPlatform::DSA directory C:/Users/CamLT/AX7010_Work/UltrasonicFPGA2021/delay-and-sum-v2/delay-and-sum-v2-platform/hw
TRACE::2026-01-22.14:58:05::SCWPlatform:: Platform Path C:/Users/CamLT/AX7010_Work/UltrasonicFPGA2021/delay-and-sum-v2/delay-and-sum-v2-platform/hw/Demodulator_128Ch_wrapper22.xsa
TRACE::2026-01-22.14:58:05::SCWPlatform:: Unique name xilinx:::0.0
TRACE::2026-01-22.14:58:05::SCWPlatform::Trying to set the existing hwdb with name Demodulator_128Ch_wrapper_6
TRACE::2026-01-22.14:58:05::SCWPlatform::Opened existing hwdb Demodulator_128Ch_wrapper_6
TRACE::2026-01-22.14:58:05::SCWPlatform::Found the Hw Db part of the input DSA
TRACE::2026-01-22.14:58:05::SCWMssOS::Checking the sw design at  C:/Users/CamLT/AX7010_Work/UltrasonicFPGA2021/delay-and-sum-v2/delay-and-sum-v2-platform/ps7_cortexa9_0/standalone_domain/bsp/system.mss
TRACE::2026-01-22.14:58:05::SCWMssOS::DEBUG:  swdes dump  C:/Users/CamLT/AX7010_Work/UltrasonicFPGA2021/delay-and-sum-v2/delay-and-sum-v2-platform/ps7_cortexa9_0/standalone_domain/bsp/system.mss|system_0||
C:/Users/CamLT/AX7010_Work/UltrasonicFPGA2021/delay-and-sum-v2/delay-and-sum-v2-platform/zynq_fsbl/zynq_fsbl_bsp/system.mss|system||

TRACE::2026-01-22.14:58:05::SCWMssOS::Sw design exists and opened at  C:/Users/CamLT/AX7010_Work/UltrasonicFPGA2021/delay-and-sum-v2/delay-and-sum-v2-platform/ps7_cortexa9_0/standalone_domain/bsp/system.mss
TRACE::2026-01-22.14:58:06::SCWMssOS::In reload Mss file.
TRACE::2026-01-22.14:58:06::SCWPlatform::Trying to open the hw design at C:/Users/CamLT/AX7010_Work/UltrasonicFPGA2021/delay-and-sum-v2/delay-and-sum-v2-platform/hw/Demodulator_128Ch_wrapper22.xsa
TRACE::2026-01-22.14:58:06::SCWPlatform::DSA given C:/Users/CamLT/AX7010_Work/UltrasonicFPGA2021/delay-and-sum-v2/delay-and-sum-v2-platform/hw/Demodulator_128Ch_wrapper22.xsa
TRACE::2026-01-22.14:58:06::SCWPlatform::DSA absoulate path C:/Users/CamLT/AX7010_Work/UltrasonicFPGA2021/delay-and-sum-v2/delay-and-sum-v2-platform/hw/Demodulator_128Ch_wrapper22.xsa
TRACE::2026-01-22.14:58:06::SCWPlatform::DSA directory C:/Users/CamLT/AX7010_Work/UltrasonicFPGA2021/delay-and-sum-v2/delay-and-sum-v2-platform/hw
TRACE::2026-01-22.14:58:06::SCWPlatform:: Platform Path C:/Users/CamLT/AX7010_Work/UltrasonicFPGA2021/delay-and-sum-v2/delay-and-sum-v2-platform/hw/Demodulator_128Ch_wrapper22.xsa
TRACE::2026-01-22.14:58:06::SCWPlatform:: Unique name xilinx:::0.0
TRACE::2026-01-22.14:58:06::SCWPlatform::Trying to set the existing hwdb with name Demodulator_128Ch_wrapper_6
TRACE::2026-01-22.14:58:06::SCWPlatform::Opened existing hwdb Demodulator_128Ch_wrapper_6
TRACE::2026-01-22.14:58:06::SCWPlatform::Found the Hw Db part of the input DSA
TRACE::2026-01-22.14:58:06::SCWMssOS::Checking the sw design at  C:/Users/CamLT/AX7010_Work/UltrasonicFPGA2021/delay-and-sum-v2/delay-and-sum-v2-platform/ps7_cortexa9_0/standalone_domain/bsp/system.mss
TRACE::2026-01-22.14:58:06::SCWMssOS::DEBUG:  swdes dump  C:/Users/CamLT/AX7010_Work/UltrasonicFPGA2021/delay-and-sum-v2/delay-and-sum-v2-platform/zynq_fsbl/zynq_fsbl_bsp/system.mss|system||

TRACE::2026-01-22.14:58:06::SCWMssOS::No sw design opened at  C:/Users/CamLT/AX7010_Work/UltrasonicFPGA2021/delay-and-sum-v2/delay-and-sum-v2-platform/ps7_cortexa9_0/standalone_domain/bsp/system.mss
TRACE::2026-01-22.14:58:06::SCWMssOS::mss exists loading the mss file  C:/Users/CamLT/AX7010_Work/UltrasonicFPGA2021/delay-and-sum-v2/delay-and-sum-v2-platform/ps7_cortexa9_0/standalone_domain/bsp/system.mss
TRACE::2026-01-22.14:58:06::SCWMssOS::Opened the sw design from mss  C:/Users/CamLT/AX7010_Work/UltrasonicFPGA2021/delay-and-sum-v2/delay-and-sum-v2-platform/ps7_cortexa9_0/standalone_domain/bsp/system.mss
TRACE::2026-01-22.14:58:06::SCWMssOS::Adding the swdes entry C:/Users/CamLT/AX7010_Work/UltrasonicFPGA2021/delay-and-sum-v2/delay-and-sum-v2-platform/ps7_cortexa9_0/standalone_domain/bsp/system.mss with des name system_0
TRACE::2026-01-22.14:58:06::SCWMssOS::updating the scw layer about changes
TRACE::2026-01-22.14:58:06::SCWMssOS::Opened the sw design.  C:/Users/CamLT/AX7010_Work/UltrasonicFPGA2021/delay-and-sum-v2/delay-and-sum-v2-platform/ps7_cortexa9_0/standalone_domain/bsp/system.mss
TRACE::2026-01-22.14:58:06::SCWPlatform::Trying to open the hw design at C:/Users/CamLT/AX7010_Work/UltrasonicFPGA2021/delay-and-sum-v2/delay-and-sum-v2-platform/hw/Demodulator_128Ch_wrapper22.xsa
TRACE::2026-01-22.14:58:06::SCWPlatform::DSA given C:/Users/CamLT/AX7010_Work/UltrasonicFPGA2021/delay-and-sum-v2/delay-and-sum-v2-platform/hw/Demodulator_128Ch_wrapper22.xsa
TRACE::2026-01-22.14:58:06::SCWPlatform::DSA absoulate path C:/Users/CamLT/AX7010_Work/UltrasonicFPGA2021/delay-and-sum-v2/delay-and-sum-v2-platform/hw/Demodulator_128Ch_wrapper22.xsa
TRACE::2026-01-22.14:58:06::SCWPlatform::DSA directory C:/Users/CamLT/AX7010_Work/UltrasonicFPGA2021/delay-and-sum-v2/delay-and-sum-v2-platform/hw
TRACE::2026-01-22.14:58:06::SCWPlatform:: Platform Path C:/Users/CamLT/AX7010_Work/UltrasonicFPGA2021/delay-and-sum-v2/delay-and-sum-v2-platform/hw/Demodulator_128Ch_wrapper22.xsa
TRACE::2026-01-22.14:58:06::SCWPlatform:: Unique name xilinx:::0.0
TRACE::2026-01-22.14:58:06::SCWPlatform::Trying to set the existing hwdb with name Demodulator_128Ch_wrapper_6
TRACE::2026-01-22.14:58:06::SCWPlatform::Opened existing hwdb Demodulator_128Ch_wrapper_6
TRACE::2026-01-22.14:58:06::SCWPlatform::Found the Hw Db part of the input DSA
TRACE::2026-01-22.14:58:06::SCWMssOS::Checking the sw design at  C:/Users/CamLT/AX7010_Work/UltrasonicFPGA2021/delay-and-sum-v2/delay-and-sum-v2-platform/ps7_cortexa9_0/standalone_domain/bsp/system.mss
TRACE::2026-01-22.14:58:06::SCWMssOS::DEBUG:  swdes dump  C:/Users/CamLT/AX7010_Work/UltrasonicFPGA2021/delay-and-sum-v2/delay-and-sum-v2-platform/ps7_cortexa9_0/standalone_domain/bsp/system.mss|system_0||
C:/Users/CamLT/AX7010_Work/UltrasonicFPGA2021/delay-and-sum-v2/delay-and-sum-v2-platform/zynq_fsbl/zynq_fsbl_bsp/system.mss|system||

TRACE::2026-01-22.14:58:06::SCWMssOS::Sw design exists and opened at  C:/Users/CamLT/AX7010_Work/UltrasonicFPGA2021/delay-and-sum-v2/delay-and-sum-v2-platform/ps7_cortexa9_0/standalone_domain/bsp/system.mss
TRACE::2026-01-22.14:58:06::SCWMssOS:: library already available in sw design:  lwip211:1.5
TRACE::2026-01-22.14:58:06::SCWMssOS::Saving the mss changes C:/Users/CamLT/AX7010_Work/UltrasonicFPGA2021/delay-and-sum-v2/delay-and-sum-v2-platform/ps7_cortexa9_0/standalone_domain/bsp/system.mss
TRACE::2026-01-22.14:58:06::SCWMssOS::Found a swdesign opened with the mssfile.
TRACE::2026-01-22.14:58:06::SCWMssOS::Completed writemss as part of save.
TRACE::2026-01-22.14:58:06::SCWMssOS::Commit changes completed.
TRACE::2026-01-22.14:58:06::SCWPlatform::Trying to open the hw design at C:/Users/CamLT/AX7010_Work/UltrasonicFPGA2021/delay-and-sum-v2/delay-and-sum-v2-platform/hw/Demodulator_128Ch_wrapper22.xsa
TRACE::2026-01-22.14:58:06::SCWPlatform::DSA given C:/Users/CamLT/AX7010_Work/UltrasonicFPGA2021/delay-and-sum-v2/delay-and-sum-v2-platform/hw/Demodulator_128Ch_wrapper22.xsa
TRACE::2026-01-22.14:58:06::SCWPlatform::DSA absoulate path C:/Users/CamLT/AX7010_Work/UltrasonicFPGA2021/delay-and-sum-v2/delay-and-sum-v2-platform/hw/Demodulator_128Ch_wrapper22.xsa
TRACE::2026-01-22.14:58:06::SCWPlatform::DSA directory C:/Users/CamLT/AX7010_Work/UltrasonicFPGA2021/delay-and-sum-v2/delay-and-sum-v2-platform/hw
TRACE::2026-01-22.14:58:06::SCWPlatform:: Platform Path C:/Users/CamLT/AX7010_Work/UltrasonicFPGA2021/delay-and-sum-v2/delay-and-sum-v2-platform/hw/Demodulator_128Ch_wrapper22.xsa
TRACE::2026-01-22.14:58:06::SCWPlatform:: Unique name xilinx:::0.0
TRACE::2026-01-22.14:58:06::SCWPlatform::Trying to set the existing hwdb with name Demodulator_128Ch_wrapper_6
TRACE::2026-01-22.14:58:06::SCWPlatform::Opened existing hwdb Demodulator_128Ch_wrapper_6
TRACE::2026-01-22.14:58:06::SCWPlatform::Found the Hw Db part of the input DSA
TRACE::2026-01-22.14:58:06::SCWMssOS::Checking the sw design at  C:/Users/CamLT/AX7010_Work/UltrasonicFPGA2021/delay-and-sum-v2/delay-and-sum-v2-platform/ps7_cortexa9_0/standalone_domain/bsp/system.mss
TRACE::2026-01-22.14:58:06::SCWMssOS::DEBUG:  swdes dump  C:/Users/CamLT/AX7010_Work/UltrasonicFPGA2021/delay-and-sum-v2/delay-and-sum-v2-platform/ps7_cortexa9_0/standalone_domain/bsp/system.mss|system_0||
C:/Users/CamLT/AX7010_Work/UltrasonicFPGA2021/delay-and-sum-v2/delay-and-sum-v2-platform/zynq_fsbl/zynq_fsbl_bsp/system.mss|system||

TRACE::2026-01-22.14:58:06::SCWMssOS::Sw design exists and opened at  C:/Users/CamLT/AX7010_Work/UltrasonicFPGA2021/delay-and-sum-v2/delay-and-sum-v2-platform/ps7_cortexa9_0/standalone_domain/bsp/system.mss
TRACE::2026-01-22.14:58:06::SCWMssOS::Removing the swdes entry for  C:/Users/CamLT/AX7010_Work/UltrasonicFPGA2021/delay-and-sum-v2/delay-and-sum-v2-platform/ps7_cortexa9_0/standalone_domain/bsp/system.mss
TRACE::2026-01-22.14:58:06::SCWMssOS::In reload Mss file.
TRACE::2026-01-22.14:58:06::SCWPlatform::Trying to open the hw design at C:/Users/CamLT/AX7010_Work/UltrasonicFPGA2021/delay-and-sum-v2/delay-and-sum-v2-platform/hw/Demodulator_128Ch_wrapper22.xsa
TRACE::2026-01-22.14:58:06::SCWPlatform::DSA given C:/Users/CamLT/AX7010_Work/UltrasonicFPGA2021/delay-and-sum-v2/delay-and-sum-v2-platform/hw/Demodulator_128Ch_wrapper22.xsa
TRACE::2026-01-22.14:58:06::SCWPlatform::DSA absoulate path C:/Users/CamLT/AX7010_Work/UltrasonicFPGA2021/delay-and-sum-v2/delay-and-sum-v2-platform/hw/Demodulator_128Ch_wrapper22.xsa
TRACE::2026-01-22.14:58:06::SCWPlatform::DSA directory C:/Users/CamLT/AX7010_Work/UltrasonicFPGA2021/delay-and-sum-v2/delay-and-sum-v2-platform/hw
TRACE::2026-01-22.14:58:06::SCWPlatform:: Platform Path C:/Users/CamLT/AX7010_Work/UltrasonicFPGA2021/delay-and-sum-v2/delay-and-sum-v2-platform/hw/Demodulator_128Ch_wrapper22.xsa
TRACE::2026-01-22.14:58:06::SCWPlatform:: Unique name xilinx:::0.0
TRACE::2026-01-22.14:58:06::SCWPlatform::Trying to set the existing hwdb with name Demodulator_128Ch_wrapper_6
TRACE::2026-01-22.14:58:06::SCWPlatform::Opened existing hwdb Demodulator_128Ch_wrapper_6
TRACE::2026-01-22.14:58:06::SCWPlatform::Found the Hw Db part of the input DSA
TRACE::2026-01-22.14:58:06::SCWMssOS::Checking the sw design at  C:/Users/CamLT/AX7010_Work/UltrasonicFPGA2021/delay-and-sum-v2/delay-and-sum-v2-platform/ps7_cortexa9_0/standalone_domain/bsp/system.mss
TRACE::2026-01-22.14:58:06::SCWMssOS::DEBUG:  swdes dump  C:/Users/CamLT/AX7010_Work/UltrasonicFPGA2021/delay-and-sum-v2/delay-and-sum-v2-platform/zynq_fsbl/zynq_fsbl_bsp/system.mss|system||

TRACE::2026-01-22.14:58:06::SCWMssOS::No sw design opened at  C:/Users/CamLT/AX7010_Work/UltrasonicFPGA2021/delay-and-sum-v2/delay-and-sum-v2-platform/ps7_cortexa9_0/standalone_domain/bsp/system.mss
TRACE::2026-01-22.14:58:06::SCWMssOS::mss exists loading the mss file  C:/Users/CamLT/AX7010_Work/UltrasonicFPGA2021/delay-and-sum-v2/delay-and-sum-v2-platform/ps7_cortexa9_0/standalone_domain/bsp/system.mss
TRACE::2026-01-22.14:58:06::SCWMssOS::Opened the sw design from mss  C:/Users/CamLT/AX7010_Work/UltrasonicFPGA2021/delay-and-sum-v2/delay-and-sum-v2-platform/ps7_cortexa9_0/standalone_domain/bsp/system.mss
TRACE::2026-01-22.14:58:06::SCWMssOS::Adding the swdes entry C:/Users/CamLT/AX7010_Work/UltrasonicFPGA2021/delay-and-sum-v2/delay-and-sum-v2-platform/ps7_cortexa9_0/standalone_domain/bsp/system.mss with des name system_0
TRACE::2026-01-22.14:58:06::SCWMssOS::updating the scw layer about changes
TRACE::2026-01-22.14:58:06::SCWMssOS::Opened the sw design.  C:/Users/CamLT/AX7010_Work/UltrasonicFPGA2021/delay-and-sum-v2/delay-and-sum-v2-platform/ps7_cortexa9_0/standalone_domain/bsp/system.mss
TRACE::2026-01-22.14:58:06::SCWPlatform::Trying to open the hw design at C:/Users/CamLT/AX7010_Work/UltrasonicFPGA2021/delay-and-sum-v2/delay-and-sum-v2-platform/hw/Demodulator_128Ch_wrapper22.xsa
TRACE::2026-01-22.14:58:06::SCWPlatform::DSA given C:/Users/CamLT/AX7010_Work/UltrasonicFPGA2021/delay-and-sum-v2/delay-and-sum-v2-platform/hw/Demodulator_128Ch_wrapper22.xsa
TRACE::2026-01-22.14:58:06::SCWPlatform::DSA absoulate path C:/Users/CamLT/AX7010_Work/UltrasonicFPGA2021/delay-and-sum-v2/delay-and-sum-v2-platform/hw/Demodulator_128Ch_wrapper22.xsa
TRACE::2026-01-22.14:58:06::SCWPlatform::DSA directory C:/Users/CamLT/AX7010_Work/UltrasonicFPGA2021/delay-and-sum-v2/delay-and-sum-v2-platform/hw
TRACE::2026-01-22.14:58:06::SCWPlatform:: Platform Path C:/Users/CamLT/AX7010_Work/UltrasonicFPGA2021/delay-and-sum-v2/delay-and-sum-v2-platform/hw/Demodulator_128Ch_wrapper22.xsa
TRACE::2026-01-22.14:58:06::SCWPlatform:: Unique name xilinx:::0.0
TRACE::2026-01-22.14:58:06::SCWPlatform::Trying to set the existing hwdb with name Demodulator_128Ch_wrapper_6
TRACE::2026-01-22.14:58:06::SCWPlatform::Opened existing hwdb Demodulator_128Ch_wrapper_6
TRACE::2026-01-22.14:58:06::SCWPlatform::Found the Hw Db part of the input DSA
TRACE::2026-01-22.14:58:06::SCWMssOS::Checking the sw design at  C:/Users/CamLT/AX7010_Work/UltrasonicFPGA2021/delay-and-sum-v2/delay-and-sum-v2-platform/ps7_cortexa9_0/standalone_domain/bsp/system.mss
TRACE::2026-01-22.14:58:06::SCWMssOS::DEBUG:  swdes dump  C:/Users/CamLT/AX7010_Work/UltrasonicFPGA2021/delay-and-sum-v2/delay-and-sum-v2-platform/ps7_cortexa9_0/standalone_domain/bsp/system.mss|system_0||
C:/Users/CamLT/AX7010_Work/UltrasonicFPGA2021/delay-and-sum-v2/delay-and-sum-v2-platform/zynq_fsbl/zynq_fsbl_bsp/system.mss|system||

TRACE::2026-01-22.14:58:06::SCWMssOS::Sw design exists and opened at  C:/Users/CamLT/AX7010_Work/UltrasonicFPGA2021/delay-and-sum-v2/delay-and-sum-v2-platform/ps7_cortexa9_0/standalone_domain/bsp/system.mss
TRACE::2026-01-22.14:58:06::SCWMssOS:: library already available in sw design:  lwip211:1.5
TRACE::2026-01-22.14:58:06::SCWMssOS::Saving the mss changes C:/Users/CamLT/AX7010_Work/UltrasonicFPGA2021/delay-and-sum-v2/delay-and-sum-v2-platform/ps7_cortexa9_0/standalone_domain/bsp/system.mss
TRACE::2026-01-22.14:58:06::SCWMssOS::Found a swdesign opened with the mssfile.
TRACE::2026-01-22.14:58:06::SCWMssOS::Completed writemss as part of save.
TRACE::2026-01-22.14:58:06::SCWMssOS::Commit changes completed.
TRACE::2026-01-22.14:58:06::SCWPlatform::Trying to open the hw design at C:/Users/CamLT/AX7010_Work/UltrasonicFPGA2021/delay-and-sum-v2/delay-and-sum-v2-platform/hw/Demodulator_128Ch_wrapper22.xsa
TRACE::2026-01-22.14:58:06::SCWPlatform::DSA given C:/Users/CamLT/AX7010_Work/UltrasonicFPGA2021/delay-and-sum-v2/delay-and-sum-v2-platform/hw/Demodulator_128Ch_wrapper22.xsa
TRACE::2026-01-22.14:58:06::SCWPlatform::DSA absoulate path C:/Users/CamLT/AX7010_Work/UltrasonicFPGA2021/delay-and-sum-v2/delay-and-sum-v2-platform/hw/Demodulator_128Ch_wrapper22.xsa
TRACE::2026-01-22.14:58:06::SCWPlatform::DSA directory C:/Users/CamLT/AX7010_Work/UltrasonicFPGA2021/delay-and-sum-v2/delay-and-sum-v2-platform/hw
TRACE::2026-01-22.14:58:06::SCWPlatform:: Platform Path C:/Users/CamLT/AX7010_Work/UltrasonicFPGA2021/delay-and-sum-v2/delay-and-sum-v2-platform/hw/Demodulator_128Ch_wrapper22.xsa
TRACE::2026-01-22.14:58:06::SCWPlatform:: Unique name xilinx:::0.0
TRACE::2026-01-22.14:58:06::SCWPlatform::Trying to set the existing hwdb with name Demodulator_128Ch_wrapper_6
TRACE::2026-01-22.14:58:06::SCWPlatform::Opened existing hwdb Demodulator_128Ch_wrapper_6
TRACE::2026-01-22.14:58:06::SCWPlatform::Found the Hw Db part of the input DSA
TRACE::2026-01-22.14:58:06::SCWMssOS::Checking the sw design at  C:/Users/CamLT/AX7010_Work/UltrasonicFPGA2021/delay-and-sum-v2/delay-and-sum-v2-platform/ps7_cortexa9_0/standalone_domain/bsp/system.mss
TRACE::2026-01-22.14:58:06::SCWMssOS::DEBUG:  swdes dump  C:/Users/CamLT/AX7010_Work/UltrasonicFPGA2021/delay-and-sum-v2/delay-and-sum-v2-platform/ps7_cortexa9_0/standalone_domain/bsp/system.mss|system_0||
C:/Users/CamLT/AX7010_Work/UltrasonicFPGA2021/delay-and-sum-v2/delay-and-sum-v2-platform/zynq_fsbl/zynq_fsbl_bsp/system.mss|system||

TRACE::2026-01-22.14:58:06::SCWMssOS::Sw design exists and opened at  C:/Users/CamLT/AX7010_Work/UltrasonicFPGA2021/delay-and-sum-v2/delay-and-sum-v2-platform/ps7_cortexa9_0/standalone_domain/bsp/system.mss
TRACE::2026-01-22.14:58:06::SCWMssOS::Removing the swdes entry for  C:/Users/CamLT/AX7010_Work/UltrasonicFPGA2021/delay-and-sum-v2/delay-and-sum-v2-platform/ps7_cortexa9_0/standalone_domain/bsp/system.mss
TRACE::2026-01-22.14:58:09::SCWPlatform::Trying to open the hw design at C:/Users/CamLT/AX7010_Work/UltrasonicFPGA2021/delay-and-sum-v2/delay-and-sum-v2-platform/hw/Demodulator_128Ch_wrapper22.xsa
TRACE::2026-01-22.14:58:09::SCWPlatform::DSA given C:/Users/CamLT/AX7010_Work/UltrasonicFPGA2021/delay-and-sum-v2/delay-and-sum-v2-platform/hw/Demodulator_128Ch_wrapper22.xsa
TRACE::2026-01-22.14:58:09::SCWPlatform::DSA absoulate path C:/Users/CamLT/AX7010_Work/UltrasonicFPGA2021/delay-and-sum-v2/delay-and-sum-v2-platform/hw/Demodulator_128Ch_wrapper22.xsa
TRACE::2026-01-22.14:58:09::SCWPlatform::DSA directory C:/Users/CamLT/AX7010_Work/UltrasonicFPGA2021/delay-and-sum-v2/delay-and-sum-v2-platform/hw
TRACE::2026-01-22.14:58:09::SCWPlatform:: Platform Path C:/Users/CamLT/AX7010_Work/UltrasonicFPGA2021/delay-and-sum-v2/delay-and-sum-v2-platform/hw/Demodulator_128Ch_wrapper22.xsa
TRACE::2026-01-22.14:58:09::SCWPlatform:: Unique name xilinx:::0.0
TRACE::2026-01-22.14:58:09::SCWPlatform::Trying to set the existing hwdb with name Demodulator_128Ch_wrapper_6
TRACE::2026-01-22.14:58:09::SCWPlatform::Opened existing hwdb Demodulator_128Ch_wrapper_6
TRACE::2026-01-22.14:58:09::SCWPlatform::Found the Hw Db part of the input DSA
TRACE::2026-01-22.14:58:09::SCWMssOS::Checking the sw design at  C:/Users/CamLT/AX7010_Work/UltrasonicFPGA2021/delay-and-sum-v2/delay-and-sum-v2-platform/ps7_cortexa9_0/standalone_domain/bsp/system.mss
TRACE::2026-01-22.14:58:09::SCWMssOS::DEBUG:  swdes dump  C:/Users/CamLT/AX7010_Work/UltrasonicFPGA2021/delay-and-sum-v2/delay-and-sum-v2-platform/zynq_fsbl/zynq_fsbl_bsp/system.mss|system||

TRACE::2026-01-22.14:58:09::SCWMssOS::No sw design opened at  C:/Users/CamLT/AX7010_Work/UltrasonicFPGA2021/delay-and-sum-v2/delay-and-sum-v2-platform/ps7_cortexa9_0/standalone_domain/bsp/system.mss
TRACE::2026-01-22.14:58:09::SCWMssOS::mss exists loading the mss file  C:/Users/CamLT/AX7010_Work/UltrasonicFPGA2021/delay-and-sum-v2/delay-and-sum-v2-platform/ps7_cortexa9_0/standalone_domain/bsp/system.mss
TRACE::2026-01-22.14:58:09::SCWMssOS::Opened the sw design from mss  C:/Users/CamLT/AX7010_Work/UltrasonicFPGA2021/delay-and-sum-v2/delay-and-sum-v2-platform/ps7_cortexa9_0/standalone_domain/bsp/system.mss
TRACE::2026-01-22.14:58:09::SCWMssOS::Adding the swdes entry C:/Users/CamLT/AX7010_Work/UltrasonicFPGA2021/delay-and-sum-v2/delay-and-sum-v2-platform/ps7_cortexa9_0/standalone_domain/bsp/system.mss with des name system_0
TRACE::2026-01-22.14:58:09::SCWMssOS::updating the scw layer about changes
TRACE::2026-01-22.14:58:09::SCWMssOS::Opened the sw design.  C:/Users/CamLT/AX7010_Work/UltrasonicFPGA2021/delay-and-sum-v2/delay-and-sum-v2-platform/ps7_cortexa9_0/standalone_domain/bsp/system.mss
TRACE::2026-01-22.14:58:13::SCWMssOS::Saving the mss changes C:/Users/CamLT/AX7010_Work/UltrasonicFPGA2021/delay-and-sum-v2/delay-and-sum-v2-platform/zynq_fsbl/zynq_fsbl_bsp/system.mss
TRACE::2026-01-22.14:58:13::SCWMssOS::Found a swdesign opened with the mssfile.
TRACE::2026-01-22.14:58:13::SCWMssOS::Completed writemss as part of save.
TRACE::2026-01-22.14:58:13::SCWMssOS::Commit changes completed.
TRACE::2026-01-22.14:58:13::SCWMssOS::Saving the mss changes C:/Users/CamLT/AX7010_Work/UltrasonicFPGA2021/delay-and-sum-v2/delay-and-sum-v2-platform/ps7_cortexa9_0/standalone_domain/bsp/system.mss
TRACE::2026-01-22.14:58:13::SCWMssOS::Found a swdesign opened with the mssfile.
TRACE::2026-01-22.14:58:13::SCWMssOS::Completed writemss as part of save.
TRACE::2026-01-22.14:58:13::SCWMssOS::Commit changes completed.
TRACE::2026-01-22.14:58:13::SCWPlatform::Trying to open the hw design at C:/Users/CamLT/AX7010_Work/UltrasonicFPGA2021/delay-and-sum-v2/delay-and-sum-v2-platform/hw/Demodulator_128Ch_wrapper22.xsa
TRACE::2026-01-22.14:58:13::SCWPlatform::DSA given C:/Users/CamLT/AX7010_Work/UltrasonicFPGA2021/delay-and-sum-v2/delay-and-sum-v2-platform/hw/Demodulator_128Ch_wrapper22.xsa
TRACE::2026-01-22.14:58:13::SCWPlatform::DSA absoulate path C:/Users/CamLT/AX7010_Work/UltrasonicFPGA2021/delay-and-sum-v2/delay-and-sum-v2-platform/hw/Demodulator_128Ch_wrapper22.xsa
TRACE::2026-01-22.14:58:13::SCWPlatform::DSA directory C:/Users/CamLT/AX7010_Work/UltrasonicFPGA2021/delay-and-sum-v2/delay-and-sum-v2-platform/hw
TRACE::2026-01-22.14:58:13::SCWPlatform:: Platform Path C:/Users/CamLT/AX7010_Work/UltrasonicFPGA2021/delay-and-sum-v2/delay-and-sum-v2-platform/hw/Demodulator_128Ch_wrapper22.xsa
TRACE::2026-01-22.14:58:13::SCWPlatform:: Unique name xilinx:::0.0
TRACE::2026-01-22.14:58:13::SCWPlatform::Trying to set the existing hwdb with name Demodulator_128Ch_wrapper_6
TRACE::2026-01-22.14:58:13::SCWPlatform::Opened existing hwdb Demodulator_128Ch_wrapper_6
TRACE::2026-01-22.14:58:13::SCWPlatform::Found the Hw Db part of the input DSA
TRACE::2026-01-22.14:58:13::SCWMssOS::Checking the sw design at  C:/Users/CamLT/AX7010_Work/UltrasonicFPGA2021/delay-and-sum-v2/delay-and-sum-v2-platform/zynq_fsbl/zynq_fsbl_bsp/system.mss
TRACE::2026-01-22.14:58:13::SCWMssOS::DEBUG:  swdes dump  C:/Users/CamLT/AX7010_Work/UltrasonicFPGA2021/delay-and-sum-v2/delay-and-sum-v2-platform/ps7_cortexa9_0/standalone_domain/bsp/system.mss|system_0||
C:/Users/CamLT/AX7010_Work/UltrasonicFPGA2021/delay-and-sum-v2/delay-and-sum-v2-platform/zynq_fsbl/zynq_fsbl_bsp/system.mss|system||

TRACE::2026-01-22.14:58:13::SCWMssOS::Sw design exists and opened at  C:/Users/CamLT/AX7010_Work/UltrasonicFPGA2021/delay-and-sum-v2/delay-and-sum-v2-platform/zynq_fsbl/zynq_fsbl_bsp/system.mss
TRACE::2026-01-22.14:58:13::SCWPlatform::Trying to open the hw design at C:/Users/CamLT/AX7010_Work/UltrasonicFPGA2021/delay-and-sum-v2/delay-and-sum-v2-platform/hw/Demodulator_128Ch_wrapper22.xsa
TRACE::2026-01-22.14:58:13::SCWPlatform::DSA given C:/Users/CamLT/AX7010_Work/UltrasonicFPGA2021/delay-and-sum-v2/delay-and-sum-v2-platform/hw/Demodulator_128Ch_wrapper22.xsa
TRACE::2026-01-22.14:58:13::SCWPlatform::DSA absoulate path C:/Users/CamLT/AX7010_Work/UltrasonicFPGA2021/delay-and-sum-v2/delay-and-sum-v2-platform/hw/Demodulator_128Ch_wrapper22.xsa
TRACE::2026-01-22.14:58:13::SCWPlatform::DSA directory C:/Users/CamLT/AX7010_Work/UltrasonicFPGA2021/delay-and-sum-v2/delay-and-sum-v2-platform/hw
TRACE::2026-01-22.14:58:13::SCWPlatform:: Platform Path C:/Users/CamLT/AX7010_Work/UltrasonicFPGA2021/delay-and-sum-v2/delay-and-sum-v2-platform/hw/Demodulator_128Ch_wrapper22.xsa
TRACE::2026-01-22.14:58:13::SCWPlatform:: Unique name xilinx:::0.0
TRACE::2026-01-22.14:58:13::SCWPlatform::Trying to set the existing hwdb with name Demodulator_128Ch_wrapper_6
TRACE::2026-01-22.14:58:13::SCWPlatform::Opened existing hwdb Demodulator_128Ch_wrapper_6
TRACE::2026-01-22.14:58:13::SCWPlatform::Found the Hw Db part of the input DSA
TRACE::2026-01-22.14:58:13::SCWMssOS::Checking the sw design at  C:/Users/CamLT/AX7010_Work/UltrasonicFPGA2021/delay-and-sum-v2/delay-and-sum-v2-platform/ps7_cortexa9_0/standalone_domain/bsp/system.mss
TRACE::2026-01-22.14:58:13::SCWMssOS::DEBUG:  swdes dump  C:/Users/CamLT/AX7010_Work/UltrasonicFPGA2021/delay-and-sum-v2/delay-and-sum-v2-platform/ps7_cortexa9_0/standalone_domain/bsp/system.mss|system_0||
C:/Users/CamLT/AX7010_Work/UltrasonicFPGA2021/delay-and-sum-v2/delay-and-sum-v2-platform/zynq_fsbl/zynq_fsbl_bsp/system.mss|system||

TRACE::2026-01-22.14:58:13::SCWMssOS::Sw design exists and opened at  C:/Users/CamLT/AX7010_Work/UltrasonicFPGA2021/delay-and-sum-v2/delay-and-sum-v2-platform/ps7_cortexa9_0/standalone_domain/bsp/system.mss
TRACE::2026-01-22.14:58:13::SCWWriter::formatted JSON is {
	"platformName":	"delay-and-sum-v2-platform",
	"sprVersion":	"2.0",
	"mode":	"gui",
	"dsaType":	"Fixed",
	"platformDesc":	"delay-and-sum-v2-platform",
	"platHandOff":	"C:/Users/CamLT/AX7010_Work/Demodulator_128Ch_wrapper22.xsa",
	"platIntHandOff":	"<platformDir>/hw/Demodulator_128Ch_wrapper22.xsa",
	"deviceType":	"zynq",
	"platIsPrebuiltAutogen":	"false",
	"platIsNoBootBsp":	"false",
	"hasFsblMakeHasChanges":	"false",
	"hasPmufwMakeHasChanges":	"false",
	"fsblExtraCompilerFlags":	"-MMD -MP       -mcpu=cortex-a9 -mfpu=vfpv3 -mfloat-abi=hard ",
	"platPreBuiltFlag":	false,
	"platformSamplesDir":	"",
	"platActiveSys":	"delay-and-sum-v2-platform",
	"systems":	[{
			"systemName":	"delay-and-sum-v2-platform",
			"systemDesc":	"delay-and-sum-v2-platform",
			"sysIsBootAutoGen":	"true",
			"systemDispName":	"delay-and-sum-v2-platform",
			"sysActiveDom":	"standalone_domain",
			"sysDefaultDom":	"standalone_domain",
			"domains":	[{
					"domainName":	"zynq_fsbl",
					"domainDispName":	"zynq_fsbl",
					"domainDesc":	"FSBL Application BSP - Auto Generated.",
					"processors":	"ps7_cortexa9_0",
					"os":	"standalone",
					"sdxOs":	"standalone",
					"debugEnable":	"",
					"domRuntimes":	["cpp"],
					"swRepo":	"",
					"mssOsVer":	"7.5",
					"mssFile":	"",
					"md5Digest":	"f3dae8f02a170fb93c0638c92ba171da",
					"compatibleApp":	"zynq_fsbl",
					"domType":	"bootDomain",
					"arch":	"32-bit",
					"appSettings":	{
						"appCompilerFlags":	"",
						"appLinkerFlags":	""
					},
					"addedLibs":	["xilffs:4.5", "xilrsa:1.6", "lwip211:1.5"],
					"libOptions":	{
						"libsContainingOptions":	[]
					},
					"prebuiltLibs":	{
						"prebuiltIncPath":	[],
						"prebuiltLibPath":	[]
					},
					"isolation":	{
					}
				}, {
					"domainName":	"standalone_domain",
					"domainDispName":	"standalone on ps7_cortexa9_0",
					"domainDesc":	"standalone_domain",
					"processors":	"ps7_cortexa9_0",
					"os":	"standalone",
					"sdxOs":	"standalone",
					"qemuArgs":	"C:/Xilinx/Vitis/2021.1/data/emulation/platforms/zynq/sw/a9_standalone/qemu/qemu_args.txt",
					"qemuData":	"C:/Xilinx/Vitis/2021.1/data/emulation/platforms/zynq/sw/a9_standalone/qemu/",
					"debugEnable":	"False",
					"domRuntimes":	["cpp"],
					"swRepo":	"",
					"mssOsVer":	"7.5",
					"mssFile":	"",
					"md5Digest":	"c0bcabe2214432c53bf60814567322c2",
					"compatibleApp":	"",
					"domType":	"mssDomain",
					"appSettings":	{
						"appCompilerFlags":	"",
						"appLinkerFlags":	""
					},
					"addedLibs":	["lwip211:1.5"],
					"libOptions":	{
						"libsContainingOptions":	[]
					},
					"prebuiltLibs":	{
						"prebuiltIncPath":	[],
						"prebuiltLibPath":	[]
					},
					"isolation":	{
					}
				}]
		}]
}
TRACE::2026-01-22.14:58:13::SCWMssOS::Saving the mss changes C:/Users/CamLT/AX7010_Work/UltrasonicFPGA2021/delay-and-sum-v2/delay-and-sum-v2-platform/ps7_cortexa9_0/standalone_domain/bsp/system.mss
TRACE::2026-01-22.14:58:13::SCWMssOS::Found a swdesign opened with the mssfile.
TRACE::2026-01-22.14:58:13::SCWMssOS::Completed writemss as part of save.
TRACE::2026-01-22.14:58:13::SCWMssOS::Commit changes completed.
TRACE::2026-01-22.14:58:13::SCWPlatform::Trying to open the hw design at C:/Users/CamLT/AX7010_Work/UltrasonicFPGA2021/delay-and-sum-v2/delay-and-sum-v2-platform/hw/Demodulator_128Ch_wrapper22.xsa
TRACE::2026-01-22.14:58:13::SCWPlatform::DSA given C:/Users/CamLT/AX7010_Work/UltrasonicFPGA2021/delay-and-sum-v2/delay-and-sum-v2-platform/hw/Demodulator_128Ch_wrapper22.xsa
TRACE::2026-01-22.14:58:13::SCWPlatform::DSA absoulate path C:/Users/CamLT/AX7010_Work/UltrasonicFPGA2021/delay-and-sum-v2/delay-and-sum-v2-platform/hw/Demodulator_128Ch_wrapper22.xsa
TRACE::2026-01-22.14:58:13::SCWPlatform::DSA directory C:/Users/CamLT/AX7010_Work/UltrasonicFPGA2021/delay-and-sum-v2/delay-and-sum-v2-platform/hw
TRACE::2026-01-22.14:58:13::SCWPlatform:: Platform Path C:/Users/CamLT/AX7010_Work/UltrasonicFPGA2021/delay-and-sum-v2/delay-and-sum-v2-platform/hw/Demodulator_128Ch_wrapper22.xsa
TRACE::2026-01-22.14:58:13::SCWPlatform:: Unique name xilinx:::0.0
TRACE::2026-01-22.14:58:13::SCWPlatform::Trying to set the existing hwdb with name Demodulator_128Ch_wrapper_6
TRACE::2026-01-22.14:58:13::SCWPlatform::Opened existing hwdb Demodulator_128Ch_wrapper_6
TRACE::2026-01-22.14:58:13::SCWPlatform::Found the Hw Db part of the input DSA
TRACE::2026-01-22.14:58:13::SCWMssOS::Checking the sw design at  C:/Users/CamLT/AX7010_Work/UltrasonicFPGA2021/delay-and-sum-v2/delay-and-sum-v2-platform/ps7_cortexa9_0/standalone_domain/bsp/system.mss
TRACE::2026-01-22.14:58:13::SCWMssOS::DEBUG:  swdes dump  C:/Users/CamLT/AX7010_Work/UltrasonicFPGA2021/delay-and-sum-v2/delay-and-sum-v2-platform/ps7_cortexa9_0/standalone_domain/bsp/system.mss|system_0||
C:/Users/CamLT/AX7010_Work/UltrasonicFPGA2021/delay-and-sum-v2/delay-and-sum-v2-platform/zynq_fsbl/zynq_fsbl_bsp/system.mss|system||

TRACE::2026-01-22.14:58:13::SCWMssOS::Sw design exists and opened at  C:/Users/CamLT/AX7010_Work/UltrasonicFPGA2021/delay-and-sum-v2/delay-and-sum-v2-platform/ps7_cortexa9_0/standalone_domain/bsp/system.mss
TRACE::2026-01-22.14:58:13::SCWMssOS::Removing the swdes entry for  C:/Users/CamLT/AX7010_Work/UltrasonicFPGA2021/delay-and-sum-v2/delay-and-sum-v2-platform/ps7_cortexa9_0/standalone_domain/bsp/system.mss
LOG::2026-01-22.14:58:26::SCWPlatform::Started generating the artifacts platform delay-and-sum-v2-platform
TRACE::2026-01-22.14:58:26::SCWPlatform::Sanity checking of platform is completed
LOG::2026-01-22.14:58:26::SCWPlatform::Started generating the artifacts for system configuration delay-and-sum-v2-platform
LOG::2026-01-22.14:58:26::SCWSystem::Checking the domain zynq_fsbl
LOG::2026-01-22.14:58:26::SCWSystem::Doing application build for :  zynq_fsbl
TRACE::2026-01-22.14:58:26::SCWBDomain::Not a forced makefile updation, No changes are present. 
TRACE::2026-01-22.14:58:26::SCWDomain::Skipping the build for domain :  zynq_fsbl
LOG::2026-01-22.14:58:26::SCWSystem::Checking the domain standalone_domain
LOG::2026-01-22.14:58:26::SCWSystem::Not a boot domain 
LOG::2026-01-22.14:58:26::SCWSystem::Started Processing the domain standalone_domain
TRACE::2026-01-22.14:58:26::SCWDomain::Generating domain artifcats
TRACE::2026-01-22.14:58:26::SCWMssOS::Generating standalone artifcats
TRACE::2026-01-22.14:58:26::SCWMssOS::Copying the qemu file from  C:/Xilinx/Vitis/2021.1/data/emulation/platforms/zynq/sw/a9_standalone/qemu/qemu_args.txt To C:/Users/CamLT/AX7010_Work/UltrasonicFPGA2021/delay-and-sum-v2/delay-and-sum-v2-platform/export/delay-and-sum-v2-platform/sw/delay-and-sum-v2-platform/qemu/
TRACE::2026-01-22.14:58:26::SCWMssOS::Copying the qemu file from  C:/Xilinx/Vitis/2021.1/data/emulation/platforms/zynq/sw/a9_standalone/qemu/qemu_args.txt To C:/Users/CamLT/AX7010_Work/UltrasonicFPGA2021/delay-and-sum-v2/delay-and-sum-v2-platform/export/delay-and-sum-v2-platform/sw/delay-and-sum-v2-platform/standalone_domain/qemu/
TRACE::2026-01-22.14:58:26::SCWMssOS:: Copying the user libraries. 
TRACE::2026-01-22.14:58:26::SCWPlatform::Trying to open the hw design at C:/Users/CamLT/AX7010_Work/UltrasonicFPGA2021/delay-and-sum-v2/delay-and-sum-v2-platform/hw/Demodulator_128Ch_wrapper22.xsa
TRACE::2026-01-22.14:58:26::SCWPlatform::DSA given C:/Users/CamLT/AX7010_Work/UltrasonicFPGA2021/delay-and-sum-v2/delay-and-sum-v2-platform/hw/Demodulator_128Ch_wrapper22.xsa
TRACE::2026-01-22.14:58:26::SCWPlatform::DSA absoulate path C:/Users/CamLT/AX7010_Work/UltrasonicFPGA2021/delay-and-sum-v2/delay-and-sum-v2-platform/hw/Demodulator_128Ch_wrapper22.xsa
TRACE::2026-01-22.14:58:26::SCWPlatform::DSA directory C:/Users/CamLT/AX7010_Work/UltrasonicFPGA2021/delay-and-sum-v2/delay-and-sum-v2-platform/hw
TRACE::2026-01-22.14:58:26::SCWPlatform:: Platform Path C:/Users/CamLT/AX7010_Work/UltrasonicFPGA2021/delay-and-sum-v2/delay-and-sum-v2-platform/hw/Demodulator_128Ch_wrapper22.xsa
TRACE::2026-01-22.14:58:26::SCWPlatform:: Unique name xilinx:::0.0
TRACE::2026-01-22.14:58:26::SCWPlatform::Trying to set the existing hwdb with name Demodulator_128Ch_wrapper_6
TRACE::2026-01-22.14:58:26::SCWPlatform::Opened existing hwdb Demodulator_128Ch_wrapper_6
TRACE::2026-01-22.14:58:26::SCWPlatform::Found the Hw Db part of the input DSA
TRACE::2026-01-22.14:58:26::SCWMssOS::Checking the sw design at  C:/Users/CamLT/AX7010_Work/UltrasonicFPGA2021/delay-and-sum-v2/delay-and-sum-v2-platform/ps7_cortexa9_0/standalone_domain/bsp/system.mss
TRACE::2026-01-22.14:58:26::SCWMssOS::DEBUG:  swdes dump  C:/Users/CamLT/AX7010_Work/UltrasonicFPGA2021/delay-and-sum-v2/delay-and-sum-v2-platform/zynq_fsbl/zynq_fsbl_bsp/system.mss|system||

TRACE::2026-01-22.14:58:26::SCWMssOS::No sw design opened at  C:/Users/CamLT/AX7010_Work/UltrasonicFPGA2021/delay-and-sum-v2/delay-and-sum-v2-platform/ps7_cortexa9_0/standalone_domain/bsp/system.mss
TRACE::2026-01-22.14:58:26::SCWMssOS::mss exists loading the mss file  C:/Users/CamLT/AX7010_Work/UltrasonicFPGA2021/delay-and-sum-v2/delay-and-sum-v2-platform/ps7_cortexa9_0/standalone_domain/bsp/system.mss
TRACE::2026-01-22.14:58:26::SCWMssOS::Opened the sw design from mss  C:/Users/CamLT/AX7010_Work/UltrasonicFPGA2021/delay-and-sum-v2/delay-and-sum-v2-platform/ps7_cortexa9_0/standalone_domain/bsp/system.mss
TRACE::2026-01-22.14:58:26::SCWMssOS::Adding the swdes entry C:/Users/CamLT/AX7010_Work/UltrasonicFPGA2021/delay-and-sum-v2/delay-and-sum-v2-platform/ps7_cortexa9_0/standalone_domain/bsp/system.mss with des name system_0
TRACE::2026-01-22.14:58:26::SCWMssOS::updating the scw layer about changes
TRACE::2026-01-22.14:58:26::SCWMssOS::Opened the sw design.  C:/Users/CamLT/AX7010_Work/UltrasonicFPGA2021/delay-and-sum-v2/delay-and-sum-v2-platform/ps7_cortexa9_0/standalone_domain/bsp/system.mss
TRACE::2026-01-22.14:58:26::SCWMssOS::Completed writing the mss file at C:/Users/CamLT/AX7010_Work/UltrasonicFPGA2021/delay-and-sum-v2/delay-and-sum-v2-platform/ps7_cortexa9_0/standalone_domain/bsp
TRACE::2026-01-22.14:58:26::SCWMssOS::Mss edits present, copying mssfile into export location C:/Users/CamLT/AX7010_Work/UltrasonicFPGA2021/delay-and-sum-v2/delay-and-sum-v2-platform/ps7_cortexa9_0/standalone_domain/bsp/system.mss
TRACE::2026-01-22.14:58:26::SCWMssOS::bsp generated is upto date with the mss file. Skipping bsp generation.
TRACE::2026-01-22.14:58:26::SCWMssOS::BSP is already built. skipping the bsp build ... 
TRACE::2026-01-22.14:58:26::SCWDomain::Skipping the build for domain :  standalone_domain
TRACE::2026-01-22.14:58:26::SCWMssOS::skipping the bsp build ... 
TRACE::2026-01-22.14:58:26::SCWMssOS::Copying to export directory.
TRACE::2026-01-22.14:58:26::SCWMssOS:: Checking if to create the Supporting Applications
TRACE::2026-01-22.14:58:26::SCWMssOS:: No Linux domain exists, trying to generate FSBL 
LOG::2026-01-22.14:58:26::SCWSystem::Completed Processing the domain standalone_domain
LOG::2026-01-22.14:58:26::SCWSystem::Completed Processing the sysconfig delay-and-sum-v2-platform
LOG::2026-01-22.14:58:26::SCWPlatform::Completed generating the artifacts for system configuration delay-and-sum-v2-platform
TRACE::2026-01-22.14:58:26::SCWPlatform::Started preparing the platform 
TRACE::2026-01-22.14:58:26::SCWSystem::Writing the bif file for system config delay-and-sum-v2-platform
TRACE::2026-01-22.14:58:26::SCWSystem::dir created 
TRACE::2026-01-22.14:58:26::SCWSystem::Writing the bif 
TRACE::2026-01-22.14:58:26::SCWPlatform::Started writing the spfm file 
TRACE::2026-01-22.14:58:26::SCWPlatform::Started writing the xpfm file 
TRACE::2026-01-22.14:58:26::SCWPlatform::Completed generating the platform
TRACE::2026-01-22.14:58:26::SCWMssOS::Saving the mss changes C:/Users/CamLT/AX7010_Work/UltrasonicFPGA2021/delay-and-sum-v2/delay-and-sum-v2-platform/zynq_fsbl/zynq_fsbl_bsp/system.mss
TRACE::2026-01-22.14:58:26::SCWMssOS::Found a swdesign opened with the mssfile.
TRACE::2026-01-22.14:58:26::SCWMssOS::Completed writemss as part of save.
TRACE::2026-01-22.14:58:26::SCWMssOS::Commit changes completed.
TRACE::2026-01-22.14:58:26::SCWMssOS::Saving the mss changes C:/Users/CamLT/AX7010_Work/UltrasonicFPGA2021/delay-and-sum-v2/delay-and-sum-v2-platform/ps7_cortexa9_0/standalone_domain/bsp/system.mss
TRACE::2026-01-22.14:58:26::SCWMssOS::Found a swdesign opened with the mssfile.
TRACE::2026-01-22.14:58:26::SCWMssOS::Completed writemss as part of save.
TRACE::2026-01-22.14:58:26::SCWMssOS::Commit changes completed.
TRACE::2026-01-22.14:58:26::SCWPlatform::Trying to open the hw design at C:/Users/CamLT/AX7010_Work/UltrasonicFPGA2021/delay-and-sum-v2/delay-and-sum-v2-platform/hw/Demodulator_128Ch_wrapper22.xsa
TRACE::2026-01-22.14:58:26::SCWPlatform::DSA given C:/Users/CamLT/AX7010_Work/UltrasonicFPGA2021/delay-and-sum-v2/delay-and-sum-v2-platform/hw/Demodulator_128Ch_wrapper22.xsa
TRACE::2026-01-22.14:58:26::SCWPlatform::DSA absoulate path C:/Users/CamLT/AX7010_Work/UltrasonicFPGA2021/delay-and-sum-v2/delay-and-sum-v2-platform/hw/Demodulator_128Ch_wrapper22.xsa
TRACE::2026-01-22.14:58:26::SCWPlatform::DSA directory C:/Users/CamLT/AX7010_Work/UltrasonicFPGA2021/delay-and-sum-v2/delay-and-sum-v2-platform/hw
TRACE::2026-01-22.14:58:26::SCWPlatform:: Platform Path C:/Users/CamLT/AX7010_Work/UltrasonicFPGA2021/delay-and-sum-v2/delay-and-sum-v2-platform/hw/Demodulator_128Ch_wrapper22.xsa
TRACE::2026-01-22.14:58:26::SCWPlatform:: Unique name xilinx:::0.0
TRACE::2026-01-22.14:58:26::SCWPlatform::Trying to set the existing hwdb with name Demodulator_128Ch_wrapper_6
TRACE::2026-01-22.14:58:26::SCWPlatform::Opened existing hwdb Demodulator_128Ch_wrapper_6
TRACE::2026-01-22.14:58:26::SCWPlatform::Found the Hw Db part of the input DSA
TRACE::2026-01-22.14:58:26::SCWMssOS::Checking the sw design at  C:/Users/CamLT/AX7010_Work/UltrasonicFPGA2021/delay-and-sum-v2/delay-and-sum-v2-platform/zynq_fsbl/zynq_fsbl_bsp/system.mss
TRACE::2026-01-22.14:58:26::SCWMssOS::DEBUG:  swdes dump  C:/Users/CamLT/AX7010_Work/UltrasonicFPGA2021/delay-and-sum-v2/delay-and-sum-v2-platform/ps7_cortexa9_0/standalone_domain/bsp/system.mss|system_0||
C:/Users/CamLT/AX7010_Work/UltrasonicFPGA2021/delay-and-sum-v2/delay-and-sum-v2-platform/zynq_fsbl/zynq_fsbl_bsp/system.mss|system||

TRACE::2026-01-22.14:58:26::SCWMssOS::Sw design exists and opened at  C:/Users/CamLT/AX7010_Work/UltrasonicFPGA2021/delay-and-sum-v2/delay-and-sum-v2-platform/zynq_fsbl/zynq_fsbl_bsp/system.mss
TRACE::2026-01-22.14:58:26::SCWPlatform::Trying to open the hw design at C:/Users/CamLT/AX7010_Work/UltrasonicFPGA2021/delay-and-sum-v2/delay-and-sum-v2-platform/hw/Demodulator_128Ch_wrapper22.xsa
TRACE::2026-01-22.14:58:26::SCWPlatform::DSA given C:/Users/CamLT/AX7010_Work/UltrasonicFPGA2021/delay-and-sum-v2/delay-and-sum-v2-platform/hw/Demodulator_128Ch_wrapper22.xsa
TRACE::2026-01-22.14:58:26::SCWPlatform::DSA absoulate path C:/Users/CamLT/AX7010_Work/UltrasonicFPGA2021/delay-and-sum-v2/delay-and-sum-v2-platform/hw/Demodulator_128Ch_wrapper22.xsa
TRACE::2026-01-22.14:58:26::SCWPlatform::DSA directory C:/Users/CamLT/AX7010_Work/UltrasonicFPGA2021/delay-and-sum-v2/delay-and-sum-v2-platform/hw
TRACE::2026-01-22.14:58:26::SCWPlatform:: Platform Path C:/Users/CamLT/AX7010_Work/UltrasonicFPGA2021/delay-and-sum-v2/delay-and-sum-v2-platform/hw/Demodulator_128Ch_wrapper22.xsa
TRACE::2026-01-22.14:58:26::SCWPlatform:: Unique name xilinx:::0.0
TRACE::2026-01-22.14:58:26::SCWPlatform::Trying to set the existing hwdb with name Demodulator_128Ch_wrapper_6
TRACE::2026-01-22.14:58:26::SCWPlatform::Opened existing hwdb Demodulator_128Ch_wrapper_6
TRACE::2026-01-22.14:58:26::SCWPlatform::Found the Hw Db part of the input DSA
TRACE::2026-01-22.14:58:26::SCWMssOS::Checking the sw design at  C:/Users/CamLT/AX7010_Work/UltrasonicFPGA2021/delay-and-sum-v2/delay-and-sum-v2-platform/ps7_cortexa9_0/standalone_domain/bsp/system.mss
TRACE::2026-01-22.14:58:26::SCWMssOS::DEBUG:  swdes dump  C:/Users/CamLT/AX7010_Work/UltrasonicFPGA2021/delay-and-sum-v2/delay-and-sum-v2-platform/ps7_cortexa9_0/standalone_domain/bsp/system.mss|system_0||
C:/Users/CamLT/AX7010_Work/UltrasonicFPGA2021/delay-and-sum-v2/delay-and-sum-v2-platform/zynq_fsbl/zynq_fsbl_bsp/system.mss|system||

TRACE::2026-01-22.14:58:26::SCWMssOS::Sw design exists and opened at  C:/Users/CamLT/AX7010_Work/UltrasonicFPGA2021/delay-and-sum-v2/delay-and-sum-v2-platform/ps7_cortexa9_0/standalone_domain/bsp/system.mss
TRACE::2026-01-22.14:58:26::SCWWriter::formatted JSON is {
	"platformName":	"delay-and-sum-v2-platform",
	"sprVersion":	"2.0",
	"mode":	"gui",
	"dsaType":	"Fixed",
	"platformDesc":	"delay-and-sum-v2-platform",
	"platHandOff":	"C:/Users/CamLT/AX7010_Work/Demodulator_128Ch_wrapper22.xsa",
	"platIntHandOff":	"<platformDir>/hw/Demodulator_128Ch_wrapper22.xsa",
	"deviceType":	"zynq",
	"platIsPrebuiltAutogen":	"false",
	"platIsNoBootBsp":	"false",
	"hasFsblMakeHasChanges":	"false",
	"hasPmufwMakeHasChanges":	"false",
	"fsblExtraCompilerFlags":	"-MMD -MP       -mcpu=cortex-a9 -mfpu=vfpv3 -mfloat-abi=hard ",
	"platPreBuiltFlag":	false,
	"platformSamplesDir":	"",
	"platActiveSys":	"delay-and-sum-v2-platform",
	"systems":	[{
			"systemName":	"delay-and-sum-v2-platform",
			"systemDesc":	"delay-and-sum-v2-platform",
			"sysIsBootAutoGen":	"true",
			"systemDispName":	"delay-and-sum-v2-platform",
			"sysActiveDom":	"standalone_domain",
			"sysDefaultDom":	"standalone_domain",
			"domains":	[{
					"domainName":	"zynq_fsbl",
					"domainDispName":	"zynq_fsbl",
					"domainDesc":	"FSBL Application BSP - Auto Generated.",
					"processors":	"ps7_cortexa9_0",
					"os":	"standalone",
					"sdxOs":	"standalone",
					"debugEnable":	"",
					"domRuntimes":	["cpp"],
					"swRepo":	"",
					"mssOsVer":	"7.5",
					"mssFile":	"",
					"md5Digest":	"f3dae8f02a170fb93c0638c92ba171da",
					"compatibleApp":	"zynq_fsbl",
					"domType":	"bootDomain",
					"arch":	"32-bit",
					"appSettings":	{
						"appCompilerFlags":	"",
						"appLinkerFlags":	""
					},
					"addedLibs":	["xilffs:4.5", "xilrsa:1.6", "lwip211:1.5"],
					"libOptions":	{
						"libsContainingOptions":	[]
					},
					"prebuiltLibs":	{
						"prebuiltIncPath":	[],
						"prebuiltLibPath":	[]
					},
					"isolation":	{
					}
				}, {
					"domainName":	"standalone_domain",
					"domainDispName":	"standalone on ps7_cortexa9_0",
					"domainDesc":	"standalone_domain",
					"processors":	"ps7_cortexa9_0",
					"os":	"standalone",
					"sdxOs":	"standalone",
					"qemuArgs":	"C:/Xilinx/Vitis/2021.1/data/emulation/platforms/zynq/sw/a9_standalone/qemu/qemu_args.txt",
					"qemuData":	"C:/Xilinx/Vitis/2021.1/data/emulation/platforms/zynq/sw/a9_standalone/qemu/",
					"debugEnable":	"False",
					"domRuntimes":	["cpp"],
					"swRepo":	"",
					"mssOsVer":	"7.5",
					"mssFile":	"",
					"md5Digest":	"c0bcabe2214432c53bf60814567322c2",
					"compatibleApp":	"",
					"domType":	"mssDomain",
					"appSettings":	{
						"appCompilerFlags":	"",
						"appLinkerFlags":	""
					},
					"addedLibs":	["lwip211:1.5"],
					"libOptions":	{
						"libsContainingOptions":	[]
					},
					"prebuiltLibs":	{
						"prebuiltIncPath":	[],
						"prebuiltLibPath":	[]
					},
					"isolation":	{
					}
				}]
		}]
}
KEYINFO::2026-01-22.14:58:26::SCWPlatform::updated the xpfm file.
TRACE::2026-01-22.14:58:26::SCWPlatform::Trying to open the hw design at C:/Users/CamLT/AX7010_Work/UltrasonicFPGA2021/delay-and-sum-v2/delay-and-sum-v2-platform/hw/Demodulator_128Ch_wrapper22.xsa
TRACE::2026-01-22.14:58:26::SCWPlatform::DSA given C:/Users/CamLT/AX7010_Work/UltrasonicFPGA2021/delay-and-sum-v2/delay-and-sum-v2-platform/hw/Demodulator_128Ch_wrapper22.xsa
TRACE::2026-01-22.14:58:26::SCWPlatform::DSA absoulate path C:/Users/CamLT/AX7010_Work/UltrasonicFPGA2021/delay-and-sum-v2/delay-and-sum-v2-platform/hw/Demodulator_128Ch_wrapper22.xsa
TRACE::2026-01-22.14:58:26::SCWPlatform::DSA directory C:/Users/CamLT/AX7010_Work/UltrasonicFPGA2021/delay-and-sum-v2/delay-and-sum-v2-platform/hw
TRACE::2026-01-22.14:58:26::SCWPlatform:: Platform Path C:/Users/CamLT/AX7010_Work/UltrasonicFPGA2021/delay-and-sum-v2/delay-and-sum-v2-platform/hw/Demodulator_128Ch_wrapper22.xsa
TRACE::2026-01-22.14:58:26::SCWPlatform:: Unique name xilinx:::0.0
TRACE::2026-01-22.14:58:26::SCWPlatform::Trying to set the existing hwdb with name Demodulator_128Ch_wrapper_6
TRACE::2026-01-22.14:58:26::SCWPlatform::Opened existing hwdb Demodulator_128Ch_wrapper_6
TRACE::2026-01-22.14:58:26::SCWPlatform::Found the Hw Db part of the input DSA
TRACE::2026-01-22.14:58:26::SCWMssOS::Checking the sw design at  C:/Users/CamLT/AX7010_Work/UltrasonicFPGA2021/delay-and-sum-v2/delay-and-sum-v2-platform/ps7_cortexa9_0/standalone_domain/bsp/system.mss
TRACE::2026-01-22.14:58:26::SCWMssOS::DEBUG:  swdes dump  C:/Users/CamLT/AX7010_Work/UltrasonicFPGA2021/delay-and-sum-v2/delay-and-sum-v2-platform/ps7_cortexa9_0/standalone_domain/bsp/system.mss|system_0||
C:/Users/CamLT/AX7010_Work/UltrasonicFPGA2021/delay-and-sum-v2/delay-and-sum-v2-platform/zynq_fsbl/zynq_fsbl_bsp/system.mss|system||

TRACE::2026-01-22.14:58:26::SCWMssOS::Sw design exists and opened at  C:/Users/CamLT/AX7010_Work/UltrasonicFPGA2021/delay-and-sum-v2/delay-and-sum-v2-platform/ps7_cortexa9_0/standalone_domain/bsp/system.mss
